solid OpenSCAD_Model
  facet normal 0 0 -1
    outer loop
      vertex -10.3159 -0.323456 4.6
      vertex -10.3159 0.323456 4.6
      vertex -10.3 0 4.6
    endloop
  endfacet
  facet normal 0 0 -1
    outer loop
      vertex -10.3634 -0.643798 4.6
      vertex -10.3159 0.323456 4.6
      vertex -10.3159 -0.323456 4.6
    endloop
  endfacet
  facet normal 0 0 -1
    outer loop
      vertex -10.3634 -0.643798 4.6
      vertex -10.3634 0.643798 4.6
      vertex -10.3159 0.323456 4.6
    endloop
  endfacet
  facet normal 0 0 -1
    outer loop
      vertex -10.4421 -0.957939 4.6
      vertex -10.3634 0.643798 4.6
      vertex -10.3634 -0.643798 4.6
    endloop
  endfacet
  facet normal 0 0 -1
    outer loop
      vertex -10.4421 -0.957939 4.6
      vertex -10.4421 0.957939 4.6
      vertex -10.3634 0.643798 4.6
    endloop
  endfacet
  facet normal 0 0 -1
    outer loop
      vertex -10.5512 -1.26285 4.6
      vertex -10.4421 0.957939 4.6
      vertex -10.4421 -0.957939 4.6
    endloop
  endfacet
  facet normal 0 0 -1
    outer loop
      vertex -10.5512 -1.26285 4.6
      vertex -10.5512 1.26285 4.6
      vertex -10.4421 0.957939 4.6
    endloop
  endfacet
  facet normal 0 0 -1
    outer loop
      vertex -10.6897 -1.55561 4.6
      vertex -10.5512 1.26285 4.6
      vertex -10.5512 -1.26285 4.6
    endloop
  endfacet
  facet normal 0 0 -1
    outer loop
      vertex -10.6897 -1.55561 4.6
      vertex -10.6897 1.55561 4.6
      vertex -10.5512 1.26285 4.6
    endloop
  endfacet
  facet normal 0 0 -1
    outer loop
      vertex -10.8562 -1.83338 4.6
      vertex -10.6897 1.55561 4.6
      vertex -10.6897 -1.55561 4.6
    endloop
  endfacet
  facet normal 0 0 -1
    outer loop
      vertex -10.8562 -1.83338 4.6
      vertex -10.8562 1.83338 4.6
      vertex -10.6897 1.55561 4.6
    endloop
  endfacet
  facet normal 0 0 -1
    outer loop
      vertex -11.0491 -2.0935 4.6
      vertex -10.8562 1.83338 4.6
      vertex -10.8562 -1.83338 4.6
    endloop
  endfacet
  facet normal 0 0 -1
    outer loop
      vertex -11.0491 -2.0935 4.6
      vertex -11.0491 2.0935 4.6
      vertex -10.8562 1.83338 4.6
    endloop
  endfacet
  facet normal 0 0 -1
    outer loop
      vertex -11.2665 -2.33345 4.6
      vertex -11.0491 2.0935 4.6
      vertex -11.0491 -2.0935 4.6
    endloop
  endfacet
  facet normal 0 0 -1
    outer loop
      vertex -11.2665 -2.33345 4.6
      vertex -11.2665 2.33345 4.6
      vertex -11.0491 2.0935 4.6
    endloop
  endfacet
  facet normal 0 0 -1
    outer loop
      vertex -11.5065 -2.55093 4.6
      vertex -11.2665 2.33345 4.6
      vertex -11.2665 -2.33345 4.6
    endloop
  endfacet
  facet normal 0 0 -1
    outer loop
      vertex -11.5065 -2.55093 4.6
      vertex -11.5065 2.55093 4.6
      vertex -11.2665 2.33345 4.6
    endloop
  endfacet
  facet normal 0 0 -1
    outer loop
      vertex -11.7666 -2.74385 4.6
      vertex -11.5065 2.55093 4.6
      vertex -11.5065 -2.55093 4.6
    endloop
  endfacet
  facet normal 0 0 -1
    outer loop
      vertex -11.7666 -2.74385 4.6
      vertex -11.7666 2.74385 4.6
      vertex -11.5065 2.55093 4.6
    endloop
  endfacet
  facet normal 0 0 -1
    outer loop
      vertex -12.0444 -2.91034 4.6
      vertex -11.7666 2.74385 4.6
      vertex -11.7666 -2.74385 4.6
    endloop
  endfacet
  facet normal 0 0 -1
    outer loop
      vertex -12.0444 -2.91034 4.6
      vertex -12.0444 2.91034 4.6
      vertex -11.7666 2.74385 4.6
    endloop
  endfacet
  facet normal 0 0 -1
    outer loop
      vertex -12.3371 -3.0488 4.6
      vertex -12.0444 2.91034 4.6
      vertex -12.0444 -2.91034 4.6
    endloop
  endfacet
  facet normal 0 0 -1
    outer loop
      vertex -12.3371 -3.0488 4.6
      vertex -12.3371 3.0488 4.6
      vertex -12.0444 2.91034 4.6
    endloop
  endfacet
  facet normal 0 0 -1
    outer loop
      vertex -12.6421 -3.1579 4.6
      vertex -12.3371 3.0488 4.6
      vertex -12.3371 -3.0488 4.6
    endloop
  endfacet
  facet normal 0 0 -1
    outer loop
      vertex -12.6421 -3.1579 4.6
      vertex -12.6421 3.1579 4.6
      vertex -12.3371 3.0488 4.6
    endloop
  endfacet
  facet normal 0 0 -1
    outer loop
      vertex -12.9562 -3.23659 4.6
      vertex -12.6421 3.1579 4.6
      vertex -12.6421 -3.1579 4.6
    endloop
  endfacet
  facet normal 0 0 -1
    outer loop
      vertex -12.9562 -3.23659 4.6
      vertex -12.9562 3.23659 4.6
      vertex -12.6421 3.1579 4.6
    endloop
  endfacet
  facet normal 0 0 -1
    outer loop
      vertex -13.2765 -3.28411 4.6
      vertex -12.9562 3.23659 4.6
      vertex -12.9562 -3.23659 4.6
    endloop
  endfacet
  facet normal 0 0 -1
    outer loop
      vertex -13.2765 -3.28411 4.6
      vertex -13.2765 3.28411 4.6
      vertex -12.9562 3.23659 4.6
    endloop
  endfacet
  facet normal 0 0 -1
    outer loop
      vertex -13.6 -3.3 4.6
      vertex -13.2765 3.28411 4.6
      vertex -13.2765 -3.28411 4.6
    endloop
  endfacet
  facet normal 0 0 -1
    outer loop
      vertex -13.6 -3.3 4.6
      vertex -13.6 3.3 4.6
      vertex -13.2765 3.28411 4.6
    endloop
  endfacet
  facet normal 0 0 -1
    outer loop
      vertex -13.9235 -3.28411 4.6
      vertex -13.6 3.3 4.6
      vertex -13.6 -3.3 4.6
    endloop
  endfacet
  facet normal 0 0 -1
    outer loop
      vertex -13.9235 -3.28411 4.6
      vertex -13.9235 3.28411 4.6
      vertex -13.6 3.3 4.6
    endloop
  endfacet
  facet normal 0 0 -1
    outer loop
      vertex -14.2438 -3.23659 4.6
      vertex -13.9235 3.28411 4.6
      vertex -13.9235 -3.28411 4.6
    endloop
  endfacet
  facet normal 0 0 -1
    outer loop
      vertex -14.2438 -3.23659 4.6
      vertex -14.2438 3.23659 4.6
      vertex -13.9235 3.28411 4.6
    endloop
  endfacet
  facet normal 0 0 -1
    outer loop
      vertex -14.5579 -3.1579 4.6
      vertex -14.2438 3.23659 4.6
      vertex -14.2438 -3.23659 4.6
    endloop
  endfacet
  facet normal 0 0 -1
    outer loop
      vertex -14.5579 -3.1579 4.6
      vertex -14.5579 3.1579 4.6
      vertex -14.2438 3.23659 4.6
    endloop
  endfacet
  facet normal 0 0 -1
    outer loop
      vertex -14.8629 -3.0488 4.6
      vertex -14.5579 3.1579 4.6
      vertex -14.5579 -3.1579 4.6
    endloop
  endfacet
  facet normal 0 0 -1
    outer loop
      vertex -14.8629 -3.0488 4.6
      vertex -14.8629 3.0488 4.6
      vertex -14.5579 3.1579 4.6
    endloop
  endfacet
  facet normal 0 0 -1
    outer loop
      vertex -15.1556 -2.91034 4.6
      vertex -14.8629 3.0488 4.6
      vertex -14.8629 -3.0488 4.6
    endloop
  endfacet
  facet normal 0 0 -1
    outer loop
      vertex -15.1556 -2.91034 4.6
      vertex -15.1556 2.91034 4.6
      vertex -14.8629 3.0488 4.6
    endloop
  endfacet
  facet normal 0 0 -1
    outer loop
      vertex -15.4334 -2.74385 4.6
      vertex -15.1556 2.91034 4.6
      vertex -15.1556 -2.91034 4.6
    endloop
  endfacet
  facet normal 0 0 -1
    outer loop
      vertex -15.4334 -2.74385 4.6
      vertex -15.4334 2.74385 4.6
      vertex -15.1556 2.91034 4.6
    endloop
  endfacet
  facet normal 0 0 -1
    outer loop
      vertex -15.6935 -2.55093 4.6
      vertex -15.4334 2.74385 4.6
      vertex -15.4334 -2.74385 4.6
    endloop
  endfacet
  facet normal 0 0 -1
    outer loop
      vertex -15.6935 -2.55093 4.6
      vertex -15.6935 2.55093 4.6
      vertex -15.4334 2.74385 4.6
    endloop
  endfacet
  facet normal 0 0 -1
    outer loop
      vertex -15.9335 -2.33345 4.6
      vertex -15.6935 2.55093 4.6
      vertex -15.6935 -2.55093 4.6
    endloop
  endfacet
  facet normal 0 0 -1
    outer loop
      vertex -15.9335 -2.33345 4.6
      vertex -15.9335 2.33345 4.6
      vertex -15.6935 2.55093 4.6
    endloop
  endfacet
  facet normal 0 0 -1
    outer loop
      vertex -16.1509 -2.0935 4.6
      vertex -15.9335 2.33345 4.6
      vertex -15.9335 -2.33345 4.6
    endloop
  endfacet
  facet normal 0 0 -1
    outer loop
      vertex -16.1509 -2.0935 4.6
      vertex -16.1509 2.0935 4.6
      vertex -15.9335 2.33345 4.6
    endloop
  endfacet
  facet normal 0 0 -1
    outer loop
      vertex -16.3438 -1.83338 4.6
      vertex -16.1509 2.0935 4.6
      vertex -16.1509 -2.0935 4.6
    endloop
  endfacet
  facet normal 0 0 -1
    outer loop
      vertex -16.3438 -1.83338 4.6
      vertex -16.3438 1.83338 4.6
      vertex -16.1509 2.0935 4.6
    endloop
  endfacet
  facet normal 0 0 -1
    outer loop
      vertex -16.5103 -1.55561 4.6
      vertex -16.3438 1.83338 4.6
      vertex -16.3438 -1.83338 4.6
    endloop
  endfacet
  facet normal 0 0 -1
    outer loop
      vertex -16.5103 -1.55561 4.6
      vertex -16.5103 1.55561 4.6
      vertex -16.3438 1.83338 4.6
    endloop
  endfacet
  facet normal 0 0 -1
    outer loop
      vertex -16.6488 -1.26285 4.6
      vertex -16.5103 1.55561 4.6
      vertex -16.5103 -1.55561 4.6
    endloop
  endfacet
  facet normal 0 0 -1
    outer loop
      vertex -16.6488 -1.26285 4.6
      vertex -16.6488 1.26285 4.6
      vertex -16.5103 1.55561 4.6
    endloop
  endfacet
  facet normal 0 0 -1
    outer loop
      vertex -16.7579 -0.957939 4.6
      vertex -16.6488 1.26285 4.6
      vertex -16.6488 -1.26285 4.6
    endloop
  endfacet
  facet normal 0 0 -1
    outer loop
      vertex -16.7579 -0.957939 4.6
      vertex -16.7579 0.957939 4.6
      vertex -16.6488 1.26285 4.6
    endloop
  endfacet
  facet normal 0 0 -1
    outer loop
      vertex -16.8366 -0.643798 4.6
      vertex -16.7579 0.957939 4.6
      vertex -16.7579 -0.957939 4.6
    endloop
  endfacet
  facet normal 0 0 -1
    outer loop
      vertex -16.8366 -0.643798 4.6
      vertex -16.8366 0.643798 4.6
      vertex -16.7579 0.957939 4.6
    endloop
  endfacet
  facet normal 0 0 -1
    outer loop
      vertex -16.8841 -0.323456 4.6
      vertex -16.8366 0.643798 4.6
      vertex -16.8366 -0.643798 4.6
    endloop
  endfacet
  facet normal 0 0 -1
    outer loop
      vertex -16.8841 -0.323456 4.6
      vertex -16.8841 0.323456 4.6
      vertex -16.8366 0.643798 4.6
    endloop
  endfacet
  facet normal 0 -0 -1
    outer loop
      vertex -16.8841 0.323456 4.6
      vertex -16.8841 -0.323456 4.6
      vertex -16.9 0 4.6
    endloop
  endfacet
  facet normal 0.70668 0.034738 0.70668
    outer loop
      vertex -10.3159 0.323456 4.6
      vertex -10.7 0 5
      vertex -10.3 0 4.6
    endloop
  endfacet
  facet normal -0.70668 -0.034738 0.70668
    outer loop
      vertex -16.5 0 5
      vertex -16.9 0 4.6
      vertex -16.8841 -0.323456 4.6
    endloop
  endfacet
  facet normal 0.63962 0.302594 0.706628
    outer loop
      vertex -10.6897 1.55561 4.6
      vertex -11.0424 1.36705 5
      vertex -10.5512 1.26285 4.6
    endloop
  endfacet
  facet normal -0.475095 0.524265 0.706704
    outer loop
      vertex -15.4397 2.24173 5
      vertex -15.6935 2.55093 4.6
      vertex -15.6506 2.05061 5
    endloop
  endfacet
  facet normal 0.238304 0.666202 0.706673
    outer loop
      vertex -12.6421 3.1579 4.6
      vertex -12.7582 2.77513 5
      vertex -12.3371 3.0488 4.6
    endloop
  endfacet
  facet normal 0.686314 0.172037 0.706665
    outer loop
      vertex -10.3634 0.643798 4.6
      vertex -10.8249 0.841825 5
      vertex -10.7557 0.565762 5
    endloop
  endfacet
  facet normal 0.568216 -0.421582 0.706682
    outer loop
      vertex -11.1887 -1.61115 5
      vertex -11.3583 -1.83974 5
      vertex -11.0491 -2.0935 4.6
    endloop
  endfacet
  facet normal -0.568216 0.421582 0.706682
    outer loop
      vertex -15.8417 1.83974 5
      vertex -16.1509 2.0935 4.6
      vertex -16.0113 1.61115 5
    endloop
  endfacet
  facet normal -0.238304 0.666202 0.706673
    outer loop
      vertex -14.5579 3.1579 4.6
      vertex -14.8629 3.0488 4.6
      vertex -14.4418 2.77513 5
    endloop
  endfacet
  facet normal -0.686302 0.171936 0.706702
    outer loop
      vertex -16.7579 0.957939 4.6
      vertex -16.8366 0.643798 4.6
      vertex -16.3751 0.841825 5
    endloop
  endfacet
  facet normal -0.639641 0.30233 0.706722
    outer loop
      vertex -16.1576 1.36705 5
      vertex -16.6488 1.26285 4.6
      vertex -16.2792 1.10978 5
    endloop
  endfacet
  facet normal -0.524308 -0.475034 0.706713
    outer loop
      vertex -15.6506 -2.05061 5
      vertex -16.1509 -2.0935 4.6
      vertex -15.9335 -2.33345 4.6
    endloop
  endfacet
  facet normal -0.706651 -0.0348044 0.706706
    outer loop
      vertex -16.5 0 5
      vertex -16.8841 -0.323456 4.6
      vertex -16.486 -0.284249 5
    endloop
  endfacet
  facet normal -0.238304 -0.666202 0.706673
    outer loop
      vertex -14.4418 -2.77513 5
      vertex -14.8629 -3.0488 4.6
      vertex -14.5579 -3.1579 4.6
    endloop
  endfacet
  facet normal 0.302574 -0.639564 0.706687
    outer loop
      vertex -12.233 -2.55757 5
      vertex -12.4902 -2.67925 5
      vertex -12.3371 -3.0488 4.6
    endloop
  endfacet
  facet normal 0.0347367 0.70667 0.70669
    outer loop
      vertex -13.2765 3.28411 4.6
      vertex -13.6 2.9 5
      vertex -13.3158 2.88603 5
    endloop
  endfacet
  facet normal 0.363723 0.606898 0.706669
    outer loop
      vertex -11.7666 2.74385 4.6
      vertex -12.0444 2.91034 4.6
      vertex -11.9888 2.41126 5
    endloop
  endfacet
  facet normal 0.524274 0.475121 0.70668
    outer loop
      vertex -11.0491 2.0935 4.6
      vertex -11.5494 2.05061 5
      vertex -11.3583 1.83974 5
    endloop
  endfacet
  facet normal 0.302543 0.639566 0.706698
    outer loop
      vertex -12.0444 2.91034 4.6
      vertex -12.3371 3.0488 4.6
      vertex -12.233 2.55757 5
    endloop
  endfacet
  facet normal 0.686314 -0.172037 0.706665
    outer loop
      vertex -10.7557 -0.565762 5
      vertex -10.8249 -0.841825 5
      vertex -10.3634 -0.643798 4.6
    endloop
  endfacet
  facet normal 0.70668 -0.034738 0.70668
    outer loop
      vertex -10.3 0 4.6
      vertex -10.7 0 5
      vertex -10.3159 -0.323456 4.6
    endloop
  endfacet
  facet normal 0.699857 -0.103774 0.706704
    outer loop
      vertex -10.3159 -0.323456 4.6
      vertex -10.714 -0.284249 5
      vertex -10.3634 -0.643798 4.6
    endloop
  endfacet
  facet normal -0.524308 0.475034 0.706713
    outer loop
      vertex -15.9335 2.33345 4.6
      vertex -16.1509 2.0935 4.6
      vertex -15.6506 2.05061 5
    endloop
  endfacet
  facet normal -0.475078 0.524272 0.706711
    outer loop
      vertex -15.6935 2.55093 4.6
      vertex -15.9335 2.33345 4.6
      vertex -15.6506 2.05061 5
    endloop
  endfacet
  facet normal -0.421509 0.568289 0.706667
    outer loop
      vertex -15.4334 2.74385 4.6
      vertex -15.6935 2.55093 4.6
      vertex -15.2112 2.41126 5
    endloop
  endfacet
  facet normal -0.302477 0.639607 0.70669
    outer loop
      vertex -14.8629 3.0488 4.6
      vertex -14.9671 2.55757 5
      vertex -14.7098 2.67925 5
    endloop
  endfacet
  facet normal -0.0347367 0.70667 0.70669
    outer loop
      vertex -13.6 2.9 5
      vertex -13.9235 3.28411 4.6
      vertex -13.8842 2.88603 5
    endloop
  endfacet
  facet normal -0.70668 0.034738 0.70668
    outer loop
      vertex -16.8841 0.323456 4.6
      vertex -16.9 0 4.6
      vertex -16.5 0 5
    endloop
  endfacet
  facet normal -0.666154 0.238356 0.7067
    outer loop
      vertex -16.6488 1.26285 4.6
      vertex -16.7579 0.957939 4.6
      vertex -16.3751 0.841825 5
    endloop
  endfacet
  facet normal -0.686314 0.172037 0.706665
    outer loop
      vertex -16.3751 0.841825 5
      vertex -16.8366 0.643798 4.6
      vertex -16.4443 0.565762 5
    endloop
  endfacet
  facet normal 0 0 1
    outer loop
      vertex -10.714 0.284249 5
      vertex -10.714 -0.284249 5
      vertex -10.7 0 5
    endloop
  endfacet
  facet normal 0 0 1
    outer loop
      vertex -10.7557 0.565762 5
      vertex -10.714 -0.284249 5
      vertex -10.714 0.284249 5
    endloop
  endfacet
  facet normal 0 0 1
    outer loop
      vertex -10.7557 0.565762 5
      vertex -10.7557 -0.565762 5
      vertex -10.714 -0.284249 5
    endloop
  endfacet
  facet normal 0 0 1
    outer loop
      vertex -10.8249 0.841825 5
      vertex -10.7557 -0.565762 5
      vertex -10.7557 0.565762 5
    endloop
  endfacet
  facet normal 0 0 1
    outer loop
      vertex -10.8249 0.841825 5
      vertex -10.8249 -0.841825 5
      vertex -10.7557 -0.565762 5
    endloop
  endfacet
  facet normal 0 0 1
    outer loop
      vertex -10.9208 1.10978 5
      vertex -10.8249 -0.841825 5
      vertex -10.8249 0.841825 5
    endloop
  endfacet
  facet normal 0 0 1
    outer loop
      vertex -10.9208 1.10978 5
      vertex -10.9208 -1.10978 5
      vertex -10.8249 -0.841825 5
    endloop
  endfacet
  facet normal 0 0 1
    outer loop
      vertex -11.0424 1.36705 5
      vertex -10.9208 -1.10978 5
      vertex -10.9208 1.10978 5
    endloop
  endfacet
  facet normal 0 0 1
    outer loop
      vertex -11.0424 1.36705 5
      vertex -11.0424 -1.36705 5
      vertex -10.9208 -1.10978 5
    endloop
  endfacet
  facet normal 0 0 1
    outer loop
      vertex -11.1887 1.61115 5
      vertex -11.0424 -1.36705 5
      vertex -11.0424 1.36705 5
    endloop
  endfacet
  facet normal 0 0 1
    outer loop
      vertex -11.1887 1.61115 5
      vertex -11.1887 -1.61115 5
      vertex -11.0424 -1.36705 5
    endloop
  endfacet
  facet normal 0 0 1
    outer loop
      vertex -11.3583 1.83974 5
      vertex -11.1887 -1.61115 5
      vertex -11.1887 1.61115 5
    endloop
  endfacet
  facet normal 0 0 1
    outer loop
      vertex -11.3583 1.83974 5
      vertex -11.3583 -1.83974 5
      vertex -11.1887 -1.61115 5
    endloop
  endfacet
  facet normal 0 0 1
    outer loop
      vertex -11.5494 2.05061 5
      vertex -11.3583 -1.83974 5
      vertex -11.3583 1.83974 5
    endloop
  endfacet
  facet normal 0 0 1
    outer loop
      vertex -11.5494 2.05061 5
      vertex -11.5494 -2.05061 5
      vertex -11.3583 -1.83974 5
    endloop
  endfacet
  facet normal 0 0 1
    outer loop
      vertex -11.7603 2.24173 5
      vertex -11.5494 -2.05061 5
      vertex -11.5494 2.05061 5
    endloop
  endfacet
  facet normal 0 0 1
    outer loop
      vertex -11.7603 2.24173 5
      vertex -11.7603 -2.24173 5
      vertex -11.5494 -2.05061 5
    endloop
  endfacet
  facet normal 0 0 1
    outer loop
      vertex -11.9888 2.41126 5
      vertex -11.7603 -2.24173 5
      vertex -11.7603 2.24173 5
    endloop
  endfacet
  facet normal 0 0 1
    outer loop
      vertex -11.9888 2.41126 5
      vertex -11.9888 -2.41126 5
      vertex -11.7603 -2.24173 5
    endloop
  endfacet
  facet normal 0 0 1
    outer loop
      vertex -12.233 2.55757 5
      vertex -11.9888 -2.41126 5
      vertex -11.9888 2.41126 5
    endloop
  endfacet
  facet normal 0 0 1
    outer loop
      vertex -12.233 2.55757 5
      vertex -12.233 -2.55757 5
      vertex -11.9888 -2.41126 5
    endloop
  endfacet
  facet normal 0 0 1
    outer loop
      vertex -12.4902 2.67925 5
      vertex -12.233 -2.55757 5
      vertex -12.233 2.55757 5
    endloop
  endfacet
  facet normal 0 0 1
    outer loop
      vertex -12.4902 2.67925 5
      vertex -12.4902 -2.67925 5
      vertex -12.233 -2.55757 5
    endloop
  endfacet
  facet normal 0 0 1
    outer loop
      vertex -12.7582 2.77513 5
      vertex -12.4902 -2.67925 5
      vertex -12.4902 2.67925 5
    endloop
  endfacet
  facet normal 0 0 1
    outer loop
      vertex -12.7582 2.77513 5
      vertex -12.7582 -2.77513 5
      vertex -12.4902 -2.67925 5
    endloop
  endfacet
  facet normal 0 0 1
    outer loop
      vertex -13.0342 2.84428 5
      vertex -12.7582 -2.77513 5
      vertex -12.7582 2.77513 5
    endloop
  endfacet
  facet normal 0 0 1
    outer loop
      vertex -13.0342 2.84428 5
      vertex -13.0342 -2.84428 5
      vertex -12.7582 -2.77513 5
    endloop
  endfacet
  facet normal 0 0 1
    outer loop
      vertex -13.3158 2.88603 5
      vertex -13.0342 -2.84428 5
      vertex -13.0342 2.84428 5
    endloop
  endfacet
  facet normal 0 0 1
    outer loop
      vertex -13.3158 2.88603 5
      vertex -13.3158 -2.88603 5
      vertex -13.0342 -2.84428 5
    endloop
  endfacet
  facet normal 0 0 1
    outer loop
      vertex -13.6 2.9 5
      vertex -13.3158 -2.88603 5
      vertex -13.3158 2.88603 5
    endloop
  endfacet
  facet normal 0 0 1
    outer loop
      vertex -13.6 2.9 5
      vertex -13.6 -2.9 5
      vertex -13.3158 -2.88603 5
    endloop
  endfacet
  facet normal -0 0 1
    outer loop
      vertex -13.8842 2.88603 5
      vertex -13.6 -2.9 5
      vertex -13.6 2.9 5
    endloop
  endfacet
  facet normal 0 0 1
    outer loop
      vertex -13.8842 2.88603 5
      vertex -13.8842 -2.88603 5
      vertex -13.6 -2.9 5
    endloop
  endfacet
  facet normal -0 0 1
    outer loop
      vertex -14.1658 2.84428 5
      vertex -13.8842 -2.88603 5
      vertex -13.8842 2.88603 5
    endloop
  endfacet
  facet normal 0 0 1
    outer loop
      vertex -14.1658 2.84428 5
      vertex -14.1658 -2.84428 5
      vertex -13.8842 -2.88603 5
    endloop
  endfacet
  facet normal -0 0 1
    outer loop
      vertex -14.4418 2.77513 5
      vertex -14.1658 -2.84428 5
      vertex -14.1658 2.84428 5
    endloop
  endfacet
  facet normal 0 0 1
    outer loop
      vertex -14.4418 2.77513 5
      vertex -14.4418 -2.77513 5
      vertex -14.1658 -2.84428 5
    endloop
  endfacet
  facet normal -0 0 1
    outer loop
      vertex -14.7098 2.67925 5
      vertex -14.4418 -2.77513 5
      vertex -14.4418 2.77513 5
    endloop
  endfacet
  facet normal 0 0 1
    outer loop
      vertex -14.7098 2.67925 5
      vertex -14.7098 -2.67925 5
      vertex -14.4418 -2.77513 5
    endloop
  endfacet
  facet normal -0 0 1
    outer loop
      vertex -14.9671 2.55757 5
      vertex -14.7098 -2.67925 5
      vertex -14.7098 2.67925 5
    endloop
  endfacet
  facet normal 0 0 1
    outer loop
      vertex -14.9671 2.55757 5
      vertex -14.9671 -2.55757 5
      vertex -14.7098 -2.67925 5
    endloop
  endfacet
  facet normal -0 0 1
    outer loop
      vertex -15.2112 2.41126 5
      vertex -14.9671 -2.55757 5
      vertex -14.9671 2.55757 5
    endloop
  endfacet
  facet normal 0 0 1
    outer loop
      vertex -15.2112 2.41126 5
      vertex -15.2112 -2.41126 5
      vertex -14.9671 -2.55757 5
    endloop
  endfacet
  facet normal -0 0 1
    outer loop
      vertex -15.4397 2.24173 5
      vertex -15.2112 -2.41126 5
      vertex -15.2112 2.41126 5
    endloop
  endfacet
  facet normal 0 0 1
    outer loop
      vertex -15.4397 2.24173 5
      vertex -15.4397 -2.24173 5
      vertex -15.2112 -2.41126 5
    endloop
  endfacet
  facet normal -0 0 1
    outer loop
      vertex -15.6506 2.05061 5
      vertex -15.4397 -2.24173 5
      vertex -15.4397 2.24173 5
    endloop
  endfacet
  facet normal 0 0 1
    outer loop
      vertex -15.6506 2.05061 5
      vertex -15.6506 -2.05061 5
      vertex -15.4397 -2.24173 5
    endloop
  endfacet
  facet normal -0 0 1
    outer loop
      vertex -15.8417 1.83974 5
      vertex -15.6506 -2.05061 5
      vertex -15.6506 2.05061 5
    endloop
  endfacet
  facet normal 0 0 1
    outer loop
      vertex -15.8417 1.83974 5
      vertex -15.8417 -1.83974 5
      vertex -15.6506 -2.05061 5
    endloop
  endfacet
  facet normal -0 0 1
    outer loop
      vertex -16.0113 1.61115 5
      vertex -15.8417 -1.83974 5
      vertex -15.8417 1.83974 5
    endloop
  endfacet
  facet normal 0 0 1
    outer loop
      vertex -16.0113 1.61115 5
      vertex -16.0113 -1.61115 5
      vertex -15.8417 -1.83974 5
    endloop
  endfacet
  facet normal -0 0 1
    outer loop
      vertex -16.1576 1.36705 5
      vertex -16.0113 -1.61115 5
      vertex -16.0113 1.61115 5
    endloop
  endfacet
  facet normal 0 0 1
    outer loop
      vertex -16.1576 1.36705 5
      vertex -16.1576 -1.36705 5
      vertex -16.0113 -1.61115 5
    endloop
  endfacet
  facet normal -0 0 1
    outer loop
      vertex -16.2792 1.10978 5
      vertex -16.1576 -1.36705 5
      vertex -16.1576 1.36705 5
    endloop
  endfacet
  facet normal 0 0 1
    outer loop
      vertex -16.2792 1.10978 5
      vertex -16.2792 -1.10978 5
      vertex -16.1576 -1.36705 5
    endloop
  endfacet
  facet normal -0 0 1
    outer loop
      vertex -16.3751 0.841825 5
      vertex -16.2792 -1.10978 5
      vertex -16.2792 1.10978 5
    endloop
  endfacet
  facet normal 0 0 1
    outer loop
      vertex -16.3751 0.841825 5
      vertex -16.3751 -0.841825 5
      vertex -16.2792 -1.10978 5
    endloop
  endfacet
  facet normal -0 0 1
    outer loop
      vertex -16.4443 0.565762 5
      vertex -16.3751 -0.841825 5
      vertex -16.3751 0.841825 5
    endloop
  endfacet
  facet normal 0 0 1
    outer loop
      vertex -16.4443 0.565762 5
      vertex -16.4443 -0.565762 5
      vertex -16.3751 -0.841825 5
    endloop
  endfacet
  facet normal -0 0 1
    outer loop
      vertex -16.486 0.284249 5
      vertex -16.4443 -0.565762 5
      vertex -16.4443 0.565762 5
    endloop
  endfacet
  facet normal 0 0 1
    outer loop
      vertex -16.486 0.284249 5
      vertex -16.486 -0.284249 5
      vertex -16.4443 -0.565762 5
    endloop
  endfacet
  facet normal 0 -0 1
    outer loop
      vertex -16.486 -0.284249 5
      vertex -16.486 0.284249 5
      vertex -16.5 0 5
    endloop
  endfacet
  facet normal -0.699912 0.103677 0.706665
    outer loop
      vertex -16.4443 0.565762 5
      vertex -16.8366 0.643798 4.6
      vertex -16.486 0.284249 5
    endloop
  endfacet
  facet normal -0.568363 0.421487 0.70662
    outer loop
      vertex -16.1509 2.0935 4.6
      vertex -16.3438 1.83338 4.6
      vertex -16.0113 1.61115 5
    endloop
  endfacet
  facet normal -0.666116 -0.2384 0.706721
    outer loop
      vertex -16.3751 -0.841825 5
      vertex -16.6488 -1.26285 4.6
      vertex -16.2792 -1.10978 5
    endloop
  endfacet
  facet normal 0.0347115 -0.706681 0.706681
    outer loop
      vertex -13.6 -2.9 5
      vertex -13.6 -3.3 4.6
      vertex -13.2765 -3.28411 4.6
    endloop
  endfacet
  facet normal 0.363627 -0.606915 0.706703
    outer loop
      vertex -11.9888 -2.41126 5
      vertex -12.233 -2.55757 5
      vertex -12.0444 -2.91034 4.6
    endloop
  endfacet
  facet normal 0.524308 -0.475034 0.706713
    outer loop
      vertex -11.0491 -2.0935 4.6
      vertex -11.5494 -2.05061 5
      vertex -11.2665 -2.33345 4.6
    endloop
  endfacet
  facet normal 0.171943 0.68633 0.706673
    outer loop
      vertex -12.6421 3.1579 4.6
      vertex -12.9562 3.23659 4.6
      vertex -12.7582 2.77513 5
    endloop
  endfacet
  facet normal 0.606916 0.363796 0.706615
    outer loop
      vertex -10.8562 1.83338 4.6
      vertex -11.1887 1.61115 5
      vertex -10.6897 1.55561 4.6
    endloop
  endfacet
  facet normal 0.475078 0.524272 0.706711
    outer loop
      vertex -11.5065 2.55093 4.6
      vertex -11.5494 2.05061 5
      vertex -11.2665 2.33345 4.6
    endloop
  endfacet
  facet normal 0.524308 0.475034 0.706713
    outer loop
      vertex -11.2665 2.33345 4.6
      vertex -11.5494 2.05061 5
      vertex -11.0491 2.0935 4.6
    endloop
  endfacet
  facet normal 0.421509 0.568289 0.706667
    outer loop
      vertex -11.7666 2.74385 4.6
      vertex -11.9888 2.41126 5
      vertex -11.5065 2.55093 4.6
    endloop
  endfacet
  facet normal 0.706651 0.0348044 0.706706
    outer loop
      vertex -10.3159 0.323456 4.6
      vertex -10.714 0.284249 5
      vertex -10.7 0 5
    endloop
  endfacet
  facet normal 0.686302 0.171936 0.706702
    outer loop
      vertex -10.4421 0.957939 4.6
      vertex -10.8249 0.841825 5
      vertex -10.3634 0.643798 4.6
    endloop
  endfacet
  facet normal 0.666154 0.238356 0.7067
    outer loop
      vertex -10.5512 1.26285 4.6
      vertex -10.8249 0.841825 5
      vertex -10.4421 0.957939 4.6
    endloop
  endfacet
  facet normal 0.568363 0.421487 0.70662
    outer loop
      vertex -11.0491 2.0935 4.6
      vertex -11.1887 1.61115 5
      vertex -10.8562 1.83338 4.6
    endloop
  endfacet
  facet normal 0.568216 0.421582 0.706682
    outer loop
      vertex -11.0491 2.0935 4.6
      vertex -11.3583 1.83974 5
      vertex -11.1887 1.61115 5
    endloop
  endfacet
  facet normal 0.524274 -0.475121 0.70668
    outer loop
      vertex -11.3583 -1.83974 5
      vertex -11.5494 -2.05061 5
      vertex -11.0491 -2.0935 4.6
    endloop
  endfacet
  facet normal 0.606923 -0.363756 0.706629
    outer loop
      vertex -11.0424 -1.36705 5
      vertex -11.1887 -1.61115 5
      vertex -10.6897 -1.55561 4.6
    endloop
  endfacet
  facet normal -0.363723 0.606898 0.706669
    outer loop
      vertex -15.1556 2.91034 4.6
      vertex -15.4334 2.74385 4.6
      vertex -15.2112 2.41126 5
    endloop
  endfacet
  facet normal -0.363762 0.606891 0.706655
    outer loop
      vertex -15.1556 2.91034 4.6
      vertex -15.2112 2.41126 5
      vertex -14.9671 2.55757 5
    endloop
  endfacet
  facet normal -0.302559 0.6396 0.706661
    outer loop
      vertex -14.8629 3.0488 4.6
      vertex -15.1556 2.91034 4.6
      vertex -14.9671 2.55757 5
    endloop
  endfacet
  facet normal -0.238332 0.666177 0.706686
    outer loop
      vertex -14.4418 2.77513 5
      vertex -14.8629 3.0488 4.6
      vertex -14.7098 2.67925 5
    endloop
  endfacet
  facet normal -0.0347115 0.706681 0.706681
    outer loop
      vertex -13.6 3.3 4.6
      vertex -13.9235 3.28411 4.6
      vertex -13.6 2.9 5
    endloop
  endfacet
  facet normal 0.0347115 0.706681 0.706681
    outer loop
      vertex -13.6 3.3 4.6
      vertex -13.6 2.9 5
      vertex -13.2765 3.28411 4.6
    endloop
  endfacet
  facet normal -0.171943 0.68633 0.706673
    outer loop
      vertex -14.2438 3.23659 4.6
      vertex -14.5579 3.1579 4.6
      vertex -14.4418 2.77513 5
    endloop
  endfacet
  facet normal -0.103831 0.699855 0.706698
    outer loop
      vertex -13.9235 3.28411 4.6
      vertex -14.2438 3.23659 4.6
      vertex -13.8842 2.88603 5
    endloop
  endfacet
  facet normal -0.666116 0.2384 0.706721
    outer loop
      vertex -16.2792 1.10978 5
      vertex -16.6488 1.26285 4.6
      vertex -16.3751 0.841825 5
    endloop
  endfacet
  facet normal -0.699857 0.103774 0.706704
    outer loop
      vertex -16.8366 0.643798 4.6
      vertex -16.8841 0.323456 4.6
      vertex -16.486 0.284249 5
    endloop
  endfacet
  facet normal -0.706651 0.0348044 0.706706
    outer loop
      vertex -16.486 0.284249 5
      vertex -16.8841 0.323456 4.6
      vertex -16.5 0 5
    endloop
  endfacet
  facet normal -0.606916 0.363796 0.706615
    outer loop
      vertex -16.3438 1.83338 4.6
      vertex -16.5103 1.55561 4.6
      vertex -16.0113 1.61115 5
    endloop
  endfacet
  facet normal -0.524274 0.475121 0.70668
    outer loop
      vertex -15.6506 2.05061 5
      vertex -16.1509 2.0935 4.6
      vertex -15.8417 1.83974 5
    endloop
  endfacet
  facet normal -0.699857 -0.103774 0.706704
    outer loop
      vertex -16.486 -0.284249 5
      vertex -16.8841 -0.323456 4.6
      vertex -16.8366 -0.643798 4.6
    endloop
  endfacet
  facet normal -0.686314 -0.172037 0.706665
    outer loop
      vertex -16.4443 -0.565762 5
      vertex -16.8366 -0.643798 4.6
      vertex -16.3751 -0.841825 5
    endloop
  endfacet
  facet normal -0.606916 -0.363796 0.706615
    outer loop
      vertex -16.0113 -1.61115 5
      vertex -16.5103 -1.55561 4.6
      vertex -16.3438 -1.83338 4.6
    endloop
  endfacet
  facet normal -0.639641 -0.30233 0.706722
    outer loop
      vertex -16.2792 -1.10978 5
      vertex -16.6488 -1.26285 4.6
      vertex -16.1576 -1.36705 5
    endloop
  endfacet
  facet normal -0.363723 -0.606898 0.706669
    outer loop
      vertex -15.2112 -2.41126 5
      vertex -15.4334 -2.74385 4.6
      vertex -15.1556 -2.91034 4.6
    endloop
  endfacet
  facet normal -0.0347115 -0.706681 0.706681
    outer loop
      vertex -13.6 -2.9 5
      vertex -13.9235 -3.28411 4.6
      vertex -13.6 -3.3 4.6
    endloop
  endfacet
  facet normal -0.171956 -0.686332 0.706668
    outer loop
      vertex -14.1658 -2.84428 5
      vertex -14.4418 -2.77513 5
      vertex -14.2438 -3.23659 4.6
    endloop
  endfacet
  facet normal -0.421509 -0.568289 0.706667
    outer loop
      vertex -15.2112 -2.41126 5
      vertex -15.6935 -2.55093 4.6
      vertex -15.4334 -2.74385 4.6
    endloop
  endfacet
  facet normal -0.475078 -0.524272 0.706711
    outer loop
      vertex -15.6506 -2.05061 5
      vertex -15.9335 -2.33345 4.6
      vertex -15.6935 -2.55093 4.6
    endloop
  endfacet
  facet normal 0.171943 -0.68633 0.706673
    outer loop
      vertex -12.7582 -2.77513 5
      vertex -12.9562 -3.23659 4.6
      vertex -12.6421 -3.1579 4.6
    endloop
  endfacet
  facet normal 0.302543 -0.639566 0.706698
    outer loop
      vertex -12.233 -2.55757 5
      vertex -12.3371 -3.0488 4.6
      vertex -12.0444 -2.91034 4.6
    endloop
  endfacet
  facet normal 0.475078 -0.524272 0.706711
    outer loop
      vertex -11.2665 -2.33345 4.6
      vertex -11.5494 -2.05061 5
      vertex -11.5065 -2.55093 4.6
    endloop
  endfacet
  facet normal 0.171956 0.686332 0.706668
    outer loop
      vertex -12.9562 3.23659 4.6
      vertex -13.0342 2.84428 5
      vertex -12.7582 2.77513 5
    endloop
  endfacet
  facet normal 0.103831 0.699855 0.706698
    outer loop
      vertex -13.2765 3.28411 4.6
      vertex -13.3158 2.88603 5
      vertex -12.9562 3.23659 4.6
    endloop
  endfacet
  facet normal 0.363627 0.606915 0.706703
    outer loop
      vertex -12.0444 2.91034 4.6
      vertex -12.233 2.55757 5
      vertex -11.9888 2.41126 5
    endloop
  endfacet
  facet normal 0.475095 0.524265 0.706704
    outer loop
      vertex -11.5065 2.55093 4.6
      vertex -11.7603 2.24173 5
      vertex -11.5494 2.05061 5
    endloop
  endfacet
  facet normal 0.699857 0.103774 0.706704
    outer loop
      vertex -10.3634 0.643798 4.6
      vertex -10.714 0.284249 5
      vertex -10.3159 0.323456 4.6
    endloop
  endfacet
  facet normal 0.606923 0.363756 0.706629
    outer loop
      vertex -10.6897 1.55561 4.6
      vertex -11.1887 1.61115 5
      vertex -11.0424 1.36705 5
    endloop
  endfacet
  facet normal 0.63962 -0.302594 0.706628
    outer loop
      vertex -10.5512 -1.26285 4.6
      vertex -11.0424 -1.36705 5
      vertex -10.6897 -1.55561 4.6
    endloop
  endfacet
  facet normal 0.666154 -0.238356 0.7067
    outer loop
      vertex -10.4421 -0.957939 4.6
      vertex -10.8249 -0.841825 5
      vertex -10.5512 -1.26285 4.6
    endloop
  endfacet
  facet normal 0.686302 -0.171936 0.706702
    outer loop
      vertex -10.3634 -0.643798 4.6
      vertex -10.8249 -0.841825 5
      vertex -10.4421 -0.957939 4.6
    endloop
  endfacet
  facet normal 0.568363 -0.421487 0.70662
    outer loop
      vertex -10.8562 -1.83338 4.6
      vertex -11.1887 -1.61115 5
      vertex -11.0491 -2.0935 4.6
    endloop
  endfacet
  facet normal 0.606916 -0.363796 0.706615
    outer loop
      vertex -10.6897 -1.55561 4.6
      vertex -11.1887 -1.61115 5
      vertex -10.8562 -1.83338 4.6
    endloop
  endfacet
  facet normal -0.421564 0.568203 0.706703
    outer loop
      vertex -15.2112 2.41126 5
      vertex -15.6935 2.55093 4.6
      vertex -15.4397 2.24173 5
    endloop
  endfacet
  facet normal -0.103766 0.699892 0.706671
    outer loop
      vertex -13.8842 2.88603 5
      vertex -14.2438 3.23659 4.6
      vertex -14.1658 2.84428 5
    endloop
  endfacet
  facet normal -0.171956 0.686332 0.706668
    outer loop
      vertex -14.2438 3.23659 4.6
      vertex -14.4418 2.77513 5
      vertex -14.1658 2.84428 5
    endloop
  endfacet
  facet normal -0.606923 0.363756 0.706629
    outer loop
      vertex -16.0113 1.61115 5
      vertex -16.5103 1.55561 4.6
      vertex -16.1576 1.36705 5
    endloop
  endfacet
  facet normal -0.63962 0.302594 0.706628
    outer loop
      vertex -16.5103 1.55561 4.6
      vertex -16.6488 1.26285 4.6
      vertex -16.1576 1.36705 5
    endloop
  endfacet
  facet normal -0.568363 -0.421487 0.70662
    outer loop
      vertex -16.0113 -1.61115 5
      vertex -16.3438 -1.83338 4.6
      vertex -16.1509 -2.0935 4.6
    endloop
  endfacet
  facet normal -0.568216 -0.421582 0.706682
    outer loop
      vertex -16.0113 -1.61115 5
      vertex -16.1509 -2.0935 4.6
      vertex -15.8417 -1.83974 5
    endloop
  endfacet
  facet normal -0.699912 -0.103677 0.706665
    outer loop
      vertex -16.486 -0.284249 5
      vertex -16.8366 -0.643798 4.6
      vertex -16.4443 -0.565762 5
    endloop
  endfacet
  facet normal -0.686302 -0.171936 0.706702
    outer loop
      vertex -16.3751 -0.841825 5
      vertex -16.8366 -0.643798 4.6
      vertex -16.7579 -0.957939 4.6
    endloop
  endfacet
  facet normal -0.666154 -0.238356 0.7067
    outer loop
      vertex -16.3751 -0.841825 5
      vertex -16.7579 -0.957939 4.6
      vertex -16.6488 -1.26285 4.6
    endloop
  endfacet
  facet normal -0.302559 -0.6396 0.706661
    outer loop
      vertex -14.9671 -2.55757 5
      vertex -15.1556 -2.91034 4.6
      vertex -14.8629 -3.0488 4.6
    endloop
  endfacet
  facet normal -0.363762 -0.606891 0.706655
    outer loop
      vertex -14.9671 -2.55757 5
      vertex -15.2112 -2.41126 5
      vertex -15.1556 -2.91034 4.6
    endloop
  endfacet
  facet normal 0.103831 -0.699855 0.706698
    outer loop
      vertex -12.9562 -3.23659 4.6
      vertex -13.3158 -2.88603 5
      vertex -13.2765 -3.28411 4.6
    endloop
  endfacet
  facet normal 0.0347367 -0.70667 0.70669
    outer loop
      vertex -13.3158 -2.88603 5
      vertex -13.6 -2.9 5
      vertex -13.2765 -3.28411 4.6
    endloop
  endfacet
  facet normal 0.238304 -0.666202 0.706673
    outer loop
      vertex -12.3371 -3.0488 4.6
      vertex -12.7582 -2.77513 5
      vertex -12.6421 -3.1579 4.6
    endloop
  endfacet
  facet normal 0.238332 -0.666177 0.706686
    outer loop
      vertex -12.4902 -2.67925 5
      vertex -12.7582 -2.77513 5
      vertex -12.3371 -3.0488 4.6
    endloop
  endfacet
  facet normal 0.363723 -0.606898 0.706669
    outer loop
      vertex -11.9888 -2.41126 5
      vertex -12.0444 -2.91034 4.6
      vertex -11.7666 -2.74385 4.6
    endloop
  endfacet
  facet normal 0.421509 -0.568289 0.706667
    outer loop
      vertex -11.5065 -2.55093 4.6
      vertex -11.9888 -2.41126 5
      vertex -11.7666 -2.74385 4.6
    endloop
  endfacet
  facet normal 0.475095 -0.524265 0.706704
    outer loop
      vertex -11.5494 -2.05061 5
      vertex -11.7603 -2.24173 5
      vertex -11.5065 -2.55093 4.6
    endloop
  endfacet
  facet normal 0.103766 0.699892 0.706671
    outer loop
      vertex -12.9562 3.23659 4.6
      vertex -13.3158 2.88603 5
      vertex -13.0342 2.84428 5
    endloop
  endfacet
  facet normal 0.302574 0.639564 0.706687
    outer loop
      vertex -12.3371 3.0488 4.6
      vertex -12.4902 2.67925 5
      vertex -12.233 2.55757 5
    endloop
  endfacet
  facet normal 0.238332 0.666177 0.706686
    outer loop
      vertex -12.3371 3.0488 4.6
      vertex -12.7582 2.77513 5
      vertex -12.4902 2.67925 5
    endloop
  endfacet
  facet normal 0.421564 0.568203 0.706703
    outer loop
      vertex -11.5065 2.55093 4.6
      vertex -11.9888 2.41126 5
      vertex -11.7603 2.24173 5
    endloop
  endfacet
  facet normal 0.699912 0.103677 0.706665
    outer loop
      vertex -10.3634 0.643798 4.6
      vertex -10.7557 0.565762 5
      vertex -10.714 0.284249 5
    endloop
  endfacet
  facet normal 0.666116 0.2384 0.706721
    outer loop
      vertex -10.5512 1.26285 4.6
      vertex -10.9208 1.10978 5
      vertex -10.8249 0.841825 5
    endloop
  endfacet
  facet normal 0.639641 0.30233 0.706722
    outer loop
      vertex -10.5512 1.26285 4.6
      vertex -11.0424 1.36705 5
      vertex -10.9208 1.10978 5
    endloop
  endfacet
  facet normal 0.706651 -0.0348044 0.706706
    outer loop
      vertex -10.7 0 5
      vertex -10.714 -0.284249 5
      vertex -10.3159 -0.323456 4.6
    endloop
  endfacet
  facet normal 0.639641 -0.30233 0.706722
    outer loop
      vertex -10.9208 -1.10978 5
      vertex -11.0424 -1.36705 5
      vertex -10.5512 -1.26285 4.6
    endloop
  endfacet
  facet normal 0.666116 -0.2384 0.706721
    outer loop
      vertex -10.8249 -0.841825 5
      vertex -10.9208 -1.10978 5
      vertex -10.5512 -1.26285 4.6
    endloop
  endfacet
  facet normal -0.63962 -0.302594 0.706628
    outer loop
      vertex -16.1576 -1.36705 5
      vertex -16.6488 -1.26285 4.6
      vertex -16.5103 -1.55561 4.6
    endloop
  endfacet
  facet normal -0.606923 -0.363756 0.706629
    outer loop
      vertex -16.1576 -1.36705 5
      vertex -16.5103 -1.55561 4.6
      vertex -16.0113 -1.61115 5
    endloop
  endfacet
  facet normal -0.524274 -0.475121 0.70668
    outer loop
      vertex -15.8417 -1.83974 5
      vertex -16.1509 -2.0935 4.6
      vertex -15.6506 -2.05061 5
    endloop
  endfacet
  facet normal -0.171943 -0.68633 0.706673
    outer loop
      vertex -14.4418 -2.77513 5
      vertex -14.5579 -3.1579 4.6
      vertex -14.2438 -3.23659 4.6
    endloop
  endfacet
  facet normal -0.302477 -0.639607 0.70669
    outer loop
      vertex -14.7098 -2.67925 5
      vertex -14.9671 -2.55757 5
      vertex -14.8629 -3.0488 4.6
    endloop
  endfacet
  facet normal -0.238332 -0.666177 0.706686
    outer loop
      vertex -14.7098 -2.67925 5
      vertex -14.8629 -3.0488 4.6
      vertex -14.4418 -2.77513 5
    endloop
  endfacet
  facet normal -0.475095 -0.524265 0.706704
    outer loop
      vertex -15.6506 -2.05061 5
      vertex -15.6935 -2.55093 4.6
      vertex -15.4397 -2.24173 5
    endloop
  endfacet
  facet normal -0.421564 -0.568203 0.706703
    outer loop
      vertex -15.4397 -2.24173 5
      vertex -15.6935 -2.55093 4.6
      vertex -15.2112 -2.41126 5
    endloop
  endfacet
  facet normal -0.0347367 -0.70667 0.70669
    outer loop
      vertex -13.8842 -2.88603 5
      vertex -13.9235 -3.28411 4.6
      vertex -13.6 -2.9 5
    endloop
  endfacet
  facet normal 0.103766 -0.699892 0.706671
    outer loop
      vertex -13.0342 -2.84428 5
      vertex -13.3158 -2.88603 5
      vertex -12.9562 -3.23659 4.6
    endloop
  endfacet
  facet normal 0.171956 -0.686332 0.706668
    outer loop
      vertex -12.7582 -2.77513 5
      vertex -13.0342 -2.84428 5
      vertex -12.9562 -3.23659 4.6
    endloop
  endfacet
  facet normal 0.421564 -0.568203 0.706703
    outer loop
      vertex -11.7603 -2.24173 5
      vertex -11.9888 -2.41126 5
      vertex -11.5065 -2.55093 4.6
    endloop
  endfacet
  facet normal 0.699912 -0.103677 0.706665
    outer loop
      vertex -10.714 -0.284249 5
      vertex -10.7557 -0.565762 5
      vertex -10.3634 -0.643798 4.6
    endloop
  endfacet
  facet normal -0.103766 -0.699892 0.706671
    outer loop
      vertex -14.1658 -2.84428 5
      vertex -14.2438 -3.23659 4.6
      vertex -13.8842 -2.88603 5
    endloop
  endfacet
  facet normal -0.103831 -0.699855 0.706698
    outer loop
      vertex -13.8842 -2.88603 5
      vertex -14.2438 -3.23659 4.6
      vertex -13.9235 -3.28411 4.6
    endloop
  endfacet
  facet normal 0.857731 0.514099 0
    outer loop
      vertex -9.36678 2.2627 1.2
      vertex -9.60895 2.66674 0
      vertex -9.60895 2.66674 1.2
    endloop
  endfacet
  facet normal 0.857731 0.514099 0
    outer loop
      vertex -9.60895 2.66674 0
      vertex -9.36678 2.2627 1.2
      vertex -9.36678 2.2627 0
    endloop
  endfacet
  facet normal 0.336896 0.941542 -0
    outer loop
      vertex -11.7631 4.43462 0
      vertex -12.2066 4.59331 1.2
      vertex -11.7631 4.43462 1.2
    endloop
  endfacet
  facet normal 0.336896 0.941542 0
    outer loop
      vertex -12.2066 4.59331 1.2
      vertex -11.7631 4.43462 0
      vertex -12.2066 4.59331 0
    endloop
  endfacet
  facet normal -0.427575 0.90398 0
    outer loop
      vertex -15.4369 4.43462 0
      vertex -15.8627 4.23322 1.2
      vertex -15.4369 4.43462 1.2
    endloop
  endfacet
  facet normal -0.427575 0.90398 0
    outer loop
      vertex -15.8627 4.23322 1.2
      vertex -15.4369 4.43462 0
      vertex -15.8627 4.23322 0
    endloop
  endfacet
  facet normal -0.941538 0.336908 0
    outer loop
      vertex -18.1933 1.39337 0
      vertex -18.0346 1.83688 1.2
      vertex -18.0346 1.83688 0
    endloop
  endfacet
  facet normal -0.941538 0.336908 0
    outer loop
      vertex -18.0346 1.83688 1.2
      vertex -18.1933 1.39337 0
      vertex -18.1933 1.39337 1.2
    endloop
  endfacet
  facet normal 0.998796 -0.0490607 0
    outer loop
      vertex -8.82311 -0.470482 1.2
      vertex -8.8 0 0
      vertex -8.8 0 1.2
    endloop
  endfacet
  facet normal 0.998796 -0.0490607 0
    outer loop
      vertex -8.8 0 0
      vertex -8.82311 -0.470482 1.2
      vertex -8.82311 -0.470482 0
    endloop
  endfacet
  facet normal 0.0490588 0.998796 -0
    outer loop
      vertex -13.1295 4.77689 0
      vertex -13.6 4.8 1.2
      vertex -13.1295 4.77689 1.2
    endloop
  endfacet
  facet normal 0.0490588 0.998796 0
    outer loop
      vertex -13.6 4.8 1.2
      vertex -13.1295 4.77689 0
      vertex -13.6 4.8 0
    endloop
  endfacet
  facet normal 0.514137 0.857708 -0
    outer loop
      vertex -10.9333 3.99105 0
      vertex -11.3373 4.23322 1.2
      vertex -10.9333 3.99105 1.2
    endloop
  endfacet
  facet normal 0.514137 0.857708 0
    outer loop
      vertex -11.3373 4.23322 1.2
      vertex -10.9333 3.99105 0
      vertex -11.3373 4.23322 0
    endloop
  endfacet
  facet normal -0.998797 0.0490395 0
    outer loop
      vertex -18.4 0 0
      vertex -18.3769 0.470482 1.2
      vertex -18.3769 0.470482 0
    endloop
  endfacet
  facet normal -0.998797 0.0490395 0
    outer loop
      vertex -18.3769 0.470482 1.2
      vertex -18.4 0 0
      vertex -18.4 0 1.2
    endloop
  endfacet
  facet normal -0.803109 0.595831 0
    outer loop
      vertex -17.5911 2.66674 0
      vertex -17.3104 3.04509 1.2
      vertex -17.3104 3.04509 0
    endloop
  endfacet
  facet normal -0.803109 0.595831 0
    outer loop
      vertex -17.3104 3.04509 1.2
      vertex -17.5911 2.66674 0
      vertex -17.5911 2.66674 1.2
    endloop
  endfacet
  facet normal -0.242955 0.970038 0
    outer loop
      vertex -14.5364 4.70777 0
      vertex -14.9934 4.59331 1.2
      vertex -14.5364 4.70777 1.2
    endloop
  endfacet
  facet normal -0.242955 0.970038 0
    outer loop
      vertex -14.9934 4.59331 1.2
      vertex -14.5364 4.70777 0
      vertex -14.9934 4.59331 0
    endloop
  endfacet
  facet normal 0.514137 -0.857708 0
    outer loop
      vertex -11.3373 -4.23322 0
      vertex -10.9333 -3.99105 1.2
      vertex -11.3373 -4.23322 1.2
    endloop
  endfacet
  facet normal 0.514137 -0.857708 0
    outer loop
      vertex -10.9333 -3.99105 1.2
      vertex -11.3373 -4.23322 0
      vertex -10.9333 -3.99105 0
    endloop
  endfacet
  facet normal 0.989176 0.146736 0
    outer loop
      vertex -8.82311 0.470482 1.2
      vertex -8.89223 0.936433 0
      vertex -8.89223 0.936433 1.2
    endloop
  endfacet
  facet normal 0.989176 0.146736 0
    outer loop
      vertex -8.89223 0.936433 0
      vertex -8.82311 0.470482 1.2
      vertex -8.82311 0.470482 0
    endloop
  endfacet
  facet normal 0.803211 0.595695 0
    outer loop
      vertex -9.60895 2.66674 1.2
      vertex -9.88955 3.04509 0
      vertex -9.88955 3.04509 1.2
    endloop
  endfacet
  facet normal 0.803211 0.595695 0
    outer loop
      vertex -9.88955 3.04509 0
      vertex -9.60895 2.66674 1.2
      vertex -9.60895 2.66674 0
    endloop
  endfacet
  facet normal 0.671588 0.740925 -0
    outer loop
      vertex -10.2059 3.39411 0
      vertex -10.5549 3.71045 1.2
      vertex -10.2059 3.39411 1.2
    endloop
  endfacet
  facet normal 0.671588 0.740925 0
    outer loop
      vertex -10.5549 3.71045 1.2
      vertex -10.2059 3.39411 0
      vertex -10.5549 3.71045 0
    endloop
  endfacet
  facet normal 0.740933 0.671578 0
    outer loop
      vertex -9.88955 3.04509 1.2
      vertex -10.2059 3.39411 0
      vertex -10.2059 3.39411 1.2
    endloop
  endfacet
  facet normal 0.740933 0.671578 0
    outer loop
      vertex -10.2059 3.39411 0
      vertex -9.88955 3.04509 1.2
      vertex -9.88955 3.04509 0
    endloop
  endfacet
  facet normal -0.0490588 0.998796 0
    outer loop
      vertex -13.6 4.8 0
      vertex -14.0705 4.77689 1.2
      vertex -13.6 4.8 1.2
    endloop
  endfacet
  facet normal -0.0490588 0.998796 0
    outer loop
      vertex -14.0705 4.77689 1.2
      vertex -13.6 4.8 0
      vertex -14.0705 4.77689 0
    endloop
  endfacet
  facet normal 0.242955 0.970038 -0
    outer loop
      vertex -12.2066 4.59331 0
      vertex -12.6636 4.70777 1.2
      vertex -12.2066 4.59331 1.2
    endloop
  endfacet
  facet normal 0.242955 0.970038 0
    outer loop
      vertex -12.6636 4.70777 1.2
      vertex -12.2066 4.59331 0
      vertex -12.6636 4.70777 0
    endloop
  endfacet
  facet normal 0.146752 0.989173 -0
    outer loop
      vertex -12.6636 4.70777 0
      vertex -13.1295 4.77689 1.2
      vertex -12.6636 4.70777 1.2
    endloop
  endfacet
  facet normal 0.146752 0.989173 0
    outer loop
      vertex -13.1295 4.77689 1.2
      vertex -12.6636 4.70777 0
      vertex -13.1295 4.77689 0
    endloop
  endfacet
  facet normal 0.427575 0.90398 -0
    outer loop
      vertex -11.3373 4.23322 0
      vertex -11.7631 4.43462 1.2
      vertex -11.3373 4.23322 1.2
    endloop
  endfacet
  facet normal 0.427575 0.90398 0
    outer loop
      vertex -11.7631 4.43462 1.2
      vertex -11.3373 4.23322 0
      vertex -11.7631 4.43462 0
    endloop
  endfacet
  facet normal 0.595644 0.803249 -0
    outer loop
      vertex -10.5549 3.71045 0
      vertex -10.9333 3.99105 1.2
      vertex -10.5549 3.71045 1.2
    endloop
  endfacet
  facet normal 0.595644 0.803249 0
    outer loop
      vertex -10.9333 3.99105 1.2
      vertex -10.5549 3.71045 0
      vertex -10.9333 3.99105 0
    endloop
  endfacet
  facet normal 0 0 1
    outer loop
      vertex -10.3 0 1.2
      vertex -8.8 0 1.2
      vertex -8.82311 0.470482 1.2
    endloop
  endfacet
  facet normal 0 0 1
    outer loop
      vertex -10.3159 0.323456 1.2
      vertex -8.82311 0.470482 1.2
      vertex -8.89223 0.936433 1.2
    endloop
  endfacet
  facet normal 0 0 1
    outer loop
      vertex -8.8 0 1.2
      vertex -10.3 0 1.2
      vertex -8.82311 -0.470482 1.2
    endloop
  endfacet
  facet normal 0 0 1
    outer loop
      vertex -10.3634 0.643798 1.2
      vertex -8.89223 0.936433 1.2
      vertex -9.00669 1.39337 1.2
    endloop
  endfacet
  facet normal -0 0 1
    outer loop
      vertex -10.3159 -0.323456 1.2
      vertex -8.82311 -0.470482 1.2
      vertex -10.3 0 1.2
    endloop
  endfacet
  facet normal 0 0 1
    outer loop
      vertex -10.4421 0.957939 1.2
      vertex -9.00669 1.39337 1.2
      vertex -9.16538 1.83688 1.2
    endloop
  endfacet
  facet normal 0 0 1
    outer loop
      vertex -8.82311 -0.470482 1.2
      vertex -10.3159 -0.323456 1.2
      vertex -8.89223 -0.936433 1.2
    endloop
  endfacet
  facet normal 0 0 1
    outer loop
      vertex -10.5512 1.26285 1.2
      vertex -9.16538 1.83688 1.2
      vertex -9.36678 2.2627 1.2
    endloop
  endfacet
  facet normal -0 0 1
    outer loop
      vertex -10.3634 -0.643798 1.2
      vertex -8.89223 -0.936433 1.2
      vertex -10.3159 -0.323456 1.2
    endloop
  endfacet
  facet normal 0 0 1
    outer loop
      vertex -10.6897 1.55561 1.2
      vertex -9.36678 2.2627 1.2
      vertex -9.60895 2.66674 1.2
    endloop
  endfacet
  facet normal 0 0 1
    outer loop
      vertex -8.89223 -0.936433 1.2
      vertex -10.3634 -0.643798 1.2
      vertex -9.00669 -1.39337 1.2
    endloop
  endfacet
  facet normal 0 0 1
    outer loop
      vertex -10.8562 1.83338 1.2
      vertex -9.60895 2.66674 1.2
      vertex -9.88955 3.04509 1.2
    endloop
  endfacet
  facet normal -0 0 1
    outer loop
      vertex -10.4421 -0.957939 1.2
      vertex -9.00669 -1.39337 1.2
      vertex -10.3634 -0.643798 1.2
    endloop
  endfacet
  facet normal 0 0 1
    outer loop
      vertex -11.0491 2.0935 1.2
      vertex -9.88955 3.04509 1.2
      vertex -10.2059 3.39411 1.2
    endloop
  endfacet
  facet normal 0 0 1
    outer loop
      vertex -9.00669 -1.39337 1.2
      vertex -10.4421 -0.957939 1.2
      vertex -9.16538 -1.83688 1.2
    endloop
  endfacet
  facet normal -0 0 1
    outer loop
      vertex -10.5512 -1.26285 1.2
      vertex -9.16538 -1.83688 1.2
      vertex -10.4421 -0.957939 1.2
    endloop
  endfacet
  facet normal 0 0 1
    outer loop
      vertex -8.82311 0.470482 1.2
      vertex -10.3159 0.323456 1.2
      vertex -10.3 0 1.2
    endloop
  endfacet
  facet normal 0 0 1
    outer loop
      vertex -8.89223 0.936433 1.2
      vertex -10.3634 0.643798 1.2
      vertex -10.3159 0.323456 1.2
    endloop
  endfacet
  facet normal 0 0 1
    outer loop
      vertex -9.00669 1.39337 1.2
      vertex -10.4421 0.957939 1.2
      vertex -10.3634 0.643798 1.2
    endloop
  endfacet
  facet normal 0 0 1
    outer loop
      vertex -9.16538 1.83688 1.2
      vertex -10.5512 1.26285 1.2
      vertex -10.4421 0.957939 1.2
    endloop
  endfacet
  facet normal 0 0 1
    outer loop
      vertex -11.2665 2.33345 1.2
      vertex -10.2059 3.39411 1.2
      vertex -10.5549 3.71045 1.2
    endloop
  endfacet
  facet normal 0 0 1
    outer loop
      vertex -9.36678 2.2627 1.2
      vertex -10.6897 1.55561 1.2
      vertex -10.5512 1.26285 1.2
    endloop
  endfacet
  facet normal 0 0 1
    outer loop
      vertex -9.60895 2.66674 1.2
      vertex -10.8562 1.83338 1.2
      vertex -10.6897 1.55561 1.2
    endloop
  endfacet
  facet normal 0 0 1
    outer loop
      vertex -11.5065 2.55093 1.2
      vertex -10.5549 3.71045 1.2
      vertex -10.9333 3.99105 1.2
    endloop
  endfacet
  facet normal 0 0 1
    outer loop
      vertex -9.88955 3.04509 1.2
      vertex -11.0491 2.0935 1.2
      vertex -10.8562 1.83338 1.2
    endloop
  endfacet
  facet normal 0 0 1
    outer loop
      vertex -10.2059 3.39411 1.2
      vertex -11.2665 2.33345 1.2
      vertex -11.0491 2.0935 1.2
    endloop
  endfacet
  facet normal 0 0 1
    outer loop
      vertex -11.7666 2.74385 1.2
      vertex -10.9333 3.99105 1.2
      vertex -11.3373 4.23322 1.2
    endloop
  endfacet
  facet normal 0 0 1
    outer loop
      vertex -10.5549 3.71045 1.2
      vertex -11.5065 2.55093 1.2
      vertex -11.2665 2.33345 1.2
    endloop
  endfacet
  facet normal 0 0 1
    outer loop
      vertex -12.0444 2.91034 1.2
      vertex -11.3373 4.23322 1.2
      vertex -11.7631 4.43462 1.2
    endloop
  endfacet
  facet normal 0 0 1
    outer loop
      vertex -10.9333 3.99105 1.2
      vertex -11.7666 2.74385 1.2
      vertex -11.5065 2.55093 1.2
    endloop
  endfacet
  facet normal 0 0 1
    outer loop
      vertex -11.3373 4.23322 1.2
      vertex -12.0444 2.91034 1.2
      vertex -11.7666 2.74385 1.2
    endloop
  endfacet
  facet normal 0 0 1
    outer loop
      vertex -12.3371 3.0488 1.2
      vertex -11.7631 4.43462 1.2
      vertex -12.2066 4.59331 1.2
    endloop
  endfacet
  facet normal 0 0 1
    outer loop
      vertex -11.7631 4.43462 1.2
      vertex -12.3371 3.0488 1.2
      vertex -12.0444 2.91034 1.2
    endloop
  endfacet
  facet normal 0 0 1
    outer loop
      vertex -12.2066 4.59331 1.2
      vertex -12.6421 3.1579 1.2
      vertex -12.3371 3.0488 1.2
    endloop
  endfacet
  facet normal 0 0 1
    outer loop
      vertex -12.6636 4.70777 1.2
      vertex -12.6421 3.1579 1.2
      vertex -12.2066 4.59331 1.2
    endloop
  endfacet
  facet normal 0 0 1
    outer loop
      vertex -12.6636 4.70777 1.2
      vertex -12.9562 3.23659 1.2
      vertex -12.6421 3.1579 1.2
    endloop
  endfacet
  facet normal 0 0 1
    outer loop
      vertex -13.1295 4.77689 1.2
      vertex -12.9562 3.23659 1.2
      vertex -12.6636 4.70777 1.2
    endloop
  endfacet
  facet normal 0 0 1
    outer loop
      vertex -13.1295 4.77689 1.2
      vertex -13.2765 3.28411 1.2
      vertex -12.9562 3.23659 1.2
    endloop
  endfacet
  facet normal 0 0 1
    outer loop
      vertex -13.6 4.8 1.2
      vertex -13.2765 3.28411 1.2
      vertex -13.1295 4.77689 1.2
    endloop
  endfacet
  facet normal 0 0 1
    outer loop
      vertex -13.6 4.8 1.2
      vertex -13.6 3.3 1.2
      vertex -13.2765 3.28411 1.2
    endloop
  endfacet
  facet normal 0 0 1
    outer loop
      vertex -13.6 4.8 1.2
      vertex -13.9235 3.28411 1.2
      vertex -13.6 3.3 1.2
    endloop
  endfacet
  facet normal -0 0 1
    outer loop
      vertex -14.0705 4.77689 1.2
      vertex -13.9235 3.28411 1.2
      vertex -13.6 4.8 1.2
    endloop
  endfacet
  facet normal 0 0 1
    outer loop
      vertex -14.0705 4.77689 1.2
      vertex -14.2438 3.23659 1.2
      vertex -13.9235 3.28411 1.2
    endloop
  endfacet
  facet normal -0 0 1
    outer loop
      vertex -14.5364 4.70777 1.2
      vertex -14.2438 3.23659 1.2
      vertex -14.0705 4.77689 1.2
    endloop
  endfacet
  facet normal 0 0 1
    outer loop
      vertex -14.5364 4.70777 1.2
      vertex -14.5579 3.1579 1.2
      vertex -14.2438 3.23659 1.2
    endloop
  endfacet
  facet normal -0 0 1
    outer loop
      vertex -14.9934 4.59331 1.2
      vertex -14.5579 3.1579 1.2
      vertex -14.5364 4.70777 1.2
    endloop
  endfacet
  facet normal 0 0 1
    outer loop
      vertex -14.5579 3.1579 1.2
      vertex -14.9934 4.59331 1.2
      vertex -14.8629 3.0488 1.2
    endloop
  endfacet
  facet normal -0 0 1
    outer loop
      vertex -15.4369 4.43462 1.2
      vertex -14.8629 3.0488 1.2
      vertex -14.9934 4.59331 1.2
    endloop
  endfacet
  facet normal 0 0 1
    outer loop
      vertex -14.8629 3.0488 1.2
      vertex -15.4369 4.43462 1.2
      vertex -15.1556 2.91034 1.2
    endloop
  endfacet
  facet normal -0 0 1
    outer loop
      vertex -15.8627 4.23322 1.2
      vertex -15.1556 2.91034 1.2
      vertex -15.4369 4.43462 1.2
    endloop
  endfacet
  facet normal 0 0 1
    outer loop
      vertex -15.1556 2.91034 1.2
      vertex -15.8627 4.23322 1.2
      vertex -15.4334 2.74385 1.2
    endloop
  endfacet
  facet normal -0 0 1
    outer loop
      vertex -16.2667 3.99105 1.2
      vertex -15.4334 2.74385 1.2
      vertex -15.8627 4.23322 1.2
    endloop
  endfacet
  facet normal 0 0 1
    outer loop
      vertex -15.4334 2.74385 1.2
      vertex -16.2667 3.99105 1.2
      vertex -15.6935 2.55093 1.2
    endloop
  endfacet
  facet normal -0 0 1
    outer loop
      vertex -16.6451 3.71045 1.2
      vertex -15.6935 2.55093 1.2
      vertex -16.2667 3.99105 1.2
    endloop
  endfacet
  facet normal 0 0 1
    outer loop
      vertex -15.6935 2.55093 1.2
      vertex -16.6451 3.71045 1.2
      vertex -15.9335 2.33345 1.2
    endloop
  endfacet
  facet normal -0 0 1
    outer loop
      vertex -16.9941 3.39411 1.2
      vertex -15.9335 2.33345 1.2
      vertex -16.6451 3.71045 1.2
    endloop
  endfacet
  facet normal 0 0 1
    outer loop
      vertex -15.9335 2.33345 1.2
      vertex -16.9941 3.39411 1.2
      vertex -16.1509 2.0935 1.2
    endloop
  endfacet
  facet normal -0 0 1
    outer loop
      vertex -17.3104 3.04509 1.2
      vertex -16.1509 2.0935 1.2
      vertex -16.9941 3.39411 1.2
    endloop
  endfacet
  facet normal 0 0 1
    outer loop
      vertex -16.1509 2.0935 1.2
      vertex -17.3104 3.04509 1.2
      vertex -16.3438 1.83338 1.2
    endloop
  endfacet
  facet normal -0 0 1
    outer loop
      vertex -17.5911 2.66674 1.2
      vertex -16.3438 1.83338 1.2
      vertex -17.3104 3.04509 1.2
    endloop
  endfacet
  facet normal 0 0 1
    outer loop
      vertex -16.3438 1.83338 1.2
      vertex -17.5911 2.66674 1.2
      vertex -16.5103 1.55561 1.2
    endloop
  endfacet
  facet normal -0 0 1
    outer loop
      vertex -17.8332 2.2627 1.2
      vertex -16.5103 1.55561 1.2
      vertex -17.5911 2.66674 1.2
    endloop
  endfacet
  facet normal -0 0 1
    outer loop
      vertex -18.0346 1.83688 1.2
      vertex -16.6488 1.26285 1.2
      vertex -17.8332 2.2627 1.2
    endloop
  endfacet
  facet normal 0 0 1
    outer loop
      vertex -16.5103 1.55561 1.2
      vertex -17.8332 2.2627 1.2
      vertex -16.6488 1.26285 1.2
    endloop
  endfacet
  facet normal 0 0 1
    outer loop
      vertex -9.16538 -1.83688 1.2
      vertex -10.5512 -1.26285 1.2
      vertex -9.36678 -2.2627 1.2
    endloop
  endfacet
  facet normal -0 0 1
    outer loop
      vertex -10.6897 -1.55561 1.2
      vertex -9.36678 -2.2627 1.2
      vertex -10.5512 -1.26285 1.2
    endloop
  endfacet
  facet normal 0 0 1
    outer loop
      vertex -9.36678 -2.2627 1.2
      vertex -10.6897 -1.55561 1.2
      vertex -9.60895 -2.66674 1.2
    endloop
  endfacet
  facet normal -0 0 1
    outer loop
      vertex -10.8562 -1.83338 1.2
      vertex -9.60895 -2.66674 1.2
      vertex -10.6897 -1.55561 1.2
    endloop
  endfacet
  facet normal 0 0 1
    outer loop
      vertex -9.60895 -2.66674 1.2
      vertex -10.8562 -1.83338 1.2
      vertex -9.88955 -3.04509 1.2
    endloop
  endfacet
  facet normal -0 0 1
    outer loop
      vertex -11.0491 -2.0935 1.2
      vertex -9.88955 -3.04509 1.2
      vertex -10.8562 -1.83338 1.2
    endloop
  endfacet
  facet normal 0 0 1
    outer loop
      vertex -9.88955 -3.04509 1.2
      vertex -11.0491 -2.0935 1.2
      vertex -10.2059 -3.39411 1.2
    endloop
  endfacet
  facet normal -0 0 1
    outer loop
      vertex -11.2665 -2.33345 1.2
      vertex -10.2059 -3.39411 1.2
      vertex -11.0491 -2.0935 1.2
    endloop
  endfacet
  facet normal 0 0 1
    outer loop
      vertex -10.2059 -3.39411 1.2
      vertex -11.2665 -2.33345 1.2
      vertex -10.5549 -3.71045 1.2
    endloop
  endfacet
  facet normal -0 0 1
    outer loop
      vertex -11.5065 -2.55093 1.2
      vertex -10.5549 -3.71045 1.2
      vertex -11.2665 -2.33345 1.2
    endloop
  endfacet
  facet normal 0 0 1
    outer loop
      vertex -10.5549 -3.71045 1.2
      vertex -11.5065 -2.55093 1.2
      vertex -10.9333 -3.99105 1.2
    endloop
  endfacet
  facet normal -0 0 1
    outer loop
      vertex -11.7666 -2.74385 1.2
      vertex -10.9333 -3.99105 1.2
      vertex -11.5065 -2.55093 1.2
    endloop
  endfacet
  facet normal 0 0 1
    outer loop
      vertex -10.9333 -3.99105 1.2
      vertex -11.7666 -2.74385 1.2
      vertex -11.3373 -4.23322 1.2
    endloop
  endfacet
  facet normal -0 0 1
    outer loop
      vertex -12.0444 -2.91034 1.2
      vertex -11.3373 -4.23322 1.2
      vertex -11.7666 -2.74385 1.2
    endloop
  endfacet
  facet normal 0 0 1
    outer loop
      vertex -11.3373 -4.23322 1.2
      vertex -12.0444 -2.91034 1.2
      vertex -11.7631 -4.43462 1.2
    endloop
  endfacet
  facet normal -0 0 1
    outer loop
      vertex -12.3371 -3.0488 1.2
      vertex -11.7631 -4.43462 1.2
      vertex -12.0444 -2.91034 1.2
    endloop
  endfacet
  facet normal 0 0 1
    outer loop
      vertex -11.7631 -4.43462 1.2
      vertex -12.3371 -3.0488 1.2
      vertex -12.2066 -4.59331 1.2
    endloop
  endfacet
  facet normal -0 0 1
    outer loop
      vertex -12.6421 -3.1579 1.2
      vertex -12.2066 -4.59331 1.2
      vertex -12.3371 -3.0488 1.2
    endloop
  endfacet
  facet normal 0 0 1
    outer loop
      vertex -12.6421 -3.1579 1.2
      vertex -12.6636 -4.70777 1.2
      vertex -12.2066 -4.59331 1.2
    endloop
  endfacet
  facet normal -0 0 1
    outer loop
      vertex -12.9562 -3.23659 1.2
      vertex -12.6636 -4.70777 1.2
      vertex -12.6421 -3.1579 1.2
    endloop
  endfacet
  facet normal 0 0 1
    outer loop
      vertex -12.9562 -3.23659 1.2
      vertex -13.1295 -4.77689 1.2
      vertex -12.6636 -4.70777 1.2
    endloop
  endfacet
  facet normal -0 0 1
    outer loop
      vertex -13.2765 -3.28411 1.2
      vertex -13.1295 -4.77689 1.2
      vertex -12.9562 -3.23659 1.2
    endloop
  endfacet
  facet normal -0 0 1
    outer loop
      vertex -13.6 -3.3 1.2
      vertex -13.1295 -4.77689 1.2
      vertex -13.2765 -3.28411 1.2
    endloop
  endfacet
  facet normal 0 0 1
    outer loop
      vertex -13.6 -3.3 1.2
      vertex -13.6 -4.8 1.2
      vertex -13.1295 -4.77689 1.2
    endloop
  endfacet
  facet normal 0 0 1
    outer loop
      vertex -13.9235 -3.28411 1.2
      vertex -13.6 -4.8 1.2
      vertex -13.6 -3.3 1.2
    endloop
  endfacet
  facet normal 0 0 1
    outer loop
      vertex -13.9235 -3.28411 1.2
      vertex -14.0705 -4.77689 1.2
      vertex -13.6 -4.8 1.2
    endloop
  endfacet
  facet normal 0 0 1
    outer loop
      vertex -14.2438 -3.23659 1.2
      vertex -14.0705 -4.77689 1.2
      vertex -13.9235 -3.28411 1.2
    endloop
  endfacet
  facet normal 0 0 1
    outer loop
      vertex -14.2438 -3.23659 1.2
      vertex -14.5364 -4.70777 1.2
      vertex -14.0705 -4.77689 1.2
    endloop
  endfacet
  facet normal 0 0 1
    outer loop
      vertex -14.5579 -3.1579 1.2
      vertex -14.5364 -4.70777 1.2
      vertex -14.2438 -3.23659 1.2
    endloop
  endfacet
  facet normal 0 0 1
    outer loop
      vertex -14.9934 -4.59331 1.2
      vertex -14.5579 -3.1579 1.2
      vertex -14.8629 -3.0488 1.2
    endloop
  endfacet
  facet normal 0 0 1
    outer loop
      vertex -14.5579 -3.1579 1.2
      vertex -14.9934 -4.59331 1.2
      vertex -14.5364 -4.70777 1.2
    endloop
  endfacet
  facet normal 0 0 1
    outer loop
      vertex -15.4369 -4.43462 1.2
      vertex -14.8629 -3.0488 1.2
      vertex -15.1556 -2.91034 1.2
    endloop
  endfacet
  facet normal 0 0 1
    outer loop
      vertex -15.8627 -4.23322 1.2
      vertex -15.1556 -2.91034 1.2
      vertex -15.4334 -2.74385 1.2
    endloop
  endfacet
  facet normal 0 0 1
    outer loop
      vertex -14.8629 -3.0488 1.2
      vertex -15.4369 -4.43462 1.2
      vertex -14.9934 -4.59331 1.2
    endloop
  endfacet
  facet normal 0 0 1
    outer loop
      vertex -16.2667 -3.99105 1.2
      vertex -15.4334 -2.74385 1.2
      vertex -15.6935 -2.55093 1.2
    endloop
  endfacet
  facet normal 0 0 1
    outer loop
      vertex -15.1556 -2.91034 1.2
      vertex -15.8627 -4.23322 1.2
      vertex -15.4369 -4.43462 1.2
    endloop
  endfacet
  facet normal 0 0 1
    outer loop
      vertex -16.6451 -3.71045 1.2
      vertex -15.6935 -2.55093 1.2
      vertex -15.9335 -2.33345 1.2
    endloop
  endfacet
  facet normal 0 0 1
    outer loop
      vertex -16.9941 -3.39411 1.2
      vertex -15.9335 -2.33345 1.2
      vertex -16.1509 -2.0935 1.2
    endloop
  endfacet
  facet normal 0 0 1
    outer loop
      vertex -15.4334 -2.74385 1.2
      vertex -16.2667 -3.99105 1.2
      vertex -15.8627 -4.23322 1.2
    endloop
  endfacet
  facet normal 0 0 1
    outer loop
      vertex -17.3104 -3.04509 1.2
      vertex -16.1509 -2.0935 1.2
      vertex -16.3438 -1.83338 1.2
    endloop
  endfacet
  facet normal 0 0 1
    outer loop
      vertex -17.5911 -2.66674 1.2
      vertex -16.3438 -1.83338 1.2
      vertex -16.5103 -1.55561 1.2
    endloop
  endfacet
  facet normal 0 0 1
    outer loop
      vertex -15.6935 -2.55093 1.2
      vertex -16.6451 -3.71045 1.2
      vertex -16.2667 -3.99105 1.2
    endloop
  endfacet
  facet normal 0 0 1
    outer loop
      vertex -17.8332 -2.2627 1.2
      vertex -16.5103 -1.55561 1.2
      vertex -16.6488 -1.26285 1.2
    endloop
  endfacet
  facet normal 0 0 1
    outer loop
      vertex -18.0346 -1.83688 1.2
      vertex -16.6488 -1.26285 1.2
      vertex -16.7579 -0.957939 1.2
    endloop
  endfacet
  facet normal 0 0 1
    outer loop
      vertex -18.1933 -1.39337 1.2
      vertex -16.7579 -0.957939 1.2
      vertex -16.8366 -0.643798 1.2
    endloop
  endfacet
  facet normal 0 0 1
    outer loop
      vertex -18.3078 -0.936433 1.2
      vertex -16.8366 -0.643798 1.2
      vertex -16.8841 -0.323456 1.2
    endloop
  endfacet
  facet normal 0 0 1
    outer loop
      vertex -15.9335 -2.33345 1.2
      vertex -16.9941 -3.39411 1.2
      vertex -16.6451 -3.71045 1.2
    endloop
  endfacet
  facet normal 0 0 1
    outer loop
      vertex -18.3769 -0.470482 1.2
      vertex -16.8841 -0.323456 1.2
      vertex -16.9 0 1.2
    endloop
  endfacet
  facet normal 0 0 1
    outer loop
      vertex -16.6488 1.26285 1.2
      vertex -18.0346 1.83688 1.2
      vertex -16.7579 0.957939 1.2
    endloop
  endfacet
  facet normal -0 0 1
    outer loop
      vertex -18.1933 1.39337 1.2
      vertex -16.7579 0.957939 1.2
      vertex -18.0346 1.83688 1.2
    endloop
  endfacet
  facet normal 0 0 1
    outer loop
      vertex -16.1509 -2.0935 1.2
      vertex -17.3104 -3.04509 1.2
      vertex -16.9941 -3.39411 1.2
    endloop
  endfacet
  facet normal 0 0 1
    outer loop
      vertex -16.7579 0.957939 1.2
      vertex -18.1933 1.39337 1.2
      vertex -16.8366 0.643798 1.2
    endloop
  endfacet
  facet normal 0 0 1
    outer loop
      vertex -16.3438 -1.83338 1.2
      vertex -17.5911 -2.66674 1.2
      vertex -17.3104 -3.04509 1.2
    endloop
  endfacet
  facet normal -0 0 1
    outer loop
      vertex -18.3078 0.936433 1.2
      vertex -16.8366 0.643798 1.2
      vertex -18.1933 1.39337 1.2
    endloop
  endfacet
  facet normal 0 0 1
    outer loop
      vertex -16.5103 -1.55561 1.2
      vertex -17.8332 -2.2627 1.2
      vertex -17.5911 -2.66674 1.2
    endloop
  endfacet
  facet normal 0 0 1
    outer loop
      vertex -16.8366 0.643798 1.2
      vertex -18.3078 0.936433 1.2
      vertex -16.8841 0.323456 1.2
    endloop
  endfacet
  facet normal 0 0 1
    outer loop
      vertex -16.6488 -1.26285 1.2
      vertex -18.0346 -1.83688 1.2
      vertex -17.8332 -2.2627 1.2
    endloop
  endfacet
  facet normal -0 0 1
    outer loop
      vertex -18.3769 0.470482 1.2
      vertex -16.8841 0.323456 1.2
      vertex -18.3078 0.936433 1.2
    endloop
  endfacet
  facet normal 0 0 1
    outer loop
      vertex -16.7579 -0.957939 1.2
      vertex -18.1933 -1.39337 1.2
      vertex -18.0346 -1.83688 1.2
    endloop
  endfacet
  facet normal 0 0 1
    outer loop
      vertex -16.8841 0.323456 1.2
      vertex -18.3769 0.470482 1.2
      vertex -16.9 0 1.2
    endloop
  endfacet
  facet normal 0 0 1
    outer loop
      vertex -16.8366 -0.643798 1.2
      vertex -18.3078 -0.936433 1.2
      vertex -18.1933 -1.39337 1.2
    endloop
  endfacet
  facet normal 0 0 1
    outer loop
      vertex -18.4 0 1.2
      vertex -16.9 0 1.2
      vertex -18.3769 0.470482 1.2
    endloop
  endfacet
  facet normal 0 0 1
    outer loop
      vertex -16.8841 -0.323456 1.2
      vertex -18.3769 -0.470482 1.2
      vertex -18.3078 -0.936433 1.2
    endloop
  endfacet
  facet normal 0 0 1
    outer loop
      vertex -16.9 0 1.2
      vertex -18.4 0 1.2
      vertex -18.3769 -0.470482 1.2
    endloop
  endfacet
  facet normal -0.97001 0.243067 0
    outer loop
      vertex -18.3078 0.936433 0
      vertex -18.1933 1.39337 1.2
      vertex -18.1933 1.39337 0
    endloop
  endfacet
  facet normal -0.97001 0.243067 0
    outer loop
      vertex -18.1933 1.39337 1.2
      vertex -18.3078 0.936433 0
      vertex -18.3078 0.936433 1.2
    endloop
  endfacet
  facet normal -0.989182 0.146695 0
    outer loop
      vertex -18.3769 0.470482 0
      vertex -18.3078 0.936433 1.2
      vertex -18.3078 0.936433 0
    endloop
  endfacet
  facet normal -0.989182 0.146695 0
    outer loop
      vertex -18.3078 0.936433 1.2
      vertex -18.3769 0.470482 0
      vertex -18.3769 0.470482 1.2
    endloop
  endfacet
  facet normal -0.903988 0.427559 0
    outer loop
      vertex -18.0346 1.83688 0
      vertex -17.8332 2.2627 1.2
      vertex -17.8332 2.2627 0
    endloop
  endfacet
  facet normal -0.903988 0.427559 0
    outer loop
      vertex -17.8332 2.2627 1.2
      vertex -18.0346 1.83688 0
      vertex -18.0346 1.83688 1.2
    endloop
  endfacet
  facet normal -0.857796 0.51399 0
    outer loop
      vertex -17.8332 2.2627 0
      vertex -17.5911 2.66674 1.2
      vertex -17.5911 2.66674 0
    endloop
  endfacet
  facet normal -0.857796 0.51399 0
    outer loop
      vertex -17.5911 2.66674 1.2
      vertex -17.8332 2.2627 0
      vertex -17.8332 2.2627 1.2
    endloop
  endfacet
  facet normal -0.336896 0.941542 0
    outer loop
      vertex -14.9934 4.59331 0
      vertex -15.4369 4.43462 1.2
      vertex -14.9934 4.59331 1.2
    endloop
  endfacet
  facet normal -0.336896 0.941542 0
    outer loop
      vertex -15.4369 4.43462 1.2
      vertex -14.9934 4.59331 0
      vertex -15.4369 4.43462 0
    endloop
  endfacet
  facet normal -0.146752 0.989173 0
    outer loop
      vertex -14.0705 4.77689 0
      vertex -14.5364 4.70777 1.2
      vertex -14.0705 4.77689 1.2
    endloop
  endfacet
  facet normal -0.146752 0.989173 0
    outer loop
      vertex -14.5364 4.70777 1.2
      vertex -14.0705 4.77689 0
      vertex -14.5364 4.70777 0
    endloop
  endfacet
  facet normal -0.595644 0.803249 0
    outer loop
      vertex -16.2667 3.99105 0
      vertex -16.6451 3.71045 1.2
      vertex -16.2667 3.99105 1.2
    endloop
  endfacet
  facet normal -0.595644 0.803249 0
    outer loop
      vertex -16.6451 3.71045 1.2
      vertex -16.2667 3.99105 0
      vertex -16.6451 3.71045 0
    endloop
  endfacet
  facet normal -0.671588 0.740925 0
    outer loop
      vertex -16.6451 3.71045 0
      vertex -16.9941 3.39411 1.2
      vertex -16.6451 3.71045 1.2
    endloop
  endfacet
  facet normal -0.671588 0.740925 0
    outer loop
      vertex -16.9941 3.39411 1.2
      vertex -16.6451 3.71045 0
      vertex -16.9941 3.39411 0
    endloop
  endfacet
  facet normal -0.514137 0.857708 0
    outer loop
      vertex -15.8627 4.23322 0
      vertex -16.2667 3.99105 1.2
      vertex -15.8627 4.23322 1.2
    endloop
  endfacet
  facet normal -0.514137 0.857708 0
    outer loop
      vertex -16.2667 3.99105 1.2
      vertex -15.8627 4.23322 0
      vertex -16.2667 3.99105 0
    endloop
  endfacet
  facet normal -0.740986 0.67152 0
    outer loop
      vertex -17.3104 3.04509 0
      vertex -16.9941 3.39411 1.2
      vertex -16.9941 3.39411 0
    endloop
  endfacet
  facet normal -0.740986 0.67152 0
    outer loop
      vertex -16.9941 3.39411 1.2
      vertex -17.3104 3.04509 0
      vertex -17.3104 3.04509 1.2
    endloop
  endfacet
  facet normal 0.998796 0.0490607 0
    outer loop
      vertex -8.8 0 1.2
      vertex -8.82311 0.470482 0
      vertex -8.82311 0.470482 1.2
    endloop
  endfacet
  facet normal 0.998796 0.0490607 0
    outer loop
      vertex -8.82311 0.470482 0
      vertex -8.8 0 1.2
      vertex -8.8 0 0
    endloop
  endfacet
  facet normal 0.97003 -0.242987 0
    outer loop
      vertex -9.00669 -1.39337 1.2
      vertex -8.89223 -0.936433 0
      vertex -8.89223 -0.936433 1.2
    endloop
  endfacet
  facet normal 0.97003 -0.242987 0
    outer loop
      vertex -8.89223 -0.936433 0
      vertex -9.00669 -1.39337 1.2
      vertex -9.00669 -1.39337 0
    endloop
  endfacet
  facet normal 0.903988 0.427559 0
    outer loop
      vertex -9.16538 1.83688 1.2
      vertex -9.36678 2.2627 0
      vertex -9.36678 2.2627 1.2
    endloop
  endfacet
  facet normal 0.903988 0.427559 0
    outer loop
      vertex -9.36678 2.2627 0
      vertex -9.16538 1.83688 1.2
      vertex -9.16538 1.83688 0
    endloop
  endfacet
  facet normal 0.941544 0.336889 0
    outer loop
      vertex -9.00669 1.39337 1.2
      vertex -9.16538 1.83688 0
      vertex -9.16538 1.83688 1.2
    endloop
  endfacet
  facet normal 0.941544 0.336889 0
    outer loop
      vertex -9.16538 1.83688 0
      vertex -9.00669 1.39337 1.2
      vertex -9.00669 1.39337 0
    endloop
  endfacet
  facet normal 0.97003 0.242987 0
    outer loop
      vertex -8.89223 0.936433 1.2
      vertex -9.00669 1.39337 0
      vertex -9.00669 1.39337 1.2
    endloop
  endfacet
  facet normal 0.97003 0.242987 0
    outer loop
      vertex -9.00669 1.39337 0
      vertex -8.89223 0.936433 1.2
      vertex -8.89223 0.936433 0
    endloop
  endfacet
  facet normal 0.989176 -0.146736 0
    outer loop
      vertex -8.89223 -0.936433 1.2
      vertex -8.82311 -0.470482 0
      vertex -8.82311 -0.470482 1.2
    endloop
  endfacet
  facet normal 0.989176 -0.146736 0
    outer loop
      vertex -8.82311 -0.470482 0
      vertex -8.89223 -0.936433 1.2
      vertex -8.89223 -0.936433 0
    endloop
  endfacet
  facet normal 0.803211 -0.595695 0
    outer loop
      vertex -9.88955 -3.04509 1.2
      vertex -9.60895 -2.66674 0
      vertex -9.60895 -2.66674 1.2
    endloop
  endfacet
  facet normal 0.803211 -0.595695 0
    outer loop
      vertex -9.60895 -2.66674 0
      vertex -9.88955 -3.04509 1.2
      vertex -9.88955 -3.04509 0
    endloop
  endfacet
  facet normal 0.903988 -0.427559 0
    outer loop
      vertex -9.36678 -2.2627 1.2
      vertex -9.16538 -1.83688 0
      vertex -9.16538 -1.83688 1.2
    endloop
  endfacet
  facet normal 0.903988 -0.427559 0
    outer loop
      vertex -9.16538 -1.83688 0
      vertex -9.36678 -2.2627 1.2
      vertex -9.36678 -2.2627 0
    endloop
  endfacet
  facet normal 0.857731 -0.514099 0
    outer loop
      vertex -9.60895 -2.66674 1.2
      vertex -9.36678 -2.2627 0
      vertex -9.36678 -2.2627 1.2
    endloop
  endfacet
  facet normal 0.857731 -0.514099 0
    outer loop
      vertex -9.36678 -2.2627 0
      vertex -9.60895 -2.66674 1.2
      vertex -9.60895 -2.66674 0
    endloop
  endfacet
  facet normal -0.0490588 -0.998796 0
    outer loop
      vertex -14.0705 -4.77689 0
      vertex -13.6 -4.8 1.2
      vertex -14.0705 -4.77689 1.2
    endloop
  endfacet
  facet normal -0.0490588 -0.998796 -0
    outer loop
      vertex -13.6 -4.8 1.2
      vertex -14.0705 -4.77689 0
      vertex -13.6 -4.8 0
    endloop
  endfacet
  facet normal -0.998797 -0.0490395 0
    outer loop
      vertex -18.3769 -0.470482 0
      vertex -18.4 0 1.2
      vertex -18.4 0 0
    endloop
  endfacet
  facet normal -0.998797 -0.0490395 0
    outer loop
      vertex -18.4 0 1.2
      vertex -18.3769 -0.470482 0
      vertex -18.3769 -0.470482 1.2
    endloop
  endfacet
  facet normal 0.146752 -0.989173 0
    outer loop
      vertex -13.1295 -4.77689 0
      vertex -12.6636 -4.70777 1.2
      vertex -13.1295 -4.77689 1.2
    endloop
  endfacet
  facet normal 0.146752 -0.989173 0
    outer loop
      vertex -12.6636 -4.70777 1.2
      vertex -13.1295 -4.77689 0
      vertex -12.6636 -4.70777 0
    endloop
  endfacet
  facet normal 0.427575 -0.90398 0
    outer loop
      vertex -11.7631 -4.43462 0
      vertex -11.3373 -4.23322 1.2
      vertex -11.7631 -4.43462 1.2
    endloop
  endfacet
  facet normal 0.427575 -0.90398 0
    outer loop
      vertex -11.3373 -4.23322 1.2
      vertex -11.7631 -4.43462 0
      vertex -11.3373 -4.23322 0
    endloop
  endfacet
  facet normal 0.336896 -0.941542 0
    outer loop
      vertex -12.2066 -4.59331 0
      vertex -11.7631 -4.43462 1.2
      vertex -12.2066 -4.59331 1.2
    endloop
  endfacet
  facet normal 0.336896 -0.941542 0
    outer loop
      vertex -11.7631 -4.43462 1.2
      vertex -12.2066 -4.59331 0
      vertex -11.7631 -4.43462 0
    endloop
  endfacet
  facet normal 0.671588 -0.740925 0
    outer loop
      vertex -10.5549 -3.71045 0
      vertex -10.2059 -3.39411 1.2
      vertex -10.5549 -3.71045 1.2
    endloop
  endfacet
  facet normal 0.671588 -0.740925 0
    outer loop
      vertex -10.2059 -3.39411 1.2
      vertex -10.5549 -3.71045 0
      vertex -10.2059 -3.39411 0
    endloop
  endfacet
  facet normal 0.941544 -0.336889 0
    outer loop
      vertex -9.16538 -1.83688 1.2
      vertex -9.00669 -1.39337 0
      vertex -9.00669 -1.39337 1.2
    endloop
  endfacet
  facet normal 0.941544 -0.336889 0
    outer loop
      vertex -9.00669 -1.39337 0
      vertex -9.16538 -1.83688 1.2
      vertex -9.16538 -1.83688 0
    endloop
  endfacet
  facet normal -0.427575 -0.90398 0
    outer loop
      vertex -15.8627 -4.23322 0
      vertex -15.4369 -4.43462 1.2
      vertex -15.8627 -4.23322 1.2
    endloop
  endfacet
  facet normal -0.427575 -0.90398 -0
    outer loop
      vertex -15.4369 -4.43462 1.2
      vertex -15.8627 -4.23322 0
      vertex -15.4369 -4.43462 0
    endloop
  endfacet
  facet normal 0.0490588 -0.998796 0
    outer loop
      vertex -13.6 -4.8 0
      vertex -13.1295 -4.77689 1.2
      vertex -13.6 -4.8 1.2
    endloop
  endfacet
  facet normal 0.0490588 -0.998796 0
    outer loop
      vertex -13.1295 -4.77689 1.2
      vertex -13.6 -4.8 0
      vertex -13.1295 -4.77689 0
    endloop
  endfacet
  facet normal -0.857796 -0.51399 0
    outer loop
      vertex -17.5911 -2.66674 0
      vertex -17.8332 -2.2627 1.2
      vertex -17.8332 -2.2627 0
    endloop
  endfacet
  facet normal -0.857796 -0.51399 0
    outer loop
      vertex -17.8332 -2.2627 1.2
      vertex -17.5911 -2.66674 0
      vertex -17.5911 -2.66674 1.2
    endloop
  endfacet
  facet normal -0.941538 -0.336908 0
    outer loop
      vertex -18.0346 -1.83688 0
      vertex -18.1933 -1.39337 1.2
      vertex -18.1933 -1.39337 0
    endloop
  endfacet
  facet normal -0.941538 -0.336908 0
    outer loop
      vertex -18.1933 -1.39337 1.2
      vertex -18.0346 -1.83688 0
      vertex -18.0346 -1.83688 1.2
    endloop
  endfacet
  facet normal -0.97001 -0.243067 0
    outer loop
      vertex -18.1933 -1.39337 0
      vertex -18.3078 -0.936433 1.2
      vertex -18.3078 -0.936433 0
    endloop
  endfacet
  facet normal -0.97001 -0.243067 0
    outer loop
      vertex -18.3078 -0.936433 1.2
      vertex -18.1933 -1.39337 0
      vertex -18.1933 -1.39337 1.2
    endloop
  endfacet
  facet normal -0.903988 -0.427559 0
    outer loop
      vertex -17.8332 -2.2627 0
      vertex -18.0346 -1.83688 1.2
      vertex -18.0346 -1.83688 0
    endloop
  endfacet
  facet normal -0.903988 -0.427559 0
    outer loop
      vertex -18.0346 -1.83688 1.2
      vertex -17.8332 -2.2627 0
      vertex -17.8332 -2.2627 1.2
    endloop
  endfacet
  facet normal 0.242955 -0.970038 0
    outer loop
      vertex -12.6636 -4.70777 0
      vertex -12.2066 -4.59331 1.2
      vertex -12.6636 -4.70777 1.2
    endloop
  endfacet
  facet normal 0.242955 -0.970038 0
    outer loop
      vertex -12.2066 -4.59331 1.2
      vertex -12.6636 -4.70777 0
      vertex -12.2066 -4.59331 0
    endloop
  endfacet
  facet normal 0.740933 -0.671578 0
    outer loop
      vertex -10.2059 -3.39411 1.2
      vertex -9.88955 -3.04509 0
      vertex -9.88955 -3.04509 1.2
    endloop
  endfacet
  facet normal 0.740933 -0.671578 0
    outer loop
      vertex -9.88955 -3.04509 0
      vertex -10.2059 -3.39411 1.2
      vertex -10.2059 -3.39411 0
    endloop
  endfacet
  facet normal 0.595644 -0.803249 0
    outer loop
      vertex -10.9333 -3.99105 0
      vertex -10.5549 -3.71045 1.2
      vertex -10.9333 -3.99105 1.2
    endloop
  endfacet
  facet normal 0.595644 -0.803249 0
    outer loop
      vertex -10.5549 -3.71045 1.2
      vertex -10.9333 -3.99105 0
      vertex -10.5549 -3.71045 0
    endloop
  endfacet
  facet normal -0.595644 -0.803249 0
    outer loop
      vertex -16.6451 -3.71045 0
      vertex -16.2667 -3.99105 1.2
      vertex -16.6451 -3.71045 1.2
    endloop
  endfacet
  facet normal -0.595644 -0.803249 -0
    outer loop
      vertex -16.2667 -3.99105 1.2
      vertex -16.6451 -3.71045 0
      vertex -16.2667 -3.99105 0
    endloop
  endfacet
  facet normal -0.242955 -0.970038 0
    outer loop
      vertex -14.9934 -4.59331 0
      vertex -14.5364 -4.70777 1.2
      vertex -14.9934 -4.59331 1.2
    endloop
  endfacet
  facet normal -0.242955 -0.970038 -0
    outer loop
      vertex -14.5364 -4.70777 1.2
      vertex -14.9934 -4.59331 0
      vertex -14.5364 -4.70777 0
    endloop
  endfacet
  facet normal -0.146752 -0.989173 0
    outer loop
      vertex -14.5364 -4.70777 0
      vertex -14.0705 -4.77689 1.2
      vertex -14.5364 -4.70777 1.2
    endloop
  endfacet
  facet normal -0.146752 -0.989173 -0
    outer loop
      vertex -14.0705 -4.77689 1.2
      vertex -14.5364 -4.70777 0
      vertex -14.0705 -4.77689 0
    endloop
  endfacet
  facet normal -0.740986 -0.67152 0
    outer loop
      vertex -16.9941 -3.39411 0
      vertex -17.3104 -3.04509 1.2
      vertex -17.3104 -3.04509 0
    endloop
  endfacet
  facet normal -0.740986 -0.67152 0
    outer loop
      vertex -17.3104 -3.04509 1.2
      vertex -16.9941 -3.39411 0
      vertex -16.9941 -3.39411 1.2
    endloop
  endfacet
  facet normal -0.803109 -0.595831 0
    outer loop
      vertex -17.3104 -3.04509 0
      vertex -17.5911 -2.66674 1.2
      vertex -17.5911 -2.66674 0
    endloop
  endfacet
  facet normal -0.803109 -0.595831 0
    outer loop
      vertex -17.5911 -2.66674 1.2
      vertex -17.3104 -3.04509 0
      vertex -17.3104 -3.04509 1.2
    endloop
  endfacet
  facet normal -0.671588 -0.740925 0
    outer loop
      vertex -16.9941 -3.39411 0
      vertex -16.6451 -3.71045 1.2
      vertex -16.9941 -3.39411 1.2
    endloop
  endfacet
  facet normal -0.671588 -0.740925 -0
    outer loop
      vertex -16.6451 -3.71045 1.2
      vertex -16.9941 -3.39411 0
      vertex -16.6451 -3.71045 0
    endloop
  endfacet
  facet normal 0 0 -1
    outer loop
      vertex -12 0 0
      vertex -8.8 0 0
      vertex -8.82311 -0.470482 0
    endloop
  endfacet
  facet normal 0 0 -1
    outer loop
      vertex -12.0077 -0.156827 0
      vertex -8.82311 -0.470482 0
      vertex -8.89223 -0.936433 0
    endloop
  endfacet
  facet normal 0 0 -1
    outer loop
      vertex -8.8 0 0
      vertex -12 0 0
      vertex -8.82311 0.470482 0
    endloop
  endfacet
  facet normal 0 0 -1
    outer loop
      vertex -12.0307 -0.312144 0
      vertex -8.89223 -0.936433 0
      vertex -9.00669 -1.39337 0
    endloop
  endfacet
  facet normal 0 0 -1
    outer loop
      vertex -12.0077 0.156827 0
      vertex -8.82311 0.470482 0
      vertex -12 0 0
    endloop
  endfacet
  facet normal 0 0 -1
    outer loop
      vertex -12.0689 -0.464455 0
      vertex -9.00669 -1.39337 0
      vertex -9.16538 -1.83688 0
    endloop
  endfacet
  facet normal -0 0 -1
    outer loop
      vertex -8.82311 0.470482 0
      vertex -12.0077 0.156827 0
      vertex -8.89223 0.936433 0
    endloop
  endfacet
  facet normal 0 0 -1
    outer loop
      vertex -12.1218 -0.612293 0
      vertex -9.16538 -1.83688 0
      vertex -9.36678 -2.2627 0
    endloop
  endfacet
  facet normal 0 0 -1
    outer loop
      vertex -12.0307 0.312144 0
      vertex -8.89223 0.936433 0
      vertex -12.0077 0.156827 0
    endloop
  endfacet
  facet normal 0 0 -1
    outer loop
      vertex -12.1889 -0.754234 0
      vertex -9.36678 -2.2627 0
      vertex -9.60895 -2.66674 0
    endloop
  endfacet
  facet normal -0 0 -1
    outer loop
      vertex -8.89223 0.936433 0
      vertex -12.0307 0.312144 0
      vertex -9.00669 1.39337 0
    endloop
  endfacet
  facet normal 0 0 -1
    outer loop
      vertex -12.2696 -0.888912 0
      vertex -9.60895 -2.66674 0
      vertex -9.88955 -3.04509 0
    endloop
  endfacet
  facet normal 0 0 -1
    outer loop
      vertex -12.0689 0.464455 0
      vertex -9.00669 1.39337 0
      vertex -12.0307 0.312144 0
    endloop
  endfacet
  facet normal 0 0 -1
    outer loop
      vertex -12.3632 -1.01503 0
      vertex -9.88955 -3.04509 0
      vertex -10.2059 -3.39411 0
    endloop
  endfacet
  facet normal -0 0 -1
    outer loop
      vertex -9.00669 1.39337 0
      vertex -12.0689 0.464455 0
      vertex -9.16538 1.83688 0
    endloop
  endfacet
  facet normal 0 0 -1
    outer loop
      vertex -12.4686 -1.13137 0
      vertex -10.2059 -3.39411 0
      vertex -10.5549 -3.71045 0
    endloop
  endfacet
  facet normal 0 0 -1
    outer loop
      vertex -12.1218 0.612293 0
      vertex -9.16538 1.83688 0
      vertex -12.0689 0.464455 0
    endloop
  endfacet
  facet normal 0 0 -1
    outer loop
      vertex -12.585 -1.23682 0
      vertex -10.5549 -3.71045 0
      vertex -10.9333 -3.99105 0
    endloop
  endfacet
  facet normal -0 0 -1
    outer loop
      vertex -9.16538 1.83688 0
      vertex -12.1218 0.612293 0
      vertex -9.36678 2.2627 0
    endloop
  endfacet
  facet normal 0 0 -1
    outer loop
      vertex -12.7111 -1.33035 0
      vertex -10.9333 -3.99105 0
      vertex -11.3373 -4.23322 0
    endloop
  endfacet
  facet normal 0 0 -1
    outer loop
      vertex -12.1889 0.754234 0
      vertex -9.36678 2.2627 0
      vertex -12.1218 0.612293 0
    endloop
  endfacet
  facet normal 0 0 -1
    outer loop
      vertex -12.8458 -1.41107 0
      vertex -11.3373 -4.23322 0
      vertex -11.7631 -4.43462 0
    endloop
  endfacet
  facet normal -0 0 -1
    outer loop
      vertex -9.36678 2.2627 0
      vertex -12.1889 0.754234 0
      vertex -9.60895 2.66674 0
    endloop
  endfacet
  facet normal 0 0 -1
    outer loop
      vertex -12.2696 0.888912 0
      vertex -9.60895 2.66674 0
      vertex -12.1889 0.754234 0
    endloop
  endfacet
  facet normal 0 0 -1
    outer loop
      vertex -8.82311 -0.470482 0
      vertex -12.0077 -0.156827 0
      vertex -12 0 0
    endloop
  endfacet
  facet normal 0 0 -1
    outer loop
      vertex -8.89223 -0.936433 0
      vertex -12.0307 -0.312144 0
      vertex -12.0077 -0.156827 0
    endloop
  endfacet
  facet normal 0 0 -1
    outer loop
      vertex -9.00669 -1.39337 0
      vertex -12.0689 -0.464455 0
      vertex -12.0307 -0.312144 0
    endloop
  endfacet
  facet normal 0 0 -1
    outer loop
      vertex -9.16538 -1.83688 0
      vertex -12.1218 -0.612293 0
      vertex -12.0689 -0.464455 0
    endloop
  endfacet
  facet normal 0 0 -1
    outer loop
      vertex -9.36678 -2.2627 0
      vertex -12.1889 -0.754234 0
      vertex -12.1218 -0.612293 0
    endloop
  endfacet
  facet normal 0 0 -1
    outer loop
      vertex -12.9877 -1.47821 0
      vertex -11.7631 -4.43462 0
      vertex -12.2066 -4.59331 0
    endloop
  endfacet
  facet normal 0 0 -1
    outer loop
      vertex -9.60895 -2.66674 0
      vertex -12.2696 -0.888912 0
      vertex -12.1889 -0.754234 0
    endloop
  endfacet
  facet normal 0 0 -1
    outer loop
      vertex -9.88955 -3.04509 0
      vertex -12.3632 -1.01503 0
      vertex -12.2696 -0.888912 0
    endloop
  endfacet
  facet normal 0 0 -1
    outer loop
      vertex -10.2059 -3.39411 0
      vertex -12.4686 -1.13137 0
      vertex -12.3632 -1.01503 0
    endloop
  endfacet
  facet normal 0 0 -1
    outer loop
      vertex -10.5549 -3.71045 0
      vertex -12.585 -1.23682 0
      vertex -12.4686 -1.13137 0
    endloop
  endfacet
  facet normal 0 0 -1
    outer loop
      vertex -13.1355 -1.5311 0
      vertex -12.2066 -4.59331 0
      vertex -12.6636 -4.70777 0
    endloop
  endfacet
  facet normal 0 0 -1
    outer loop
      vertex -10.9333 -3.99105 0
      vertex -12.7111 -1.33035 0
      vertex -12.585 -1.23682 0
    endloop
  endfacet
  facet normal 0 0 -1
    outer loop
      vertex -11.3373 -4.23322 0
      vertex -12.8458 -1.41107 0
      vertex -12.7111 -1.33035 0
    endloop
  endfacet
  facet normal 0 0 -1
    outer loop
      vertex -11.7631 -4.43462 0
      vertex -12.9877 -1.47821 0
      vertex -12.8458 -1.41107 0
    endloop
  endfacet
  facet normal 0 0 -1
    outer loop
      vertex -13.2879 -1.56926 0
      vertex -12.6636 -4.70777 0
      vertex -13.1295 -4.77689 0
    endloop
  endfacet
  facet normal 0 0 -1
    outer loop
      vertex -12.2066 -4.59331 0
      vertex -13.1355 -1.5311 0
      vertex -12.9877 -1.47821 0
    endloop
  endfacet
  facet normal 0 0 -1
    outer loop
      vertex -12.6636 -4.70777 0
      vertex -13.2879 -1.56926 0
      vertex -13.1355 -1.5311 0
    endloop
  endfacet
  facet normal 0 0 -1
    outer loop
      vertex -13.1295 -4.77689 0
      vertex -13.4432 -1.59229 0
      vertex -13.2879 -1.56926 0
    endloop
  endfacet
  facet normal 0 0 -1
    outer loop
      vertex -13.6 -4.8 0
      vertex -13.4432 -1.59229 0
      vertex -13.1295 -4.77689 0
    endloop
  endfacet
  facet normal 0 0 -1
    outer loop
      vertex -13.6 -4.8 0
      vertex -13.6 -1.6 0
      vertex -13.4432 -1.59229 0
    endloop
  endfacet
  facet normal 0 0 -1
    outer loop
      vertex -13.6 -4.8 0
      vertex -13.7568 -1.59229 0
      vertex -13.6 -1.6 0
    endloop
  endfacet
  facet normal 0 0 -1
    outer loop
      vertex -14.0705 -4.77689 0
      vertex -13.7568 -1.59229 0
      vertex -13.6 -4.8 0
    endloop
  endfacet
  facet normal -0 0 -1
    outer loop
      vertex -13.7568 -1.59229 0
      vertex -14.0705 -4.77689 0
      vertex -13.9121 -1.56926 0
    endloop
  endfacet
  facet normal 0 0 -1
    outer loop
      vertex -14.5364 -4.70777 0
      vertex -13.9121 -1.56926 0
      vertex -14.0705 -4.77689 0
    endloop
  endfacet
  facet normal -0 0 -1
    outer loop
      vertex -13.9121 -1.56926 0
      vertex -14.5364 -4.70777 0
      vertex -14.0645 -1.5311 0
    endloop
  endfacet
  facet normal 0 0 -1
    outer loop
      vertex -14.9934 -4.59331 0
      vertex -14.0645 -1.5311 0
      vertex -14.5364 -4.70777 0
    endloop
  endfacet
  facet normal -0 0 -1
    outer loop
      vertex -14.0645 -1.5311 0
      vertex -14.9934 -4.59331 0
      vertex -14.2123 -1.47821 0
    endloop
  endfacet
  facet normal 0 0 -1
    outer loop
      vertex -15.4369 -4.43462 0
      vertex -14.2123 -1.47821 0
      vertex -14.9934 -4.59331 0
    endloop
  endfacet
  facet normal -0 0 -1
    outer loop
      vertex -14.2123 -1.47821 0
      vertex -15.4369 -4.43462 0
      vertex -14.3542 -1.41107 0
    endloop
  endfacet
  facet normal 0 0 -1
    outer loop
      vertex -15.8627 -4.23322 0
      vertex -14.3542 -1.41107 0
      vertex -15.4369 -4.43462 0
    endloop
  endfacet
  facet normal -0 0 -1
    outer loop
      vertex -14.3542 -1.41107 0
      vertex -15.8627 -4.23322 0
      vertex -14.4889 -1.33035 0
    endloop
  endfacet
  facet normal 0 0 -1
    outer loop
      vertex -16.2667 -3.99105 0
      vertex -14.4889 -1.33035 0
      vertex -15.8627 -4.23322 0
    endloop
  endfacet
  facet normal -0 0 -1
    outer loop
      vertex -14.4889 -1.33035 0
      vertex -16.2667 -3.99105 0
      vertex -14.615 -1.23682 0
    endloop
  endfacet
  facet normal 0 0 -1
    outer loop
      vertex -16.6451 -3.71045 0
      vertex -14.615 -1.23682 0
      vertex -16.2667 -3.99105 0
    endloop
  endfacet
  facet normal -0 0 -1
    outer loop
      vertex -14.615 -1.23682 0
      vertex -16.6451 -3.71045 0
      vertex -14.7314 -1.13137 0
    endloop
  endfacet
  facet normal 0 0 -1
    outer loop
      vertex -16.9941 -3.39411 0
      vertex -14.7314 -1.13137 0
      vertex -16.6451 -3.71045 0
    endloop
  endfacet
  facet normal -0 0 -1
    outer loop
      vertex -14.7314 -1.13137 0
      vertex -16.9941 -3.39411 0
      vertex -14.8368 -1.01503 0
    endloop
  endfacet
  facet normal 0 0 -1
    outer loop
      vertex -17.3104 -3.04509 0
      vertex -14.8368 -1.01503 0
      vertex -16.9941 -3.39411 0
    endloop
  endfacet
  facet normal -0 0 -1
    outer loop
      vertex -14.8368 -1.01503 0
      vertex -17.3104 -3.04509 0
      vertex -14.9304 -0.888912 0
    endloop
  endfacet
  facet normal 0 0 -1
    outer loop
      vertex -17.5911 -2.66674 0
      vertex -14.9304 -0.888912 0
      vertex -17.3104 -3.04509 0
    endloop
  endfacet
  facet normal -0 0 -1
    outer loop
      vertex -9.60895 2.66674 0
      vertex -12.2696 0.888912 0
      vertex -9.88955 3.04509 0
    endloop
  endfacet
  facet normal 0 0 -1
    outer loop
      vertex -12.3632 1.01503 0
      vertex -9.88955 3.04509 0
      vertex -12.2696 0.888912 0
    endloop
  endfacet
  facet normal -0 0 -1
    outer loop
      vertex -9.88955 3.04509 0
      vertex -12.3632 1.01503 0
      vertex -10.2059 3.39411 0
    endloop
  endfacet
  facet normal 0 0 -1
    outer loop
      vertex -12.4686 1.13137 0
      vertex -10.2059 3.39411 0
      vertex -12.3632 1.01503 0
    endloop
  endfacet
  facet normal -0 0 -1
    outer loop
      vertex -10.2059 3.39411 0
      vertex -12.4686 1.13137 0
      vertex -10.5549 3.71045 0
    endloop
  endfacet
  facet normal 0 0 -1
    outer loop
      vertex -12.585 1.23682 0
      vertex -10.5549 3.71045 0
      vertex -12.4686 1.13137 0
    endloop
  endfacet
  facet normal -0 0 -1
    outer loop
      vertex -10.5549 3.71045 0
      vertex -12.585 1.23682 0
      vertex -10.9333 3.99105 0
    endloop
  endfacet
  facet normal 0 0 -1
    outer loop
      vertex -12.7111 1.33035 0
      vertex -10.9333 3.99105 0
      vertex -12.585 1.23682 0
    endloop
  endfacet
  facet normal -0 0 -1
    outer loop
      vertex -10.9333 3.99105 0
      vertex -12.7111 1.33035 0
      vertex -11.3373 4.23322 0
    endloop
  endfacet
  facet normal 0 0 -1
    outer loop
      vertex -12.8458 1.41107 0
      vertex -11.3373 4.23322 0
      vertex -12.7111 1.33035 0
    endloop
  endfacet
  facet normal -0 0 -1
    outer loop
      vertex -11.3373 4.23322 0
      vertex -12.8458 1.41107 0
      vertex -11.7631 4.43462 0
    endloop
  endfacet
  facet normal 0 0 -1
    outer loop
      vertex -12.9877 1.47821 0
      vertex -11.7631 4.43462 0
      vertex -12.8458 1.41107 0
    endloop
  endfacet
  facet normal -0 0 -1
    outer loop
      vertex -11.7631 4.43462 0
      vertex -12.9877 1.47821 0
      vertex -12.2066 4.59331 0
    endloop
  endfacet
  facet normal 0 0 -1
    outer loop
      vertex -13.1355 1.5311 0
      vertex -12.2066 4.59331 0
      vertex -12.9877 1.47821 0
    endloop
  endfacet
  facet normal -0 0 -1
    outer loop
      vertex -12.2066 4.59331 0
      vertex -13.1355 1.5311 0
      vertex -12.6636 4.70777 0
    endloop
  endfacet
  facet normal 0 0 -1
    outer loop
      vertex -13.2879 1.56926 0
      vertex -12.6636 4.70777 0
      vertex -13.1355 1.5311 0
    endloop
  endfacet
  facet normal -0 0 -1
    outer loop
      vertex -12.6636 4.70777 0
      vertex -13.2879 1.56926 0
      vertex -13.1295 4.77689 0
    endloop
  endfacet
  facet normal 0 0 -1
    outer loop
      vertex -13.4432 1.59229 0
      vertex -13.1295 4.77689 0
      vertex -13.2879 1.56926 0
    endloop
  endfacet
  facet normal 0 0 -1
    outer loop
      vertex -13.6 1.6 0
      vertex -13.1295 4.77689 0
      vertex -13.4432 1.59229 0
    endloop
  endfacet
  facet normal 0 0 -1
    outer loop
      vertex -13.6 1.6 0
      vertex -13.6 4.8 0
      vertex -13.1295 4.77689 0
    endloop
  endfacet
  facet normal 0 0 -1
    outer loop
      vertex -13.7568 1.59229 0
      vertex -13.6 4.8 0
      vertex -13.6 1.6 0
    endloop
  endfacet
  facet normal 0 0 -1
    outer loop
      vertex -14.0705 4.77689 0
      vertex -13.7568 1.59229 0
      vertex -13.9121 1.56926 0
    endloop
  endfacet
  facet normal 0 0 -1
    outer loop
      vertex -14.5364 4.70777 0
      vertex -13.9121 1.56926 0
      vertex -14.0645 1.5311 0
    endloop
  endfacet
  facet normal 0 0 -1
    outer loop
      vertex -13.7568 1.59229 0
      vertex -14.0705 4.77689 0
      vertex -13.6 4.8 0
    endloop
  endfacet
  facet normal 0 0 -1
    outer loop
      vertex -14.9934 4.59331 0
      vertex -14.0645 1.5311 0
      vertex -14.2123 1.47821 0
    endloop
  endfacet
  facet normal 0 0 -1
    outer loop
      vertex -15.4369 4.43462 0
      vertex -14.2123 1.47821 0
      vertex -14.3542 1.41107 0
    endloop
  endfacet
  facet normal 0 0 -1
    outer loop
      vertex -15.8627 4.23322 0
      vertex -14.3542 1.41107 0
      vertex -14.4889 1.33035 0
    endloop
  endfacet
  facet normal 0 0 -1
    outer loop
      vertex -13.9121 1.56926 0
      vertex -14.5364 4.70777 0
      vertex -14.0705 4.77689 0
    endloop
  endfacet
  facet normal 0 0 -1
    outer loop
      vertex -16.2667 3.99105 0
      vertex -14.4889 1.33035 0
      vertex -14.615 1.23682 0
    endloop
  endfacet
  facet normal 0 0 -1
    outer loop
      vertex -16.6451 3.71045 0
      vertex -14.615 1.23682 0
      vertex -14.7314 1.13137 0
    endloop
  endfacet
  facet normal 0 0 -1
    outer loop
      vertex -16.9941 3.39411 0
      vertex -14.7314 1.13137 0
      vertex -14.8368 1.01503 0
    endloop
  endfacet
  facet normal 0 0 -1
    outer loop
      vertex -17.3104 3.04509 0
      vertex -14.8368 1.01503 0
      vertex -14.9304 0.888912 0
    endloop
  endfacet
  facet normal 0 0 -1
    outer loop
      vertex -14.0645 1.5311 0
      vertex -14.9934 4.59331 0
      vertex -14.5364 4.70777 0
    endloop
  endfacet
  facet normal 0 0 -1
    outer loop
      vertex -17.5911 2.66674 0
      vertex -14.9304 0.888912 0
      vertex -15.0111 0.754234 0
    endloop
  endfacet
  facet normal 0 0 -1
    outer loop
      vertex -17.8332 2.2627 0
      vertex -15.0111 0.754234 0
      vertex -15.0782 0.612293 0
    endloop
  endfacet
  facet normal 0 0 -1
    outer loop
      vertex -18.0346 1.83688 0
      vertex -15.0782 0.612293 0
      vertex -15.1311 0.464455 0
    endloop
  endfacet
  facet normal 0 0 -1
    outer loop
      vertex -18.1933 1.39337 0
      vertex -15.1311 0.464455 0
      vertex -15.1693 0.312144 0
    endloop
  endfacet
  facet normal 0 0 -1
    outer loop
      vertex -18.3078 0.936433 0
      vertex -15.1693 0.312144 0
      vertex -15.1923 0.156827 0
    endloop
  endfacet
  facet normal 0 0 -1
    outer loop
      vertex -18.3769 0.470482 0
      vertex -15.1923 0.156827 0
      vertex -15.2 0 0
    endloop
  endfacet
  facet normal -0 0 -1
    outer loop
      vertex -14.9304 -0.888912 0
      vertex -17.5911 -2.66674 0
      vertex -15.0111 -0.754234 0
    endloop
  endfacet
  facet normal 0 0 -1
    outer loop
      vertex -14.2123 1.47821 0
      vertex -15.4369 4.43462 0
      vertex -14.9934 4.59331 0
    endloop
  endfacet
  facet normal 0 0 -1
    outer loop
      vertex -17.8332 -2.2627 0
      vertex -15.0111 -0.754234 0
      vertex -17.5911 -2.66674 0
    endloop
  endfacet
  facet normal 0 0 -1
    outer loop
      vertex -14.3542 1.41107 0
      vertex -15.8627 4.23322 0
      vertex -15.4369 4.43462 0
    endloop
  endfacet
  facet normal -0 0 -1
    outer loop
      vertex -15.0111 -0.754234 0
      vertex -17.8332 -2.2627 0
      vertex -15.0782 -0.612293 0
    endloop
  endfacet
  facet normal 0 0 -1
    outer loop
      vertex -14.4889 1.33035 0
      vertex -16.2667 3.99105 0
      vertex -15.8627 4.23322 0
    endloop
  endfacet
  facet normal 0 0 -1
    outer loop
      vertex -18.0346 -1.83688 0
      vertex -15.0782 -0.612293 0
      vertex -17.8332 -2.2627 0
    endloop
  endfacet
  facet normal 0 0 -1
    outer loop
      vertex -14.615 1.23682 0
      vertex -16.6451 3.71045 0
      vertex -16.2667 3.99105 0
    endloop
  endfacet
  facet normal -0 0 -1
    outer loop
      vertex -15.0782 -0.612293 0
      vertex -18.0346 -1.83688 0
      vertex -15.1311 -0.464455 0
    endloop
  endfacet
  facet normal 0 0 -1
    outer loop
      vertex -14.7314 1.13137 0
      vertex -16.9941 3.39411 0
      vertex -16.6451 3.71045 0
    endloop
  endfacet
  facet normal 0 0 -1
    outer loop
      vertex -18.1933 -1.39337 0
      vertex -15.1311 -0.464455 0
      vertex -18.0346 -1.83688 0
    endloop
  endfacet
  facet normal 0 0 -1
    outer loop
      vertex -14.8368 1.01503 0
      vertex -17.3104 3.04509 0
      vertex -16.9941 3.39411 0
    endloop
  endfacet
  facet normal -0 0 -1
    outer loop
      vertex -15.1311 -0.464455 0
      vertex -18.1933 -1.39337 0
      vertex -15.1693 -0.312144 0
    endloop
  endfacet
  facet normal 0 0 -1
    outer loop
      vertex -14.9304 0.888912 0
      vertex -17.5911 2.66674 0
      vertex -17.3104 3.04509 0
    endloop
  endfacet
  facet normal 0 0 -1
    outer loop
      vertex -18.3078 -0.936433 0
      vertex -15.1693 -0.312144 0
      vertex -18.1933 -1.39337 0
    endloop
  endfacet
  facet normal 0 0 -1
    outer loop
      vertex -15.0111 0.754234 0
      vertex -17.8332 2.2627 0
      vertex -17.5911 2.66674 0
    endloop
  endfacet
  facet normal -0 0 -1
    outer loop
      vertex -15.1693 -0.312144 0
      vertex -18.3078 -0.936433 0
      vertex -15.1923 -0.156827 0
    endloop
  endfacet
  facet normal 0 0 -1
    outer loop
      vertex -15.0782 0.612293 0
      vertex -18.0346 1.83688 0
      vertex -17.8332 2.2627 0
    endloop
  endfacet
  facet normal 0 0 -1
    outer loop
      vertex -18.3769 -0.470482 0
      vertex -15.1923 -0.156827 0
      vertex -18.3078 -0.936433 0
    endloop
  endfacet
  facet normal 0 0 -1
    outer loop
      vertex -15.1311 0.464455 0
      vertex -18.1933 1.39337 0
      vertex -18.0346 1.83688 0
    endloop
  endfacet
  facet normal -0 0 -1
    outer loop
      vertex -15.1923 -0.156827 0
      vertex -18.3769 -0.470482 0
      vertex -15.2 0 0
    endloop
  endfacet
  facet normal 0 0 -1
    outer loop
      vertex -15.1693 0.312144 0
      vertex -18.3078 0.936433 0
      vertex -18.1933 1.39337 0
    endloop
  endfacet
  facet normal 0 0 -1
    outer loop
      vertex -18.4 0 0
      vertex -15.2 0 0
      vertex -18.3769 -0.470482 0
    endloop
  endfacet
  facet normal 0 0 -1
    outer loop
      vertex -15.1923 0.156827 0
      vertex -18.3769 0.470482 0
      vertex -18.3078 0.936433 0
    endloop
  endfacet
  facet normal 0 0 -1
    outer loop
      vertex -15.2 0 0
      vertex -18.4 0 0
      vertex -18.3769 0.470482 0
    endloop
  endfacet
  facet normal -0.989182 -0.146695 0
    outer loop
      vertex -18.3078 -0.936433 0
      vertex -18.3769 -0.470482 1.2
      vertex -18.3769 -0.470482 0
    endloop
  endfacet
  facet normal -0.989182 -0.146695 0
    outer loop
      vertex -18.3769 -0.470482 1.2
      vertex -18.3078 -0.936433 0
      vertex -18.3078 -0.936433 1.2
    endloop
  endfacet
  facet normal -0.514137 -0.857708 0
    outer loop
      vertex -16.2667 -3.99105 0
      vertex -15.8627 -4.23322 1.2
      vertex -16.2667 -3.99105 1.2
    endloop
  endfacet
  facet normal -0.514137 -0.857708 -0
    outer loop
      vertex -15.8627 -4.23322 1.2
      vertex -16.2667 -3.99105 0
      vertex -15.8627 -4.23322 0
    endloop
  endfacet
  facet normal -0.336896 -0.941542 0
    outer loop
      vertex -15.4369 -4.43462 0
      vertex -14.9934 -4.59331 1.2
      vertex -15.4369 -4.43462 1.2
    endloop
  endfacet
  facet normal -0.336896 -0.941542 -0
    outer loop
      vertex -14.9934 -4.59331 1.2
      vertex -15.4369 -4.43462 0
      vertex -14.9934 -4.59331 0
    endloop
  endfacet
  facet normal 0.857714 0.514128 0
    outer loop
      vertex -10.6897 1.55561 4.6
      vertex -10.8562 1.83338 1.2
      vertex -10.8562 1.83338 4.6
    endloop
  endfacet
  facet normal 0.857714 0.514128 0
    outer loop
      vertex -10.8562 1.83338 1.2
      vertex -10.6897 1.55561 4.6
      vertex -10.6897 1.55561 1.2
    endloop
  endfacet
  facet normal 0.336806 0.941574 -0
    outer loop
      vertex -12.3371 3.0488 1.2
      vertex -12.6421 3.1579 4.6
      vertex -12.3371 3.0488 4.6
    endloop
  endfacet
  facet normal 0.336806 0.941574 0
    outer loop
      vertex -12.6421 3.1579 4.6
      vertex -12.3371 3.0488 1.2
      vertex -12.6421 3.1579 1.2
    endloop
  endfacet
  facet normal -0.336806 0.941574 0
    outer loop
      vertex -14.5579 3.1579 1.2
      vertex -14.8629 3.0488 4.6
      vertex -14.5579 3.1579 4.6
    endloop
  endfacet
  facet normal -0.336806 0.941574 0
    outer loop
      vertex -14.8629 3.0488 4.6
      vertex -14.5579 3.1579 1.2
      vertex -14.8629 3.0488 1.2
    endloop
  endfacet
  facet normal -0.903948 0.427643 0
    outer loop
      vertex -16.6488 1.26285 1.2
      vertex -16.5103 1.55561 4.6
      vertex -16.5103 1.55561 1.2
    endloop
  endfacet
  facet normal -0.903948 0.427643 0
    outer loop
      vertex -16.5103 1.55561 4.6
      vertex -16.6488 1.26285 1.2
      vertex -16.6488 1.26285 4.6
    endloop
  endfacet
  facet normal 0.427614 -0.903962 0
    outer loop
      vertex -12.3371 -3.0488 1.2
      vertex -12.0444 -2.91034 4.6
      vertex -12.3371 -3.0488 4.6
    endloop
  endfacet
  facet normal 0.427614 -0.903962 0
    outer loop
      vertex -12.0444 -2.91034 4.6
      vertex -12.3371 -3.0488 1.2
      vertex -12.0444 -2.91034 1.2
    endloop
  endfacet
  facet normal -0.146755 0.989173 0
    outer loop
      vertex -13.9235 3.28411 1.2
      vertex -14.2438 3.23659 4.6
      vertex -13.9235 3.28411 4.6
    endloop
  endfacet
  facet normal -0.146755 0.989173 0
    outer loop
      vertex -14.2438 3.23659 4.6
      vertex -13.9235 3.28411 1.2
      vertex -14.2438 3.23659 1.2
    endloop
  endfacet
  facet normal -0.595733 0.803183 0
    outer loop
      vertex -15.4334 2.74385 1.2
      vertex -15.6935 2.55093 4.6
      vertex -15.4334 2.74385 4.6
    endloop
  endfacet
  facet normal -0.595733 0.803183 0
    outer loop
      vertex -15.6935 2.55093 4.6
      vertex -15.4334 2.74385 1.2
      vertex -15.6935 2.55093 1.2
    endloop
  endfacet
  facet normal 0.970023 -0.243014 0
    outer loop
      vertex -10.4421 -0.957939 4.6
      vertex -10.3634 -0.643798 1.2
      vertex -10.3634 -0.643798 4.6
    endloop
  endfacet
  facet normal 0.970023 -0.243014 0
    outer loop
      vertex -10.3634 -0.643798 1.2
      vertex -10.4421 -0.957939 4.6
      vertex -10.4421 -0.957939 1.2
    endloop
  endfacet
  facet normal 0.903948 -0.427643 0
    outer loop
      vertex -10.6897 -1.55561 4.6
      vertex -10.5512 -1.26285 1.2
      vertex -10.5512 -1.26285 4.6
    endloop
  endfacet
  facet normal 0.903948 -0.427643 0
    outer loop
      vertex -10.5512 -1.26285 1.2
      vertex -10.6897 -1.55561 4.6
      vertex -10.6897 -1.55561 1.2
    endloop
  endfacet
  facet normal -0.146755 -0.989173 0
    outer loop
      vertex -14.2438 -3.23659 1.2
      vertex -13.9235 -3.28411 4.6
      vertex -14.2438 -3.23659 4.6
    endloop
  endfacet
  facet normal -0.146755 -0.989173 -0
    outer loop
      vertex -13.9235 -3.28411 4.6
      vertex -14.2438 -3.23659 1.2
      vertex -13.9235 -3.28411 1.2
    endloop
  endfacet
  facet normal 0.989185 0.146675 0
    outer loop
      vertex -10.3159 0.323456 4.6
      vertex -10.3634 0.643798 1.2
      vertex -10.3634 0.643798 4.6
    endloop
  endfacet
  facet normal 0.989185 0.146675 0
    outer loop
      vertex -10.3634 0.643798 1.2
      vertex -10.3159 0.323456 4.6
      vertex -10.3159 0.323456 1.2
    endloop
  endfacet
  facet normal 0.803234 0.595663 0
    outer loop
      vertex -10.8562 1.83338 4.6
      vertex -11.0491 2.0935 1.2
      vertex -11.0491 2.0935 4.6
    endloop
  endfacet
  facet normal 0.803234 0.595663 0
    outer loop
      vertex -11.0491 2.0935 1.2
      vertex -10.8562 1.83338 4.6
      vertex -10.8562 1.83338 1.2
    endloop
  endfacet
  facet normal 0.671486 0.741018 -0
    outer loop
      vertex -11.2665 2.33345 1.2
      vertex -11.5065 2.55093 4.6
      vertex -11.2665 2.33345 4.6
    endloop
  endfacet
  facet normal 0.671486 0.741018 0
    outer loop
      vertex -11.5065 2.55093 4.6
      vertex -11.2665 2.33345 1.2
      vertex -11.5065 2.55093 1.2
    endloop
  endfacet
  facet normal 0.741071 0.671427 0
    outer loop
      vertex -11.0491 2.0935 4.6
      vertex -11.2665 2.33345 1.2
      vertex -11.2665 2.33345 4.6
    endloop
  endfacet
  facet normal 0.741071 0.671427 0
    outer loop
      vertex -11.2665 2.33345 1.2
      vertex -11.0491 2.0935 4.6
      vertex -11.0491 2.0935 1.2
    endloop
  endfacet
  facet normal -0.0490599 0.998796 0
    outer loop
      vertex -13.6 3.3 1.2
      vertex -13.9235 3.28411 4.6
      vertex -13.6 3.3 4.6
    endloop
  endfacet
  facet normal -0.0490599 0.998796 0
    outer loop
      vertex -13.9235 3.28411 4.6
      vertex -13.6 3.3 1.2
      vertex -13.9235 3.28411 1.2
    endloop
  endfacet
  facet normal 0.146755 0.989173 -0
    outer loop
      vertex -12.9562 3.23659 1.2
      vertex -13.2765 3.28411 4.6
      vertex -12.9562 3.23659 4.6
    endloop
  endfacet
  facet normal 0.146755 0.989173 0
    outer loop
      vertex -13.2765 3.28411 4.6
      vertex -12.9562 3.23659 1.2
      vertex -13.2765 3.28411 1.2
    endloop
  endfacet
  facet normal 0.0490599 0.998796 -0
    outer loop
      vertex -13.2765 3.28411 1.2
      vertex -13.6 3.3 4.6
      vertex -13.2765 3.28411 4.6
    endloop
  endfacet
  facet normal 0.0490599 0.998796 0
    outer loop
      vertex -13.6 3.3 4.6
      vertex -13.2765 3.28411 1.2
      vertex -13.6 3.3 1.2
    endloop
  endfacet
  facet normal 0.595733 0.803183 -0
    outer loop
      vertex -11.5065 2.55093 1.2
      vertex -11.7666 2.74385 4.6
      vertex -11.5065 2.55093 4.6
    endloop
  endfacet
  facet normal 0.595733 0.803183 0
    outer loop
      vertex -11.7666 2.74385 4.6
      vertex -11.5065 2.55093 1.2
      vertex -11.7666 2.74385 1.2
    endloop
  endfacet
  facet normal 0.514064 0.857752 -0
    outer loop
      vertex -11.7666 2.74385 1.2
      vertex -12.0444 2.91034 4.6
      vertex -11.7666 2.74385 4.6
    endloop
  endfacet
  facet normal 0.514064 0.857752 0
    outer loop
      vertex -12.0444 2.91034 4.6
      vertex -11.7666 2.74385 1.2
      vertex -12.0444 2.91034 1.2
    endloop
  endfacet
  facet normal -0.998794 0.0490973 0
    outer loop
      vertex -16.9 0 1.2
      vertex -16.8841 0.323456 4.6
      vertex -16.8841 0.323456 1.2
    endloop
  endfacet
  facet normal -0.998794 0.0490973 0
    outer loop
      vertex -16.8841 0.323456 4.6
      vertex -16.9 0 1.2
      vertex -16.9 0 4.6
    endloop
  endfacet
  facet normal -0.970023 0.243014 0
    outer loop
      vertex -16.8366 0.643798 1.2
      vertex -16.7579 0.957939 4.6
      vertex -16.7579 0.957939 1.2
    endloop
  endfacet
  facet normal -0.970023 0.243014 0
    outer loop
      vertex -16.7579 0.957939 4.6
      vertex -16.8366 0.643798 1.2
      vertex -16.8366 0.643798 4.6
    endloop
  endfacet
  facet normal -0.741071 0.671427 0
    outer loop
      vertex -16.1509 2.0935 1.2
      vertex -15.9335 2.33345 4.6
      vertex -15.9335 2.33345 1.2
    endloop
  endfacet
  facet normal -0.741071 0.671427 0
    outer loop
      vertex -15.9335 2.33345 4.6
      vertex -16.1509 2.0935 1.2
      vertex -16.1509 2.0935 4.6
    endloop
  endfacet
  facet normal -0.803234 0.595663 0
    outer loop
      vertex -16.3438 1.83338 1.2
      vertex -16.1509 2.0935 4.6
      vertex -16.1509 2.0935 1.2
    endloop
  endfacet
  facet normal -0.803234 0.595663 0
    outer loop
      vertex -16.1509 2.0935 4.6
      vertex -16.3438 1.83338 1.2
      vertex -16.3438 1.83338 4.6
    endloop
  endfacet
  facet normal -0.427614 0.903962 0
    outer loop
      vertex -14.8629 3.0488 1.2
      vertex -15.1556 2.91034 4.6
      vertex -14.8629 3.0488 4.6
    endloop
  endfacet
  facet normal -0.427614 0.903962 0
    outer loop
      vertex -15.1556 2.91034 4.6
      vertex -14.8629 3.0488 1.2
      vertex -15.1556 2.91034 1.2
    endloop
  endfacet
  facet normal -0.514064 0.857752 0
    outer loop
      vertex -15.1556 2.91034 1.2
      vertex -15.4334 2.74385 4.6
      vertex -15.1556 2.91034 4.6
    endloop
  endfacet
  facet normal -0.514064 0.857752 0
    outer loop
      vertex -15.4334 2.74385 4.6
      vertex -15.1556 2.91034 1.2
      vertex -15.4334 2.74385 1.2
    endloop
  endfacet
  facet normal -0.671486 0.741018 0
    outer loop
      vertex -15.6935 2.55093 1.2
      vertex -15.9335 2.33345 4.6
      vertex -15.6935 2.55093 4.6
    endloop
  endfacet
  facet normal -0.671486 0.741018 0
    outer loop
      vertex -15.9335 2.33345 4.6
      vertex -15.6935 2.55093 1.2
      vertex -15.9335 2.33345 1.2
    endloop
  endfacet
  facet normal 0.998794 0.0490973 0
    outer loop
      vertex -10.3 0 4.6
      vertex -10.3159 0.323456 1.2
      vertex -10.3159 0.323456 4.6
    endloop
  endfacet
  facet normal 0.998794 0.0490973 0
    outer loop
      vertex -10.3159 0.323456 1.2
      vertex -10.3 0 4.6
      vertex -10.3 0 1.2
    endloop
  endfacet
  facet normal 0.857714 -0.514128 0
    outer loop
      vertex -10.8562 -1.83338 4.6
      vertex -10.6897 -1.55561 1.2
      vertex -10.6897 -1.55561 4.6
    endloop
  endfacet
  facet normal 0.857714 -0.514128 0
    outer loop
      vertex -10.6897 -1.55561 1.2
      vertex -10.8562 -1.83338 4.6
      vertex -10.8562 -1.83338 1.2
    endloop
  endfacet
  facet normal -0.803234 -0.595663 0
    outer loop
      vertex -16.1509 -2.0935 1.2
      vertex -16.3438 -1.83338 4.6
      vertex -16.3438 -1.83338 1.2
    endloop
  endfacet
  facet normal -0.803234 -0.595663 0
    outer loop
      vertex -16.3438 -1.83338 4.6
      vertex -16.1509 -2.0935 1.2
      vertex -16.1509 -2.0935 4.6
    endloop
  endfacet
  facet normal -0.970023 -0.243014 0
    outer loop
      vertex -16.7579 -0.957939 1.2
      vertex -16.8366 -0.643798 4.6
      vertex -16.8366 -0.643798 1.2
    endloop
  endfacet
  facet normal -0.970023 -0.243014 0
    outer loop
      vertex -16.8366 -0.643798 4.6
      vertex -16.7579 -0.957939 1.2
      vertex -16.7579 -0.957939 4.6
    endloop
  endfacet
  facet normal 0.146755 -0.989173 0
    outer loop
      vertex -13.2765 -3.28411 1.2
      vertex -12.9562 -3.23659 4.6
      vertex -13.2765 -3.28411 4.6
    endloop
  endfacet
  facet normal 0.146755 -0.989173 0
    outer loop
      vertex -12.9562 -3.23659 4.6
      vertex -13.2765 -3.28411 1.2
      vertex -12.9562 -3.23659 1.2
    endloop
  endfacet
  facet normal 0.903948 0.427643 0
    outer loop
      vertex -10.5512 1.26285 4.6
      vertex -10.6897 1.55561 1.2
      vertex -10.6897 1.55561 4.6
    endloop
  endfacet
  facet normal 0.903948 0.427643 0
    outer loop
      vertex -10.6897 1.55561 1.2
      vertex -10.5512 1.26285 4.6
      vertex -10.5512 1.26285 1.2
    endloop
  endfacet
  facet normal 0.941543 0.336893 0
    outer loop
      vertex -10.4421 0.957939 4.6
      vertex -10.5512 1.26285 1.2
      vertex -10.5512 1.26285 4.6
    endloop
  endfacet
  facet normal 0.941543 0.336893 0
    outer loop
      vertex -10.5512 1.26285 1.2
      vertex -10.4421 0.957939 4.6
      vertex -10.4421 0.957939 1.2
    endloop
  endfacet
  facet normal 0.970023 0.243014 0
    outer loop
      vertex -10.3634 0.643798 4.6
      vertex -10.4421 0.957939 1.2
      vertex -10.4421 0.957939 4.6
    endloop
  endfacet
  facet normal 0.970023 0.243014 0
    outer loop
      vertex -10.4421 0.957939 1.2
      vertex -10.3634 0.643798 4.6
      vertex -10.3634 0.643798 1.2
    endloop
  endfacet
  facet normal 0.243015 0.970022 -0
    outer loop
      vertex -12.6421 3.1579 1.2
      vertex -12.9562 3.23659 4.6
      vertex -12.6421 3.1579 4.6
    endloop
  endfacet
  facet normal 0.243015 0.970022 0
    outer loop
      vertex -12.9562 3.23659 4.6
      vertex -12.6421 3.1579 1.2
      vertex -12.9562 3.23659 1.2
    endloop
  endfacet
  facet normal 0.427614 0.903962 -0
    outer loop
      vertex -12.0444 2.91034 1.2
      vertex -12.3371 3.0488 4.6
      vertex -12.0444 2.91034 4.6
    endloop
  endfacet
  facet normal 0.427614 0.903962 0
    outer loop
      vertex -12.3371 3.0488 4.6
      vertex -12.0444 2.91034 1.2
      vertex -12.3371 3.0488 1.2
    endloop
  endfacet
  facet normal 0 0 1
    outer loop
      vertex -10.3159 0.323456 4.6
      vertex -10.3159 -0.323456 4.6
      vertex -10.3 0 4.6
    endloop
  endfacet
  facet normal 0 0 1
    outer loop
      vertex -10.3634 0.643798 4.6
      vertex -10.3159 -0.323456 4.6
      vertex -10.3159 0.323456 4.6
    endloop
  endfacet
  facet normal 0 0 1
    outer loop
      vertex -10.3634 0.643798 4.6
      vertex -10.3634 -0.643798 4.6
      vertex -10.3159 -0.323456 4.6
    endloop
  endfacet
  facet normal 0 0 1
    outer loop
      vertex -10.4421 0.957939 4.6
      vertex -10.3634 -0.643798 4.6
      vertex -10.3634 0.643798 4.6
    endloop
  endfacet
  facet normal 0 0 1
    outer loop
      vertex -10.4421 0.957939 4.6
      vertex -10.4421 -0.957939 4.6
      vertex -10.3634 -0.643798 4.6
    endloop
  endfacet
  facet normal 0 0 1
    outer loop
      vertex -10.5512 1.26285 4.6
      vertex -10.4421 -0.957939 4.6
      vertex -10.4421 0.957939 4.6
    endloop
  endfacet
  facet normal 0 0 1
    outer loop
      vertex -10.5512 1.26285 4.6
      vertex -10.5512 -1.26285 4.6
      vertex -10.4421 -0.957939 4.6
    endloop
  endfacet
  facet normal 0 0 1
    outer loop
      vertex -10.6897 1.55561 4.6
      vertex -10.5512 -1.26285 4.6
      vertex -10.5512 1.26285 4.6
    endloop
  endfacet
  facet normal 0 0 1
    outer loop
      vertex -10.6897 1.55561 4.6
      vertex -10.6897 -1.55561 4.6
      vertex -10.5512 -1.26285 4.6
    endloop
  endfacet
  facet normal 0 0 1
    outer loop
      vertex -10.8562 1.83338 4.6
      vertex -10.6897 -1.55561 4.6
      vertex -10.6897 1.55561 4.6
    endloop
  endfacet
  facet normal 0 0 1
    outer loop
      vertex -10.8562 1.83338 4.6
      vertex -10.8562 -1.83338 4.6
      vertex -10.6897 -1.55561 4.6
    endloop
  endfacet
  facet normal 0 0 1
    outer loop
      vertex -11.0491 2.0935 4.6
      vertex -10.8562 -1.83338 4.6
      vertex -10.8562 1.83338 4.6
    endloop
  endfacet
  facet normal 0 0 1
    outer loop
      vertex -11.0491 2.0935 4.6
      vertex -11.0491 -2.0935 4.6
      vertex -10.8562 -1.83338 4.6
    endloop
  endfacet
  facet normal 0 0 1
    outer loop
      vertex -11.2665 2.33345 4.6
      vertex -11.0491 -2.0935 4.6
      vertex -11.0491 2.0935 4.6
    endloop
  endfacet
  facet normal 0 0 1
    outer loop
      vertex -11.2665 2.33345 4.6
      vertex -11.2665 -2.33345 4.6
      vertex -11.0491 -2.0935 4.6
    endloop
  endfacet
  facet normal 0 0 1
    outer loop
      vertex -11.5065 2.55093 4.6
      vertex -11.2665 -2.33345 4.6
      vertex -11.2665 2.33345 4.6
    endloop
  endfacet
  facet normal 0 0 1
    outer loop
      vertex -11.5065 2.55093 4.6
      vertex -11.5065 -2.55093 4.6
      vertex -11.2665 -2.33345 4.6
    endloop
  endfacet
  facet normal 0 0 1
    outer loop
      vertex -11.7666 2.74385 4.6
      vertex -11.5065 -2.55093 4.6
      vertex -11.5065 2.55093 4.6
    endloop
  endfacet
  facet normal 0 0 1
    outer loop
      vertex -11.7666 2.74385 4.6
      vertex -11.7666 -2.74385 4.6
      vertex -11.5065 -2.55093 4.6
    endloop
  endfacet
  facet normal 0 0 1
    outer loop
      vertex -12.0444 2.91034 4.6
      vertex -11.7666 -2.74385 4.6
      vertex -11.7666 2.74385 4.6
    endloop
  endfacet
  facet normal 0 0 1
    outer loop
      vertex -12.0444 2.91034 4.6
      vertex -12.0444 -2.91034 4.6
      vertex -11.7666 -2.74385 4.6
    endloop
  endfacet
  facet normal 0 0 1
    outer loop
      vertex -12.3371 3.0488 4.6
      vertex -12.0444 -2.91034 4.6
      vertex -12.0444 2.91034 4.6
    endloop
  endfacet
  facet normal 0 0 1
    outer loop
      vertex -12.3371 3.0488 4.6
      vertex -12.3371 -3.0488 4.6
      vertex -12.0444 -2.91034 4.6
    endloop
  endfacet
  facet normal 0 0 1
    outer loop
      vertex -12.6421 3.1579 4.6
      vertex -12.3371 -3.0488 4.6
      vertex -12.3371 3.0488 4.6
    endloop
  endfacet
  facet normal 0 0 1
    outer loop
      vertex -12.6421 3.1579 4.6
      vertex -12.6421 -3.1579 4.6
      vertex -12.3371 -3.0488 4.6
    endloop
  endfacet
  facet normal 0 0 1
    outer loop
      vertex -12.9562 3.23659 4.6
      vertex -12.6421 -3.1579 4.6
      vertex -12.6421 3.1579 4.6
    endloop
  endfacet
  facet normal 0 0 1
    outer loop
      vertex -12.9562 3.23659 4.6
      vertex -12.9562 -3.23659 4.6
      vertex -12.6421 -3.1579 4.6
    endloop
  endfacet
  facet normal 0 0 1
    outer loop
      vertex -13.2765 3.28411 4.6
      vertex -12.9562 -3.23659 4.6
      vertex -12.9562 3.23659 4.6
    endloop
  endfacet
  facet normal 0 0 1
    outer loop
      vertex -13.2765 3.28411 4.6
      vertex -13.2765 -3.28411 4.6
      vertex -12.9562 -3.23659 4.6
    endloop
  endfacet
  facet normal 0 0 1
    outer loop
      vertex -13.6 3.3 4.6
      vertex -13.2765 -3.28411 4.6
      vertex -13.2765 3.28411 4.6
    endloop
  endfacet
  facet normal 0 0 1
    outer loop
      vertex -13.6 3.3 4.6
      vertex -13.6 -3.3 4.6
      vertex -13.2765 -3.28411 4.6
    endloop
  endfacet
  facet normal -0 0 1
    outer loop
      vertex -13.9235 3.28411 4.6
      vertex -13.6 -3.3 4.6
      vertex -13.6 3.3 4.6
    endloop
  endfacet
  facet normal 0 0 1
    outer loop
      vertex -13.9235 3.28411 4.6
      vertex -13.9235 -3.28411 4.6
      vertex -13.6 -3.3 4.6
    endloop
  endfacet
  facet normal -0 0 1
    outer loop
      vertex -14.2438 3.23659 4.6
      vertex -13.9235 -3.28411 4.6
      vertex -13.9235 3.28411 4.6
    endloop
  endfacet
  facet normal 0 0 1
    outer loop
      vertex -14.2438 3.23659 4.6
      vertex -14.2438 -3.23659 4.6
      vertex -13.9235 -3.28411 4.6
    endloop
  endfacet
  facet normal -0 0 1
    outer loop
      vertex -14.5579 3.1579 4.6
      vertex -14.2438 -3.23659 4.6
      vertex -14.2438 3.23659 4.6
    endloop
  endfacet
  facet normal 0 0 1
    outer loop
      vertex -14.5579 3.1579 4.6
      vertex -14.5579 -3.1579 4.6
      vertex -14.2438 -3.23659 4.6
    endloop
  endfacet
  facet normal -0 0 1
    outer loop
      vertex -14.8629 3.0488 4.6
      vertex -14.5579 -3.1579 4.6
      vertex -14.5579 3.1579 4.6
    endloop
  endfacet
  facet normal 0 0 1
    outer loop
      vertex -14.8629 3.0488 4.6
      vertex -14.8629 -3.0488 4.6
      vertex -14.5579 -3.1579 4.6
    endloop
  endfacet
  facet normal -0 0 1
    outer loop
      vertex -15.1556 2.91034 4.6
      vertex -14.8629 -3.0488 4.6
      vertex -14.8629 3.0488 4.6
    endloop
  endfacet
  facet normal 0 0 1
    outer loop
      vertex -15.1556 2.91034 4.6
      vertex -15.1556 -2.91034 4.6
      vertex -14.8629 -3.0488 4.6
    endloop
  endfacet
  facet normal -0 0 1
    outer loop
      vertex -15.4334 2.74385 4.6
      vertex -15.1556 -2.91034 4.6
      vertex -15.1556 2.91034 4.6
    endloop
  endfacet
  facet normal 0 0 1
    outer loop
      vertex -15.4334 2.74385 4.6
      vertex -15.4334 -2.74385 4.6
      vertex -15.1556 -2.91034 4.6
    endloop
  endfacet
  facet normal -0 0 1
    outer loop
      vertex -15.6935 2.55093 4.6
      vertex -15.4334 -2.74385 4.6
      vertex -15.4334 2.74385 4.6
    endloop
  endfacet
  facet normal 0 0 1
    outer loop
      vertex -15.6935 2.55093 4.6
      vertex -15.6935 -2.55093 4.6
      vertex -15.4334 -2.74385 4.6
    endloop
  endfacet
  facet normal -0 0 1
    outer loop
      vertex -15.9335 2.33345 4.6
      vertex -15.6935 -2.55093 4.6
      vertex -15.6935 2.55093 4.6
    endloop
  endfacet
  facet normal 0 0 1
    outer loop
      vertex -15.9335 2.33345 4.6
      vertex -15.9335 -2.33345 4.6
      vertex -15.6935 -2.55093 4.6
    endloop
  endfacet
  facet normal -0 0 1
    outer loop
      vertex -16.1509 2.0935 4.6
      vertex -15.9335 -2.33345 4.6
      vertex -15.9335 2.33345 4.6
    endloop
  endfacet
  facet normal 0 0 1
    outer loop
      vertex -16.1509 2.0935 4.6
      vertex -16.1509 -2.0935 4.6
      vertex -15.9335 -2.33345 4.6
    endloop
  endfacet
  facet normal -0 0 1
    outer loop
      vertex -16.3438 1.83338 4.6
      vertex -16.1509 -2.0935 4.6
      vertex -16.1509 2.0935 4.6
    endloop
  endfacet
  facet normal 0 0 1
    outer loop
      vertex -16.3438 1.83338 4.6
      vertex -16.3438 -1.83338 4.6
      vertex -16.1509 -2.0935 4.6
    endloop
  endfacet
  facet normal -0 0 1
    outer loop
      vertex -16.5103 1.55561 4.6
      vertex -16.3438 -1.83338 4.6
      vertex -16.3438 1.83338 4.6
    endloop
  endfacet
  facet normal 0 0 1
    outer loop
      vertex -16.5103 1.55561 4.6
      vertex -16.5103 -1.55561 4.6
      vertex -16.3438 -1.83338 4.6
    endloop
  endfacet
  facet normal -0 0 1
    outer loop
      vertex -16.6488 1.26285 4.6
      vertex -16.5103 -1.55561 4.6
      vertex -16.5103 1.55561 4.6
    endloop
  endfacet
  facet normal 0 0 1
    outer loop
      vertex -16.6488 1.26285 4.6
      vertex -16.6488 -1.26285 4.6
      vertex -16.5103 -1.55561 4.6
    endloop
  endfacet
  facet normal -0 0 1
    outer loop
      vertex -16.7579 0.957939 4.6
      vertex -16.6488 -1.26285 4.6
      vertex -16.6488 1.26285 4.6
    endloop
  endfacet
  facet normal 0 0 1
    outer loop
      vertex -16.7579 0.957939 4.6
      vertex -16.7579 -0.957939 4.6
      vertex -16.6488 -1.26285 4.6
    endloop
  endfacet
  facet normal -0 0 1
    outer loop
      vertex -16.8366 0.643798 4.6
      vertex -16.7579 -0.957939 4.6
      vertex -16.7579 0.957939 4.6
    endloop
  endfacet
  facet normal 0 0 1
    outer loop
      vertex -16.8366 0.643798 4.6
      vertex -16.8366 -0.643798 4.6
      vertex -16.7579 -0.957939 4.6
    endloop
  endfacet
  facet normal -0 0 1
    outer loop
      vertex -16.8841 0.323456 4.6
      vertex -16.8366 -0.643798 4.6
      vertex -16.8366 0.643798 4.6
    endloop
  endfacet
  facet normal 0 0 1
    outer loop
      vertex -16.8841 0.323456 4.6
      vertex -16.8841 -0.323456 4.6
      vertex -16.8366 -0.643798 4.6
    endloop
  endfacet
  facet normal 0 -0 1
    outer loop
      vertex -16.8841 -0.323456 4.6
      vertex -16.8841 0.323456 4.6
      vertex -16.9 0 4.6
    endloop
  endfacet
  facet normal -0.989185 0.146675 0
    outer loop
      vertex -16.8841 0.323456 1.2
      vertex -16.8366 0.643798 4.6
      vertex -16.8366 0.643798 1.2
    endloop
  endfacet
  facet normal -0.989185 0.146675 0
    outer loop
      vertex -16.8366 0.643798 4.6
      vertex -16.8841 0.323456 1.2
      vertex -16.8841 0.323456 4.6
    endloop
  endfacet
  facet normal -0.941543 0.336893 0
    outer loop
      vertex -16.7579 0.957939 1.2
      vertex -16.6488 1.26285 4.6
      vertex -16.6488 1.26285 1.2
    endloop
  endfacet
  facet normal -0.941543 0.336893 0
    outer loop
      vertex -16.6488 1.26285 4.6
      vertex -16.7579 0.957939 1.2
      vertex -16.7579 0.957939 4.6
    endloop
  endfacet
  facet normal -0.857714 0.514128 0
    outer loop
      vertex -16.5103 1.55561 1.2
      vertex -16.3438 1.83338 4.6
      vertex -16.3438 1.83338 1.2
    endloop
  endfacet
  facet normal -0.857714 0.514128 0
    outer loop
      vertex -16.3438 1.83338 4.6
      vertex -16.5103 1.55561 1.2
      vertex -16.5103 1.55561 4.6
    endloop
  endfacet
  facet normal -0.243015 0.970022 0
    outer loop
      vertex -14.2438 3.23659 1.2
      vertex -14.5579 3.1579 4.6
      vertex -14.2438 3.23659 4.6
    endloop
  endfacet
  facet normal -0.243015 0.970022 0
    outer loop
      vertex -14.5579 3.1579 4.6
      vertex -14.2438 3.23659 1.2
      vertex -14.5579 3.1579 1.2
    endloop
  endfacet
  facet normal 0.989185 -0.146675 0
    outer loop
      vertex -10.3634 -0.643798 4.6
      vertex -10.3159 -0.323456 1.2
      vertex -10.3159 -0.323456 4.6
    endloop
  endfacet
  facet normal 0.989185 -0.146675 0
    outer loop
      vertex -10.3159 -0.323456 1.2
      vertex -10.3634 -0.643798 4.6
      vertex -10.3634 -0.643798 1.2
    endloop
  endfacet
  facet normal 0.998794 -0.0490973 0
    outer loop
      vertex -10.3159 -0.323456 4.6
      vertex -10.3 0 1.2
      vertex -10.3 0 4.6
    endloop
  endfacet
  facet normal 0.998794 -0.0490973 0
    outer loop
      vertex -10.3 0 1.2
      vertex -10.3159 -0.323456 4.6
      vertex -10.3159 -0.323456 1.2
    endloop
  endfacet
  facet normal 0.514064 -0.857752 0
    outer loop
      vertex -12.0444 -2.91034 1.2
      vertex -11.7666 -2.74385 4.6
      vertex -12.0444 -2.91034 4.6
    endloop
  endfacet
  facet normal 0.514064 -0.857752 0
    outer loop
      vertex -11.7666 -2.74385 4.6
      vertex -12.0444 -2.91034 1.2
      vertex -11.7666 -2.74385 1.2
    endloop
  endfacet
  facet normal 0.741071 -0.671427 0
    outer loop
      vertex -11.2665 -2.33345 4.6
      vertex -11.0491 -2.0935 1.2
      vertex -11.0491 -2.0935 4.6
    endloop
  endfacet
  facet normal 0.741071 -0.671427 0
    outer loop
      vertex -11.0491 -2.0935 1.2
      vertex -11.2665 -2.33345 4.6
      vertex -11.2665 -2.33345 1.2
    endloop
  endfacet
  facet normal -0.671486 -0.741018 0
    outer loop
      vertex -15.9335 -2.33345 1.2
      vertex -15.6935 -2.55093 4.6
      vertex -15.9335 -2.33345 4.6
    endloop
  endfacet
  facet normal -0.671486 -0.741018 -0
    outer loop
      vertex -15.6935 -2.55093 4.6
      vertex -15.9335 -2.33345 1.2
      vertex -15.6935 -2.55093 1.2
    endloop
  endfacet
  facet normal -0.427614 -0.903962 0
    outer loop
      vertex -15.1556 -2.91034 1.2
      vertex -14.8629 -3.0488 4.6
      vertex -15.1556 -2.91034 4.6
    endloop
  endfacet
  facet normal -0.427614 -0.903962 -0
    outer loop
      vertex -14.8629 -3.0488 4.6
      vertex -15.1556 -2.91034 1.2
      vertex -14.8629 -3.0488 1.2
    endloop
  endfacet
  facet normal -0.998794 -0.0490973 0
    outer loop
      vertex -16.8841 -0.323456 1.2
      vertex -16.9 0 4.6
      vertex -16.9 0 1.2
    endloop
  endfacet
  facet normal -0.998794 -0.0490973 0
    outer loop
      vertex -16.9 0 4.6
      vertex -16.8841 -0.323456 1.2
      vertex -16.8841 -0.323456 4.6
    endloop
  endfacet
  facet normal -0.941543 -0.336893 0
    outer loop
      vertex -16.6488 -1.26285 1.2
      vertex -16.7579 -0.957939 4.6
      vertex -16.7579 -0.957939 1.2
    endloop
  endfacet
  facet normal -0.941543 -0.336893 0
    outer loop
      vertex -16.7579 -0.957939 4.6
      vertex -16.6488 -1.26285 1.2
      vertex -16.6488 -1.26285 4.6
    endloop
  endfacet
  facet normal -0.741071 -0.671427 0
    outer loop
      vertex -15.9335 -2.33345 1.2
      vertex -16.1509 -2.0935 4.6
      vertex -16.1509 -2.0935 1.2
    endloop
  endfacet
  facet normal -0.741071 -0.671427 0
    outer loop
      vertex -16.1509 -2.0935 4.6
      vertex -15.9335 -2.33345 1.2
      vertex -15.9335 -2.33345 4.6
    endloop
  endfacet
  facet normal 0.941543 -0.336893 0
    outer loop
      vertex -10.5512 -1.26285 4.6
      vertex -10.4421 -0.957939 1.2
      vertex -10.4421 -0.957939 4.6
    endloop
  endfacet
  facet normal 0.941543 -0.336893 0
    outer loop
      vertex -10.4421 -0.957939 1.2
      vertex -10.5512 -1.26285 4.6
      vertex -10.5512 -1.26285 1.2
    endloop
  endfacet
  facet normal 0.671486 -0.741018 0
    outer loop
      vertex -11.5065 -2.55093 1.2
      vertex -11.2665 -2.33345 4.6
      vertex -11.5065 -2.55093 4.6
    endloop
  endfacet
  facet normal 0.671486 -0.741018 0
    outer loop
      vertex -11.2665 -2.33345 4.6
      vertex -11.5065 -2.55093 1.2
      vertex -11.2665 -2.33345 1.2
    endloop
  endfacet
  facet normal 0.595733 -0.803183 0
    outer loop
      vertex -11.7666 -2.74385 1.2
      vertex -11.5065 -2.55093 4.6
      vertex -11.7666 -2.74385 4.6
    endloop
  endfacet
  facet normal 0.595733 -0.803183 0
    outer loop
      vertex -11.5065 -2.55093 4.6
      vertex -11.7666 -2.74385 1.2
      vertex -11.5065 -2.55093 1.2
    endloop
  endfacet
  facet normal 0.803234 -0.595663 0
    outer loop
      vertex -11.0491 -2.0935 4.6
      vertex -10.8562 -1.83338 1.2
      vertex -10.8562 -1.83338 4.6
    endloop
  endfacet
  facet normal 0.803234 -0.595663 0
    outer loop
      vertex -10.8562 -1.83338 1.2
      vertex -11.0491 -2.0935 4.6
      vertex -11.0491 -2.0935 1.2
    endloop
  endfacet
  facet normal -0.0490599 -0.998796 0
    outer loop
      vertex -13.9235 -3.28411 1.2
      vertex -13.6 -3.3 4.6
      vertex -13.9235 -3.28411 4.6
    endloop
  endfacet
  facet normal -0.0490599 -0.998796 -0
    outer loop
      vertex -13.6 -3.3 4.6
      vertex -13.9235 -3.28411 1.2
      vertex -13.6 -3.3 1.2
    endloop
  endfacet
  facet normal -0.336806 -0.941574 0
    outer loop
      vertex -14.8629 -3.0488 1.2
      vertex -14.5579 -3.1579 4.6
      vertex -14.8629 -3.0488 4.6
    endloop
  endfacet
  facet normal -0.336806 -0.941574 -0
    outer loop
      vertex -14.5579 -3.1579 4.6
      vertex -14.8629 -3.0488 1.2
      vertex -14.5579 -3.1579 1.2
    endloop
  endfacet
  facet normal -0.514064 -0.857752 0
    outer loop
      vertex -15.4334 -2.74385 1.2
      vertex -15.1556 -2.91034 4.6
      vertex -15.4334 -2.74385 4.6
    endloop
  endfacet
  facet normal -0.514064 -0.857752 -0
    outer loop
      vertex -15.1556 -2.91034 4.6
      vertex -15.4334 -2.74385 1.2
      vertex -15.1556 -2.91034 1.2
    endloop
  endfacet
  facet normal -0.989185 -0.146675 0
    outer loop
      vertex -16.8366 -0.643798 1.2
      vertex -16.8841 -0.323456 4.6
      vertex -16.8841 -0.323456 1.2
    endloop
  endfacet
  facet normal -0.989185 -0.146675 0
    outer loop
      vertex -16.8841 -0.323456 4.6
      vertex -16.8366 -0.643798 1.2
      vertex -16.8366 -0.643798 4.6
    endloop
  endfacet
  facet normal -0.857714 -0.514128 0
    outer loop
      vertex -16.3438 -1.83338 1.2
      vertex -16.5103 -1.55561 4.6
      vertex -16.5103 -1.55561 1.2
    endloop
  endfacet
  facet normal -0.857714 -0.514128 0
    outer loop
      vertex -16.5103 -1.55561 4.6
      vertex -16.3438 -1.83338 1.2
      vertex -16.3438 -1.83338 4.6
    endloop
  endfacet
  facet normal -0.903948 -0.427643 0
    outer loop
      vertex -16.5103 -1.55561 1.2
      vertex -16.6488 -1.26285 4.6
      vertex -16.6488 -1.26285 1.2
    endloop
  endfacet
  facet normal -0.903948 -0.427643 0
    outer loop
      vertex -16.6488 -1.26285 4.6
      vertex -16.5103 -1.55561 1.2
      vertex -16.5103 -1.55561 4.6
    endloop
  endfacet
  facet normal 0.243015 -0.970022 0
    outer loop
      vertex -12.9562 -3.23659 1.2
      vertex -12.6421 -3.1579 4.6
      vertex -12.9562 -3.23659 4.6
    endloop
  endfacet
  facet normal 0.243015 -0.970022 0
    outer loop
      vertex -12.6421 -3.1579 4.6
      vertex -12.9562 -3.23659 1.2
      vertex -12.6421 -3.1579 1.2
    endloop
  endfacet
  facet normal 0.336806 -0.941574 0
    outer loop
      vertex -12.6421 -3.1579 1.2
      vertex -12.3371 -3.0488 4.6
      vertex -12.6421 -3.1579 4.6
    endloop
  endfacet
  facet normal 0.336806 -0.941574 0
    outer loop
      vertex -12.3371 -3.0488 4.6
      vertex -12.6421 -3.1579 1.2
      vertex -12.3371 -3.0488 1.2
    endloop
  endfacet
  facet normal 0.0490599 -0.998796 0
    outer loop
      vertex -13.6 -3.3 1.2
      vertex -13.2765 -3.28411 4.6
      vertex -13.6 -3.3 4.6
    endloop
  endfacet
  facet normal 0.0490599 -0.998796 0
    outer loop
      vertex -13.2765 -3.28411 4.6
      vertex -13.6 -3.3 1.2
      vertex -13.2765 -3.28411 1.2
    endloop
  endfacet
  facet normal -0.243015 -0.970022 0
    outer loop
      vertex -14.5579 -3.1579 1.2
      vertex -14.2438 -3.23659 4.6
      vertex -14.5579 -3.1579 4.6
    endloop
  endfacet
  facet normal -0.243015 -0.970022 -0
    outer loop
      vertex -14.2438 -3.23659 4.6
      vertex -14.5579 -3.1579 1.2
      vertex -14.2438 -3.23659 1.2
    endloop
  endfacet
  facet normal -0.595733 -0.803183 0
    outer loop
      vertex -15.6935 -2.55093 1.2
      vertex -15.4334 -2.74385 4.6
      vertex -15.6935 -2.55093 4.6
    endloop
  endfacet
  facet normal -0.595733 -0.803183 -0
    outer loop
      vertex -15.4334 -2.74385 4.6
      vertex -15.6935 -2.55093 1.2
      vertex -15.4334 -2.74385 1.2
    endloop
  endfacet
  facet normal 0.671388 0.741106 -0
    outer loop
      vertex -12.4686 1.13137 -1
      vertex -12.585 1.23682 0
      vertex -12.4686 1.13137 0
    endloop
  endfacet
  facet normal 0.671388 0.741106 0
    outer loop
      vertex -12.585 1.23682 0
      vertex -12.4686 1.13137 -1
      vertex -12.585 1.23682 -1
    endloop
  endfacet
  facet normal -0.336926 -0.941531 0
    outer loop
      vertex -14.2123 -1.47821 -1
      vertex -14.0645 -1.5311 0
      vertex -14.2123 -1.47821 0
    endloop
  endfacet
  facet normal -0.336926 -0.941531 -0
    outer loop
      vertex -14.0645 -1.5311 0
      vertex -14.2123 -1.47821 -1
      vertex -14.0645 -1.5311 -1
    endloop
  endfacet
  facet normal 0.595732 0.803184 -0
    outer loop
      vertex -12.585 1.23682 -1
      vertex -12.7111 1.33035 0
      vertex -12.585 1.23682 0
    endloop
  endfacet
  facet normal 0.595732 0.803184 0
    outer loop
      vertex -12.7111 1.33035 0
      vertex -12.585 1.23682 -1
      vertex -12.7111 1.33035 -1
    endloop
  endfacet
  facet normal -0.336926 0.941531 0
    outer loop
      vertex -14.0645 1.5311 -1
      vertex -14.2123 1.47821 0
      vertex -14.0645 1.5311 0
    endloop
  endfacet
  facet normal -0.336926 0.941531 0
    outer loop
      vertex -14.2123 1.47821 0
      vertex -14.0645 1.5311 -1
      vertex -14.2123 1.47821 -1
    endloop
  endfacet
  facet normal -0.904071 0.427383 0
    outer loop
      vertex -15.0782 0.612293 -1
      vertex -15.0111 0.754234 0
      vertex -15.0111 0.754234 -1
    endloop
  endfacet
  facet normal -0.904071 0.427383 0
    outer loop
      vertex -15.0111 0.754234 0
      vertex -15.0782 0.612293 -1
      vertex -15.0782 0.612293 0
    endloop
  endfacet
  facet normal -0.904071 -0.427383 0
    outer loop
      vertex -15.0111 -0.754234 -1
      vertex -15.0782 -0.612293 0
      vertex -15.0782 -0.612293 -1
    endloop
  endfacet
  facet normal -0.904071 -0.427383 0
    outer loop
      vertex -15.0782 -0.612293 0
      vertex -15.0111 -0.754234 -1
      vertex -15.0111 -0.754234 0
    endloop
  endfacet
  facet normal 0.969959 0.243268 0
    outer loop
      vertex -12.0307 0.312144 0
      vertex -12.0689 0.464455 -1
      vertex -12.0689 0.464455 0
    endloop
  endfacet
  facet normal 0.969959 0.243268 0
    outer loop
      vertex -12.0689 0.464455 -1
      vertex -12.0307 0.312144 0
      vertex -12.0307 0.312144 -1
    endloop
  endfacet
  facet normal 0.941539 0.336905 0
    outer loop
      vertex -12.0689 0.464455 0
      vertex -12.1218 0.612293 -1
      vertex -12.1218 0.612293 0
    endloop
  endfacet
  facet normal 0.941539 0.336905 0
    outer loop
      vertex -12.1218 0.612293 -1
      vertex -12.0689 0.464455 0
      vertex -12.0689 0.464455 -1
    endloop
  endfacet
  facet normal 0.741092 0.671404 0
    outer loop
      vertex -12.3632 1.01503 0
      vertex -12.4686 1.13137 -1
      vertex -12.4686 1.13137 0
    endloop
  endfacet
  facet normal 0.741092 0.671404 0
    outer loop
      vertex -12.4686 1.13137 -1
      vertex -12.3632 1.01503 0
      vertex -12.3632 1.01503 -1
    endloop
  endfacet
  facet normal 0.514027 0.857774 -0
    outer loop
      vertex -12.7111 1.33035 -1
      vertex -12.8458 1.41107 0
      vertex -12.7111 1.33035 0
    endloop
  endfacet
  facet normal 0.514027 0.857774 0
    outer loop
      vertex -12.8458 1.41107 0
      vertex -12.7111 1.33035 -1
      vertex -12.8458 1.41107 -1
    endloop
  endfacet
  facet normal -0.595732 0.803184 0
    outer loop
      vertex -14.4889 1.33035 -1
      vertex -14.615 1.23682 0
      vertex -14.4889 1.33035 0
    endloop
  endfacet
  facet normal -0.595732 0.803184 0
    outer loop
      vertex -14.615 1.23682 0
      vertex -14.4889 1.33035 -1
      vertex -14.615 1.23682 -1
    endloop
  endfacet
  facet normal 0.904071 -0.427383 0
    outer loop
      vertex -12.1889 -0.754234 0
      vertex -12.1218 -0.612293 -1
      vertex -12.1218 -0.612293 0
    endloop
  endfacet
  facet normal 0.904071 -0.427383 0
    outer loop
      vertex -12.1218 -0.612293 -1
      vertex -12.1889 -0.754234 0
      vertex -12.1889 -0.754234 -1
    endloop
  endfacet
  facet normal 0.242895 -0.970053 0
    outer loop
      vertex -13.2879 -1.56926 -1
      vertex -13.1355 -1.5311 0
      vertex -13.2879 -1.56926 0
    endloop
  endfacet
  facet normal 0.242895 -0.970053 0
    outer loop
      vertex -13.1355 -1.5311 0
      vertex -13.2879 -1.56926 -1
      vertex -13.1355 -1.5311 -1
    endloop
  endfacet
  facet normal 0.671388 -0.741106 0
    outer loop
      vertex -12.585 -1.23682 -1
      vertex -12.4686 -1.13137 0
      vertex -12.585 -1.23682 0
    endloop
  endfacet
  facet normal 0.671388 -0.741106 0
    outer loop
      vertex -12.4686 -1.13137 0
      vertex -12.585 -1.23682 -1
      vertex -12.4686 -1.13137 -1
    endloop
  endfacet
  facet normal 0.904071 0.427383 0
    outer loop
      vertex -12.1218 0.612293 0
      vertex -12.1889 0.754234 -1
      vertex -12.1889 0.754234 0
    endloop
  endfacet
  facet normal 0.904071 0.427383 0
    outer loop
      vertex -12.1889 0.754234 -1
      vertex -12.1218 0.612293 0
      vertex -12.1218 0.612293 -1
    endloop
  endfacet
  facet normal 0.857793 0.513995 0
    outer loop
      vertex -12.1889 0.754234 0
      vertex -12.2696 0.888912 -1
      vertex -12.2696 0.888912 0
    endloop
  endfacet
  facet normal 0.857793 0.513995 0
    outer loop
      vertex -12.2696 0.888912 -1
      vertex -12.1889 0.754234 0
      vertex -12.1889 0.754234 -1
    endloop
  endfacet
  facet normal 0.803011 0.595964 0
    outer loop
      vertex -12.2696 0.888912 0
      vertex -12.3632 1.01503 -1
      vertex -12.3632 1.01503 0
    endloop
  endfacet
  facet normal 0.803011 0.595964 0
    outer loop
      vertex -12.3632 1.01503 -1
      vertex -12.2696 0.888912 0
      vertex -12.2696 0.888912 -1
    endloop
  endfacet
  facet normal 0.0491116 0.998793 -0
    outer loop
      vertex -13.4432 1.59229 -1
      vertex -13.6 1.6 0
      vertex -13.4432 1.59229 0
    endloop
  endfacet
  facet normal 0.0491116 0.998793 0
    outer loop
      vertex -13.6 1.6 0
      vertex -13.4432 1.59229 -1
      vertex -13.6 1.6 -1
    endloop
  endfacet
  facet normal 0.427692 0.903925 -0
    outer loop
      vertex -12.8458 1.41107 -1
      vertex -12.9877 1.47821 0
      vertex -12.8458 1.41107 0
    endloop
  endfacet
  facet normal 0.427692 0.903925 0
    outer loop
      vertex -12.9877 1.47821 0
      vertex -12.8458 1.41107 -1
      vertex -12.9877 1.47821 -1
    endloop
  endfacet
  facet normal 0.242895 0.970053 -0
    outer loop
      vertex -13.1355 1.5311 -1
      vertex -13.2879 1.56926 0
      vertex -13.1355 1.5311 0
    endloop
  endfacet
  facet normal 0.242895 0.970053 0
    outer loop
      vertex -13.2879 1.56926 0
      vertex -13.1355 1.5311 -1
      vertex -13.2879 1.56926 -1
    endloop
  endfacet
  facet normal -0.998797 0.0490396 0
    outer loop
      vertex -15.2 0 -1
      vertex -15.1923 0.156827 0
      vertex -15.1923 0.156827 -1
    endloop
  endfacet
  facet normal -0.998797 0.0490396 0
    outer loop
      vertex -15.1923 0.156827 0
      vertex -15.2 0 -1
      vertex -15.2 0 0
    endloop
  endfacet
  facet normal -0.969959 0.243268 0
    outer loop
      vertex -15.1693 0.312144 -1
      vertex -15.1311 0.464455 0
      vertex -15.1311 0.464455 -1
    endloop
  endfacet
  facet normal -0.969959 0.243268 0
    outer loop
      vertex -15.1311 0.464455 0
      vertex -15.1693 0.312144 -1
      vertex -15.1693 0.312144 0
    endloop
  endfacet
  facet normal -0.989213 0.146487 0
    outer loop
      vertex -15.1923 0.156827 -1
      vertex -15.1693 0.312144 0
      vertex -15.1693 0.312144 -1
    endloop
  endfacet
  facet normal -0.989213 0.146487 0
    outer loop
      vertex -15.1693 0.312144 0
      vertex -15.1923 0.156827 -1
      vertex -15.1923 0.156827 0
    endloop
  endfacet
  facet normal -0.741092 0.671404 0
    outer loop
      vertex -14.8368 1.01503 -1
      vertex -14.7314 1.13137 0
      vertex -14.7314 1.13137 -1
    endloop
  endfacet
  facet normal -0.741092 0.671404 0
    outer loop
      vertex -14.7314 1.13137 0
      vertex -14.8368 1.01503 -1
      vertex -14.8368 1.01503 0
    endloop
  endfacet
  facet normal -0.803011 0.595964 0
    outer loop
      vertex -14.9304 0.888912 -1
      vertex -14.8368 1.01503 0
      vertex -14.8368 1.01503 -1
    endloop
  endfacet
  facet normal -0.803011 0.595964 0
    outer loop
      vertex -14.8368 1.01503 0
      vertex -14.9304 0.888912 -1
      vertex -14.9304 0.888912 0
    endloop
  endfacet
  facet normal -0.0491116 0.998793 0
    outer loop
      vertex -13.6 1.6 -1
      vertex -13.7568 1.59229 0
      vertex -13.6 1.6 0
    endloop
  endfacet
  facet normal -0.0491116 0.998793 0
    outer loop
      vertex -13.7568 1.59229 0
      vertex -13.6 1.6 -1
      vertex -13.7568 1.59229 -1
    endloop
  endfacet
  facet normal -0.146689 0.989183 0
    outer loop
      vertex -13.7568 1.59229 -1
      vertex -13.9121 1.56926 0
      vertex -13.7568 1.59229 0
    endloop
  endfacet
  facet normal -0.146689 0.989183 0
    outer loop
      vertex -13.9121 1.56926 0
      vertex -13.7568 1.59229 -1
      vertex -13.9121 1.56926 -1
    endloop
  endfacet
  facet normal -0.427692 0.903925 0
    outer loop
      vertex -14.2123 1.47821 -1
      vertex -14.3542 1.41107 0
      vertex -14.2123 1.47821 0
    endloop
  endfacet
  facet normal -0.427692 0.903925 0
    outer loop
      vertex -14.3542 1.41107 0
      vertex -14.2123 1.47821 -1
      vertex -14.3542 1.41107 -1
    endloop
  endfacet
  facet normal -0.514027 0.857774 0
    outer loop
      vertex -14.3542 1.41107 -1
      vertex -14.4889 1.33035 0
      vertex -14.3542 1.41107 0
    endloop
  endfacet
  facet normal -0.514027 0.857774 0
    outer loop
      vertex -14.4889 1.33035 0
      vertex -14.3542 1.41107 -1
      vertex -14.4889 1.33035 -1
    endloop
  endfacet
  facet normal -0.671388 0.741106 0
    outer loop
      vertex -14.615 1.23682 -1
      vertex -14.7314 1.13137 0
      vertex -14.615 1.23682 0
    endloop
  endfacet
  facet normal -0.671388 0.741106 0
    outer loop
      vertex -14.7314 1.13137 0
      vertex -14.615 1.23682 -1
      vertex -14.7314 1.13137 -1
    endloop
  endfacet
  facet normal 0.998797 0.0490396 0
    outer loop
      vertex -12 0 0
      vertex -12.0077 0.156827 -1
      vertex -12.0077 0.156827 0
    endloop
  endfacet
  facet normal 0.998797 0.0490396 0
    outer loop
      vertex -12.0077 0.156827 -1
      vertex -12 0 0
      vertex -12 0 -1
    endloop
  endfacet
  facet normal 0.0491116 -0.998793 0
    outer loop
      vertex -13.6 -1.6 -1
      vertex -13.4432 -1.59229 0
      vertex -13.6 -1.6 0
    endloop
  endfacet
  facet normal 0.0491116 -0.998793 0
    outer loop
      vertex -13.4432 -1.59229 0
      vertex -13.6 -1.6 -1
      vertex -13.4432 -1.59229 -1
    endloop
  endfacet
  facet normal 0.941539 -0.336905 0
    outer loop
      vertex -12.1218 -0.612293 0
      vertex -12.0689 -0.464455 -1
      vertex -12.0689 -0.464455 0
    endloop
  endfacet
  facet normal 0.941539 -0.336905 0
    outer loop
      vertex -12.0689 -0.464455 -1
      vertex -12.1218 -0.612293 0
      vertex -12.1218 -0.612293 -1
    endloop
  endfacet
  facet normal 0.146689 -0.989183 0
    outer loop
      vertex -13.4432 -1.59229 -1
      vertex -13.2879 -1.56926 0
      vertex -13.4432 -1.59229 0
    endloop
  endfacet
  facet normal 0.146689 -0.989183 0
    outer loop
      vertex -13.2879 -1.56926 0
      vertex -13.4432 -1.59229 -1
      vertex -13.2879 -1.56926 -1
    endloop
  endfacet
  facet normal 0.427692 -0.903925 0
    outer loop
      vertex -12.9877 -1.47821 -1
      vertex -12.8458 -1.41107 0
      vertex -12.9877 -1.47821 0
    endloop
  endfacet
  facet normal 0.427692 -0.903925 0
    outer loop
      vertex -12.8458 -1.41107 0
      vertex -12.9877 -1.47821 -1
      vertex -12.8458 -1.41107 -1
    endloop
  endfacet
  facet normal 0.595732 -0.803184 0
    outer loop
      vertex -12.7111 -1.33035 -1
      vertex -12.585 -1.23682 0
      vertex -12.7111 -1.33035 0
    endloop
  endfacet
  facet normal 0.595732 -0.803184 0
    outer loop
      vertex -12.585 -1.23682 0
      vertex -12.7111 -1.33035 -1
      vertex -12.585 -1.23682 -1
    endloop
  endfacet
  facet normal 0.514027 -0.857774 0
    outer loop
      vertex -12.8458 -1.41107 -1
      vertex -12.7111 -1.33035 0
      vertex -12.8458 -1.41107 0
    endloop
  endfacet
  facet normal 0.514027 -0.857774 0
    outer loop
      vertex -12.7111 -1.33035 0
      vertex -12.8458 -1.41107 -1
      vertex -12.7111 -1.33035 -1
    endloop
  endfacet
  facet normal 0.741092 -0.671404 0
    outer loop
      vertex -12.4686 -1.13137 0
      vertex -12.3632 -1.01503 -1
      vertex -12.3632 -1.01503 0
    endloop
  endfacet
  facet normal 0.741092 -0.671404 0
    outer loop
      vertex -12.3632 -1.01503 -1
      vertex -12.4686 -1.13137 0
      vertex -12.4686 -1.13137 -1
    endloop
  endfacet
  facet normal 0.857793 -0.513995 0
    outer loop
      vertex -12.2696 -0.888912 0
      vertex -12.1889 -0.754234 -1
      vertex -12.1889 -0.754234 0
    endloop
  endfacet
  facet normal 0.857793 -0.513995 0
    outer loop
      vertex -12.1889 -0.754234 -1
      vertex -12.2696 -0.888912 0
      vertex -12.2696 -0.888912 -1
    endloop
  endfacet
  facet normal 0.803011 -0.595964 0
    outer loop
      vertex -12.3632 -1.01503 0
      vertex -12.2696 -0.888912 -1
      vertex -12.2696 -0.888912 0
    endloop
  endfacet
  facet normal 0.803011 -0.595964 0
    outer loop
      vertex -12.2696 -0.888912 -1
      vertex -12.3632 -1.01503 0
      vertex -12.3632 -1.01503 -1
    endloop
  endfacet
  facet normal -0.146689 -0.989183 0
    outer loop
      vertex -13.9121 -1.56926 -1
      vertex -13.7568 -1.59229 0
      vertex -13.9121 -1.56926 0
    endloop
  endfacet
  facet normal -0.146689 -0.989183 -0
    outer loop
      vertex -13.7568 -1.59229 0
      vertex -13.9121 -1.56926 -1
      vertex -13.7568 -1.59229 -1
    endloop
  endfacet
  facet normal -0.0491116 -0.998793 0
    outer loop
      vertex -13.7568 -1.59229 -1
      vertex -13.6 -1.6 0
      vertex -13.7568 -1.59229 0
    endloop
  endfacet
  facet normal -0.0491116 -0.998793 -0
    outer loop
      vertex -13.6 -1.6 0
      vertex -13.7568 -1.59229 -1
      vertex -13.6 -1.6 -1
    endloop
  endfacet
  facet normal -0.514027 -0.857774 0
    outer loop
      vertex -14.4889 -1.33035 -1
      vertex -14.3542 -1.41107 0
      vertex -14.4889 -1.33035 0
    endloop
  endfacet
  facet normal -0.514027 -0.857774 -0
    outer loop
      vertex -14.3542 -1.41107 0
      vertex -14.4889 -1.33035 -1
      vertex -14.3542 -1.41107 -1
    endloop
  endfacet
  facet normal -0.671388 -0.741106 0
    outer loop
      vertex -14.7314 -1.13137 -1
      vertex -14.615 -1.23682 0
      vertex -14.7314 -1.13137 0
    endloop
  endfacet
  facet normal -0.671388 -0.741106 -0
    outer loop
      vertex -14.615 -1.23682 0
      vertex -14.7314 -1.13137 -1
      vertex -14.615 -1.23682 -1
    endloop
  endfacet
  facet normal -0.427692 -0.903925 0
    outer loop
      vertex -14.3542 -1.41107 -1
      vertex -14.2123 -1.47821 0
      vertex -14.3542 -1.41107 0
    endloop
  endfacet
  facet normal -0.427692 -0.903925 -0
    outer loop
      vertex -14.2123 -1.47821 0
      vertex -14.3542 -1.41107 -1
      vertex -14.2123 -1.47821 -1
    endloop
  endfacet
  facet normal -0.969959 -0.243268 0
    outer loop
      vertex -15.1311 -0.464455 -1
      vertex -15.1693 -0.312144 0
      vertex -15.1693 -0.312144 -1
    endloop
  endfacet
  facet normal -0.969959 -0.243268 0
    outer loop
      vertex -15.1693 -0.312144 0
      vertex -15.1311 -0.464455 -1
      vertex -15.1311 -0.464455 0
    endloop
  endfacet
  facet normal -0.998797 -0.0490396 0
    outer loop
      vertex -15.1923 -0.156827 -1
      vertex -15.2 0 0
      vertex -15.2 0 -1
    endloop
  endfacet
  facet normal -0.998797 -0.0490396 0
    outer loop
      vertex -15.2 0 0
      vertex -15.1923 -0.156827 -1
      vertex -15.1923 -0.156827 0
    endloop
  endfacet
  facet normal 0 0 -1
    outer loop
      vertex -12.0077 -0.156827 -1
      vertex -12.0077 0.156827 -1
      vertex -12 0 -1
    endloop
  endfacet
  facet normal 0 0 -1
    outer loop
      vertex -12.0307 -0.312144 -1
      vertex -12.0077 0.156827 -1
      vertex -12.0077 -0.156827 -1
    endloop
  endfacet
  facet normal 0 0 -1
    outer loop
      vertex -12.0307 -0.312144 -1
      vertex -12.0307 0.312144 -1
      vertex -12.0077 0.156827 -1
    endloop
  endfacet
  facet normal 0 0 -1
    outer loop
      vertex -12.0689 -0.464455 -1
      vertex -12.0307 0.312144 -1
      vertex -12.0307 -0.312144 -1
    endloop
  endfacet
  facet normal 0 0 -1
    outer loop
      vertex -12.0689 -0.464455 -1
      vertex -12.0689 0.464455 -1
      vertex -12.0307 0.312144 -1
    endloop
  endfacet
  facet normal 0 0 -1
    outer loop
      vertex -12.1218 -0.612293 -1
      vertex -12.0689 0.464455 -1
      vertex -12.0689 -0.464455 -1
    endloop
  endfacet
  facet normal 0 0 -1
    outer loop
      vertex -12.1218 -0.612293 -1
      vertex -12.1218 0.612293 -1
      vertex -12.0689 0.464455 -1
    endloop
  endfacet
  facet normal 0 0 -1
    outer loop
      vertex -12.1889 -0.754234 -1
      vertex -12.1218 0.612293 -1
      vertex -12.1218 -0.612293 -1
    endloop
  endfacet
  facet normal 0 0 -1
    outer loop
      vertex -12.1889 -0.754234 -1
      vertex -12.1889 0.754234 -1
      vertex -12.1218 0.612293 -1
    endloop
  endfacet
  facet normal 0 0 -1
    outer loop
      vertex -12.2696 -0.888912 -1
      vertex -12.1889 0.754234 -1
      vertex -12.1889 -0.754234 -1
    endloop
  endfacet
  facet normal 0 0 -1
    outer loop
      vertex -12.2696 -0.888912 -1
      vertex -12.2696 0.888912 -1
      vertex -12.1889 0.754234 -1
    endloop
  endfacet
  facet normal 0 0 -1
    outer loop
      vertex -12.3632 -1.01503 -1
      vertex -12.2696 0.888912 -1
      vertex -12.2696 -0.888912 -1
    endloop
  endfacet
  facet normal 0 0 -1
    outer loop
      vertex -12.3632 -1.01503 -1
      vertex -12.3632 1.01503 -1
      vertex -12.2696 0.888912 -1
    endloop
  endfacet
  facet normal 0 0 -1
    outer loop
      vertex -12.4686 -1.13137 -1
      vertex -12.3632 1.01503 -1
      vertex -12.3632 -1.01503 -1
    endloop
  endfacet
  facet normal 0 0 -1
    outer loop
      vertex -12.4686 -1.13137 -1
      vertex -12.4686 1.13137 -1
      vertex -12.3632 1.01503 -1
    endloop
  endfacet
  facet normal 0 0 -1
    outer loop
      vertex -12.585 -1.23682 -1
      vertex -12.4686 1.13137 -1
      vertex -12.4686 -1.13137 -1
    endloop
  endfacet
  facet normal 0 0 -1
    outer loop
      vertex -12.585 -1.23682 -1
      vertex -12.585 1.23682 -1
      vertex -12.4686 1.13137 -1
    endloop
  endfacet
  facet normal 0 0 -1
    outer loop
      vertex -12.7111 -1.33035 -1
      vertex -12.585 1.23682 -1
      vertex -12.585 -1.23682 -1
    endloop
  endfacet
  facet normal 0 0 -1
    outer loop
      vertex -12.7111 -1.33035 -1
      vertex -12.7111 1.33035 -1
      vertex -12.585 1.23682 -1
    endloop
  endfacet
  facet normal 0 0 -1
    outer loop
      vertex -12.8458 -1.41107 -1
      vertex -12.7111 1.33035 -1
      vertex -12.7111 -1.33035 -1
    endloop
  endfacet
  facet normal 0 0 -1
    outer loop
      vertex -12.8458 -1.41107 -1
      vertex -12.8458 1.41107 -1
      vertex -12.7111 1.33035 -1
    endloop
  endfacet
  facet normal 0 0 -1
    outer loop
      vertex -12.9877 -1.47821 -1
      vertex -12.8458 1.41107 -1
      vertex -12.8458 -1.41107 -1
    endloop
  endfacet
  facet normal 0 0 -1
    outer loop
      vertex -12.9877 -1.47821 -1
      vertex -12.9877 1.47821 -1
      vertex -12.8458 1.41107 -1
    endloop
  endfacet
  facet normal 0 0 -1
    outer loop
      vertex -13.1355 -1.5311 -1
      vertex -12.9877 1.47821 -1
      vertex -12.9877 -1.47821 -1
    endloop
  endfacet
  facet normal 0 0 -1
    outer loop
      vertex -13.1355 -1.5311 -1
      vertex -13.1355 1.5311 -1
      vertex -12.9877 1.47821 -1
    endloop
  endfacet
  facet normal 0 0 -1
    outer loop
      vertex -13.2879 -1.56926 -1
      vertex -13.1355 1.5311 -1
      vertex -13.1355 -1.5311 -1
    endloop
  endfacet
  facet normal 0 0 -1
    outer loop
      vertex -13.2879 -1.56926 -1
      vertex -13.2879 1.56926 -1
      vertex -13.1355 1.5311 -1
    endloop
  endfacet
  facet normal 0 0 -1
    outer loop
      vertex -13.4432 -1.59229 -1
      vertex -13.2879 1.56926 -1
      vertex -13.2879 -1.56926 -1
    endloop
  endfacet
  facet normal 0 0 -1
    outer loop
      vertex -13.4432 -1.59229 -1
      vertex -13.4432 1.59229 -1
      vertex -13.2879 1.56926 -1
    endloop
  endfacet
  facet normal 0 0 -1
    outer loop
      vertex -13.6 -1.6 -1
      vertex -13.4432 1.59229 -1
      vertex -13.4432 -1.59229 -1
    endloop
  endfacet
  facet normal 0 0 -1
    outer loop
      vertex -13.6 -1.6 -1
      vertex -13.6 1.6 -1
      vertex -13.4432 1.59229 -1
    endloop
  endfacet
  facet normal 0 0 -1
    outer loop
      vertex -13.7568 -1.59229 -1
      vertex -13.6 1.6 -1
      vertex -13.6 -1.6 -1
    endloop
  endfacet
  facet normal 0 0 -1
    outer loop
      vertex -13.7568 -1.59229 -1
      vertex -13.7568 1.59229 -1
      vertex -13.6 1.6 -1
    endloop
  endfacet
  facet normal 0 0 -1
    outer loop
      vertex -13.9121 -1.56926 -1
      vertex -13.7568 1.59229 -1
      vertex -13.7568 -1.59229 -1
    endloop
  endfacet
  facet normal 0 0 -1
    outer loop
      vertex -13.9121 -1.56926 -1
      vertex -13.9121 1.56926 -1
      vertex -13.7568 1.59229 -1
    endloop
  endfacet
  facet normal 0 0 -1
    outer loop
      vertex -14.0645 -1.5311 -1
      vertex -13.9121 1.56926 -1
      vertex -13.9121 -1.56926 -1
    endloop
  endfacet
  facet normal 0 0 -1
    outer loop
      vertex -14.0645 -1.5311 -1
      vertex -14.0645 1.5311 -1
      vertex -13.9121 1.56926 -1
    endloop
  endfacet
  facet normal 0 0 -1
    outer loop
      vertex -14.2123 -1.47821 -1
      vertex -14.0645 1.5311 -1
      vertex -14.0645 -1.5311 -1
    endloop
  endfacet
  facet normal 0 0 -1
    outer loop
      vertex -14.2123 -1.47821 -1
      vertex -14.2123 1.47821 -1
      vertex -14.0645 1.5311 -1
    endloop
  endfacet
  facet normal 0 0 -1
    outer loop
      vertex -14.3542 -1.41107 -1
      vertex -14.2123 1.47821 -1
      vertex -14.2123 -1.47821 -1
    endloop
  endfacet
  facet normal 0 0 -1
    outer loop
      vertex -14.3542 -1.41107 -1
      vertex -14.3542 1.41107 -1
      vertex -14.2123 1.47821 -1
    endloop
  endfacet
  facet normal 0 0 -1
    outer loop
      vertex -14.4889 -1.33035 -1
      vertex -14.3542 1.41107 -1
      vertex -14.3542 -1.41107 -1
    endloop
  endfacet
  facet normal 0 0 -1
    outer loop
      vertex -14.4889 -1.33035 -1
      vertex -14.4889 1.33035 -1
      vertex -14.3542 1.41107 -1
    endloop
  endfacet
  facet normal 0 0 -1
    outer loop
      vertex -14.615 -1.23682 -1
      vertex -14.4889 1.33035 -1
      vertex -14.4889 -1.33035 -1
    endloop
  endfacet
  facet normal 0 0 -1
    outer loop
      vertex -14.615 -1.23682 -1
      vertex -14.615 1.23682 -1
      vertex -14.4889 1.33035 -1
    endloop
  endfacet
  facet normal 0 0 -1
    outer loop
      vertex -14.7314 -1.13137 -1
      vertex -14.615 1.23682 -1
      vertex -14.615 -1.23682 -1
    endloop
  endfacet
  facet normal 0 0 -1
    outer loop
      vertex -14.7314 -1.13137 -1
      vertex -14.7314 1.13137 -1
      vertex -14.615 1.23682 -1
    endloop
  endfacet
  facet normal 0 0 -1
    outer loop
      vertex -14.8368 -1.01503 -1
      vertex -14.7314 1.13137 -1
      vertex -14.7314 -1.13137 -1
    endloop
  endfacet
  facet normal 0 0 -1
    outer loop
      vertex -14.8368 -1.01503 -1
      vertex -14.8368 1.01503 -1
      vertex -14.7314 1.13137 -1
    endloop
  endfacet
  facet normal 0 0 -1
    outer loop
      vertex -14.9304 -0.888912 -1
      vertex -14.8368 1.01503 -1
      vertex -14.8368 -1.01503 -1
    endloop
  endfacet
  facet normal 0 0 -1
    outer loop
      vertex -14.9304 -0.888912 -1
      vertex -14.9304 0.888912 -1
      vertex -14.8368 1.01503 -1
    endloop
  endfacet
  facet normal 0 0 -1
    outer loop
      vertex -15.0111 -0.754234 -1
      vertex -14.9304 0.888912 -1
      vertex -14.9304 -0.888912 -1
    endloop
  endfacet
  facet normal 0 0 -1
    outer loop
      vertex -15.0111 -0.754234 -1
      vertex -15.0111 0.754234 -1
      vertex -14.9304 0.888912 -1
    endloop
  endfacet
  facet normal 0 0 -1
    outer loop
      vertex -15.0782 -0.612293 -1
      vertex -15.0111 0.754234 -1
      vertex -15.0111 -0.754234 -1
    endloop
  endfacet
  facet normal 0 0 -1
    outer loop
      vertex -15.0782 -0.612293 -1
      vertex -15.0782 0.612293 -1
      vertex -15.0111 0.754234 -1
    endloop
  endfacet
  facet normal 0 0 -1
    outer loop
      vertex -15.1311 -0.464455 -1
      vertex -15.0782 0.612293 -1
      vertex -15.0782 -0.612293 -1
    endloop
  endfacet
  facet normal 0 0 -1
    outer loop
      vertex -15.1311 -0.464455 -1
      vertex -15.1311 0.464455 -1
      vertex -15.0782 0.612293 -1
    endloop
  endfacet
  facet normal 0 0 -1
    outer loop
      vertex -15.1693 -0.312144 -1
      vertex -15.1311 0.464455 -1
      vertex -15.1311 -0.464455 -1
    endloop
  endfacet
  facet normal 0 0 -1
    outer loop
      vertex -15.1693 -0.312144 -1
      vertex -15.1693 0.312144 -1
      vertex -15.1311 0.464455 -1
    endloop
  endfacet
  facet normal 0 0 -1
    outer loop
      vertex -15.1923 -0.156827 -1
      vertex -15.1693 0.312144 -1
      vertex -15.1693 -0.312144 -1
    endloop
  endfacet
  facet normal 0 0 -1
    outer loop
      vertex -15.1923 -0.156827 -1
      vertex -15.1923 0.156827 -1
      vertex -15.1693 0.312144 -1
    endloop
  endfacet
  facet normal 0 -0 -1
    outer loop
      vertex -15.1923 0.156827 -1
      vertex -15.1923 -0.156827 -1
      vertex -15.2 0 -1
    endloop
  endfacet
  facet normal -0.741092 -0.671404 0
    outer loop
      vertex -14.7314 -1.13137 -1
      vertex -14.8368 -1.01503 0
      vertex -14.8368 -1.01503 -1
    endloop
  endfacet
  facet normal -0.741092 -0.671404 0
    outer loop
      vertex -14.8368 -1.01503 0
      vertex -14.7314 -1.13137 -1
      vertex -14.7314 -1.13137 0
    endloop
  endfacet
  facet normal -0.803011 -0.595964 0
    outer loop
      vertex -14.8368 -1.01503 -1
      vertex -14.9304 -0.888912 0
      vertex -14.9304 -0.888912 -1
    endloop
  endfacet
  facet normal -0.803011 -0.595964 0
    outer loop
      vertex -14.9304 -0.888912 0
      vertex -14.8368 -1.01503 -1
      vertex -14.8368 -1.01503 0
    endloop
  endfacet
  facet normal 0.989213 0.146487 0
    outer loop
      vertex -12.0077 0.156827 0
      vertex -12.0307 0.312144 -1
      vertex -12.0307 0.312144 0
    endloop
  endfacet
  facet normal 0.989213 0.146487 0
    outer loop
      vertex -12.0307 0.312144 -1
      vertex -12.0077 0.156827 0
      vertex -12.0077 0.156827 -1
    endloop
  endfacet
  facet normal 0.146689 0.989183 -0
    outer loop
      vertex -13.2879 1.56926 -1
      vertex -13.4432 1.59229 0
      vertex -13.2879 1.56926 0
    endloop
  endfacet
  facet normal 0.146689 0.989183 0
    outer loop
      vertex -13.4432 1.59229 0
      vertex -13.2879 1.56926 -1
      vertex -13.4432 1.59229 -1
    endloop
  endfacet
  facet normal 0.336926 0.941531 -0
    outer loop
      vertex -12.9877 1.47821 -1
      vertex -13.1355 1.5311 0
      vertex -12.9877 1.47821 0
    endloop
  endfacet
  facet normal 0.336926 0.941531 0
    outer loop
      vertex -13.1355 1.5311 0
      vertex -12.9877 1.47821 -1
      vertex -13.1355 1.5311 -1
    endloop
  endfacet
  facet normal -0.941539 0.336905 0
    outer loop
      vertex -15.1311 0.464455 -1
      vertex -15.0782 0.612293 0
      vertex -15.0782 0.612293 -1
    endloop
  endfacet
  facet normal -0.941539 0.336905 0
    outer loop
      vertex -15.0782 0.612293 0
      vertex -15.1311 0.464455 -1
      vertex -15.1311 0.464455 0
    endloop
  endfacet
  facet normal -0.857793 0.513995 0
    outer loop
      vertex -15.0111 0.754234 -1
      vertex -14.9304 0.888912 0
      vertex -14.9304 0.888912 -1
    endloop
  endfacet
  facet normal -0.857793 0.513995 0
    outer loop
      vertex -14.9304 0.888912 0
      vertex -15.0111 0.754234 -1
      vertex -15.0111 0.754234 0
    endloop
  endfacet
  facet normal -0.242895 0.970053 0
    outer loop
      vertex -13.9121 1.56926 -1
      vertex -14.0645 1.5311 0
      vertex -13.9121 1.56926 0
    endloop
  endfacet
  facet normal -0.242895 0.970053 0
    outer loop
      vertex -14.0645 1.5311 0
      vertex -13.9121 1.56926 -1
      vertex -14.0645 1.5311 -1
    endloop
  endfacet
  facet normal 0.989213 -0.146487 0
    outer loop
      vertex -12.0307 -0.312144 0
      vertex -12.0077 -0.156827 -1
      vertex -12.0077 -0.156827 0
    endloop
  endfacet
  facet normal 0.989213 -0.146487 0
    outer loop
      vertex -12.0077 -0.156827 -1
      vertex -12.0307 -0.312144 0
      vertex -12.0307 -0.312144 -1
    endloop
  endfacet
  facet normal 0.969959 -0.243268 0
    outer loop
      vertex -12.0689 -0.464455 0
      vertex -12.0307 -0.312144 -1
      vertex -12.0307 -0.312144 0
    endloop
  endfacet
  facet normal 0.969959 -0.243268 0
    outer loop
      vertex -12.0307 -0.312144 -1
      vertex -12.0689 -0.464455 0
      vertex -12.0689 -0.464455 -1
    endloop
  endfacet
  facet normal 0.998797 -0.0490396 0
    outer loop
      vertex -12.0077 -0.156827 0
      vertex -12 0 -1
      vertex -12 0 0
    endloop
  endfacet
  facet normal 0.998797 -0.0490396 0
    outer loop
      vertex -12 0 -1
      vertex -12.0077 -0.156827 0
      vertex -12.0077 -0.156827 -1
    endloop
  endfacet
  facet normal 0.336926 -0.941531 0
    outer loop
      vertex -13.1355 -1.5311 -1
      vertex -12.9877 -1.47821 0
      vertex -13.1355 -1.5311 0
    endloop
  endfacet
  facet normal 0.336926 -0.941531 0
    outer loop
      vertex -12.9877 -1.47821 0
      vertex -13.1355 -1.5311 -1
      vertex -12.9877 -1.47821 -1
    endloop
  endfacet
  facet normal -0.242895 -0.970053 0
    outer loop
      vertex -14.0645 -1.5311 -1
      vertex -13.9121 -1.56926 0
      vertex -14.0645 -1.5311 0
    endloop
  endfacet
  facet normal -0.242895 -0.970053 -0
    outer loop
      vertex -13.9121 -1.56926 0
      vertex -14.0645 -1.5311 -1
      vertex -13.9121 -1.56926 -1
    endloop
  endfacet
  facet normal -0.595732 -0.803184 0
    outer loop
      vertex -14.615 -1.23682 -1
      vertex -14.4889 -1.33035 0
      vertex -14.615 -1.23682 0
    endloop
  endfacet
  facet normal -0.595732 -0.803184 -0
    outer loop
      vertex -14.4889 -1.33035 0
      vertex -14.615 -1.23682 -1
      vertex -14.4889 -1.33035 -1
    endloop
  endfacet
  facet normal -0.989213 -0.146487 0
    outer loop
      vertex -15.1693 -0.312144 -1
      vertex -15.1923 -0.156827 0
      vertex -15.1923 -0.156827 -1
    endloop
  endfacet
  facet normal -0.989213 -0.146487 0
    outer loop
      vertex -15.1923 -0.156827 0
      vertex -15.1693 -0.312144 -1
      vertex -15.1693 -0.312144 0
    endloop
  endfacet
  facet normal -0.941539 -0.336905 0
    outer loop
      vertex -15.0782 -0.612293 -1
      vertex -15.1311 -0.464455 0
      vertex -15.1311 -0.464455 -1
    endloop
  endfacet
  facet normal -0.941539 -0.336905 0
    outer loop
      vertex -15.1311 -0.464455 0
      vertex -15.0782 -0.612293 -1
      vertex -15.0782 -0.612293 0
    endloop
  endfacet
  facet normal -0.857793 -0.513995 0
    outer loop
      vertex -14.9304 -0.888912 -1
      vertex -15.0111 -0.754234 0
      vertex -15.0111 -0.754234 -1
    endloop
  endfacet
  facet normal -0.857793 -0.513995 0
    outer loop
      vertex -15.0111 -0.754234 0
      vertex -14.9304 -0.888912 -1
      vertex -14.9304 -0.888912 0
    endloop
  endfacet
  facet normal 0 0 -1
    outer loop
      vertex 3.28411 -0.323456 4.6
      vertex 3.28411 0.323456 4.6
      vertex 3.3 0 4.6
    endloop
  endfacet
  facet normal 0 0 -1
    outer loop
      vertex 3.23659 -0.643798 4.6
      vertex 3.28411 0.323456 4.6
      vertex 3.28411 -0.323456 4.6
    endloop
  endfacet
  facet normal 0 0 -1
    outer loop
      vertex 3.23659 -0.643798 4.6
      vertex 3.23659 0.643798 4.6
      vertex 3.28411 0.323456 4.6
    endloop
  endfacet
  facet normal 0 0 -1
    outer loop
      vertex 3.1579 -0.957939 4.6
      vertex 3.23659 0.643798 4.6
      vertex 3.23659 -0.643798 4.6
    endloop
  endfacet
  facet normal 0 0 -1
    outer loop
      vertex 3.1579 -0.957939 4.6
      vertex 3.1579 0.957939 4.6
      vertex 3.23659 0.643798 4.6
    endloop
  endfacet
  facet normal 0 0 -1
    outer loop
      vertex 3.0488 -1.26285 4.6
      vertex 3.1579 0.957939 4.6
      vertex 3.1579 -0.957939 4.6
    endloop
  endfacet
  facet normal 0 0 -1
    outer loop
      vertex 3.0488 -1.26285 4.6
      vertex 3.0488 1.26285 4.6
      vertex 3.1579 0.957939 4.6
    endloop
  endfacet
  facet normal 0 0 -1
    outer loop
      vertex 2.91034 -1.55561 4.6
      vertex 3.0488 1.26285 4.6
      vertex 3.0488 -1.26285 4.6
    endloop
  endfacet
  facet normal 0 0 -1
    outer loop
      vertex 2.91034 -1.55561 4.6
      vertex 2.91034 1.55561 4.6
      vertex 3.0488 1.26285 4.6
    endloop
  endfacet
  facet normal 0 0 -1
    outer loop
      vertex 2.74385 -1.83338 4.6
      vertex 2.91034 1.55561 4.6
      vertex 2.91034 -1.55561 4.6
    endloop
  endfacet
  facet normal 0 0 -1
    outer loop
      vertex 2.74385 -1.83338 4.6
      vertex 2.74385 1.83338 4.6
      vertex 2.91034 1.55561 4.6
    endloop
  endfacet
  facet normal 0 0 -1
    outer loop
      vertex 2.55093 -2.0935 4.6
      vertex 2.74385 1.83338 4.6
      vertex 2.74385 -1.83338 4.6
    endloop
  endfacet
  facet normal 0 0 -1
    outer loop
      vertex 2.55093 -2.0935 4.6
      vertex 2.55093 2.0935 4.6
      vertex 2.74385 1.83338 4.6
    endloop
  endfacet
  facet normal 0 0 -1
    outer loop
      vertex 2.33345 -2.33345 4.6
      vertex 2.55093 2.0935 4.6
      vertex 2.55093 -2.0935 4.6
    endloop
  endfacet
  facet normal 0 0 -1
    outer loop
      vertex 2.33345 -2.33345 4.6
      vertex 2.33345 2.33345 4.6
      vertex 2.55093 2.0935 4.6
    endloop
  endfacet
  facet normal 0 0 -1
    outer loop
      vertex 2.0935 -2.55093 4.6
      vertex 2.33345 2.33345 4.6
      vertex 2.33345 -2.33345 4.6
    endloop
  endfacet
  facet normal 0 0 -1
    outer loop
      vertex 2.0935 -2.55093 4.6
      vertex 2.0935 2.55093 4.6
      vertex 2.33345 2.33345 4.6
    endloop
  endfacet
  facet normal 0 0 -1
    outer loop
      vertex 1.83338 -2.74385 4.6
      vertex 2.0935 2.55093 4.6
      vertex 2.0935 -2.55093 4.6
    endloop
  endfacet
  facet normal 0 0 -1
    outer loop
      vertex 1.83338 -2.74385 4.6
      vertex 1.83338 2.74385 4.6
      vertex 2.0935 2.55093 4.6
    endloop
  endfacet
  facet normal 0 0 -1
    outer loop
      vertex 1.55561 -2.91034 4.6
      vertex 1.83338 2.74385 4.6
      vertex 1.83338 -2.74385 4.6
    endloop
  endfacet
  facet normal 0 0 -1
    outer loop
      vertex 1.55561 -2.91034 4.6
      vertex 1.55561 2.91034 4.6
      vertex 1.83338 2.74385 4.6
    endloop
  endfacet
  facet normal 0 0 -1
    outer loop
      vertex 1.26285 -3.0488 4.6
      vertex 1.55561 2.91034 4.6
      vertex 1.55561 -2.91034 4.6
    endloop
  endfacet
  facet normal 0 0 -1
    outer loop
      vertex 1.26285 -3.0488 4.6
      vertex 1.26285 3.0488 4.6
      vertex 1.55561 2.91034 4.6
    endloop
  endfacet
  facet normal 0 0 -1
    outer loop
      vertex 0.957939 -3.1579 4.6
      vertex 1.26285 3.0488 4.6
      vertex 1.26285 -3.0488 4.6
    endloop
  endfacet
  facet normal 0 0 -1
    outer loop
      vertex 0.957939 -3.1579 4.6
      vertex 0.957939 3.1579 4.6
      vertex 1.26285 3.0488 4.6
    endloop
  endfacet
  facet normal 0 0 -1
    outer loop
      vertex 0.643798 -3.23659 4.6
      vertex 0.957939 3.1579 4.6
      vertex 0.957939 -3.1579 4.6
    endloop
  endfacet
  facet normal 0 0 -1
    outer loop
      vertex 0.643798 -3.23659 4.6
      vertex 0.643798 3.23659 4.6
      vertex 0.957939 3.1579 4.6
    endloop
  endfacet
  facet normal 0 0 -1
    outer loop
      vertex 0.323456 -3.28411 4.6
      vertex 0.643798 3.23659 4.6
      vertex 0.643798 -3.23659 4.6
    endloop
  endfacet
  facet normal 0 0 -1
    outer loop
      vertex 0.323456 -3.28411 4.6
      vertex 0.323456 3.28411 4.6
      vertex 0.643798 3.23659 4.6
    endloop
  endfacet
  facet normal 0 0 -1
    outer loop
      vertex 0 -3.3 4.6
      vertex 0.323456 3.28411 4.6
      vertex 0.323456 -3.28411 4.6
    endloop
  endfacet
  facet normal 0 0 -1
    outer loop
      vertex 0 -3.3 4.6
      vertex 0 3.3 4.6
      vertex 0.323456 3.28411 4.6
    endloop
  endfacet
  facet normal 0 0 -1
    outer loop
      vertex -0.323456 -3.28411 4.6
      vertex 0 3.3 4.6
      vertex 0 -3.3 4.6
    endloop
  endfacet
  facet normal 0 0 -1
    outer loop
      vertex -0.323456 -3.28411 4.6
      vertex -0.323456 3.28411 4.6
      vertex 0 3.3 4.6
    endloop
  endfacet
  facet normal 0 0 -1
    outer loop
      vertex -0.643798 -3.23659 4.6
      vertex -0.323456 3.28411 4.6
      vertex -0.323456 -3.28411 4.6
    endloop
  endfacet
  facet normal 0 0 -1
    outer loop
      vertex -0.643798 -3.23659 4.6
      vertex -0.643798 3.23659 4.6
      vertex -0.323456 3.28411 4.6
    endloop
  endfacet
  facet normal 0 0 -1
    outer loop
      vertex -0.957939 -3.1579 4.6
      vertex -0.643798 3.23659 4.6
      vertex -0.643798 -3.23659 4.6
    endloop
  endfacet
  facet normal 0 0 -1
    outer loop
      vertex -0.957939 -3.1579 4.6
      vertex -0.957939 3.1579 4.6
      vertex -0.643798 3.23659 4.6
    endloop
  endfacet
  facet normal 0 0 -1
    outer loop
      vertex -1.26285 -3.0488 4.6
      vertex -0.957939 3.1579 4.6
      vertex -0.957939 -3.1579 4.6
    endloop
  endfacet
  facet normal 0 0 -1
    outer loop
      vertex -1.26285 -3.0488 4.6
      vertex -1.26285 3.0488 4.6
      vertex -0.957939 3.1579 4.6
    endloop
  endfacet
  facet normal 0 0 -1
    outer loop
      vertex -1.55561 -2.91034 4.6
      vertex -1.26285 3.0488 4.6
      vertex -1.26285 -3.0488 4.6
    endloop
  endfacet
  facet normal 0 0 -1
    outer loop
      vertex -1.55561 -2.91034 4.6
      vertex -1.55561 2.91034 4.6
      vertex -1.26285 3.0488 4.6
    endloop
  endfacet
  facet normal 0 0 -1
    outer loop
      vertex -1.83338 -2.74385 4.6
      vertex -1.55561 2.91034 4.6
      vertex -1.55561 -2.91034 4.6
    endloop
  endfacet
  facet normal 0 0 -1
    outer loop
      vertex -1.83338 -2.74385 4.6
      vertex -1.83338 2.74385 4.6
      vertex -1.55561 2.91034 4.6
    endloop
  endfacet
  facet normal 0 0 -1
    outer loop
      vertex -2.0935 -2.55093 4.6
      vertex -1.83338 2.74385 4.6
      vertex -1.83338 -2.74385 4.6
    endloop
  endfacet
  facet normal 0 0 -1
    outer loop
      vertex -2.0935 -2.55093 4.6
      vertex -2.0935 2.55093 4.6
      vertex -1.83338 2.74385 4.6
    endloop
  endfacet
  facet normal 0 0 -1
    outer loop
      vertex -2.33345 -2.33345 4.6
      vertex -2.0935 2.55093 4.6
      vertex -2.0935 -2.55093 4.6
    endloop
  endfacet
  facet normal 0 0 -1
    outer loop
      vertex -2.33345 -2.33345 4.6
      vertex -2.33345 2.33345 4.6
      vertex -2.0935 2.55093 4.6
    endloop
  endfacet
  facet normal 0 0 -1
    outer loop
      vertex -2.55093 -2.0935 4.6
      vertex -2.33345 2.33345 4.6
      vertex -2.33345 -2.33345 4.6
    endloop
  endfacet
  facet normal 0 0 -1
    outer loop
      vertex -2.55093 -2.0935 4.6
      vertex -2.55093 2.0935 4.6
      vertex -2.33345 2.33345 4.6
    endloop
  endfacet
  facet normal 0 0 -1
    outer loop
      vertex -2.74385 -1.83338 4.6
      vertex -2.55093 2.0935 4.6
      vertex -2.55093 -2.0935 4.6
    endloop
  endfacet
  facet normal 0 0 -1
    outer loop
      vertex -2.74385 -1.83338 4.6
      vertex -2.74385 1.83338 4.6
      vertex -2.55093 2.0935 4.6
    endloop
  endfacet
  facet normal 0 0 -1
    outer loop
      vertex -2.91034 -1.55561 4.6
      vertex -2.74385 1.83338 4.6
      vertex -2.74385 -1.83338 4.6
    endloop
  endfacet
  facet normal 0 0 -1
    outer loop
      vertex -2.91034 -1.55561 4.6
      vertex -2.91034 1.55561 4.6
      vertex -2.74385 1.83338 4.6
    endloop
  endfacet
  facet normal 0 0 -1
    outer loop
      vertex -3.0488 -1.26285 4.6
      vertex -2.91034 1.55561 4.6
      vertex -2.91034 -1.55561 4.6
    endloop
  endfacet
  facet normal 0 0 -1
    outer loop
      vertex -3.0488 -1.26285 4.6
      vertex -3.0488 1.26285 4.6
      vertex -2.91034 1.55561 4.6
    endloop
  endfacet
  facet normal 0 0 -1
    outer loop
      vertex -3.1579 -0.957939 4.6
      vertex -3.0488 1.26285 4.6
      vertex -3.0488 -1.26285 4.6
    endloop
  endfacet
  facet normal 0 0 -1
    outer loop
      vertex -3.1579 -0.957939 4.6
      vertex -3.1579 0.957939 4.6
      vertex -3.0488 1.26285 4.6
    endloop
  endfacet
  facet normal 0 0 -1
    outer loop
      vertex -3.23659 -0.643798 4.6
      vertex -3.1579 0.957939 4.6
      vertex -3.1579 -0.957939 4.6
    endloop
  endfacet
  facet normal 0 0 -1
    outer loop
      vertex -3.23659 -0.643798 4.6
      vertex -3.23659 0.643798 4.6
      vertex -3.1579 0.957939 4.6
    endloop
  endfacet
  facet normal 0 0 -1
    outer loop
      vertex -3.28411 -0.323456 4.6
      vertex -3.23659 0.643798 4.6
      vertex -3.23659 -0.643798 4.6
    endloop
  endfacet
  facet normal 0 0 -1
    outer loop
      vertex -3.28411 -0.323456 4.6
      vertex -3.28411 0.323456 4.6
      vertex -3.23659 0.643798 4.6
    endloop
  endfacet
  facet normal 0 -0 -1
    outer loop
      vertex -3.28411 0.323456 4.6
      vertex -3.28411 -0.323456 4.6
      vertex -3.3 0 4.6
    endloop
  endfacet
  facet normal 0.706681 0.0347162 0.706681
    outer loop
      vertex 3.28411 0.323456 4.6
      vertex 2.9 0 5
      vertex 3.3 0 4.6
    endloop
  endfacet
  facet normal -0.706681 -0.0347162 0.706681
    outer loop
      vertex -2.9 0 5
      vertex -3.3 0 4.6
      vertex -3.28411 -0.323456 4.6
    endloop
  endfacet
  facet normal 0.639605 0.302499 0.706682
    outer loop
      vertex 2.91034 1.55561 4.6
      vertex 2.55757 1.36705 5
      vertex 3.0488 1.26285 4.6
    endloop
  endfacet
  facet normal -0.475149 0.52425 0.706679
    outer loop
      vertex -1.83974 2.24173 5
      vertex -2.0935 2.55093 4.6
      vertex -2.05061 2.05061 5
    endloop
  endfacet
  facet normal 0.238364 0.666177 0.706675
    outer loop
      vertex 0.957939 3.1579 4.6
      vertex 0.841825 2.77513 5
      vertex 1.26285 3.0488 4.6
    endloop
  endfacet
  facet normal 0.686332 0.171917 0.706677
    outer loop
      vertex 3.23659 0.643798 4.6
      vertex 2.77513 0.841825 5
      vertex 2.84428 0.565762 5
    endloop
  endfacet
  facet normal 0.568302 -0.421472 0.706679
    outer loop
      vertex 2.41126 -1.61115 5
      vertex 2.24173 -1.83974 5
      vertex 2.55093 -2.0935 4.6
    endloop
  endfacet
  facet normal -0.568302 0.421472 0.706679
    outer loop
      vertex -2.24173 1.83974 5
      vertex -2.55093 2.0935 4.6
      vertex -2.41126 1.61115 5
    endloop
  endfacet
  facet normal -0.238364 0.666177 0.706675
    outer loop
      vertex -0.957939 3.1579 4.6
      vertex -1.26285 3.0488 4.6
      vertex -0.841825 2.77513 5
    endloop
  endfacet
  facet normal -0.686333 0.171921 0.706675
    outer loop
      vertex -3.1579 0.957939 4.6
      vertex -3.23659 0.643798 4.6
      vertex -2.77513 0.841825 5
    endloop
  endfacet
  facet normal -0.639604 0.302511 0.706678
    outer loop
      vertex -2.55757 1.36705 5
      vertex -3.0488 1.26285 4.6
      vertex -2.67925 1.10978 5
    endloop
  endfacet
  facet normal -0.524247 -0.475155 0.706677
    outer loop
      vertex -2.05061 -2.05061 5
      vertex -2.55093 -2.0935 4.6
      vertex -2.33345 -2.33345 4.6
    endloop
  endfacet
  facet normal -0.706674 -0.0347309 0.706686
    outer loop
      vertex -2.9 0 5
      vertex -3.28411 -0.323456 4.6
      vertex -2.88603 -0.284249 5
    endloop
  endfacet
  facet normal -0.238364 -0.666177 0.706675
    outer loop
      vertex -0.841825 -2.77513 5
      vertex -1.26285 -3.0488 4.6
      vertex -0.957939 -3.1579 4.6
    endloop
  endfacet
  facet normal 0.302511 -0.639604 0.706678
    outer loop
      vertex 1.36705 -2.55757 5
      vertex 1.10978 -2.67925 5
      vertex 1.26285 -3.0488 4.6
    endloop
  endfacet
  facet normal 0.0347309 0.706674 0.706686
    outer loop
      vertex 0.323456 3.28411 4.6
      vertex 0 2.9 5
      vertex 0.284249 2.88603 5
    endloop
  endfacet
  facet normal 0.363745 0.606868 0.706683
    outer loop
      vertex 1.83338 2.74385 4.6
      vertex 1.55561 2.91034 4.6
      vertex 1.61115 2.41126 5
    endloop
  endfacet
  facet normal 0.52425 0.475149 0.706679
    outer loop
      vertex 2.55093 2.0935 4.6
      vertex 2.05061 2.05061 5
      vertex 2.24173 1.83974 5
    endloop
  endfacet
  facet normal 0.302499 0.639605 0.706682
    outer loop
      vertex 1.55561 2.91034 4.6
      vertex 1.26285 3.0488 4.6
      vertex 1.36705 2.55757 5
    endloop
  endfacet
  facet normal 0.686332 -0.171917 0.706677
    outer loop
      vertex 2.84428 -0.565762 5
      vertex 2.77513 -0.841825 5
      vertex 3.23659 -0.643798 4.6
    endloop
  endfacet
  facet normal 0.706681 -0.0347162 0.706681
    outer loop
      vertex 3.3 0 4.6
      vertex 2.9 0 5
      vertex 3.28411 -0.323456 4.6
    endloop
  endfacet
  facet normal 0.699869 -0.10382 0.706686
    outer loop
      vertex 3.28411 -0.323456 4.6
      vertex 2.88603 -0.284249 5
      vertex 3.23659 -0.643798 4.6
    endloop
  endfacet
  facet normal -0.524247 0.475155 0.706677
    outer loop
      vertex -2.33345 2.33345 4.6
      vertex -2.55093 2.0935 4.6
      vertex -2.05061 2.05061 5
    endloop
  endfacet
  facet normal -0.475155 0.524247 0.706677
    outer loop
      vertex -2.0935 2.55093 4.6
      vertex -2.33345 2.33345 4.6
      vertex -2.05061 2.05061 5
    endloop
  endfacet
  facet normal -0.421478 0.568292 0.706683
    outer loop
      vertex -1.83338 2.74385 4.6
      vertex -2.0935 2.55093 4.6
      vertex -1.61115 2.41126 5
    endloop
  endfacet
  facet normal -0.302511 0.639604 0.706678
    outer loop
      vertex -1.26285 3.0488 4.6
      vertex -1.36705 2.55757 5
      vertex -1.10978 2.67925 5
    endloop
  endfacet
  facet normal -0.0347309 0.706674 0.706686
    outer loop
      vertex 0 2.9 5
      vertex -0.323456 3.28411 4.6
      vertex -0.284249 2.88603 5
    endloop
  endfacet
  facet normal -0.706681 0.0347162 0.706681
    outer loop
      vertex -3.28411 0.323456 4.6
      vertex -3.3 0 4.6
      vertex -2.9 0 5
    endloop
  endfacet
  facet normal -0.666177 0.238364 0.706675
    outer loop
      vertex -3.0488 1.26285 4.6
      vertex -3.1579 0.957939 4.6
      vertex -2.77513 0.841825 5
    endloop
  endfacet
  facet normal -0.686332 0.171917 0.706677
    outer loop
      vertex -2.77513 0.841825 5
      vertex -3.23659 0.643798 4.6
      vertex -2.84428 0.565762 5
    endloop
  endfacet
  facet normal 0 0 1
    outer loop
      vertex 2.88603 0.284249 5
      vertex 2.88603 -0.284249 5
      vertex 2.9 0 5
    endloop
  endfacet
  facet normal 0 0 1
    outer loop
      vertex 2.84428 0.565762 5
      vertex 2.88603 -0.284249 5
      vertex 2.88603 0.284249 5
    endloop
  endfacet
  facet normal 0 0 1
    outer loop
      vertex 2.84428 0.565762 5
      vertex 2.84428 -0.565762 5
      vertex 2.88603 -0.284249 5
    endloop
  endfacet
  facet normal 0 0 1
    outer loop
      vertex 2.77513 0.841825 5
      vertex 2.84428 -0.565762 5
      vertex 2.84428 0.565762 5
    endloop
  endfacet
  facet normal 0 0 1
    outer loop
      vertex 2.77513 0.841825 5
      vertex 2.77513 -0.841825 5
      vertex 2.84428 -0.565762 5
    endloop
  endfacet
  facet normal 0 0 1
    outer loop
      vertex 2.67925 1.10978 5
      vertex 2.77513 -0.841825 5
      vertex 2.77513 0.841825 5
    endloop
  endfacet
  facet normal 0 0 1
    outer loop
      vertex 2.67925 1.10978 5
      vertex 2.67925 -1.10978 5
      vertex 2.77513 -0.841825 5
    endloop
  endfacet
  facet normal 0 0 1
    outer loop
      vertex 2.55757 1.36705 5
      vertex 2.67925 -1.10978 5
      vertex 2.67925 1.10978 5
    endloop
  endfacet
  facet normal 0 0 1
    outer loop
      vertex 2.55757 1.36705 5
      vertex 2.55757 -1.36705 5
      vertex 2.67925 -1.10978 5
    endloop
  endfacet
  facet normal 0 0 1
    outer loop
      vertex 2.41126 1.61115 5
      vertex 2.55757 -1.36705 5
      vertex 2.55757 1.36705 5
    endloop
  endfacet
  facet normal 0 0 1
    outer loop
      vertex 2.41126 1.61115 5
      vertex 2.41126 -1.61115 5
      vertex 2.55757 -1.36705 5
    endloop
  endfacet
  facet normal 0 0 1
    outer loop
      vertex 2.24173 1.83974 5
      vertex 2.41126 -1.61115 5
      vertex 2.41126 1.61115 5
    endloop
  endfacet
  facet normal 0 0 1
    outer loop
      vertex 2.24173 1.83974 5
      vertex 2.24173 -1.83974 5
      vertex 2.41126 -1.61115 5
    endloop
  endfacet
  facet normal 0 0 1
    outer loop
      vertex 2.05061 2.05061 5
      vertex 2.24173 -1.83974 5
      vertex 2.24173 1.83974 5
    endloop
  endfacet
  facet normal 0 0 1
    outer loop
      vertex 2.05061 2.05061 5
      vertex 2.05061 -2.05061 5
      vertex 2.24173 -1.83974 5
    endloop
  endfacet
  facet normal 0 0 1
    outer loop
      vertex 1.83974 2.24173 5
      vertex 2.05061 -2.05061 5
      vertex 2.05061 2.05061 5
    endloop
  endfacet
  facet normal 0 0 1
    outer loop
      vertex 1.83974 2.24173 5
      vertex 1.83974 -2.24173 5
      vertex 2.05061 -2.05061 5
    endloop
  endfacet
  facet normal 0 0 1
    outer loop
      vertex 1.61115 2.41126 5
      vertex 1.83974 -2.24173 5
      vertex 1.83974 2.24173 5
    endloop
  endfacet
  facet normal 0 0 1
    outer loop
      vertex 1.61115 2.41126 5
      vertex 1.61115 -2.41126 5
      vertex 1.83974 -2.24173 5
    endloop
  endfacet
  facet normal 0 0 1
    outer loop
      vertex 1.36705 2.55757 5
      vertex 1.61115 -2.41126 5
      vertex 1.61115 2.41126 5
    endloop
  endfacet
  facet normal 0 0 1
    outer loop
      vertex 1.36705 2.55757 5
      vertex 1.36705 -2.55757 5
      vertex 1.61115 -2.41126 5
    endloop
  endfacet
  facet normal 0 0 1
    outer loop
      vertex 1.10978 2.67925 5
      vertex 1.36705 -2.55757 5
      vertex 1.36705 2.55757 5
    endloop
  endfacet
  facet normal 0 0 1
    outer loop
      vertex 1.10978 2.67925 5
      vertex 1.10978 -2.67925 5
      vertex 1.36705 -2.55757 5
    endloop
  endfacet
  facet normal 0 0 1
    outer loop
      vertex 0.841825 2.77513 5
      vertex 1.10978 -2.67925 5
      vertex 1.10978 2.67925 5
    endloop
  endfacet
  facet normal 0 0 1
    outer loop
      vertex 0.841825 2.77513 5
      vertex 0.841825 -2.77513 5
      vertex 1.10978 -2.67925 5
    endloop
  endfacet
  facet normal 0 0 1
    outer loop
      vertex 0.565762 2.84428 5
      vertex 0.841825 -2.77513 5
      vertex 0.841825 2.77513 5
    endloop
  endfacet
  facet normal 0 0 1
    outer loop
      vertex 0.565762 2.84428 5
      vertex 0.565762 -2.84428 5
      vertex 0.841825 -2.77513 5
    endloop
  endfacet
  facet normal 0 0 1
    outer loop
      vertex 0.284249 2.88603 5
      vertex 0.565762 -2.84428 5
      vertex 0.565762 2.84428 5
    endloop
  endfacet
  facet normal 0 0 1
    outer loop
      vertex 0.284249 2.88603 5
      vertex 0.284249 -2.88603 5
      vertex 0.565762 -2.84428 5
    endloop
  endfacet
  facet normal 0 0 1
    outer loop
      vertex 0 2.9 5
      vertex 0.284249 -2.88603 5
      vertex 0.284249 2.88603 5
    endloop
  endfacet
  facet normal 0 0 1
    outer loop
      vertex 0 2.9 5
      vertex 0 -2.9 5
      vertex 0.284249 -2.88603 5
    endloop
  endfacet
  facet normal -0 0 1
    outer loop
      vertex -0.284249 2.88603 5
      vertex 0 -2.9 5
      vertex 0 2.9 5
    endloop
  endfacet
  facet normal 0 0 1
    outer loop
      vertex -0.284249 2.88603 5
      vertex -0.284249 -2.88603 5
      vertex 0 -2.9 5
    endloop
  endfacet
  facet normal -0 0 1
    outer loop
      vertex -0.565762 2.84428 5
      vertex -0.284249 -2.88603 5
      vertex -0.284249 2.88603 5
    endloop
  endfacet
  facet normal 0 0 1
    outer loop
      vertex -0.565762 2.84428 5
      vertex -0.565762 -2.84428 5
      vertex -0.284249 -2.88603 5
    endloop
  endfacet
  facet normal -0 0 1
    outer loop
      vertex -0.841825 2.77513 5
      vertex -0.565762 -2.84428 5
      vertex -0.565762 2.84428 5
    endloop
  endfacet
  facet normal 0 0 1
    outer loop
      vertex -0.841825 2.77513 5
      vertex -0.841825 -2.77513 5
      vertex -0.565762 -2.84428 5
    endloop
  endfacet
  facet normal -0 0 1
    outer loop
      vertex -1.10978 2.67925 5
      vertex -0.841825 -2.77513 5
      vertex -0.841825 2.77513 5
    endloop
  endfacet
  facet normal 0 0 1
    outer loop
      vertex -1.10978 2.67925 5
      vertex -1.10978 -2.67925 5
      vertex -0.841825 -2.77513 5
    endloop
  endfacet
  facet normal -0 0 1
    outer loop
      vertex -1.36705 2.55757 5
      vertex -1.10978 -2.67925 5
      vertex -1.10978 2.67925 5
    endloop
  endfacet
  facet normal 0 0 1
    outer loop
      vertex -1.36705 2.55757 5
      vertex -1.36705 -2.55757 5
      vertex -1.10978 -2.67925 5
    endloop
  endfacet
  facet normal -0 0 1
    outer loop
      vertex -1.61115 2.41126 5
      vertex -1.36705 -2.55757 5
      vertex -1.36705 2.55757 5
    endloop
  endfacet
  facet normal 0 0 1
    outer loop
      vertex -1.61115 2.41126 5
      vertex -1.61115 -2.41126 5
      vertex -1.36705 -2.55757 5
    endloop
  endfacet
  facet normal -0 0 1
    outer loop
      vertex -1.83974 2.24173 5
      vertex -1.61115 -2.41126 5
      vertex -1.61115 2.41126 5
    endloop
  endfacet
  facet normal 0 0 1
    outer loop
      vertex -1.83974 2.24173 5
      vertex -1.83974 -2.24173 5
      vertex -1.61115 -2.41126 5
    endloop
  endfacet
  facet normal -0 0 1
    outer loop
      vertex -2.05061 2.05061 5
      vertex -1.83974 -2.24173 5
      vertex -1.83974 2.24173 5
    endloop
  endfacet
  facet normal 0 0 1
    outer loop
      vertex -2.05061 2.05061 5
      vertex -2.05061 -2.05061 5
      vertex -1.83974 -2.24173 5
    endloop
  endfacet
  facet normal -0 0 1
    outer loop
      vertex -2.24173 1.83974 5
      vertex -2.05061 -2.05061 5
      vertex -2.05061 2.05061 5
    endloop
  endfacet
  facet normal 0 0 1
    outer loop
      vertex -2.24173 1.83974 5
      vertex -2.24173 -1.83974 5
      vertex -2.05061 -2.05061 5
    endloop
  endfacet
  facet normal -0 0 1
    outer loop
      vertex -2.41126 1.61115 5
      vertex -2.24173 -1.83974 5
      vertex -2.24173 1.83974 5
    endloop
  endfacet
  facet normal 0 0 1
    outer loop
      vertex -2.41126 1.61115 5
      vertex -2.41126 -1.61115 5
      vertex -2.24173 -1.83974 5
    endloop
  endfacet
  facet normal -0 0 1
    outer loop
      vertex -2.55757 1.36705 5
      vertex -2.41126 -1.61115 5
      vertex -2.41126 1.61115 5
    endloop
  endfacet
  facet normal 0 0 1
    outer loop
      vertex -2.55757 1.36705 5
      vertex -2.55757 -1.36705 5
      vertex -2.41126 -1.61115 5
    endloop
  endfacet
  facet normal -0 0 1
    outer loop
      vertex -2.67925 1.10978 5
      vertex -2.55757 -1.36705 5
      vertex -2.55757 1.36705 5
    endloop
  endfacet
  facet normal 0 0 1
    outer loop
      vertex -2.67925 1.10978 5
      vertex -2.67925 -1.10978 5
      vertex -2.55757 -1.36705 5
    endloop
  endfacet
  facet normal -0 0 1
    outer loop
      vertex -2.77513 0.841825 5
      vertex -2.67925 -1.10978 5
      vertex -2.67925 1.10978 5
    endloop
  endfacet
  facet normal 0 0 1
    outer loop
      vertex -2.77513 0.841825 5
      vertex -2.77513 -0.841825 5
      vertex -2.67925 -1.10978 5
    endloop
  endfacet
  facet normal -0 0 1
    outer loop
      vertex -2.84428 0.565762 5
      vertex -2.77513 -0.841825 5
      vertex -2.77513 0.841825 5
    endloop
  endfacet
  facet normal 0 0 1
    outer loop
      vertex -2.84428 0.565762 5
      vertex -2.84428 -0.565762 5
      vertex -2.77513 -0.841825 5
    endloop
  endfacet
  facet normal -0 0 1
    outer loop
      vertex -2.88603 0.284249 5
      vertex -2.84428 -0.565762 5
      vertex -2.84428 0.565762 5
    endloop
  endfacet
  facet normal 0 0 1
    outer loop
      vertex -2.88603 0.284249 5
      vertex -2.88603 -0.284249 5
      vertex -2.84428 -0.565762 5
    endloop
  endfacet
  facet normal 0 -0 1
    outer loop
      vertex -2.88603 -0.284249 5
      vertex -2.88603 0.284249 5
      vertex -2.9 0 5
    endloop
  endfacet
  facet normal -0.699882 0.103797 0.706676
    outer loop
      vertex -2.84428 0.565762 5
      vertex -3.23659 0.643798 4.6
      vertex -2.88603 0.284249 5
    endloop
  endfacet
  facet normal -0.568292 0.421478 0.706683
    outer loop
      vertex -2.55093 2.0935 4.6
      vertex -2.74385 1.83338 4.6
      vertex -2.41126 1.61115 5
    endloop
  endfacet
  facet normal -0.666172 -0.238371 0.706678
    outer loop
      vertex -2.77513 -0.841825 5
      vertex -3.0488 -1.26285 4.6
      vertex -2.67925 -1.10978 5
    endloop
  endfacet
  facet normal 0.0347162 -0.706681 0.706681
    outer loop
      vertex 0 -2.9 5
      vertex 0 -3.3 4.6
      vertex 0.323456 -3.28411 4.6
    endloop
  endfacet
  facet normal 0.363748 -0.606867 0.706682
    outer loop
      vertex 1.61115 -2.41126 5
      vertex 1.36705 -2.55757 5
      vertex 1.55561 -2.91034 4.6
    endloop
  endfacet
  facet normal 0.524247 -0.475155 0.706677
    outer loop
      vertex 2.55093 -2.0935 4.6
      vertex 2.05061 -2.05061 5
      vertex 2.33345 -2.33345 4.6
    endloop
  endfacet
  facet normal 0.171921 0.686333 0.706675
    outer loop
      vertex 0.957939 3.1579 4.6
      vertex 0.643798 3.23659 4.6
      vertex 0.841825 2.77513 5
    endloop
  endfacet
  facet normal 0.606868 0.363745 0.706683
    outer loop
      vertex 2.74385 1.83338 4.6
      vertex 2.41126 1.61115 5
      vertex 2.91034 1.55561 4.6
    endloop
  endfacet
  facet normal 0.475155 0.524247 0.706677
    outer loop
      vertex 2.0935 2.55093 4.6
      vertex 2.05061 2.05061 5
      vertex 2.33345 2.33345 4.6
    endloop
  endfacet
  facet normal 0.524247 0.475155 0.706677
    outer loop
      vertex 2.33345 2.33345 4.6
      vertex 2.05061 2.05061 5
      vertex 2.55093 2.0935 4.6
    endloop
  endfacet
  facet normal 0.421478 0.568292 0.706683
    outer loop
      vertex 1.83338 2.74385 4.6
      vertex 1.61115 2.41126 5
      vertex 2.0935 2.55093 4.6
    endloop
  endfacet
  facet normal 0.706674 0.0347309 0.706686
    outer loop
      vertex 3.28411 0.323456 4.6
      vertex 2.88603 0.284249 5
      vertex 2.9 0 5
    endloop
  endfacet
  facet normal 0.686333 0.171921 0.706675
    outer loop
      vertex 3.1579 0.957939 4.6
      vertex 2.77513 0.841825 5
      vertex 3.23659 0.643798 4.6
    endloop
  endfacet
  facet normal 0.666177 0.238364 0.706675
    outer loop
      vertex 3.0488 1.26285 4.6
      vertex 2.77513 0.841825 5
      vertex 3.1579 0.957939 4.6
    endloop
  endfacet
  facet normal 0.568292 0.421478 0.706683
    outer loop
      vertex 2.55093 2.0935 4.6
      vertex 2.41126 1.61115 5
      vertex 2.74385 1.83338 4.6
    endloop
  endfacet
  facet normal 0.568302 0.421472 0.706679
    outer loop
      vertex 2.55093 2.0935 4.6
      vertex 2.24173 1.83974 5
      vertex 2.41126 1.61115 5
    endloop
  endfacet
  facet normal 0.52425 -0.475149 0.706679
    outer loop
      vertex 2.24173 -1.83974 5
      vertex 2.05061 -2.05061 5
      vertex 2.55093 -2.0935 4.6
    endloop
  endfacet
  facet normal 0.606867 -0.363748 0.706682
    outer loop
      vertex 2.55757 -1.36705 5
      vertex 2.41126 -1.61115 5
      vertex 2.91034 -1.55561 4.6
    endloop
  endfacet
  facet normal -0.363745 0.606868 0.706683
    outer loop
      vertex -1.55561 2.91034 4.6
      vertex -1.83338 2.74385 4.6
      vertex -1.61115 2.41126 5
    endloop
  endfacet
  facet normal -0.363748 0.606867 0.706682
    outer loop
      vertex -1.55561 2.91034 4.6
      vertex -1.61115 2.41126 5
      vertex -1.36705 2.55757 5
    endloop
  endfacet
  facet normal -0.302499 0.639605 0.706682
    outer loop
      vertex -1.26285 3.0488 4.6
      vertex -1.55561 2.91034 4.6
      vertex -1.36705 2.55757 5
    endloop
  endfacet
  facet normal -0.238371 0.666172 0.706678
    outer loop
      vertex -0.841825 2.77513 5
      vertex -1.26285 3.0488 4.6
      vertex -1.10978 2.67925 5
    endloop
  endfacet
  facet normal -0.0347162 0.706681 0.706681
    outer loop
      vertex 0 3.3 4.6
      vertex -0.323456 3.28411 4.6
      vertex 0 2.9 5
    endloop
  endfacet
  facet normal 0.0347162 0.706681 0.706681
    outer loop
      vertex 0 3.3 4.6
      vertex 0 2.9 5
      vertex 0.323456 3.28411 4.6
    endloop
  endfacet
  facet normal -0.171921 0.686333 0.706675
    outer loop
      vertex -0.643798 3.23659 4.6
      vertex -0.957939 3.1579 4.6
      vertex -0.841825 2.77513 5
    endloop
  endfacet
  facet normal -0.10382 0.699869 0.706686
    outer loop
      vertex -0.323456 3.28411 4.6
      vertex -0.643798 3.23659 4.6
      vertex -0.284249 2.88603 5
    endloop
  endfacet
  facet normal -0.666172 0.238371 0.706678
    outer loop
      vertex -2.67925 1.10978 5
      vertex -3.0488 1.26285 4.6
      vertex -2.77513 0.841825 5
    endloop
  endfacet
  facet normal -0.699869 0.10382 0.706686
    outer loop
      vertex -3.23659 0.643798 4.6
      vertex -3.28411 0.323456 4.6
      vertex -2.88603 0.284249 5
    endloop
  endfacet
  facet normal -0.706674 0.0347309 0.706686
    outer loop
      vertex -2.88603 0.284249 5
      vertex -3.28411 0.323456 4.6
      vertex -2.9 0 5
    endloop
  endfacet
  facet normal -0.606868 0.363745 0.706683
    outer loop
      vertex -2.74385 1.83338 4.6
      vertex -2.91034 1.55561 4.6
      vertex -2.41126 1.61115 5
    endloop
  endfacet
  facet normal -0.52425 0.475149 0.706679
    outer loop
      vertex -2.05061 2.05061 5
      vertex -2.55093 2.0935 4.6
      vertex -2.24173 1.83974 5
    endloop
  endfacet
  facet normal -0.699869 -0.10382 0.706686
    outer loop
      vertex -2.88603 -0.284249 5
      vertex -3.28411 -0.323456 4.6
      vertex -3.23659 -0.643798 4.6
    endloop
  endfacet
  facet normal -0.686332 -0.171917 0.706677
    outer loop
      vertex -2.84428 -0.565762 5
      vertex -3.23659 -0.643798 4.6
      vertex -2.77513 -0.841825 5
    endloop
  endfacet
  facet normal -0.606868 -0.363745 0.706683
    outer loop
      vertex -2.41126 -1.61115 5
      vertex -2.91034 -1.55561 4.6
      vertex -2.74385 -1.83338 4.6
    endloop
  endfacet
  facet normal -0.639604 -0.302511 0.706678
    outer loop
      vertex -2.67925 -1.10978 5
      vertex -3.0488 -1.26285 4.6
      vertex -2.55757 -1.36705 5
    endloop
  endfacet
  facet normal -0.363745 -0.606868 0.706683
    outer loop
      vertex -1.61115 -2.41126 5
      vertex -1.83338 -2.74385 4.6
      vertex -1.55561 -2.91034 4.6
    endloop
  endfacet
  facet normal -0.0347162 -0.706681 0.706681
    outer loop
      vertex 0 -2.9 5
      vertex -0.323456 -3.28411 4.6
      vertex 0 -3.3 4.6
    endloop
  endfacet
  facet normal -0.171917 -0.686332 0.706677
    outer loop
      vertex -0.565762 -2.84428 5
      vertex -0.841825 -2.77513 5
      vertex -0.643798 -3.23659 4.6
    endloop
  endfacet
  facet normal -0.421478 -0.568292 0.706683
    outer loop
      vertex -1.61115 -2.41126 5
      vertex -2.0935 -2.55093 4.6
      vertex -1.83338 -2.74385 4.6
    endloop
  endfacet
  facet normal -0.475155 -0.524247 0.706677
    outer loop
      vertex -2.05061 -2.05061 5
      vertex -2.33345 -2.33345 4.6
      vertex -2.0935 -2.55093 4.6
    endloop
  endfacet
  facet normal 0.171921 -0.686333 0.706675
    outer loop
      vertex 0.841825 -2.77513 5
      vertex 0.643798 -3.23659 4.6
      vertex 0.957939 -3.1579 4.6
    endloop
  endfacet
  facet normal 0.302499 -0.639605 0.706682
    outer loop
      vertex 1.36705 -2.55757 5
      vertex 1.26285 -3.0488 4.6
      vertex 1.55561 -2.91034 4.6
    endloop
  endfacet
  facet normal 0.475155 -0.524247 0.706677
    outer loop
      vertex 2.33345 -2.33345 4.6
      vertex 2.05061 -2.05061 5
      vertex 2.0935 -2.55093 4.6
    endloop
  endfacet
  facet normal 0.171917 0.686332 0.706677
    outer loop
      vertex 0.643798 3.23659 4.6
      vertex 0.565762 2.84428 5
      vertex 0.841825 2.77513 5
    endloop
  endfacet
  facet normal 0.10382 0.699869 0.706686
    outer loop
      vertex 0.323456 3.28411 4.6
      vertex 0.284249 2.88603 5
      vertex 0.643798 3.23659 4.6
    endloop
  endfacet
  facet normal 0.363748 0.606867 0.706682
    outer loop
      vertex 1.55561 2.91034 4.6
      vertex 1.36705 2.55757 5
      vertex 1.61115 2.41126 5
    endloop
  endfacet
  facet normal 0.475149 0.52425 0.706679
    outer loop
      vertex 2.0935 2.55093 4.6
      vertex 1.83974 2.24173 5
      vertex 2.05061 2.05061 5
    endloop
  endfacet
  facet normal 0.699869 0.10382 0.706686
    outer loop
      vertex 3.23659 0.643798 4.6
      vertex 2.88603 0.284249 5
      vertex 3.28411 0.323456 4.6
    endloop
  endfacet
  facet normal 0.606867 0.363748 0.706682
    outer loop
      vertex 2.91034 1.55561 4.6
      vertex 2.41126 1.61115 5
      vertex 2.55757 1.36705 5
    endloop
  endfacet
  facet normal 0.639605 -0.302499 0.706682
    outer loop
      vertex 3.0488 -1.26285 4.6
      vertex 2.55757 -1.36705 5
      vertex 2.91034 -1.55561 4.6
    endloop
  endfacet
  facet normal 0.666177 -0.238364 0.706675
    outer loop
      vertex 3.1579 -0.957939 4.6
      vertex 2.77513 -0.841825 5
      vertex 3.0488 -1.26285 4.6
    endloop
  endfacet
  facet normal 0.686333 -0.171921 0.706675
    outer loop
      vertex 3.23659 -0.643798 4.6
      vertex 2.77513 -0.841825 5
      vertex 3.1579 -0.957939 4.6
    endloop
  endfacet
  facet normal 0.568292 -0.421478 0.706683
    outer loop
      vertex 2.74385 -1.83338 4.6
      vertex 2.41126 -1.61115 5
      vertex 2.55093 -2.0935 4.6
    endloop
  endfacet
  facet normal 0.606868 -0.363745 0.706683
    outer loop
      vertex 2.91034 -1.55561 4.6
      vertex 2.41126 -1.61115 5
      vertex 2.74385 -1.83338 4.6
    endloop
  endfacet
  facet normal -0.421472 0.568302 0.706679
    outer loop
      vertex -1.61115 2.41126 5
      vertex -2.0935 2.55093 4.6
      vertex -1.83974 2.24173 5
    endloop
  endfacet
  facet normal -0.103797 0.699882 0.706676
    outer loop
      vertex -0.284249 2.88603 5
      vertex -0.643798 3.23659 4.6
      vertex -0.565762 2.84428 5
    endloop
  endfacet
  facet normal -0.171917 0.686332 0.706677
    outer loop
      vertex -0.643798 3.23659 4.6
      vertex -0.841825 2.77513 5
      vertex -0.565762 2.84428 5
    endloop
  endfacet
  facet normal -0.606867 0.363748 0.706682
    outer loop
      vertex -2.41126 1.61115 5
      vertex -2.91034 1.55561 4.6
      vertex -2.55757 1.36705 5
    endloop
  endfacet
  facet normal -0.639605 0.302499 0.706682
    outer loop
      vertex -2.91034 1.55561 4.6
      vertex -3.0488 1.26285 4.6
      vertex -2.55757 1.36705 5
    endloop
  endfacet
  facet normal -0.568292 -0.421478 0.706683
    outer loop
      vertex -2.41126 -1.61115 5
      vertex -2.74385 -1.83338 4.6
      vertex -2.55093 -2.0935 4.6
    endloop
  endfacet
  facet normal -0.568302 -0.421472 0.706679
    outer loop
      vertex -2.41126 -1.61115 5
      vertex -2.55093 -2.0935 4.6
      vertex -2.24173 -1.83974 5
    endloop
  endfacet
  facet normal -0.699882 -0.103797 0.706676
    outer loop
      vertex -2.88603 -0.284249 5
      vertex -3.23659 -0.643798 4.6
      vertex -2.84428 -0.565762 5
    endloop
  endfacet
  facet normal -0.686333 -0.171921 0.706675
    outer loop
      vertex -2.77513 -0.841825 5
      vertex -3.23659 -0.643798 4.6
      vertex -3.1579 -0.957939 4.6
    endloop
  endfacet
  facet normal -0.666177 -0.238364 0.706675
    outer loop
      vertex -2.77513 -0.841825 5
      vertex -3.1579 -0.957939 4.6
      vertex -3.0488 -1.26285 4.6
    endloop
  endfacet
  facet normal -0.302499 -0.639605 0.706682
    outer loop
      vertex -1.36705 -2.55757 5
      vertex -1.55561 -2.91034 4.6
      vertex -1.26285 -3.0488 4.6
    endloop
  endfacet
  facet normal -0.363748 -0.606867 0.706682
    outer loop
      vertex -1.36705 -2.55757 5
      vertex -1.61115 -2.41126 5
      vertex -1.55561 -2.91034 4.6
    endloop
  endfacet
  facet normal 0.10382 -0.699869 0.706686
    outer loop
      vertex 0.643798 -3.23659 4.6
      vertex 0.284249 -2.88603 5
      vertex 0.323456 -3.28411 4.6
    endloop
  endfacet
  facet normal 0.0347309 -0.706674 0.706686
    outer loop
      vertex 0.284249 -2.88603 5
      vertex 0 -2.9 5
      vertex 0.323456 -3.28411 4.6
    endloop
  endfacet
  facet normal 0.238364 -0.666177 0.706675
    outer loop
      vertex 1.26285 -3.0488 4.6
      vertex 0.841825 -2.77513 5
      vertex 0.957939 -3.1579 4.6
    endloop
  endfacet
  facet normal 0.238371 -0.666172 0.706678
    outer loop
      vertex 1.10978 -2.67925 5
      vertex 0.841825 -2.77513 5
      vertex 1.26285 -3.0488 4.6
    endloop
  endfacet
  facet normal 0.363745 -0.606868 0.706683
    outer loop
      vertex 1.61115 -2.41126 5
      vertex 1.55561 -2.91034 4.6
      vertex 1.83338 -2.74385 4.6
    endloop
  endfacet
  facet normal 0.421478 -0.568292 0.706683
    outer loop
      vertex 2.0935 -2.55093 4.6
      vertex 1.61115 -2.41126 5
      vertex 1.83338 -2.74385 4.6
    endloop
  endfacet
  facet normal 0.475149 -0.52425 0.706679
    outer loop
      vertex 2.05061 -2.05061 5
      vertex 1.83974 -2.24173 5
      vertex 2.0935 -2.55093 4.6
    endloop
  endfacet
  facet normal 0.103797 0.699882 0.706676
    outer loop
      vertex 0.643798 3.23659 4.6
      vertex 0.284249 2.88603 5
      vertex 0.565762 2.84428 5
    endloop
  endfacet
  facet normal 0.302511 0.639604 0.706678
    outer loop
      vertex 1.26285 3.0488 4.6
      vertex 1.10978 2.67925 5
      vertex 1.36705 2.55757 5
    endloop
  endfacet
  facet normal 0.238371 0.666172 0.706678
    outer loop
      vertex 1.26285 3.0488 4.6
      vertex 0.841825 2.77513 5
      vertex 1.10978 2.67925 5
    endloop
  endfacet
  facet normal 0.421472 0.568302 0.706679
    outer loop
      vertex 2.0935 2.55093 4.6
      vertex 1.61115 2.41126 5
      vertex 1.83974 2.24173 5
    endloop
  endfacet
  facet normal 0.699882 0.103797 0.706676
    outer loop
      vertex 3.23659 0.643798 4.6
      vertex 2.84428 0.565762 5
      vertex 2.88603 0.284249 5
    endloop
  endfacet
  facet normal 0.666172 0.238371 0.706678
    outer loop
      vertex 3.0488 1.26285 4.6
      vertex 2.67925 1.10978 5
      vertex 2.77513 0.841825 5
    endloop
  endfacet
  facet normal 0.639604 0.302511 0.706678
    outer loop
      vertex 3.0488 1.26285 4.6
      vertex 2.55757 1.36705 5
      vertex 2.67925 1.10978 5
    endloop
  endfacet
  facet normal 0.706674 -0.0347309 0.706686
    outer loop
      vertex 2.9 0 5
      vertex 2.88603 -0.284249 5
      vertex 3.28411 -0.323456 4.6
    endloop
  endfacet
  facet normal 0.639604 -0.302511 0.706678
    outer loop
      vertex 2.67925 -1.10978 5
      vertex 2.55757 -1.36705 5
      vertex 3.0488 -1.26285 4.6
    endloop
  endfacet
  facet normal 0.666172 -0.238371 0.706678
    outer loop
      vertex 2.77513 -0.841825 5
      vertex 2.67925 -1.10978 5
      vertex 3.0488 -1.26285 4.6
    endloop
  endfacet
  facet normal -0.639605 -0.302499 0.706682
    outer loop
      vertex -2.55757 -1.36705 5
      vertex -3.0488 -1.26285 4.6
      vertex -2.91034 -1.55561 4.6
    endloop
  endfacet
  facet normal -0.606867 -0.363748 0.706682
    outer loop
      vertex -2.55757 -1.36705 5
      vertex -2.91034 -1.55561 4.6
      vertex -2.41126 -1.61115 5
    endloop
  endfacet
  facet normal -0.52425 -0.475149 0.706679
    outer loop
      vertex -2.24173 -1.83974 5
      vertex -2.55093 -2.0935 4.6
      vertex -2.05061 -2.05061 5
    endloop
  endfacet
  facet normal -0.171921 -0.686333 0.706675
    outer loop
      vertex -0.841825 -2.77513 5
      vertex -0.957939 -3.1579 4.6
      vertex -0.643798 -3.23659 4.6
    endloop
  endfacet
  facet normal -0.302511 -0.639604 0.706678
    outer loop
      vertex -1.10978 -2.67925 5
      vertex -1.36705 -2.55757 5
      vertex -1.26285 -3.0488 4.6
    endloop
  endfacet
  facet normal -0.238371 -0.666172 0.706678
    outer loop
      vertex -1.10978 -2.67925 5
      vertex -1.26285 -3.0488 4.6
      vertex -0.841825 -2.77513 5
    endloop
  endfacet
  facet normal -0.475149 -0.52425 0.706679
    outer loop
      vertex -2.05061 -2.05061 5
      vertex -2.0935 -2.55093 4.6
      vertex -1.83974 -2.24173 5
    endloop
  endfacet
  facet normal -0.421472 -0.568302 0.706679
    outer loop
      vertex -1.83974 -2.24173 5
      vertex -2.0935 -2.55093 4.6
      vertex -1.61115 -2.41126 5
    endloop
  endfacet
  facet normal -0.0347309 -0.706674 0.706686
    outer loop
      vertex -0.284249 -2.88603 5
      vertex -0.323456 -3.28411 4.6
      vertex 0 -2.9 5
    endloop
  endfacet
  facet normal 0.103797 -0.699882 0.706676
    outer loop
      vertex 0.565762 -2.84428 5
      vertex 0.284249 -2.88603 5
      vertex 0.643798 -3.23659 4.6
    endloop
  endfacet
  facet normal 0.171917 -0.686332 0.706677
    outer loop
      vertex 0.841825 -2.77513 5
      vertex 0.565762 -2.84428 5
      vertex 0.643798 -3.23659 4.6
    endloop
  endfacet
  facet normal 0.421472 -0.568302 0.706679
    outer loop
      vertex 1.83974 -2.24173 5
      vertex 1.61115 -2.41126 5
      vertex 2.0935 -2.55093 4.6
    endloop
  endfacet
  facet normal 0.699882 -0.103797 0.706676
    outer loop
      vertex 2.88603 -0.284249 5
      vertex 2.84428 -0.565762 5
      vertex 3.23659 -0.643798 4.6
    endloop
  endfacet
  facet normal -0.103797 -0.699882 0.706676
    outer loop
      vertex -0.565762 -2.84428 5
      vertex -0.643798 -3.23659 4.6
      vertex -0.284249 -2.88603 5
    endloop
  endfacet
  facet normal -0.10382 -0.699869 0.706686
    outer loop
      vertex -0.284249 -2.88603 5
      vertex -0.643798 -3.23659 4.6
      vertex -0.323456 -3.28411 4.6
    endloop
  endfacet
  facet normal 0.857731 0.514099 0
    outer loop
      vertex 4.23322 2.2627 1.2
      vertex 3.99105 2.66674 0
      vertex 3.99105 2.66674 1.2
    endloop
  endfacet
  facet normal 0.857731 0.514099 0
    outer loop
      vertex 3.99105 2.66674 0
      vertex 4.23322 2.2627 1.2
      vertex 4.23322 2.2627 0
    endloop
  endfacet
  facet normal 0.336889 0.941544 -0
    outer loop
      vertex 1.83688 4.43462 0
      vertex 1.39337 4.59331 1.2
      vertex 1.83688 4.43462 1.2
    endloop
  endfacet
  facet normal 0.336889 0.941544 0
    outer loop
      vertex 1.39337 4.59331 1.2
      vertex 1.83688 4.43462 0
      vertex 1.39337 4.59331 0
    endloop
  endfacet
  facet normal -0.427559 0.903988 0
    outer loop
      vertex -1.83688 4.43462 0
      vertex -2.2627 4.23322 1.2
      vertex -1.83688 4.43462 1.2
    endloop
  endfacet
  facet normal -0.427559 0.903988 0
    outer loop
      vertex -2.2627 4.23322 1.2
      vertex -1.83688 4.43462 0
      vertex -2.2627 4.23322 0
    endloop
  endfacet
  facet normal -0.941544 0.336889 0
    outer loop
      vertex -4.59331 1.39337 0
      vertex -4.43462 1.83688 1.2
      vertex -4.43462 1.83688 0
    endloop
  endfacet
  facet normal -0.941544 0.336889 0
    outer loop
      vertex -4.43462 1.83688 1.2
      vertex -4.59331 1.39337 0
      vertex -4.59331 1.39337 1.2
    endloop
  endfacet
  facet normal 0.998796 -0.0490607 0
    outer loop
      vertex 4.77689 -0.470482 1.2
      vertex 4.8 0 0
      vertex 4.8 0 1.2
    endloop
  endfacet
  facet normal 0.998796 -0.0490607 0
    outer loop
      vertex 4.8 0 0
      vertex 4.77689 -0.470482 1.2
      vertex 4.77689 -0.470482 0
    endloop
  endfacet
  facet normal 0.0490607 0.998796 -0
    outer loop
      vertex 0.470482 4.77689 0
      vertex 0 4.8 1.2
      vertex 0.470482 4.77689 1.2
    endloop
  endfacet
  facet normal 0.0490607 0.998796 0
    outer loop
      vertex 0 4.8 1.2
      vertex 0.470482 4.77689 0
      vertex 0 4.8 0
    endloop
  endfacet
  facet normal 0.514099 0.857731 -0
    outer loop
      vertex 2.66674 3.99105 0
      vertex 2.2627 4.23322 1.2
      vertex 2.66674 3.99105 1.2
    endloop
  endfacet
  facet normal 0.514099 0.857731 0
    outer loop
      vertex 2.2627 4.23322 1.2
      vertex 2.66674 3.99105 0
      vertex 2.2627 4.23322 0
    endloop
  endfacet
  facet normal -0.998796 0.0490607 0
    outer loop
      vertex -4.8 0 0
      vertex -4.77689 0.470482 1.2
      vertex -4.77689 0.470482 0
    endloop
  endfacet
  facet normal -0.998796 0.0490607 0
    outer loop
      vertex -4.77689 0.470482 1.2
      vertex -4.8 0 0
      vertex -4.8 0 1.2
    endloop
  endfacet
  facet normal -0.803211 0.595695 0
    outer loop
      vertex -3.99105 2.66674 0
      vertex -3.71045 3.04509 1.2
      vertex -3.71045 3.04509 0
    endloop
  endfacet
  facet normal -0.803211 0.595695 0
    outer loop
      vertex -3.71045 3.04509 1.2
      vertex -3.99105 2.66674 0
      vertex -3.99105 2.66674 1.2
    endloop
  endfacet
  facet normal -0.242987 0.97003 0
    outer loop
      vertex -0.936433 4.70777 0
      vertex -1.39337 4.59331 1.2
      vertex -0.936433 4.70777 1.2
    endloop
  endfacet
  facet normal -0.242987 0.97003 0
    outer loop
      vertex -1.39337 4.59331 1.2
      vertex -0.936433 4.70777 0
      vertex -1.39337 4.59331 0
    endloop
  endfacet
  facet normal 0.514099 -0.857731 0
    outer loop
      vertex 2.2627 -4.23322 0
      vertex 2.66674 -3.99105 1.2
      vertex 2.2627 -4.23322 1.2
    endloop
  endfacet
  facet normal 0.514099 -0.857731 0
    outer loop
      vertex 2.66674 -3.99105 1.2
      vertex 2.2627 -4.23322 0
      vertex 2.66674 -3.99105 0
    endloop
  endfacet
  facet normal 0.989176 0.146736 0
    outer loop
      vertex 4.77689 0.470482 1.2
      vertex 4.70777 0.936433 0
      vertex 4.70777 0.936433 1.2
    endloop
  endfacet
  facet normal 0.989176 0.146736 0
    outer loop
      vertex 4.70777 0.936433 0
      vertex 4.77689 0.470482 1.2
      vertex 4.77689 0.470482 0
    endloop
  endfacet
  facet normal 0.803211 0.595695 0
    outer loop
      vertex 3.99105 2.66674 1.2
      vertex 3.71045 3.04509 0
      vertex 3.71045 3.04509 1.2
    endloop
  endfacet
  facet normal 0.803211 0.595695 0
    outer loop
      vertex 3.71045 3.04509 0
      vertex 3.99105 2.66674 1.2
      vertex 3.99105 2.66674 0
    endloop
  endfacet
  facet normal 0.671567 0.740944 -0
    outer loop
      vertex 3.39411 3.39411 0
      vertex 3.04509 3.71045 1.2
      vertex 3.39411 3.39411 1.2
    endloop
  endfacet
  facet normal 0.671567 0.740944 0
    outer loop
      vertex 3.04509 3.71045 1.2
      vertex 3.39411 3.39411 0
      vertex 3.04509 3.71045 0
    endloop
  endfacet
  facet normal 0.740944 0.671567 0
    outer loop
      vertex 3.71045 3.04509 1.2
      vertex 3.39411 3.39411 0
      vertex 3.39411 3.39411 1.2
    endloop
  endfacet
  facet normal 0.740944 0.671567 0
    outer loop
      vertex 3.39411 3.39411 0
      vertex 3.71045 3.04509 1.2
      vertex 3.71045 3.04509 0
    endloop
  endfacet
  facet normal -0.0490607 0.998796 0
    outer loop
      vertex 0 4.8 0
      vertex -0.470482 4.77689 1.2
      vertex 0 4.8 1.2
    endloop
  endfacet
  facet normal -0.0490607 0.998796 0
    outer loop
      vertex -0.470482 4.77689 1.2
      vertex 0 4.8 0
      vertex -0.470482 4.77689 0
    endloop
  endfacet
  facet normal 0.242987 0.97003 -0
    outer loop
      vertex 1.39337 4.59331 0
      vertex 0.936433 4.70777 1.2
      vertex 1.39337 4.59331 1.2
    endloop
  endfacet
  facet normal 0.242987 0.97003 0
    outer loop
      vertex 0.936433 4.70777 1.2
      vertex 1.39337 4.59331 0
      vertex 0.936433 4.70777 0
    endloop
  endfacet
  facet normal 0.146736 0.989176 -0
    outer loop
      vertex 0.936433 4.70777 0
      vertex 0.470482 4.77689 1.2
      vertex 0.936433 4.70777 1.2
    endloop
  endfacet
  facet normal 0.146736 0.989176 0
    outer loop
      vertex 0.470482 4.77689 1.2
      vertex 0.936433 4.70777 0
      vertex 0.470482 4.77689 0
    endloop
  endfacet
  facet normal 0.427559 0.903988 -0
    outer loop
      vertex 2.2627 4.23322 0
      vertex 1.83688 4.43462 1.2
      vertex 2.2627 4.23322 1.2
    endloop
  endfacet
  facet normal 0.427559 0.903988 0
    outer loop
      vertex 1.83688 4.43462 1.2
      vertex 2.2627 4.23322 0
      vertex 1.83688 4.43462 0
    endloop
  endfacet
  facet normal 0.595695 0.803211 -0
    outer loop
      vertex 3.04509 3.71045 0
      vertex 2.66674 3.99105 1.2
      vertex 3.04509 3.71045 1.2
    endloop
  endfacet
  facet normal 0.595695 0.803211 0
    outer loop
      vertex 2.66674 3.99105 1.2
      vertex 3.04509 3.71045 0
      vertex 2.66674 3.99105 0
    endloop
  endfacet
  facet normal 0 0 1
    outer loop
      vertex 3.3 0 1.2
      vertex 4.8 0 1.2
      vertex 4.77689 0.470482 1.2
    endloop
  endfacet
  facet normal 0 0 1
    outer loop
      vertex 3.28411 0.323456 1.2
      vertex 4.77689 0.470482 1.2
      vertex 4.70777 0.936433 1.2
    endloop
  endfacet
  facet normal 0 0 1
    outer loop
      vertex 4.8 0 1.2
      vertex 3.3 0 1.2
      vertex 4.77689 -0.470482 1.2
    endloop
  endfacet
  facet normal 0 0 1
    outer loop
      vertex 3.23659 0.643798 1.2
      vertex 4.70777 0.936433 1.2
      vertex 4.59331 1.39337 1.2
    endloop
  endfacet
  facet normal -0 0 1
    outer loop
      vertex 3.28411 -0.323456 1.2
      vertex 4.77689 -0.470482 1.2
      vertex 3.3 0 1.2
    endloop
  endfacet
  facet normal 0 0 1
    outer loop
      vertex 3.1579 0.957939 1.2
      vertex 4.59331 1.39337 1.2
      vertex 4.43462 1.83688 1.2
    endloop
  endfacet
  facet normal 0 0 1
    outer loop
      vertex 4.77689 -0.470482 1.2
      vertex 3.28411 -0.323456 1.2
      vertex 4.70777 -0.936433 1.2
    endloop
  endfacet
  facet normal 0 0 1
    outer loop
      vertex 3.0488 1.26285 1.2
      vertex 4.43462 1.83688 1.2
      vertex 4.23322 2.2627 1.2
    endloop
  endfacet
  facet normal -0 0 1
    outer loop
      vertex 3.23659 -0.643798 1.2
      vertex 4.70777 -0.936433 1.2
      vertex 3.28411 -0.323456 1.2
    endloop
  endfacet
  facet normal 0 0 1
    outer loop
      vertex 2.91034 1.55561 1.2
      vertex 4.23322 2.2627 1.2
      vertex 3.99105 2.66674 1.2
    endloop
  endfacet
  facet normal 0 0 1
    outer loop
      vertex 4.70777 -0.936433 1.2
      vertex 3.23659 -0.643798 1.2
      vertex 4.59331 -1.39337 1.2
    endloop
  endfacet
  facet normal 0 0 1
    outer loop
      vertex 2.74385 1.83338 1.2
      vertex 3.99105 2.66674 1.2
      vertex 3.71045 3.04509 1.2
    endloop
  endfacet
  facet normal -0 0 1
    outer loop
      vertex 3.1579 -0.957939 1.2
      vertex 4.59331 -1.39337 1.2
      vertex 3.23659 -0.643798 1.2
    endloop
  endfacet
  facet normal 0 0 1
    outer loop
      vertex 2.55093 2.0935 1.2
      vertex 3.71045 3.04509 1.2
      vertex 3.39411 3.39411 1.2
    endloop
  endfacet
  facet normal 0 0 1
    outer loop
      vertex 4.59331 -1.39337 1.2
      vertex 3.1579 -0.957939 1.2
      vertex 4.43462 -1.83688 1.2
    endloop
  endfacet
  facet normal -0 0 1
    outer loop
      vertex 3.0488 -1.26285 1.2
      vertex 4.43462 -1.83688 1.2
      vertex 3.1579 -0.957939 1.2
    endloop
  endfacet
  facet normal 0 0 1
    outer loop
      vertex 4.77689 0.470482 1.2
      vertex 3.28411 0.323456 1.2
      vertex 3.3 0 1.2
    endloop
  endfacet
  facet normal 0 0 1
    outer loop
      vertex 4.70777 0.936433 1.2
      vertex 3.23659 0.643798 1.2
      vertex 3.28411 0.323456 1.2
    endloop
  endfacet
  facet normal 0 0 1
    outer loop
      vertex 4.59331 1.39337 1.2
      vertex 3.1579 0.957939 1.2
      vertex 3.23659 0.643798 1.2
    endloop
  endfacet
  facet normal 0 0 1
    outer loop
      vertex 4.43462 1.83688 1.2
      vertex 3.0488 1.26285 1.2
      vertex 3.1579 0.957939 1.2
    endloop
  endfacet
  facet normal 0 0 1
    outer loop
      vertex 2.33345 2.33345 1.2
      vertex 3.39411 3.39411 1.2
      vertex 3.04509 3.71045 1.2
    endloop
  endfacet
  facet normal 0 0 1
    outer loop
      vertex 4.23322 2.2627 1.2
      vertex 2.91034 1.55561 1.2
      vertex 3.0488 1.26285 1.2
    endloop
  endfacet
  facet normal 0 0 1
    outer loop
      vertex 3.99105 2.66674 1.2
      vertex 2.74385 1.83338 1.2
      vertex 2.91034 1.55561 1.2
    endloop
  endfacet
  facet normal 0 0 1
    outer loop
      vertex 2.0935 2.55093 1.2
      vertex 3.04509 3.71045 1.2
      vertex 2.66674 3.99105 1.2
    endloop
  endfacet
  facet normal 0 0 1
    outer loop
      vertex 3.71045 3.04509 1.2
      vertex 2.55093 2.0935 1.2
      vertex 2.74385 1.83338 1.2
    endloop
  endfacet
  facet normal 0 0 1
    outer loop
      vertex 3.39411 3.39411 1.2
      vertex 2.33345 2.33345 1.2
      vertex 2.55093 2.0935 1.2
    endloop
  endfacet
  facet normal 0 0 1
    outer loop
      vertex 1.83338 2.74385 1.2
      vertex 2.66674 3.99105 1.2
      vertex 2.2627 4.23322 1.2
    endloop
  endfacet
  facet normal 0 0 1
    outer loop
      vertex 3.04509 3.71045 1.2
      vertex 2.0935 2.55093 1.2
      vertex 2.33345 2.33345 1.2
    endloop
  endfacet
  facet normal 0 0 1
    outer loop
      vertex 1.55561 2.91034 1.2
      vertex 2.2627 4.23322 1.2
      vertex 1.83688 4.43462 1.2
    endloop
  endfacet
  facet normal 0 0 1
    outer loop
      vertex 2.66674 3.99105 1.2
      vertex 1.83338 2.74385 1.2
      vertex 2.0935 2.55093 1.2
    endloop
  endfacet
  facet normal 0 0 1
    outer loop
      vertex 2.2627 4.23322 1.2
      vertex 1.55561 2.91034 1.2
      vertex 1.83338 2.74385 1.2
    endloop
  endfacet
  facet normal 0 0 1
    outer loop
      vertex 1.26285 3.0488 1.2
      vertex 1.83688 4.43462 1.2
      vertex 1.39337 4.59331 1.2
    endloop
  endfacet
  facet normal 0 0 1
    outer loop
      vertex 1.83688 4.43462 1.2
      vertex 1.26285 3.0488 1.2
      vertex 1.55561 2.91034 1.2
    endloop
  endfacet
  facet normal 0 0 1
    outer loop
      vertex 1.39337 4.59331 1.2
      vertex 0.957939 3.1579 1.2
      vertex 1.26285 3.0488 1.2
    endloop
  endfacet
  facet normal 0 0 1
    outer loop
      vertex 0.936433 4.70777 1.2
      vertex 0.957939 3.1579 1.2
      vertex 1.39337 4.59331 1.2
    endloop
  endfacet
  facet normal 0 0 1
    outer loop
      vertex 0.936433 4.70777 1.2
      vertex 0.643798 3.23659 1.2
      vertex 0.957939 3.1579 1.2
    endloop
  endfacet
  facet normal 0 0 1
    outer loop
      vertex 0.470482 4.77689 1.2
      vertex 0.643798 3.23659 1.2
      vertex 0.936433 4.70777 1.2
    endloop
  endfacet
  facet normal 0 0 1
    outer loop
      vertex 0.470482 4.77689 1.2
      vertex 0.323456 3.28411 1.2
      vertex 0.643798 3.23659 1.2
    endloop
  endfacet
  facet normal 0 0 1
    outer loop
      vertex 0 4.8 1.2
      vertex 0.323456 3.28411 1.2
      vertex 0.470482 4.77689 1.2
    endloop
  endfacet
  facet normal 0 0 1
    outer loop
      vertex 0 4.8 1.2
      vertex 0 3.3 1.2
      vertex 0.323456 3.28411 1.2
    endloop
  endfacet
  facet normal 0 0 1
    outer loop
      vertex 0 4.8 1.2
      vertex -0.323456 3.28411 1.2
      vertex 0 3.3 1.2
    endloop
  endfacet
  facet normal -0 0 1
    outer loop
      vertex -0.470482 4.77689 1.2
      vertex -0.323456 3.28411 1.2
      vertex 0 4.8 1.2
    endloop
  endfacet
  facet normal 0 0 1
    outer loop
      vertex -0.470482 4.77689 1.2
      vertex -0.643798 3.23659 1.2
      vertex -0.323456 3.28411 1.2
    endloop
  endfacet
  facet normal -0 0 1
    outer loop
      vertex -0.936433 4.70777 1.2
      vertex -0.643798 3.23659 1.2
      vertex -0.470482 4.77689 1.2
    endloop
  endfacet
  facet normal 0 0 1
    outer loop
      vertex -0.936433 4.70777 1.2
      vertex -0.957939 3.1579 1.2
      vertex -0.643798 3.23659 1.2
    endloop
  endfacet
  facet normal -0 0 1
    outer loop
      vertex -1.39337 4.59331 1.2
      vertex -0.957939 3.1579 1.2
      vertex -0.936433 4.70777 1.2
    endloop
  endfacet
  facet normal 0 0 1
    outer loop
      vertex -0.957939 3.1579 1.2
      vertex -1.39337 4.59331 1.2
      vertex -1.26285 3.0488 1.2
    endloop
  endfacet
  facet normal -0 0 1
    outer loop
      vertex -1.83688 4.43462 1.2
      vertex -1.26285 3.0488 1.2
      vertex -1.39337 4.59331 1.2
    endloop
  endfacet
  facet normal 0 0 1
    outer loop
      vertex -1.26285 3.0488 1.2
      vertex -1.83688 4.43462 1.2
      vertex -1.55561 2.91034 1.2
    endloop
  endfacet
  facet normal -0 0 1
    outer loop
      vertex -2.2627 4.23322 1.2
      vertex -1.55561 2.91034 1.2
      vertex -1.83688 4.43462 1.2
    endloop
  endfacet
  facet normal 0 0 1
    outer loop
      vertex -1.55561 2.91034 1.2
      vertex -2.2627 4.23322 1.2
      vertex -1.83338 2.74385 1.2
    endloop
  endfacet
  facet normal -0 0 1
    outer loop
      vertex -2.66674 3.99105 1.2
      vertex -1.83338 2.74385 1.2
      vertex -2.2627 4.23322 1.2
    endloop
  endfacet
  facet normal 0 0 1
    outer loop
      vertex -1.83338 2.74385 1.2
      vertex -2.66674 3.99105 1.2
      vertex -2.0935 2.55093 1.2
    endloop
  endfacet
  facet normal -0 0 1
    outer loop
      vertex -3.04509 3.71045 1.2
      vertex -2.0935 2.55093 1.2
      vertex -2.66674 3.99105 1.2
    endloop
  endfacet
  facet normal 0 0 1
    outer loop
      vertex -2.0935 2.55093 1.2
      vertex -3.04509 3.71045 1.2
      vertex -2.33345 2.33345 1.2
    endloop
  endfacet
  facet normal -0 0 1
    outer loop
      vertex -3.39411 3.39411 1.2
      vertex -2.33345 2.33345 1.2
      vertex -3.04509 3.71045 1.2
    endloop
  endfacet
  facet normal 0 0 1
    outer loop
      vertex -2.33345 2.33345 1.2
      vertex -3.39411 3.39411 1.2
      vertex -2.55093 2.0935 1.2
    endloop
  endfacet
  facet normal -0 0 1
    outer loop
      vertex -3.71045 3.04509 1.2
      vertex -2.55093 2.0935 1.2
      vertex -3.39411 3.39411 1.2
    endloop
  endfacet
  facet normal 0 0 1
    outer loop
      vertex -2.55093 2.0935 1.2
      vertex -3.71045 3.04509 1.2
      vertex -2.74385 1.83338 1.2
    endloop
  endfacet
  facet normal -0 0 1
    outer loop
      vertex -3.99105 2.66674 1.2
      vertex -2.74385 1.83338 1.2
      vertex -3.71045 3.04509 1.2
    endloop
  endfacet
  facet normal 0 0 1
    outer loop
      vertex -2.74385 1.83338 1.2
      vertex -3.99105 2.66674 1.2
      vertex -2.91034 1.55561 1.2
    endloop
  endfacet
  facet normal -0 0 1
    outer loop
      vertex -4.23322 2.2627 1.2
      vertex -2.91034 1.55561 1.2
      vertex -3.99105 2.66674 1.2
    endloop
  endfacet
  facet normal -0 0 1
    outer loop
      vertex -4.43462 1.83688 1.2
      vertex -3.0488 1.26285 1.2
      vertex -4.23322 2.2627 1.2
    endloop
  endfacet
  facet normal 0 0 1
    outer loop
      vertex -2.91034 1.55561 1.2
      vertex -4.23322 2.2627 1.2
      vertex -3.0488 1.26285 1.2
    endloop
  endfacet
  facet normal 0 0 1
    outer loop
      vertex 4.43462 -1.83688 1.2
      vertex 3.0488 -1.26285 1.2
      vertex 4.23322 -2.2627 1.2
    endloop
  endfacet
  facet normal -0 0 1
    outer loop
      vertex 2.91034 -1.55561 1.2
      vertex 4.23322 -2.2627 1.2
      vertex 3.0488 -1.26285 1.2
    endloop
  endfacet
  facet normal 0 0 1
    outer loop
      vertex 4.23322 -2.2627 1.2
      vertex 2.91034 -1.55561 1.2
      vertex 3.99105 -2.66674 1.2
    endloop
  endfacet
  facet normal -0 0 1
    outer loop
      vertex 2.74385 -1.83338 1.2
      vertex 3.99105 -2.66674 1.2
      vertex 2.91034 -1.55561 1.2
    endloop
  endfacet
  facet normal 0 0 1
    outer loop
      vertex 3.99105 -2.66674 1.2
      vertex 2.74385 -1.83338 1.2
      vertex 3.71045 -3.04509 1.2
    endloop
  endfacet
  facet normal -0 0 1
    outer loop
      vertex 2.55093 -2.0935 1.2
      vertex 3.71045 -3.04509 1.2
      vertex 2.74385 -1.83338 1.2
    endloop
  endfacet
  facet normal 0 0 1
    outer loop
      vertex 3.71045 -3.04509 1.2
      vertex 2.55093 -2.0935 1.2
      vertex 3.39411 -3.39411 1.2
    endloop
  endfacet
  facet normal -0 0 1
    outer loop
      vertex 2.33345 -2.33345 1.2
      vertex 3.39411 -3.39411 1.2
      vertex 2.55093 -2.0935 1.2
    endloop
  endfacet
  facet normal 0 0 1
    outer loop
      vertex 3.39411 -3.39411 1.2
      vertex 2.33345 -2.33345 1.2
      vertex 3.04509 -3.71045 1.2
    endloop
  endfacet
  facet normal -0 0 1
    outer loop
      vertex 2.0935 -2.55093 1.2
      vertex 3.04509 -3.71045 1.2
      vertex 2.33345 -2.33345 1.2
    endloop
  endfacet
  facet normal 0 0 1
    outer loop
      vertex 3.04509 -3.71045 1.2
      vertex 2.0935 -2.55093 1.2
      vertex 2.66674 -3.99105 1.2
    endloop
  endfacet
  facet normal -0 0 1
    outer loop
      vertex 1.83338 -2.74385 1.2
      vertex 2.66674 -3.99105 1.2
      vertex 2.0935 -2.55093 1.2
    endloop
  endfacet
  facet normal 0 0 1
    outer loop
      vertex 2.66674 -3.99105 1.2
      vertex 1.83338 -2.74385 1.2
      vertex 2.2627 -4.23322 1.2
    endloop
  endfacet
  facet normal -0 0 1
    outer loop
      vertex 1.55561 -2.91034 1.2
      vertex 2.2627 -4.23322 1.2
      vertex 1.83338 -2.74385 1.2
    endloop
  endfacet
  facet normal 0 0 1
    outer loop
      vertex 2.2627 -4.23322 1.2
      vertex 1.55561 -2.91034 1.2
      vertex 1.83688 -4.43462 1.2
    endloop
  endfacet
  facet normal -0 0 1
    outer loop
      vertex 1.26285 -3.0488 1.2
      vertex 1.83688 -4.43462 1.2
      vertex 1.55561 -2.91034 1.2
    endloop
  endfacet
  facet normal 0 0 1
    outer loop
      vertex 1.83688 -4.43462 1.2
      vertex 1.26285 -3.0488 1.2
      vertex 1.39337 -4.59331 1.2
    endloop
  endfacet
  facet normal -0 0 1
    outer loop
      vertex 0.957939 -3.1579 1.2
      vertex 1.39337 -4.59331 1.2
      vertex 1.26285 -3.0488 1.2
    endloop
  endfacet
  facet normal 0 0 1
    outer loop
      vertex 0.957939 -3.1579 1.2
      vertex 0.936433 -4.70777 1.2
      vertex 1.39337 -4.59331 1.2
    endloop
  endfacet
  facet normal -0 0 1
    outer loop
      vertex 0.643798 -3.23659 1.2
      vertex 0.936433 -4.70777 1.2
      vertex 0.957939 -3.1579 1.2
    endloop
  endfacet
  facet normal 0 0 1
    outer loop
      vertex 0.643798 -3.23659 1.2
      vertex 0.470482 -4.77689 1.2
      vertex 0.936433 -4.70777 1.2
    endloop
  endfacet
  facet normal -0 0 1
    outer loop
      vertex 0.323456 -3.28411 1.2
      vertex 0.470482 -4.77689 1.2
      vertex 0.643798 -3.23659 1.2
    endloop
  endfacet
  facet normal -0 0 1
    outer loop
      vertex 0 -3.3 1.2
      vertex 0.470482 -4.77689 1.2
      vertex 0.323456 -3.28411 1.2
    endloop
  endfacet
  facet normal 0 0 1
    outer loop
      vertex 0 -3.3 1.2
      vertex 0 -4.8 1.2
      vertex 0.470482 -4.77689 1.2
    endloop
  endfacet
  facet normal 0 0 1
    outer loop
      vertex -0.323456 -3.28411 1.2
      vertex 0 -4.8 1.2
      vertex 0 -3.3 1.2
    endloop
  endfacet
  facet normal 0 0 1
    outer loop
      vertex -0.323456 -3.28411 1.2
      vertex -0.470482 -4.77689 1.2
      vertex 0 -4.8 1.2
    endloop
  endfacet
  facet normal 0 0 1
    outer loop
      vertex -0.643798 -3.23659 1.2
      vertex -0.470482 -4.77689 1.2
      vertex -0.323456 -3.28411 1.2
    endloop
  endfacet
  facet normal 0 0 1
    outer loop
      vertex -0.643798 -3.23659 1.2
      vertex -0.936433 -4.70777 1.2
      vertex -0.470482 -4.77689 1.2
    endloop
  endfacet
  facet normal 0 0 1
    outer loop
      vertex -0.957939 -3.1579 1.2
      vertex -0.936433 -4.70777 1.2
      vertex -0.643798 -3.23659 1.2
    endloop
  endfacet
  facet normal 0 0 1
    outer loop
      vertex -1.39337 -4.59331 1.2
      vertex -0.957939 -3.1579 1.2
      vertex -1.26285 -3.0488 1.2
    endloop
  endfacet
  facet normal 0 0 1
    outer loop
      vertex -0.957939 -3.1579 1.2
      vertex -1.39337 -4.59331 1.2
      vertex -0.936433 -4.70777 1.2
    endloop
  endfacet
  facet normal 0 0 1
    outer loop
      vertex -1.83688 -4.43462 1.2
      vertex -1.26285 -3.0488 1.2
      vertex -1.55561 -2.91034 1.2
    endloop
  endfacet
  facet normal 0 0 1
    outer loop
      vertex -2.2627 -4.23322 1.2
      vertex -1.55561 -2.91034 1.2
      vertex -1.83338 -2.74385 1.2
    endloop
  endfacet
  facet normal 0 0 1
    outer loop
      vertex -1.26285 -3.0488 1.2
      vertex -1.83688 -4.43462 1.2
      vertex -1.39337 -4.59331 1.2
    endloop
  endfacet
  facet normal 0 0 1
    outer loop
      vertex -2.66674 -3.99105 1.2
      vertex -1.83338 -2.74385 1.2
      vertex -2.0935 -2.55093 1.2
    endloop
  endfacet
  facet normal 0 0 1
    outer loop
      vertex -1.55561 -2.91034 1.2
      vertex -2.2627 -4.23322 1.2
      vertex -1.83688 -4.43462 1.2
    endloop
  endfacet
  facet normal 0 0 1
    outer loop
      vertex -3.04509 -3.71045 1.2
      vertex -2.0935 -2.55093 1.2
      vertex -2.33345 -2.33345 1.2
    endloop
  endfacet
  facet normal 0 0 1
    outer loop
      vertex -3.39411 -3.39411 1.2
      vertex -2.33345 -2.33345 1.2
      vertex -2.55093 -2.0935 1.2
    endloop
  endfacet
  facet normal 0 0 1
    outer loop
      vertex -1.83338 -2.74385 1.2
      vertex -2.66674 -3.99105 1.2
      vertex -2.2627 -4.23322 1.2
    endloop
  endfacet
  facet normal 0 0 1
    outer loop
      vertex -3.71045 -3.04509 1.2
      vertex -2.55093 -2.0935 1.2
      vertex -2.74385 -1.83338 1.2
    endloop
  endfacet
  facet normal 0 0 1
    outer loop
      vertex -3.99105 -2.66674 1.2
      vertex -2.74385 -1.83338 1.2
      vertex -2.91034 -1.55561 1.2
    endloop
  endfacet
  facet normal 0 0 1
    outer loop
      vertex -2.0935 -2.55093 1.2
      vertex -3.04509 -3.71045 1.2
      vertex -2.66674 -3.99105 1.2
    endloop
  endfacet
  facet normal 0 0 1
    outer loop
      vertex -4.23322 -2.2627 1.2
      vertex -2.91034 -1.55561 1.2
      vertex -3.0488 -1.26285 1.2
    endloop
  endfacet
  facet normal 0 0 1
    outer loop
      vertex -4.43462 -1.83688 1.2
      vertex -3.0488 -1.26285 1.2
      vertex -3.1579 -0.957939 1.2
    endloop
  endfacet
  facet normal 0 0 1
    outer loop
      vertex -4.59331 -1.39337 1.2
      vertex -3.1579 -0.957939 1.2
      vertex -3.23659 -0.643798 1.2
    endloop
  endfacet
  facet normal 0 0 1
    outer loop
      vertex -4.70777 -0.936433 1.2
      vertex -3.23659 -0.643798 1.2
      vertex -3.28411 -0.323456 1.2
    endloop
  endfacet
  facet normal 0 0 1
    outer loop
      vertex -2.33345 -2.33345 1.2
      vertex -3.39411 -3.39411 1.2
      vertex -3.04509 -3.71045 1.2
    endloop
  endfacet
  facet normal 0 0 1
    outer loop
      vertex -4.77689 -0.470482 1.2
      vertex -3.28411 -0.323456 1.2
      vertex -3.3 0 1.2
    endloop
  endfacet
  facet normal 0 0 1
    outer loop
      vertex -3.0488 1.26285 1.2
      vertex -4.43462 1.83688 1.2
      vertex -3.1579 0.957939 1.2
    endloop
  endfacet
  facet normal -0 0 1
    outer loop
      vertex -4.59331 1.39337 1.2
      vertex -3.1579 0.957939 1.2
      vertex -4.43462 1.83688 1.2
    endloop
  endfacet
  facet normal 0 0 1
    outer loop
      vertex -2.55093 -2.0935 1.2
      vertex -3.71045 -3.04509 1.2
      vertex -3.39411 -3.39411 1.2
    endloop
  endfacet
  facet normal 0 0 1
    outer loop
      vertex -3.1579 0.957939 1.2
      vertex -4.59331 1.39337 1.2
      vertex -3.23659 0.643798 1.2
    endloop
  endfacet
  facet normal 0 0 1
    outer loop
      vertex -2.74385 -1.83338 1.2
      vertex -3.99105 -2.66674 1.2
      vertex -3.71045 -3.04509 1.2
    endloop
  endfacet
  facet normal -0 0 1
    outer loop
      vertex -4.70777 0.936433 1.2
      vertex -3.23659 0.643798 1.2
      vertex -4.59331 1.39337 1.2
    endloop
  endfacet
  facet normal 0 0 1
    outer loop
      vertex -2.91034 -1.55561 1.2
      vertex -4.23322 -2.2627 1.2
      vertex -3.99105 -2.66674 1.2
    endloop
  endfacet
  facet normal 0 0 1
    outer loop
      vertex -3.23659 0.643798 1.2
      vertex -4.70777 0.936433 1.2
      vertex -3.28411 0.323456 1.2
    endloop
  endfacet
  facet normal 0 0 1
    outer loop
      vertex -3.0488 -1.26285 1.2
      vertex -4.43462 -1.83688 1.2
      vertex -4.23322 -2.2627 1.2
    endloop
  endfacet
  facet normal -0 0 1
    outer loop
      vertex -4.77689 0.470482 1.2
      vertex -3.28411 0.323456 1.2
      vertex -4.70777 0.936433 1.2
    endloop
  endfacet
  facet normal 0 0 1
    outer loop
      vertex -3.1579 -0.957939 1.2
      vertex -4.59331 -1.39337 1.2
      vertex -4.43462 -1.83688 1.2
    endloop
  endfacet
  facet normal 0 0 1
    outer loop
      vertex -3.28411 0.323456 1.2
      vertex -4.77689 0.470482 1.2
      vertex -3.3 0 1.2
    endloop
  endfacet
  facet normal 0 0 1
    outer loop
      vertex -3.23659 -0.643798 1.2
      vertex -4.70777 -0.936433 1.2
      vertex -4.59331 -1.39337 1.2
    endloop
  endfacet
  facet normal 0 0 1
    outer loop
      vertex -4.8 0 1.2
      vertex -3.3 0 1.2
      vertex -4.77689 0.470482 1.2
    endloop
  endfacet
  facet normal 0 0 1
    outer loop
      vertex -3.28411 -0.323456 1.2
      vertex -4.77689 -0.470482 1.2
      vertex -4.70777 -0.936433 1.2
    endloop
  endfacet
  facet normal 0 0 1
    outer loop
      vertex -3.3 0 1.2
      vertex -4.8 0 1.2
      vertex -4.77689 -0.470482 1.2
    endloop
  endfacet
  facet normal -0.97003 0.242987 0
    outer loop
      vertex -4.70777 0.936433 0
      vertex -4.59331 1.39337 1.2
      vertex -4.59331 1.39337 0
    endloop
  endfacet
  facet normal -0.97003 0.242987 0
    outer loop
      vertex -4.59331 1.39337 1.2
      vertex -4.70777 0.936433 0
      vertex -4.70777 0.936433 1.2
    endloop
  endfacet
  facet normal -0.989176 0.146736 0
    outer loop
      vertex -4.77689 0.470482 0
      vertex -4.70777 0.936433 1.2
      vertex -4.70777 0.936433 0
    endloop
  endfacet
  facet normal -0.989176 0.146736 0
    outer loop
      vertex -4.70777 0.936433 1.2
      vertex -4.77689 0.470482 0
      vertex -4.77689 0.470482 1.2
    endloop
  endfacet
  facet normal -0.903988 0.427559 0
    outer loop
      vertex -4.43462 1.83688 0
      vertex -4.23322 2.2627 1.2
      vertex -4.23322 2.2627 0
    endloop
  endfacet
  facet normal -0.903988 0.427559 0
    outer loop
      vertex -4.23322 2.2627 1.2
      vertex -4.43462 1.83688 0
      vertex -4.43462 1.83688 1.2
    endloop
  endfacet
  facet normal -0.857731 0.514099 0
    outer loop
      vertex -4.23322 2.2627 0
      vertex -3.99105 2.66674 1.2
      vertex -3.99105 2.66674 0
    endloop
  endfacet
  facet normal -0.857731 0.514099 0
    outer loop
      vertex -3.99105 2.66674 1.2
      vertex -4.23322 2.2627 0
      vertex -4.23322 2.2627 1.2
    endloop
  endfacet
  facet normal -0.336889 0.941544 0
    outer loop
      vertex -1.39337 4.59331 0
      vertex -1.83688 4.43462 1.2
      vertex -1.39337 4.59331 1.2
    endloop
  endfacet
  facet normal -0.336889 0.941544 0
    outer loop
      vertex -1.83688 4.43462 1.2
      vertex -1.39337 4.59331 0
      vertex -1.83688 4.43462 0
    endloop
  endfacet
  facet normal -0.146736 0.989176 0
    outer loop
      vertex -0.470482 4.77689 0
      vertex -0.936433 4.70777 1.2
      vertex -0.470482 4.77689 1.2
    endloop
  endfacet
  facet normal -0.146736 0.989176 0
    outer loop
      vertex -0.936433 4.70777 1.2
      vertex -0.470482 4.77689 0
      vertex -0.936433 4.70777 0
    endloop
  endfacet
  facet normal -0.595695 0.803211 0
    outer loop
      vertex -2.66674 3.99105 0
      vertex -3.04509 3.71045 1.2
      vertex -2.66674 3.99105 1.2
    endloop
  endfacet
  facet normal -0.595695 0.803211 0
    outer loop
      vertex -3.04509 3.71045 1.2
      vertex -2.66674 3.99105 0
      vertex -3.04509 3.71045 0
    endloop
  endfacet
  facet normal -0.671567 0.740944 0
    outer loop
      vertex -3.04509 3.71045 0
      vertex -3.39411 3.39411 1.2
      vertex -3.04509 3.71045 1.2
    endloop
  endfacet
  facet normal -0.671567 0.740944 0
    outer loop
      vertex -3.39411 3.39411 1.2
      vertex -3.04509 3.71045 0
      vertex -3.39411 3.39411 0
    endloop
  endfacet
  facet normal -0.514099 0.857731 0
    outer loop
      vertex -2.2627 4.23322 0
      vertex -2.66674 3.99105 1.2
      vertex -2.2627 4.23322 1.2
    endloop
  endfacet
  facet normal -0.514099 0.857731 0
    outer loop
      vertex -2.66674 3.99105 1.2
      vertex -2.2627 4.23322 0
      vertex -2.66674 3.99105 0
    endloop
  endfacet
  facet normal -0.740944 0.671567 0
    outer loop
      vertex -3.71045 3.04509 0
      vertex -3.39411 3.39411 1.2
      vertex -3.39411 3.39411 0
    endloop
  endfacet
  facet normal -0.740944 0.671567 0
    outer loop
      vertex -3.39411 3.39411 1.2
      vertex -3.71045 3.04509 0
      vertex -3.71045 3.04509 1.2
    endloop
  endfacet
  facet normal 0.998796 0.0490607 0
    outer loop
      vertex 4.8 0 1.2
      vertex 4.77689 0.470482 0
      vertex 4.77689 0.470482 1.2
    endloop
  endfacet
  facet normal 0.998796 0.0490607 0
    outer loop
      vertex 4.77689 0.470482 0
      vertex 4.8 0 1.2
      vertex 4.8 0 0
    endloop
  endfacet
  facet normal 0.97003 -0.242987 0
    outer loop
      vertex 4.59331 -1.39337 1.2
      vertex 4.70777 -0.936433 0
      vertex 4.70777 -0.936433 1.2
    endloop
  endfacet
  facet normal 0.97003 -0.242987 0
    outer loop
      vertex 4.70777 -0.936433 0
      vertex 4.59331 -1.39337 1.2
      vertex 4.59331 -1.39337 0
    endloop
  endfacet
  facet normal 0.903988 0.427559 0
    outer loop
      vertex 4.43462 1.83688 1.2
      vertex 4.23322 2.2627 0
      vertex 4.23322 2.2627 1.2
    endloop
  endfacet
  facet normal 0.903988 0.427559 0
    outer loop
      vertex 4.23322 2.2627 0
      vertex 4.43462 1.83688 1.2
      vertex 4.43462 1.83688 0
    endloop
  endfacet
  facet normal 0.941544 0.336889 0
    outer loop
      vertex 4.59331 1.39337 1.2
      vertex 4.43462 1.83688 0
      vertex 4.43462 1.83688 1.2
    endloop
  endfacet
  facet normal 0.941544 0.336889 0
    outer loop
      vertex 4.43462 1.83688 0
      vertex 4.59331 1.39337 1.2
      vertex 4.59331 1.39337 0
    endloop
  endfacet
  facet normal 0.97003 0.242987 0
    outer loop
      vertex 4.70777 0.936433 1.2
      vertex 4.59331 1.39337 0
      vertex 4.59331 1.39337 1.2
    endloop
  endfacet
  facet normal 0.97003 0.242987 0
    outer loop
      vertex 4.59331 1.39337 0
      vertex 4.70777 0.936433 1.2
      vertex 4.70777 0.936433 0
    endloop
  endfacet
  facet normal 0.989176 -0.146736 0
    outer loop
      vertex 4.70777 -0.936433 1.2
      vertex 4.77689 -0.470482 0
      vertex 4.77689 -0.470482 1.2
    endloop
  endfacet
  facet normal 0.989176 -0.146736 0
    outer loop
      vertex 4.77689 -0.470482 0
      vertex 4.70777 -0.936433 1.2
      vertex 4.70777 -0.936433 0
    endloop
  endfacet
  facet normal 0.803211 -0.595695 0
    outer loop
      vertex 3.71045 -3.04509 1.2
      vertex 3.99105 -2.66674 0
      vertex 3.99105 -2.66674 1.2
    endloop
  endfacet
  facet normal 0.803211 -0.595695 0
    outer loop
      vertex 3.99105 -2.66674 0
      vertex 3.71045 -3.04509 1.2
      vertex 3.71045 -3.04509 0
    endloop
  endfacet
  facet normal 0.903988 -0.427559 0
    outer loop
      vertex 4.23322 -2.2627 1.2
      vertex 4.43462 -1.83688 0
      vertex 4.43462 -1.83688 1.2
    endloop
  endfacet
  facet normal 0.903988 -0.427559 0
    outer loop
      vertex 4.43462 -1.83688 0
      vertex 4.23322 -2.2627 1.2
      vertex 4.23322 -2.2627 0
    endloop
  endfacet
  facet normal 0.857731 -0.514099 0
    outer loop
      vertex 3.99105 -2.66674 1.2
      vertex 4.23322 -2.2627 0
      vertex 4.23322 -2.2627 1.2
    endloop
  endfacet
  facet normal 0.857731 -0.514099 0
    outer loop
      vertex 4.23322 -2.2627 0
      vertex 3.99105 -2.66674 1.2
      vertex 3.99105 -2.66674 0
    endloop
  endfacet
  facet normal -0.0490607 -0.998796 0
    outer loop
      vertex -0.470482 -4.77689 0
      vertex 0 -4.8 1.2
      vertex -0.470482 -4.77689 1.2
    endloop
  endfacet
  facet normal -0.0490607 -0.998796 -0
    outer loop
      vertex 0 -4.8 1.2
      vertex -0.470482 -4.77689 0
      vertex 0 -4.8 0
    endloop
  endfacet
  facet normal -0.998796 -0.0490607 0
    outer loop
      vertex -4.77689 -0.470482 0
      vertex -4.8 0 1.2
      vertex -4.8 0 0
    endloop
  endfacet
  facet normal -0.998796 -0.0490607 0
    outer loop
      vertex -4.8 0 1.2
      vertex -4.77689 -0.470482 0
      vertex -4.77689 -0.470482 1.2
    endloop
  endfacet
  facet normal 0.146736 -0.989176 0
    outer loop
      vertex 0.470482 -4.77689 0
      vertex 0.936433 -4.70777 1.2
      vertex 0.470482 -4.77689 1.2
    endloop
  endfacet
  facet normal 0.146736 -0.989176 0
    outer loop
      vertex 0.936433 -4.70777 1.2
      vertex 0.470482 -4.77689 0
      vertex 0.936433 -4.70777 0
    endloop
  endfacet
  facet normal 0.427559 -0.903988 0
    outer loop
      vertex 1.83688 -4.43462 0
      vertex 2.2627 -4.23322 1.2
      vertex 1.83688 -4.43462 1.2
    endloop
  endfacet
  facet normal 0.427559 -0.903988 0
    outer loop
      vertex 2.2627 -4.23322 1.2
      vertex 1.83688 -4.43462 0
      vertex 2.2627 -4.23322 0
    endloop
  endfacet
  facet normal 0.336889 -0.941544 0
    outer loop
      vertex 1.39337 -4.59331 0
      vertex 1.83688 -4.43462 1.2
      vertex 1.39337 -4.59331 1.2
    endloop
  endfacet
  facet normal 0.336889 -0.941544 0
    outer loop
      vertex 1.83688 -4.43462 1.2
      vertex 1.39337 -4.59331 0
      vertex 1.83688 -4.43462 0
    endloop
  endfacet
  facet normal 0.671567 -0.740944 0
    outer loop
      vertex 3.04509 -3.71045 0
      vertex 3.39411 -3.39411 1.2
      vertex 3.04509 -3.71045 1.2
    endloop
  endfacet
  facet normal 0.671567 -0.740944 0
    outer loop
      vertex 3.39411 -3.39411 1.2
      vertex 3.04509 -3.71045 0
      vertex 3.39411 -3.39411 0
    endloop
  endfacet
  facet normal 0.941544 -0.336889 0
    outer loop
      vertex 4.43462 -1.83688 1.2
      vertex 4.59331 -1.39337 0
      vertex 4.59331 -1.39337 1.2
    endloop
  endfacet
  facet normal 0.941544 -0.336889 0
    outer loop
      vertex 4.59331 -1.39337 0
      vertex 4.43462 -1.83688 1.2
      vertex 4.43462 -1.83688 0
    endloop
  endfacet
  facet normal -0.427559 -0.903988 0
    outer loop
      vertex -2.2627 -4.23322 0
      vertex -1.83688 -4.43462 1.2
      vertex -2.2627 -4.23322 1.2
    endloop
  endfacet
  facet normal -0.427559 -0.903988 -0
    outer loop
      vertex -1.83688 -4.43462 1.2
      vertex -2.2627 -4.23322 0
      vertex -1.83688 -4.43462 0
    endloop
  endfacet
  facet normal 0.0490607 -0.998796 0
    outer loop
      vertex 0 -4.8 0
      vertex 0.470482 -4.77689 1.2
      vertex 0 -4.8 1.2
    endloop
  endfacet
  facet normal 0.0490607 -0.998796 0
    outer loop
      vertex 0.470482 -4.77689 1.2
      vertex 0 -4.8 0
      vertex 0.470482 -4.77689 0
    endloop
  endfacet
  facet normal -0.857731 -0.514099 0
    outer loop
      vertex -3.99105 -2.66674 0
      vertex -4.23322 -2.2627 1.2
      vertex -4.23322 -2.2627 0
    endloop
  endfacet
  facet normal -0.857731 -0.514099 0
    outer loop
      vertex -4.23322 -2.2627 1.2
      vertex -3.99105 -2.66674 0
      vertex -3.99105 -2.66674 1.2
    endloop
  endfacet
  facet normal -0.941544 -0.336889 0
    outer loop
      vertex -4.43462 -1.83688 0
      vertex -4.59331 -1.39337 1.2
      vertex -4.59331 -1.39337 0
    endloop
  endfacet
  facet normal -0.941544 -0.336889 0
    outer loop
      vertex -4.59331 -1.39337 1.2
      vertex -4.43462 -1.83688 0
      vertex -4.43462 -1.83688 1.2
    endloop
  endfacet
  facet normal -0.97003 -0.242987 0
    outer loop
      vertex -4.59331 -1.39337 0
      vertex -4.70777 -0.936433 1.2
      vertex -4.70777 -0.936433 0
    endloop
  endfacet
  facet normal -0.97003 -0.242987 0
    outer loop
      vertex -4.70777 -0.936433 1.2
      vertex -4.59331 -1.39337 0
      vertex -4.59331 -1.39337 1.2
    endloop
  endfacet
  facet normal -0.903988 -0.427559 0
    outer loop
      vertex -4.23322 -2.2627 0
      vertex -4.43462 -1.83688 1.2
      vertex -4.43462 -1.83688 0
    endloop
  endfacet
  facet normal -0.903988 -0.427559 0
    outer loop
      vertex -4.43462 -1.83688 1.2
      vertex -4.23322 -2.2627 0
      vertex -4.23322 -2.2627 1.2
    endloop
  endfacet
  facet normal 0.242987 -0.97003 0
    outer loop
      vertex 0.936433 -4.70777 0
      vertex 1.39337 -4.59331 1.2
      vertex 0.936433 -4.70777 1.2
    endloop
  endfacet
  facet normal 0.242987 -0.97003 0
    outer loop
      vertex 1.39337 -4.59331 1.2
      vertex 0.936433 -4.70777 0
      vertex 1.39337 -4.59331 0
    endloop
  endfacet
  facet normal 0.740944 -0.671567 0
    outer loop
      vertex 3.39411 -3.39411 1.2
      vertex 3.71045 -3.04509 0
      vertex 3.71045 -3.04509 1.2
    endloop
  endfacet
  facet normal 0.740944 -0.671567 0
    outer loop
      vertex 3.71045 -3.04509 0
      vertex 3.39411 -3.39411 1.2
      vertex 3.39411 -3.39411 0
    endloop
  endfacet
  facet normal 0.595695 -0.803211 0
    outer loop
      vertex 2.66674 -3.99105 0
      vertex 3.04509 -3.71045 1.2
      vertex 2.66674 -3.99105 1.2
    endloop
  endfacet
  facet normal 0.595695 -0.803211 0
    outer loop
      vertex 3.04509 -3.71045 1.2
      vertex 2.66674 -3.99105 0
      vertex 3.04509 -3.71045 0
    endloop
  endfacet
  facet normal -0.595695 -0.803211 0
    outer loop
      vertex -3.04509 -3.71045 0
      vertex -2.66674 -3.99105 1.2
      vertex -3.04509 -3.71045 1.2
    endloop
  endfacet
  facet normal -0.595695 -0.803211 -0
    outer loop
      vertex -2.66674 -3.99105 1.2
      vertex -3.04509 -3.71045 0
      vertex -2.66674 -3.99105 0
    endloop
  endfacet
  facet normal -0.242987 -0.97003 0
    outer loop
      vertex -1.39337 -4.59331 0
      vertex -0.936433 -4.70777 1.2
      vertex -1.39337 -4.59331 1.2
    endloop
  endfacet
  facet normal -0.242987 -0.97003 -0
    outer loop
      vertex -0.936433 -4.70777 1.2
      vertex -1.39337 -4.59331 0
      vertex -0.936433 -4.70777 0
    endloop
  endfacet
  facet normal -0.146736 -0.989176 0
    outer loop
      vertex -0.936433 -4.70777 0
      vertex -0.470482 -4.77689 1.2
      vertex -0.936433 -4.70777 1.2
    endloop
  endfacet
  facet normal -0.146736 -0.989176 -0
    outer loop
      vertex -0.470482 -4.77689 1.2
      vertex -0.936433 -4.70777 0
      vertex -0.470482 -4.77689 0
    endloop
  endfacet
  facet normal -0.740944 -0.671567 0
    outer loop
      vertex -3.39411 -3.39411 0
      vertex -3.71045 -3.04509 1.2
      vertex -3.71045 -3.04509 0
    endloop
  endfacet
  facet normal -0.740944 -0.671567 0
    outer loop
      vertex -3.71045 -3.04509 1.2
      vertex -3.39411 -3.39411 0
      vertex -3.39411 -3.39411 1.2
    endloop
  endfacet
  facet normal -0.803211 -0.595695 0
    outer loop
      vertex -3.71045 -3.04509 0
      vertex -3.99105 -2.66674 1.2
      vertex -3.99105 -2.66674 0
    endloop
  endfacet
  facet normal -0.803211 -0.595695 0
    outer loop
      vertex -3.99105 -2.66674 1.2
      vertex -3.71045 -3.04509 0
      vertex -3.71045 -3.04509 1.2
    endloop
  endfacet
  facet normal -0.671567 -0.740944 0
    outer loop
      vertex -3.39411 -3.39411 0
      vertex -3.04509 -3.71045 1.2
      vertex -3.39411 -3.39411 1.2
    endloop
  endfacet
  facet normal -0.671567 -0.740944 -0
    outer loop
      vertex -3.04509 -3.71045 1.2
      vertex -3.39411 -3.39411 0
      vertex -3.04509 -3.71045 0
    endloop
  endfacet
  facet normal 0 0 -1
    outer loop
      vertex 1.6 0 0
      vertex 4.8 0 0
      vertex 4.77689 -0.470482 0
    endloop
  endfacet
  facet normal 0 0 -1
    outer loop
      vertex 1.59229 -0.156827 0
      vertex 4.77689 -0.470482 0
      vertex 4.70777 -0.936433 0
    endloop
  endfacet
  facet normal 0 0 -1
    outer loop
      vertex 4.8 0 0
      vertex 1.6 0 0
      vertex 4.77689 0.470482 0
    endloop
  endfacet
  facet normal 0 0 -1
    outer loop
      vertex 1.56926 -0.312144 0
      vertex 4.70777 -0.936433 0
      vertex 4.59331 -1.39337 0
    endloop
  endfacet
  facet normal 0 0 -1
    outer loop
      vertex 1.59229 0.156827 0
      vertex 4.77689 0.470482 0
      vertex 1.6 0 0
    endloop
  endfacet
  facet normal 0 0 -1
    outer loop
      vertex 1.5311 -0.464455 0
      vertex 4.59331 -1.39337 0
      vertex 4.43462 -1.83688 0
    endloop
  endfacet
  facet normal -0 0 -1
    outer loop
      vertex 4.77689 0.470482 0
      vertex 1.59229 0.156827 0
      vertex 4.70777 0.936433 0
    endloop
  endfacet
  facet normal 0 0 -1
    outer loop
      vertex 1.47821 -0.612293 0
      vertex 4.43462 -1.83688 0
      vertex 4.23322 -2.2627 0
    endloop
  endfacet
  facet normal 0 0 -1
    outer loop
      vertex 1.56926 0.312144 0
      vertex 4.70777 0.936433 0
      vertex 1.59229 0.156827 0
    endloop
  endfacet
  facet normal 0 0 -1
    outer loop
      vertex 1.41107 -0.754234 0
      vertex 4.23322 -2.2627 0
      vertex 3.99105 -2.66674 0
    endloop
  endfacet
  facet normal -0 0 -1
    outer loop
      vertex 4.70777 0.936433 0
      vertex 1.56926 0.312144 0
      vertex 4.59331 1.39337 0
    endloop
  endfacet
  facet normal 0 0 -1
    outer loop
      vertex 1.33035 -0.888912 0
      vertex 3.99105 -2.66674 0
      vertex 3.71045 -3.04509 0
    endloop
  endfacet
  facet normal 0 0 -1
    outer loop
      vertex 1.5311 0.464455 0
      vertex 4.59331 1.39337 0
      vertex 1.56926 0.312144 0
    endloop
  endfacet
  facet normal 0 0 -1
    outer loop
      vertex 1.23682 -1.01503 0
      vertex 3.71045 -3.04509 0
      vertex 3.39411 -3.39411 0
    endloop
  endfacet
  facet normal -0 0 -1
    outer loop
      vertex 4.59331 1.39337 0
      vertex 1.5311 0.464455 0
      vertex 4.43462 1.83688 0
    endloop
  endfacet
  facet normal 0 0 -1
    outer loop
      vertex 1.13137 -1.13137 0
      vertex 3.39411 -3.39411 0
      vertex 3.04509 -3.71045 0
    endloop
  endfacet
  facet normal 0 0 -1
    outer loop
      vertex 1.47821 0.612293 0
      vertex 4.43462 1.83688 0
      vertex 1.5311 0.464455 0
    endloop
  endfacet
  facet normal 0 0 -1
    outer loop
      vertex 1.01503 -1.23682 0
      vertex 3.04509 -3.71045 0
      vertex 2.66674 -3.99105 0
    endloop
  endfacet
  facet normal -0 0 -1
    outer loop
      vertex 4.43462 1.83688 0
      vertex 1.47821 0.612293 0
      vertex 4.23322 2.2627 0
    endloop
  endfacet
  facet normal 0 0 -1
    outer loop
      vertex 0.888912 -1.33035 0
      vertex 2.66674 -3.99105 0
      vertex 2.2627 -4.23322 0
    endloop
  endfacet
  facet normal 0 0 -1
    outer loop
      vertex 1.41107 0.754234 0
      vertex 4.23322 2.2627 0
      vertex 1.47821 0.612293 0
    endloop
  endfacet
  facet normal 0 0 -1
    outer loop
      vertex 0.754234 -1.41107 0
      vertex 2.2627 -4.23322 0
      vertex 1.83688 -4.43462 0
    endloop
  endfacet
  facet normal -0 0 -1
    outer loop
      vertex 4.23322 2.2627 0
      vertex 1.41107 0.754234 0
      vertex 3.99105 2.66674 0
    endloop
  endfacet
  facet normal 0 0 -1
    outer loop
      vertex 1.33035 0.888912 0
      vertex 3.99105 2.66674 0
      vertex 1.41107 0.754234 0
    endloop
  endfacet
  facet normal 0 0 -1
    outer loop
      vertex 4.77689 -0.470482 0
      vertex 1.59229 -0.156827 0
      vertex 1.6 0 0
    endloop
  endfacet
  facet normal 0 0 -1
    outer loop
      vertex 4.70777 -0.936433 0
      vertex 1.56926 -0.312144 0
      vertex 1.59229 -0.156827 0
    endloop
  endfacet
  facet normal 0 0 -1
    outer loop
      vertex 4.59331 -1.39337 0
      vertex 1.5311 -0.464455 0
      vertex 1.56926 -0.312144 0
    endloop
  endfacet
  facet normal 0 0 -1
    outer loop
      vertex 4.43462 -1.83688 0
      vertex 1.47821 -0.612293 0
      vertex 1.5311 -0.464455 0
    endloop
  endfacet
  facet normal 0 0 -1
    outer loop
      vertex 4.23322 -2.2627 0
      vertex 1.41107 -0.754234 0
      vertex 1.47821 -0.612293 0
    endloop
  endfacet
  facet normal 0 0 -1
    outer loop
      vertex 0.612293 -1.47821 0
      vertex 1.83688 -4.43462 0
      vertex 1.39337 -4.59331 0
    endloop
  endfacet
  facet normal 0 0 -1
    outer loop
      vertex 3.99105 -2.66674 0
      vertex 1.33035 -0.888912 0
      vertex 1.41107 -0.754234 0
    endloop
  endfacet
  facet normal 0 0 -1
    outer loop
      vertex 3.71045 -3.04509 0
      vertex 1.23682 -1.01503 0
      vertex 1.33035 -0.888912 0
    endloop
  endfacet
  facet normal 0 0 -1
    outer loop
      vertex 3.39411 -3.39411 0
      vertex 1.13137 -1.13137 0
      vertex 1.23682 -1.01503 0
    endloop
  endfacet
  facet normal 0 0 -1
    outer loop
      vertex 3.04509 -3.71045 0
      vertex 1.01503 -1.23682 0
      vertex 1.13137 -1.13137 0
    endloop
  endfacet
  facet normal 0 0 -1
    outer loop
      vertex 0.464455 -1.5311 0
      vertex 1.39337 -4.59331 0
      vertex 0.936433 -4.70777 0
    endloop
  endfacet
  facet normal 0 0 -1
    outer loop
      vertex 2.66674 -3.99105 0
      vertex 0.888912 -1.33035 0
      vertex 1.01503 -1.23682 0
    endloop
  endfacet
  facet normal 0 0 -1
    outer loop
      vertex 2.2627 -4.23322 0
      vertex 0.754234 -1.41107 0
      vertex 0.888912 -1.33035 0
    endloop
  endfacet
  facet normal 0 0 -1
    outer loop
      vertex 1.83688 -4.43462 0
      vertex 0.612293 -1.47821 0
      vertex 0.754234 -1.41107 0
    endloop
  endfacet
  facet normal 0 0 -1
    outer loop
      vertex 0.312144 -1.56926 0
      vertex 0.936433 -4.70777 0
      vertex 0.470482 -4.77689 0
    endloop
  endfacet
  facet normal 0 0 -1
    outer loop
      vertex 1.39337 -4.59331 0
      vertex 0.464455 -1.5311 0
      vertex 0.612293 -1.47821 0
    endloop
  endfacet
  facet normal 0 0 -1
    outer loop
      vertex 0.936433 -4.70777 0
      vertex 0.312144 -1.56926 0
      vertex 0.464455 -1.5311 0
    endloop
  endfacet
  facet normal 0 0 -1
    outer loop
      vertex 0.470482 -4.77689 0
      vertex 0.156827 -1.59229 0
      vertex 0.312144 -1.56926 0
    endloop
  endfacet
  facet normal 0 0 -1
    outer loop
      vertex 0 -4.8 0
      vertex 0.156827 -1.59229 0
      vertex 0.470482 -4.77689 0
    endloop
  endfacet
  facet normal 0 0 -1
    outer loop
      vertex 0 -4.8 0
      vertex 0 -1.6 0
      vertex 0.156827 -1.59229 0
    endloop
  endfacet
  facet normal 0 0 -1
    outer loop
      vertex 0 -4.8 0
      vertex -0.156827 -1.59229 0
      vertex 0 -1.6 0
    endloop
  endfacet
  facet normal 0 0 -1
    outer loop
      vertex -0.470482 -4.77689 0
      vertex -0.156827 -1.59229 0
      vertex 0 -4.8 0
    endloop
  endfacet
  facet normal -0 0 -1
    outer loop
      vertex -0.156827 -1.59229 0
      vertex -0.470482 -4.77689 0
      vertex -0.312144 -1.56926 0
    endloop
  endfacet
  facet normal 0 0 -1
    outer loop
      vertex -0.936433 -4.70777 0
      vertex -0.312144 -1.56926 0
      vertex -0.470482 -4.77689 0
    endloop
  endfacet
  facet normal -0 0 -1
    outer loop
      vertex -0.312144 -1.56926 0
      vertex -0.936433 -4.70777 0
      vertex -0.464455 -1.5311 0
    endloop
  endfacet
  facet normal 0 0 -1
    outer loop
      vertex -1.39337 -4.59331 0
      vertex -0.464455 -1.5311 0
      vertex -0.936433 -4.70777 0
    endloop
  endfacet
  facet normal -0 0 -1
    outer loop
      vertex -0.464455 -1.5311 0
      vertex -1.39337 -4.59331 0
      vertex -0.612293 -1.47821 0
    endloop
  endfacet
  facet normal 0 0 -1
    outer loop
      vertex -1.83688 -4.43462 0
      vertex -0.612293 -1.47821 0
      vertex -1.39337 -4.59331 0
    endloop
  endfacet
  facet normal -0 0 -1
    outer loop
      vertex -0.612293 -1.47821 0
      vertex -1.83688 -4.43462 0
      vertex -0.754234 -1.41107 0
    endloop
  endfacet
  facet normal 0 0 -1
    outer loop
      vertex -2.2627 -4.23322 0
      vertex -0.754234 -1.41107 0
      vertex -1.83688 -4.43462 0
    endloop
  endfacet
  facet normal -0 0 -1
    outer loop
      vertex -0.754234 -1.41107 0
      vertex -2.2627 -4.23322 0
      vertex -0.888912 -1.33035 0
    endloop
  endfacet
  facet normal 0 0 -1
    outer loop
      vertex -2.66674 -3.99105 0
      vertex -0.888912 -1.33035 0
      vertex -2.2627 -4.23322 0
    endloop
  endfacet
  facet normal -0 0 -1
    outer loop
      vertex -0.888912 -1.33035 0
      vertex -2.66674 -3.99105 0
      vertex -1.01503 -1.23682 0
    endloop
  endfacet
  facet normal 0 0 -1
    outer loop
      vertex -3.04509 -3.71045 0
      vertex -1.01503 -1.23682 0
      vertex -2.66674 -3.99105 0
    endloop
  endfacet
  facet normal -0 0 -1
    outer loop
      vertex -1.01503 -1.23682 0
      vertex -3.04509 -3.71045 0
      vertex -1.13137 -1.13137 0
    endloop
  endfacet
  facet normal 0 0 -1
    outer loop
      vertex -3.39411 -3.39411 0
      vertex -1.13137 -1.13137 0
      vertex -3.04509 -3.71045 0
    endloop
  endfacet
  facet normal -0 0 -1
    outer loop
      vertex -1.13137 -1.13137 0
      vertex -3.39411 -3.39411 0
      vertex -1.23682 -1.01503 0
    endloop
  endfacet
  facet normal 0 0 -1
    outer loop
      vertex -3.71045 -3.04509 0
      vertex -1.23682 -1.01503 0
      vertex -3.39411 -3.39411 0
    endloop
  endfacet
  facet normal -0 0 -1
    outer loop
      vertex -1.23682 -1.01503 0
      vertex -3.71045 -3.04509 0
      vertex -1.33035 -0.888912 0
    endloop
  endfacet
  facet normal 0 0 -1
    outer loop
      vertex -3.99105 -2.66674 0
      vertex -1.33035 -0.888912 0
      vertex -3.71045 -3.04509 0
    endloop
  endfacet
  facet normal -0 0 -1
    outer loop
      vertex 3.99105 2.66674 0
      vertex 1.33035 0.888912 0
      vertex 3.71045 3.04509 0
    endloop
  endfacet
  facet normal 0 0 -1
    outer loop
      vertex 1.23682 1.01503 0
      vertex 3.71045 3.04509 0
      vertex 1.33035 0.888912 0
    endloop
  endfacet
  facet normal -0 0 -1
    outer loop
      vertex 3.71045 3.04509 0
      vertex 1.23682 1.01503 0
      vertex 3.39411 3.39411 0
    endloop
  endfacet
  facet normal 0 0 -1
    outer loop
      vertex 1.13137 1.13137 0
      vertex 3.39411 3.39411 0
      vertex 1.23682 1.01503 0
    endloop
  endfacet
  facet normal -0 0 -1
    outer loop
      vertex 3.39411 3.39411 0
      vertex 1.13137 1.13137 0
      vertex 3.04509 3.71045 0
    endloop
  endfacet
  facet normal 0 0 -1
    outer loop
      vertex 1.01503 1.23682 0
      vertex 3.04509 3.71045 0
      vertex 1.13137 1.13137 0
    endloop
  endfacet
  facet normal -0 0 -1
    outer loop
      vertex 3.04509 3.71045 0
      vertex 1.01503 1.23682 0
      vertex 2.66674 3.99105 0
    endloop
  endfacet
  facet normal 0 0 -1
    outer loop
      vertex 0.888912 1.33035 0
      vertex 2.66674 3.99105 0
      vertex 1.01503 1.23682 0
    endloop
  endfacet
  facet normal -0 0 -1
    outer loop
      vertex 2.66674 3.99105 0
      vertex 0.888912 1.33035 0
      vertex 2.2627 4.23322 0
    endloop
  endfacet
  facet normal 0 0 -1
    outer loop
      vertex 0.754234 1.41107 0
      vertex 2.2627 4.23322 0
      vertex 0.888912 1.33035 0
    endloop
  endfacet
  facet normal -0 0 -1
    outer loop
      vertex 2.2627 4.23322 0
      vertex 0.754234 1.41107 0
      vertex 1.83688 4.43462 0
    endloop
  endfacet
  facet normal 0 0 -1
    outer loop
      vertex 0.612293 1.47821 0
      vertex 1.83688 4.43462 0
      vertex 0.754234 1.41107 0
    endloop
  endfacet
  facet normal -0 0 -1
    outer loop
      vertex 1.83688 4.43462 0
      vertex 0.612293 1.47821 0
      vertex 1.39337 4.59331 0
    endloop
  endfacet
  facet normal 0 0 -1
    outer loop
      vertex 0.464455 1.5311 0
      vertex 1.39337 4.59331 0
      vertex 0.612293 1.47821 0
    endloop
  endfacet
  facet normal -0 0 -1
    outer loop
      vertex 1.39337 4.59331 0
      vertex 0.464455 1.5311 0
      vertex 0.936433 4.70777 0
    endloop
  endfacet
  facet normal 0 0 -1
    outer loop
      vertex 0.312144 1.56926 0
      vertex 0.936433 4.70777 0
      vertex 0.464455 1.5311 0
    endloop
  endfacet
  facet normal -0 0 -1
    outer loop
      vertex 0.936433 4.70777 0
      vertex 0.312144 1.56926 0
      vertex 0.470482 4.77689 0
    endloop
  endfacet
  facet normal 0 0 -1
    outer loop
      vertex 0.156827 1.59229 0
      vertex 0.470482 4.77689 0
      vertex 0.312144 1.56926 0
    endloop
  endfacet
  facet normal 0 0 -1
    outer loop
      vertex 0 1.6 0
      vertex 0.470482 4.77689 0
      vertex 0.156827 1.59229 0
    endloop
  endfacet
  facet normal 0 0 -1
    outer loop
      vertex 0 1.6 0
      vertex 0 4.8 0
      vertex 0.470482 4.77689 0
    endloop
  endfacet
  facet normal 0 0 -1
    outer loop
      vertex -0.156827 1.59229 0
      vertex 0 4.8 0
      vertex 0 1.6 0
    endloop
  endfacet
  facet normal 0 0 -1
    outer loop
      vertex -0.470482 4.77689 0
      vertex -0.156827 1.59229 0
      vertex -0.312144 1.56926 0
    endloop
  endfacet
  facet normal 0 0 -1
    outer loop
      vertex -0.936433 4.70777 0
      vertex -0.312144 1.56926 0
      vertex -0.464455 1.5311 0
    endloop
  endfacet
  facet normal 0 0 -1
    outer loop
      vertex -0.156827 1.59229 0
      vertex -0.470482 4.77689 0
      vertex 0 4.8 0
    endloop
  endfacet
  facet normal 0 0 -1
    outer loop
      vertex -1.39337 4.59331 0
      vertex -0.464455 1.5311 0
      vertex -0.612293 1.47821 0
    endloop
  endfacet
  facet normal 0 0 -1
    outer loop
      vertex -1.83688 4.43462 0
      vertex -0.612293 1.47821 0
      vertex -0.754234 1.41107 0
    endloop
  endfacet
  facet normal 0 0 -1
    outer loop
      vertex -2.2627 4.23322 0
      vertex -0.754234 1.41107 0
      vertex -0.888912 1.33035 0
    endloop
  endfacet
  facet normal 0 0 -1
    outer loop
      vertex -0.312144 1.56926 0
      vertex -0.936433 4.70777 0
      vertex -0.470482 4.77689 0
    endloop
  endfacet
  facet normal 0 0 -1
    outer loop
      vertex -2.66674 3.99105 0
      vertex -0.888912 1.33035 0
      vertex -1.01503 1.23682 0
    endloop
  endfacet
  facet normal 0 0 -1
    outer loop
      vertex -3.04509 3.71045 0
      vertex -1.01503 1.23682 0
      vertex -1.13137 1.13137 0
    endloop
  endfacet
  facet normal 0 0 -1
    outer loop
      vertex -3.39411 3.39411 0
      vertex -1.13137 1.13137 0
      vertex -1.23682 1.01503 0
    endloop
  endfacet
  facet normal 0 0 -1
    outer loop
      vertex -3.71045 3.04509 0
      vertex -1.23682 1.01503 0
      vertex -1.33035 0.888912 0
    endloop
  endfacet
  facet normal 0 0 -1
    outer loop
      vertex -0.464455 1.5311 0
      vertex -1.39337 4.59331 0
      vertex -0.936433 4.70777 0
    endloop
  endfacet
  facet normal 0 0 -1
    outer loop
      vertex -3.99105 2.66674 0
      vertex -1.33035 0.888912 0
      vertex -1.41107 0.754234 0
    endloop
  endfacet
  facet normal 0 0 -1
    outer loop
      vertex -4.23322 2.2627 0
      vertex -1.41107 0.754234 0
      vertex -1.47821 0.612293 0
    endloop
  endfacet
  facet normal 0 0 -1
    outer loop
      vertex -4.43462 1.83688 0
      vertex -1.47821 0.612293 0
      vertex -1.5311 0.464455 0
    endloop
  endfacet
  facet normal 0 0 -1
    outer loop
      vertex -4.59331 1.39337 0
      vertex -1.5311 0.464455 0
      vertex -1.56926 0.312144 0
    endloop
  endfacet
  facet normal 0 0 -1
    outer loop
      vertex -4.70777 0.936433 0
      vertex -1.56926 0.312144 0
      vertex -1.59229 0.156827 0
    endloop
  endfacet
  facet normal 0 0 -1
    outer loop
      vertex -4.77689 0.470482 0
      vertex -1.59229 0.156827 0
      vertex -1.6 0 0
    endloop
  endfacet
  facet normal -0 0 -1
    outer loop
      vertex -1.33035 -0.888912 0
      vertex -3.99105 -2.66674 0
      vertex -1.41107 -0.754234 0
    endloop
  endfacet
  facet normal 0 0 -1
    outer loop
      vertex -0.612293 1.47821 0
      vertex -1.83688 4.43462 0
      vertex -1.39337 4.59331 0
    endloop
  endfacet
  facet normal 0 0 -1
    outer loop
      vertex -4.23322 -2.2627 0
      vertex -1.41107 -0.754234 0
      vertex -3.99105 -2.66674 0
    endloop
  endfacet
  facet normal 0 0 -1
    outer loop
      vertex -0.754234 1.41107 0
      vertex -2.2627 4.23322 0
      vertex -1.83688 4.43462 0
    endloop
  endfacet
  facet normal -0 0 -1
    outer loop
      vertex -1.41107 -0.754234 0
      vertex -4.23322 -2.2627 0
      vertex -1.47821 -0.612293 0
    endloop
  endfacet
  facet normal 0 0 -1
    outer loop
      vertex -0.888912 1.33035 0
      vertex -2.66674 3.99105 0
      vertex -2.2627 4.23322 0
    endloop
  endfacet
  facet normal 0 0 -1
    outer loop
      vertex -4.43462 -1.83688 0
      vertex -1.47821 -0.612293 0
      vertex -4.23322 -2.2627 0
    endloop
  endfacet
  facet normal 0 0 -1
    outer loop
      vertex -1.01503 1.23682 0
      vertex -3.04509 3.71045 0
      vertex -2.66674 3.99105 0
    endloop
  endfacet
  facet normal -0 0 -1
    outer loop
      vertex -1.47821 -0.612293 0
      vertex -4.43462 -1.83688 0
      vertex -1.5311 -0.464455 0
    endloop
  endfacet
  facet normal 0 0 -1
    outer loop
      vertex -1.13137 1.13137 0
      vertex -3.39411 3.39411 0
      vertex -3.04509 3.71045 0
    endloop
  endfacet
  facet normal 0 0 -1
    outer loop
      vertex -4.59331 -1.39337 0
      vertex -1.5311 -0.464455 0
      vertex -4.43462 -1.83688 0
    endloop
  endfacet
  facet normal 0 0 -1
    outer loop
      vertex -1.23682 1.01503 0
      vertex -3.71045 3.04509 0
      vertex -3.39411 3.39411 0
    endloop
  endfacet
  facet normal -0 0 -1
    outer loop
      vertex -1.5311 -0.464455 0
      vertex -4.59331 -1.39337 0
      vertex -1.56926 -0.312144 0
    endloop
  endfacet
  facet normal 0 0 -1
    outer loop
      vertex -1.33035 0.888912 0
      vertex -3.99105 2.66674 0
      vertex -3.71045 3.04509 0
    endloop
  endfacet
  facet normal 0 0 -1
    outer loop
      vertex -4.70777 -0.936433 0
      vertex -1.56926 -0.312144 0
      vertex -4.59331 -1.39337 0
    endloop
  endfacet
  facet normal 0 0 -1
    outer loop
      vertex -1.41107 0.754234 0
      vertex -4.23322 2.2627 0
      vertex -3.99105 2.66674 0
    endloop
  endfacet
  facet normal -0 0 -1
    outer loop
      vertex -1.56926 -0.312144 0
      vertex -4.70777 -0.936433 0
      vertex -1.59229 -0.156827 0
    endloop
  endfacet
  facet normal 0 0 -1
    outer loop
      vertex -1.47821 0.612293 0
      vertex -4.43462 1.83688 0
      vertex -4.23322 2.2627 0
    endloop
  endfacet
  facet normal 0 0 -1
    outer loop
      vertex -4.77689 -0.470482 0
      vertex -1.59229 -0.156827 0
      vertex -4.70777 -0.936433 0
    endloop
  endfacet
  facet normal 0 0 -1
    outer loop
      vertex -1.5311 0.464455 0
      vertex -4.59331 1.39337 0
      vertex -4.43462 1.83688 0
    endloop
  endfacet
  facet normal -0 0 -1
    outer loop
      vertex -1.59229 -0.156827 0
      vertex -4.77689 -0.470482 0
      vertex -1.6 0 0
    endloop
  endfacet
  facet normal 0 0 -1
    outer loop
      vertex -1.56926 0.312144 0
      vertex -4.70777 0.936433 0
      vertex -4.59331 1.39337 0
    endloop
  endfacet
  facet normal 0 0 -1
    outer loop
      vertex -4.8 0 0
      vertex -1.6 0 0
      vertex -4.77689 -0.470482 0
    endloop
  endfacet
  facet normal 0 0 -1
    outer loop
      vertex -1.59229 0.156827 0
      vertex -4.77689 0.470482 0
      vertex -4.70777 0.936433 0
    endloop
  endfacet
  facet normal 0 0 -1
    outer loop
      vertex -1.6 0 0
      vertex -4.8 0 0
      vertex -4.77689 0.470482 0
    endloop
  endfacet
  facet normal -0.989176 -0.146736 0
    outer loop
      vertex -4.70777 -0.936433 0
      vertex -4.77689 -0.470482 1.2
      vertex -4.77689 -0.470482 0
    endloop
  endfacet
  facet normal -0.989176 -0.146736 0
    outer loop
      vertex -4.77689 -0.470482 1.2
      vertex -4.70777 -0.936433 0
      vertex -4.70777 -0.936433 1.2
    endloop
  endfacet
  facet normal -0.514099 -0.857731 0
    outer loop
      vertex -2.66674 -3.99105 0
      vertex -2.2627 -4.23322 1.2
      vertex -2.66674 -3.99105 1.2
    endloop
  endfacet
  facet normal -0.514099 -0.857731 -0
    outer loop
      vertex -2.2627 -4.23322 1.2
      vertex -2.66674 -3.99105 0
      vertex -2.2627 -4.23322 0
    endloop
  endfacet
  facet normal -0.336889 -0.941544 0
    outer loop
      vertex -1.83688 -4.43462 0
      vertex -1.39337 -4.59331 1.2
      vertex -1.83688 -4.43462 1.2
    endloop
  endfacet
  facet normal -0.336889 -0.941544 -0
    outer loop
      vertex -1.39337 -4.59331 1.2
      vertex -1.83688 -4.43462 0
      vertex -1.39337 -4.59331 0
    endloop
  endfacet
  facet normal 0.857727 0.514105 0
    outer loop
      vertex 2.91034 1.55561 4.6
      vertex 2.74385 1.83338 1.2
      vertex 2.74385 1.83338 4.6
    endloop
  endfacet
  facet normal 0.857727 0.514105 0
    outer loop
      vertex 2.74385 1.83338 1.2
      vertex 2.91034 1.55561 4.6
      vertex 2.91034 1.55561 1.2
    endloop
  endfacet
  facet normal 0.336893 0.941543 -0
    outer loop
      vertex 1.26285 3.0488 1.2
      vertex 0.957939 3.1579 4.6
      vertex 1.26285 3.0488 4.6
    endloop
  endfacet
  facet normal 0.336893 0.941543 0
    outer loop
      vertex 0.957939 3.1579 4.6
      vertex 1.26285 3.0488 1.2
      vertex 0.957939 3.1579 1.2
    endloop
  endfacet
  facet normal -0.336893 0.941543 0
    outer loop
      vertex -0.957939 3.1579 1.2
      vertex -1.26285 3.0488 4.6
      vertex -0.957939 3.1579 4.6
    endloop
  endfacet
  facet normal -0.336893 0.941543 0
    outer loop
      vertex -1.26285 3.0488 4.6
      vertex -0.957939 3.1579 1.2
      vertex -1.26285 3.0488 1.2
    endloop
  endfacet
  facet normal -0.903995 0.427542 0
    outer loop
      vertex -3.0488 1.26285 1.2
      vertex -2.91034 1.55561 4.6
      vertex -2.91034 1.55561 1.2
    endloop
  endfacet
  facet normal -0.903995 0.427542 0
    outer loop
      vertex -2.91034 1.55561 4.6
      vertex -3.0488 1.26285 1.2
      vertex -3.0488 1.26285 4.6
    endloop
  endfacet
  facet normal 0.427542 -0.903995 0
    outer loop
      vertex 1.26285 -3.0488 1.2
      vertex 1.55561 -2.91034 4.6
      vertex 1.26285 -3.0488 4.6
    endloop
  endfacet
  facet normal 0.427542 -0.903995 0
    outer loop
      vertex 1.55561 -2.91034 4.6
      vertex 1.26285 -3.0488 1.2
      vertex 1.55561 -2.91034 1.2
    endloop
  endfacet
  facet normal -0.146736 0.989176 0
    outer loop
      vertex -0.323456 3.28411 1.2
      vertex -0.643798 3.23659 4.6
      vertex -0.323456 3.28411 4.6
    endloop
  endfacet
  facet normal -0.146736 0.989176 0
    outer loop
      vertex -0.643798 3.23659 4.6
      vertex -0.323456 3.28411 1.2
      vertex -0.643798 3.23659 1.2
    endloop
  endfacet
  facet normal -0.595703 0.803205 0
    outer loop
      vertex -1.83338 2.74385 1.2
      vertex -2.0935 2.55093 4.6
      vertex -1.83338 2.74385 4.6
    endloop
  endfacet
  facet normal -0.595703 0.803205 0
    outer loop
      vertex -2.0935 2.55093 4.6
      vertex -1.83338 2.74385 1.2
      vertex -2.0935 2.55093 1.2
    endloop
  endfacet
  facet normal 0.97003 -0.242985 0
    outer loop
      vertex 3.1579 -0.957939 4.6
      vertex 3.23659 -0.643798 1.2
      vertex 3.23659 -0.643798 4.6
    endloop
  endfacet
  facet normal 0.97003 -0.242985 0
    outer loop
      vertex 3.23659 -0.643798 1.2
      vertex 3.1579 -0.957939 4.6
      vertex 3.1579 -0.957939 1.2
    endloop
  endfacet
  facet normal 0.903995 -0.427542 0
    outer loop
      vertex 2.91034 -1.55561 4.6
      vertex 3.0488 -1.26285 1.2
      vertex 3.0488 -1.26285 4.6
    endloop
  endfacet
  facet normal 0.903995 -0.427542 0
    outer loop
      vertex 3.0488 -1.26285 1.2
      vertex 2.91034 -1.55561 4.6
      vertex 2.91034 -1.55561 1.2
    endloop
  endfacet
  facet normal -0.146736 -0.989176 0
    outer loop
      vertex -0.643798 -3.23659 1.2
      vertex -0.323456 -3.28411 4.6
      vertex -0.643798 -3.23659 4.6
    endloop
  endfacet
  facet normal -0.146736 -0.989176 -0
    outer loop
      vertex -0.323456 -3.28411 4.6
      vertex -0.643798 -3.23659 1.2
      vertex -0.323456 -3.28411 1.2
    endloop
  endfacet
  facet normal 0.989176 0.146736 0
    outer loop
      vertex 3.28411 0.323456 4.6
      vertex 3.23659 0.643798 1.2
      vertex 3.23659 0.643798 4.6
    endloop
  endfacet
  facet normal 0.989176 0.146736 0
    outer loop
      vertex 3.23659 0.643798 1.2
      vertex 3.28411 0.323456 4.6
      vertex 3.28411 0.323456 1.2
    endloop
  endfacet
  facet normal 0.803205 0.595703 0
    outer loop
      vertex 2.74385 1.83338 4.6
      vertex 2.55093 2.0935 1.2
      vertex 2.55093 2.0935 4.6
    endloop
  endfacet
  facet normal 0.803205 0.595703 0
    outer loop
      vertex 2.55093 2.0935 1.2
      vertex 2.74385 1.83338 4.6
      vertex 2.74385 1.83338 1.2
    endloop
  endfacet
  facet normal 0.671562 0.740948 -0
    outer loop
      vertex 2.33345 2.33345 1.2
      vertex 2.0935 2.55093 4.6
      vertex 2.33345 2.33345 4.6
    endloop
  endfacet
  facet normal 0.671562 0.740948 0
    outer loop
      vertex 2.0935 2.55093 4.6
      vertex 2.33345 2.33345 1.2
      vertex 2.0935 2.55093 1.2
    endloop
  endfacet
  facet normal 0.740948 0.671562 0
    outer loop
      vertex 2.55093 2.0935 4.6
      vertex 2.33345 2.33345 1.2
      vertex 2.33345 2.33345 4.6
    endloop
  endfacet
  facet normal 0.740948 0.671562 0
    outer loop
      vertex 2.33345 2.33345 1.2
      vertex 2.55093 2.0935 4.6
      vertex 2.55093 2.0935 1.2
    endloop
  endfacet
  facet normal -0.0490665 0.998796 0
    outer loop
      vertex 0 3.3 1.2
      vertex -0.323456 3.28411 4.6
      vertex 0 3.3 4.6
    endloop
  endfacet
  facet normal -0.0490665 0.998796 0
    outer loop
      vertex -0.323456 3.28411 4.6
      vertex 0 3.3 1.2
      vertex -0.323456 3.28411 1.2
    endloop
  endfacet
  facet normal 0.146736 0.989176 -0
    outer loop
      vertex 0.643798 3.23659 1.2
      vertex 0.323456 3.28411 4.6
      vertex 0.643798 3.23659 4.6
    endloop
  endfacet
  facet normal 0.146736 0.989176 0
    outer loop
      vertex 0.323456 3.28411 4.6
      vertex 0.643798 3.23659 1.2
      vertex 0.323456 3.28411 1.2
    endloop
  endfacet
  facet normal 0.0490665 0.998796 -0
    outer loop
      vertex 0.323456 3.28411 1.2
      vertex 0 3.3 4.6
      vertex 0.323456 3.28411 4.6
    endloop
  endfacet
  facet normal 0.0490665 0.998796 0
    outer loop
      vertex 0 3.3 4.6
      vertex 0.323456 3.28411 1.2
      vertex 0 3.3 1.2
    endloop
  endfacet
  facet normal 0.595703 0.803205 -0
    outer loop
      vertex 2.0935 2.55093 1.2
      vertex 1.83338 2.74385 4.6
      vertex 2.0935 2.55093 4.6
    endloop
  endfacet
  facet normal 0.595703 0.803205 0
    outer loop
      vertex 1.83338 2.74385 4.6
      vertex 2.0935 2.55093 1.2
      vertex 1.83338 2.74385 1.2
    endloop
  endfacet
  facet normal 0.514105 0.857727 -0
    outer loop
      vertex 1.83338 2.74385 1.2
      vertex 1.55561 2.91034 4.6
      vertex 1.83338 2.74385 4.6
    endloop
  endfacet
  facet normal 0.514105 0.857727 0
    outer loop
      vertex 1.55561 2.91034 4.6
      vertex 1.83338 2.74385 1.2
      vertex 1.55561 2.91034 1.2
    endloop
  endfacet
  facet normal -0.998796 0.0490665 0
    outer loop
      vertex -3.3 0 1.2
      vertex -3.28411 0.323456 4.6
      vertex -3.28411 0.323456 1.2
    endloop
  endfacet
  facet normal -0.998796 0.0490665 0
    outer loop
      vertex -3.28411 0.323456 4.6
      vertex -3.3 0 1.2
      vertex -3.3 0 4.6
    endloop
  endfacet
  facet normal -0.97003 0.242985 0
    outer loop
      vertex -3.23659 0.643798 1.2
      vertex -3.1579 0.957939 4.6
      vertex -3.1579 0.957939 1.2
    endloop
  endfacet
  facet normal -0.97003 0.242985 0
    outer loop
      vertex -3.1579 0.957939 4.6
      vertex -3.23659 0.643798 1.2
      vertex -3.23659 0.643798 4.6
    endloop
  endfacet
  facet normal -0.740948 0.671562 0
    outer loop
      vertex -2.55093 2.0935 1.2
      vertex -2.33345 2.33345 4.6
      vertex -2.33345 2.33345 1.2
    endloop
  endfacet
  facet normal -0.740948 0.671562 0
    outer loop
      vertex -2.33345 2.33345 4.6
      vertex -2.55093 2.0935 1.2
      vertex -2.55093 2.0935 4.6
    endloop
  endfacet
  facet normal -0.803205 0.595703 0
    outer loop
      vertex -2.74385 1.83338 1.2
      vertex -2.55093 2.0935 4.6
      vertex -2.55093 2.0935 1.2
    endloop
  endfacet
  facet normal -0.803205 0.595703 0
    outer loop
      vertex -2.55093 2.0935 4.6
      vertex -2.74385 1.83338 1.2
      vertex -2.74385 1.83338 4.6
    endloop
  endfacet
  facet normal -0.427542 0.903995 0
    outer loop
      vertex -1.26285 3.0488 1.2
      vertex -1.55561 2.91034 4.6
      vertex -1.26285 3.0488 4.6
    endloop
  endfacet
  facet normal -0.427542 0.903995 0
    outer loop
      vertex -1.55561 2.91034 4.6
      vertex -1.26285 3.0488 1.2
      vertex -1.55561 2.91034 1.2
    endloop
  endfacet
  facet normal -0.514105 0.857727 0
    outer loop
      vertex -1.55561 2.91034 1.2
      vertex -1.83338 2.74385 4.6
      vertex -1.55561 2.91034 4.6
    endloop
  endfacet
  facet normal -0.514105 0.857727 0
    outer loop
      vertex -1.83338 2.74385 4.6
      vertex -1.55561 2.91034 1.2
      vertex -1.83338 2.74385 1.2
    endloop
  endfacet
  facet normal -0.671562 0.740948 0
    outer loop
      vertex -2.0935 2.55093 1.2
      vertex -2.33345 2.33345 4.6
      vertex -2.0935 2.55093 4.6
    endloop
  endfacet
  facet normal -0.671562 0.740948 0
    outer loop
      vertex -2.33345 2.33345 4.6
      vertex -2.0935 2.55093 1.2
      vertex -2.33345 2.33345 1.2
    endloop
  endfacet
  facet normal 0.998796 0.0490665 0
    outer loop
      vertex 3.3 0 4.6
      vertex 3.28411 0.323456 1.2
      vertex 3.28411 0.323456 4.6
    endloop
  endfacet
  facet normal 0.998796 0.0490665 0
    outer loop
      vertex 3.28411 0.323456 1.2
      vertex 3.3 0 4.6
      vertex 3.3 0 1.2
    endloop
  endfacet
  facet normal 0.857727 -0.514105 0
    outer loop
      vertex 2.74385 -1.83338 4.6
      vertex 2.91034 -1.55561 1.2
      vertex 2.91034 -1.55561 4.6
    endloop
  endfacet
  facet normal 0.857727 -0.514105 0
    outer loop
      vertex 2.91034 -1.55561 1.2
      vertex 2.74385 -1.83338 4.6
      vertex 2.74385 -1.83338 1.2
    endloop
  endfacet
  facet normal -0.803205 -0.595703 0
    outer loop
      vertex -2.55093 -2.0935 1.2
      vertex -2.74385 -1.83338 4.6
      vertex -2.74385 -1.83338 1.2
    endloop
  endfacet
  facet normal -0.803205 -0.595703 0
    outer loop
      vertex -2.74385 -1.83338 4.6
      vertex -2.55093 -2.0935 1.2
      vertex -2.55093 -2.0935 4.6
    endloop
  endfacet
  facet normal -0.97003 -0.242985 0
    outer loop
      vertex -3.1579 -0.957939 1.2
      vertex -3.23659 -0.643798 4.6
      vertex -3.23659 -0.643798 1.2
    endloop
  endfacet
  facet normal -0.97003 -0.242985 0
    outer loop
      vertex -3.23659 -0.643798 4.6
      vertex -3.1579 -0.957939 1.2
      vertex -3.1579 -0.957939 4.6
    endloop
  endfacet
  facet normal 0.146736 -0.989176 0
    outer loop
      vertex 0.323456 -3.28411 1.2
      vertex 0.643798 -3.23659 4.6
      vertex 0.323456 -3.28411 4.6
    endloop
  endfacet
  facet normal 0.146736 -0.989176 0
    outer loop
      vertex 0.643798 -3.23659 4.6
      vertex 0.323456 -3.28411 1.2
      vertex 0.643798 -3.23659 1.2
    endloop
  endfacet
  facet normal 0.903995 0.427542 0
    outer loop
      vertex 3.0488 1.26285 4.6
      vertex 2.91034 1.55561 1.2
      vertex 2.91034 1.55561 4.6
    endloop
  endfacet
  facet normal 0.903995 0.427542 0
    outer loop
      vertex 2.91034 1.55561 1.2
      vertex 3.0488 1.26285 4.6
      vertex 3.0488 1.26285 1.2
    endloop
  endfacet
  facet normal 0.941543 0.336893 0
    outer loop
      vertex 3.1579 0.957939 4.6
      vertex 3.0488 1.26285 1.2
      vertex 3.0488 1.26285 4.6
    endloop
  endfacet
  facet normal 0.941543 0.336893 0
    outer loop
      vertex 3.0488 1.26285 1.2
      vertex 3.1579 0.957939 4.6
      vertex 3.1579 0.957939 1.2
    endloop
  endfacet
  facet normal 0.97003 0.242985 0
    outer loop
      vertex 3.23659 0.643798 4.6
      vertex 3.1579 0.957939 1.2
      vertex 3.1579 0.957939 4.6
    endloop
  endfacet
  facet normal 0.97003 0.242985 0
    outer loop
      vertex 3.1579 0.957939 1.2
      vertex 3.23659 0.643798 4.6
      vertex 3.23659 0.643798 1.2
    endloop
  endfacet
  facet normal 0.242985 0.97003 -0
    outer loop
      vertex 0.957939 3.1579 1.2
      vertex 0.643798 3.23659 4.6
      vertex 0.957939 3.1579 4.6
    endloop
  endfacet
  facet normal 0.242985 0.97003 0
    outer loop
      vertex 0.643798 3.23659 4.6
      vertex 0.957939 3.1579 1.2
      vertex 0.643798 3.23659 1.2
    endloop
  endfacet
  facet normal 0.427542 0.903995 -0
    outer loop
      vertex 1.55561 2.91034 1.2
      vertex 1.26285 3.0488 4.6
      vertex 1.55561 2.91034 4.6
    endloop
  endfacet
  facet normal 0.427542 0.903995 0
    outer loop
      vertex 1.26285 3.0488 4.6
      vertex 1.55561 2.91034 1.2
      vertex 1.26285 3.0488 1.2
    endloop
  endfacet
  facet normal 0 0 1
    outer loop
      vertex 3.28411 0.323456 4.6
      vertex 3.28411 -0.323456 4.6
      vertex 3.3 0 4.6
    endloop
  endfacet
  facet normal 0 0 1
    outer loop
      vertex 3.23659 0.643798 4.6
      vertex 3.28411 -0.323456 4.6
      vertex 3.28411 0.323456 4.6
    endloop
  endfacet
  facet normal 0 0 1
    outer loop
      vertex 3.23659 0.643798 4.6
      vertex 3.23659 -0.643798 4.6
      vertex 3.28411 -0.323456 4.6
    endloop
  endfacet
  facet normal 0 0 1
    outer loop
      vertex 3.1579 0.957939 4.6
      vertex 3.23659 -0.643798 4.6
      vertex 3.23659 0.643798 4.6
    endloop
  endfacet
  facet normal 0 0 1
    outer loop
      vertex 3.1579 0.957939 4.6
      vertex 3.1579 -0.957939 4.6
      vertex 3.23659 -0.643798 4.6
    endloop
  endfacet
  facet normal 0 0 1
    outer loop
      vertex 3.0488 1.26285 4.6
      vertex 3.1579 -0.957939 4.6
      vertex 3.1579 0.957939 4.6
    endloop
  endfacet
  facet normal 0 0 1
    outer loop
      vertex 3.0488 1.26285 4.6
      vertex 3.0488 -1.26285 4.6
      vertex 3.1579 -0.957939 4.6
    endloop
  endfacet
  facet normal 0 0 1
    outer loop
      vertex 2.91034 1.55561 4.6
      vertex 3.0488 -1.26285 4.6
      vertex 3.0488 1.26285 4.6
    endloop
  endfacet
  facet normal 0 0 1
    outer loop
      vertex 2.91034 1.55561 4.6
      vertex 2.91034 -1.55561 4.6
      vertex 3.0488 -1.26285 4.6
    endloop
  endfacet
  facet normal 0 0 1
    outer loop
      vertex 2.74385 1.83338 4.6
      vertex 2.91034 -1.55561 4.6
      vertex 2.91034 1.55561 4.6
    endloop
  endfacet
  facet normal 0 0 1
    outer loop
      vertex 2.74385 1.83338 4.6
      vertex 2.74385 -1.83338 4.6
      vertex 2.91034 -1.55561 4.6
    endloop
  endfacet
  facet normal 0 0 1
    outer loop
      vertex 2.55093 2.0935 4.6
      vertex 2.74385 -1.83338 4.6
      vertex 2.74385 1.83338 4.6
    endloop
  endfacet
  facet normal 0 0 1
    outer loop
      vertex 2.55093 2.0935 4.6
      vertex 2.55093 -2.0935 4.6
      vertex 2.74385 -1.83338 4.6
    endloop
  endfacet
  facet normal 0 0 1
    outer loop
      vertex 2.33345 2.33345 4.6
      vertex 2.55093 -2.0935 4.6
      vertex 2.55093 2.0935 4.6
    endloop
  endfacet
  facet normal 0 0 1
    outer loop
      vertex 2.33345 2.33345 4.6
      vertex 2.33345 -2.33345 4.6
      vertex 2.55093 -2.0935 4.6
    endloop
  endfacet
  facet normal 0 0 1
    outer loop
      vertex 2.0935 2.55093 4.6
      vertex 2.33345 -2.33345 4.6
      vertex 2.33345 2.33345 4.6
    endloop
  endfacet
  facet normal 0 0 1
    outer loop
      vertex 2.0935 2.55093 4.6
      vertex 2.0935 -2.55093 4.6
      vertex 2.33345 -2.33345 4.6
    endloop
  endfacet
  facet normal 0 0 1
    outer loop
      vertex 1.83338 2.74385 4.6
      vertex 2.0935 -2.55093 4.6
      vertex 2.0935 2.55093 4.6
    endloop
  endfacet
  facet normal 0 0 1
    outer loop
      vertex 1.83338 2.74385 4.6
      vertex 1.83338 -2.74385 4.6
      vertex 2.0935 -2.55093 4.6
    endloop
  endfacet
  facet normal 0 0 1
    outer loop
      vertex 1.55561 2.91034 4.6
      vertex 1.83338 -2.74385 4.6
      vertex 1.83338 2.74385 4.6
    endloop
  endfacet
  facet normal 0 0 1
    outer loop
      vertex 1.55561 2.91034 4.6
      vertex 1.55561 -2.91034 4.6
      vertex 1.83338 -2.74385 4.6
    endloop
  endfacet
  facet normal 0 0 1
    outer loop
      vertex 1.26285 3.0488 4.6
      vertex 1.55561 -2.91034 4.6
      vertex 1.55561 2.91034 4.6
    endloop
  endfacet
  facet normal 0 0 1
    outer loop
      vertex 1.26285 3.0488 4.6
      vertex 1.26285 -3.0488 4.6
      vertex 1.55561 -2.91034 4.6
    endloop
  endfacet
  facet normal 0 0 1
    outer loop
      vertex 0.957939 3.1579 4.6
      vertex 1.26285 -3.0488 4.6
      vertex 1.26285 3.0488 4.6
    endloop
  endfacet
  facet normal 0 0 1
    outer loop
      vertex 0.957939 3.1579 4.6
      vertex 0.957939 -3.1579 4.6
      vertex 1.26285 -3.0488 4.6
    endloop
  endfacet
  facet normal 0 0 1
    outer loop
      vertex 0.643798 3.23659 4.6
      vertex 0.957939 -3.1579 4.6
      vertex 0.957939 3.1579 4.6
    endloop
  endfacet
  facet normal 0 0 1
    outer loop
      vertex 0.643798 3.23659 4.6
      vertex 0.643798 -3.23659 4.6
      vertex 0.957939 -3.1579 4.6
    endloop
  endfacet
  facet normal 0 0 1
    outer loop
      vertex 0.323456 3.28411 4.6
      vertex 0.643798 -3.23659 4.6
      vertex 0.643798 3.23659 4.6
    endloop
  endfacet
  facet normal 0 0 1
    outer loop
      vertex 0.323456 3.28411 4.6
      vertex 0.323456 -3.28411 4.6
      vertex 0.643798 -3.23659 4.6
    endloop
  endfacet
  facet normal 0 0 1
    outer loop
      vertex 0 3.3 4.6
      vertex 0.323456 -3.28411 4.6
      vertex 0.323456 3.28411 4.6
    endloop
  endfacet
  facet normal 0 0 1
    outer loop
      vertex 0 3.3 4.6
      vertex 0 -3.3 4.6
      vertex 0.323456 -3.28411 4.6
    endloop
  endfacet
  facet normal -0 0 1
    outer loop
      vertex -0.323456 3.28411 4.6
      vertex 0 -3.3 4.6
      vertex 0 3.3 4.6
    endloop
  endfacet
  facet normal 0 0 1
    outer loop
      vertex -0.323456 3.28411 4.6
      vertex -0.323456 -3.28411 4.6
      vertex 0 -3.3 4.6
    endloop
  endfacet
  facet normal -0 0 1
    outer loop
      vertex -0.643798 3.23659 4.6
      vertex -0.323456 -3.28411 4.6
      vertex -0.323456 3.28411 4.6
    endloop
  endfacet
  facet normal 0 0 1
    outer loop
      vertex -0.643798 3.23659 4.6
      vertex -0.643798 -3.23659 4.6
      vertex -0.323456 -3.28411 4.6
    endloop
  endfacet
  facet normal -0 0 1
    outer loop
      vertex -0.957939 3.1579 4.6
      vertex -0.643798 -3.23659 4.6
      vertex -0.643798 3.23659 4.6
    endloop
  endfacet
  facet normal 0 0 1
    outer loop
      vertex -0.957939 3.1579 4.6
      vertex -0.957939 -3.1579 4.6
      vertex -0.643798 -3.23659 4.6
    endloop
  endfacet
  facet normal -0 0 1
    outer loop
      vertex -1.26285 3.0488 4.6
      vertex -0.957939 -3.1579 4.6
      vertex -0.957939 3.1579 4.6
    endloop
  endfacet
  facet normal 0 0 1
    outer loop
      vertex -1.26285 3.0488 4.6
      vertex -1.26285 -3.0488 4.6
      vertex -0.957939 -3.1579 4.6
    endloop
  endfacet
  facet normal -0 0 1
    outer loop
      vertex -1.55561 2.91034 4.6
      vertex -1.26285 -3.0488 4.6
      vertex -1.26285 3.0488 4.6
    endloop
  endfacet
  facet normal 0 0 1
    outer loop
      vertex -1.55561 2.91034 4.6
      vertex -1.55561 -2.91034 4.6
      vertex -1.26285 -3.0488 4.6
    endloop
  endfacet
  facet normal -0 0 1
    outer loop
      vertex -1.83338 2.74385 4.6
      vertex -1.55561 -2.91034 4.6
      vertex -1.55561 2.91034 4.6
    endloop
  endfacet
  facet normal 0 0 1
    outer loop
      vertex -1.83338 2.74385 4.6
      vertex -1.83338 -2.74385 4.6
      vertex -1.55561 -2.91034 4.6
    endloop
  endfacet
  facet normal -0 0 1
    outer loop
      vertex -2.0935 2.55093 4.6
      vertex -1.83338 -2.74385 4.6
      vertex -1.83338 2.74385 4.6
    endloop
  endfacet
  facet normal 0 0 1
    outer loop
      vertex -2.0935 2.55093 4.6
      vertex -2.0935 -2.55093 4.6
      vertex -1.83338 -2.74385 4.6
    endloop
  endfacet
  facet normal -0 0 1
    outer loop
      vertex -2.33345 2.33345 4.6
      vertex -2.0935 -2.55093 4.6
      vertex -2.0935 2.55093 4.6
    endloop
  endfacet
  facet normal 0 0 1
    outer loop
      vertex -2.33345 2.33345 4.6
      vertex -2.33345 -2.33345 4.6
      vertex -2.0935 -2.55093 4.6
    endloop
  endfacet
  facet normal -0 0 1
    outer loop
      vertex -2.55093 2.0935 4.6
      vertex -2.33345 -2.33345 4.6
      vertex -2.33345 2.33345 4.6
    endloop
  endfacet
  facet normal 0 0 1
    outer loop
      vertex -2.55093 2.0935 4.6
      vertex -2.55093 -2.0935 4.6
      vertex -2.33345 -2.33345 4.6
    endloop
  endfacet
  facet normal -0 0 1
    outer loop
      vertex -2.74385 1.83338 4.6
      vertex -2.55093 -2.0935 4.6
      vertex -2.55093 2.0935 4.6
    endloop
  endfacet
  facet normal 0 0 1
    outer loop
      vertex -2.74385 1.83338 4.6
      vertex -2.74385 -1.83338 4.6
      vertex -2.55093 -2.0935 4.6
    endloop
  endfacet
  facet normal -0 0 1
    outer loop
      vertex -2.91034 1.55561 4.6
      vertex -2.74385 -1.83338 4.6
      vertex -2.74385 1.83338 4.6
    endloop
  endfacet
  facet normal 0 0 1
    outer loop
      vertex -2.91034 1.55561 4.6
      vertex -2.91034 -1.55561 4.6
      vertex -2.74385 -1.83338 4.6
    endloop
  endfacet
  facet normal -0 0 1
    outer loop
      vertex -3.0488 1.26285 4.6
      vertex -2.91034 -1.55561 4.6
      vertex -2.91034 1.55561 4.6
    endloop
  endfacet
  facet normal 0 0 1
    outer loop
      vertex -3.0488 1.26285 4.6
      vertex -3.0488 -1.26285 4.6
      vertex -2.91034 -1.55561 4.6
    endloop
  endfacet
  facet normal -0 0 1
    outer loop
      vertex -3.1579 0.957939 4.6
      vertex -3.0488 -1.26285 4.6
      vertex -3.0488 1.26285 4.6
    endloop
  endfacet
  facet normal 0 0 1
    outer loop
      vertex -3.1579 0.957939 4.6
      vertex -3.1579 -0.957939 4.6
      vertex -3.0488 -1.26285 4.6
    endloop
  endfacet
  facet normal -0 0 1
    outer loop
      vertex -3.23659 0.643798 4.6
      vertex -3.1579 -0.957939 4.6
      vertex -3.1579 0.957939 4.6
    endloop
  endfacet
  facet normal 0 0 1
    outer loop
      vertex -3.23659 0.643798 4.6
      vertex -3.23659 -0.643798 4.6
      vertex -3.1579 -0.957939 4.6
    endloop
  endfacet
  facet normal -0 0 1
    outer loop
      vertex -3.28411 0.323456 4.6
      vertex -3.23659 -0.643798 4.6
      vertex -3.23659 0.643798 4.6
    endloop
  endfacet
  facet normal 0 0 1
    outer loop
      vertex -3.28411 0.323456 4.6
      vertex -3.28411 -0.323456 4.6
      vertex -3.23659 -0.643798 4.6
    endloop
  endfacet
  facet normal 0 -0 1
    outer loop
      vertex -3.28411 -0.323456 4.6
      vertex -3.28411 0.323456 4.6
      vertex -3.3 0 4.6
    endloop
  endfacet
  facet normal -0.989176 0.146736 0
    outer loop
      vertex -3.28411 0.323456 1.2
      vertex -3.23659 0.643798 4.6
      vertex -3.23659 0.643798 1.2
    endloop
  endfacet
  facet normal -0.989176 0.146736 0
    outer loop
      vertex -3.23659 0.643798 4.6
      vertex -3.28411 0.323456 1.2
      vertex -3.28411 0.323456 4.6
    endloop
  endfacet
  facet normal -0.941543 0.336893 0
    outer loop
      vertex -3.1579 0.957939 1.2
      vertex -3.0488 1.26285 4.6
      vertex -3.0488 1.26285 1.2
    endloop
  endfacet
  facet normal -0.941543 0.336893 0
    outer loop
      vertex -3.0488 1.26285 4.6
      vertex -3.1579 0.957939 1.2
      vertex -3.1579 0.957939 4.6
    endloop
  endfacet
  facet normal -0.857727 0.514105 0
    outer loop
      vertex -2.91034 1.55561 1.2
      vertex -2.74385 1.83338 4.6
      vertex -2.74385 1.83338 1.2
    endloop
  endfacet
  facet normal -0.857727 0.514105 0
    outer loop
      vertex -2.74385 1.83338 4.6
      vertex -2.91034 1.55561 1.2
      vertex -2.91034 1.55561 4.6
    endloop
  endfacet
  facet normal -0.242985 0.97003 0
    outer loop
      vertex -0.643798 3.23659 1.2
      vertex -0.957939 3.1579 4.6
      vertex -0.643798 3.23659 4.6
    endloop
  endfacet
  facet normal -0.242985 0.97003 0
    outer loop
      vertex -0.957939 3.1579 4.6
      vertex -0.643798 3.23659 1.2
      vertex -0.957939 3.1579 1.2
    endloop
  endfacet
  facet normal 0.989176 -0.146736 0
    outer loop
      vertex 3.23659 -0.643798 4.6
      vertex 3.28411 -0.323456 1.2
      vertex 3.28411 -0.323456 4.6
    endloop
  endfacet
  facet normal 0.989176 -0.146736 0
    outer loop
      vertex 3.28411 -0.323456 1.2
      vertex 3.23659 -0.643798 4.6
      vertex 3.23659 -0.643798 1.2
    endloop
  endfacet
  facet normal 0.998796 -0.0490665 0
    outer loop
      vertex 3.28411 -0.323456 4.6
      vertex 3.3 0 1.2
      vertex 3.3 0 4.6
    endloop
  endfacet
  facet normal 0.998796 -0.0490665 0
    outer loop
      vertex 3.3 0 1.2
      vertex 3.28411 -0.323456 4.6
      vertex 3.28411 -0.323456 1.2
    endloop
  endfacet
  facet normal 0.514105 -0.857727 0
    outer loop
      vertex 1.55561 -2.91034 1.2
      vertex 1.83338 -2.74385 4.6
      vertex 1.55561 -2.91034 4.6
    endloop
  endfacet
  facet normal 0.514105 -0.857727 0
    outer loop
      vertex 1.83338 -2.74385 4.6
      vertex 1.55561 -2.91034 1.2
      vertex 1.83338 -2.74385 1.2
    endloop
  endfacet
  facet normal 0.740948 -0.671562 0
    outer loop
      vertex 2.33345 -2.33345 4.6
      vertex 2.55093 -2.0935 1.2
      vertex 2.55093 -2.0935 4.6
    endloop
  endfacet
  facet normal 0.740948 -0.671562 0
    outer loop
      vertex 2.55093 -2.0935 1.2
      vertex 2.33345 -2.33345 4.6
      vertex 2.33345 -2.33345 1.2
    endloop
  endfacet
  facet normal -0.671562 -0.740948 0
    outer loop
      vertex -2.33345 -2.33345 1.2
      vertex -2.0935 -2.55093 4.6
      vertex -2.33345 -2.33345 4.6
    endloop
  endfacet
  facet normal -0.671562 -0.740948 -0
    outer loop
      vertex -2.0935 -2.55093 4.6
      vertex -2.33345 -2.33345 1.2
      vertex -2.0935 -2.55093 1.2
    endloop
  endfacet
  facet normal -0.427542 -0.903995 0
    outer loop
      vertex -1.55561 -2.91034 1.2
      vertex -1.26285 -3.0488 4.6
      vertex -1.55561 -2.91034 4.6
    endloop
  endfacet
  facet normal -0.427542 -0.903995 -0
    outer loop
      vertex -1.26285 -3.0488 4.6
      vertex -1.55561 -2.91034 1.2
      vertex -1.26285 -3.0488 1.2
    endloop
  endfacet
  facet normal -0.998796 -0.0490665 0
    outer loop
      vertex -3.28411 -0.323456 1.2
      vertex -3.3 0 4.6
      vertex -3.3 0 1.2
    endloop
  endfacet
  facet normal -0.998796 -0.0490665 0
    outer loop
      vertex -3.3 0 4.6
      vertex -3.28411 -0.323456 1.2
      vertex -3.28411 -0.323456 4.6
    endloop
  endfacet
  facet normal -0.941543 -0.336893 0
    outer loop
      vertex -3.0488 -1.26285 1.2
      vertex -3.1579 -0.957939 4.6
      vertex -3.1579 -0.957939 1.2
    endloop
  endfacet
  facet normal -0.941543 -0.336893 0
    outer loop
      vertex -3.1579 -0.957939 4.6
      vertex -3.0488 -1.26285 1.2
      vertex -3.0488 -1.26285 4.6
    endloop
  endfacet
  facet normal -0.740948 -0.671562 0
    outer loop
      vertex -2.33345 -2.33345 1.2
      vertex -2.55093 -2.0935 4.6
      vertex -2.55093 -2.0935 1.2
    endloop
  endfacet
  facet normal -0.740948 -0.671562 0
    outer loop
      vertex -2.55093 -2.0935 4.6
      vertex -2.33345 -2.33345 1.2
      vertex -2.33345 -2.33345 4.6
    endloop
  endfacet
  facet normal 0.941543 -0.336893 0
    outer loop
      vertex 3.0488 -1.26285 4.6
      vertex 3.1579 -0.957939 1.2
      vertex 3.1579 -0.957939 4.6
    endloop
  endfacet
  facet normal 0.941543 -0.336893 0
    outer loop
      vertex 3.1579 -0.957939 1.2
      vertex 3.0488 -1.26285 4.6
      vertex 3.0488 -1.26285 1.2
    endloop
  endfacet
  facet normal 0.671562 -0.740948 0
    outer loop
      vertex 2.0935 -2.55093 1.2
      vertex 2.33345 -2.33345 4.6
      vertex 2.0935 -2.55093 4.6
    endloop
  endfacet
  facet normal 0.671562 -0.740948 0
    outer loop
      vertex 2.33345 -2.33345 4.6
      vertex 2.0935 -2.55093 1.2
      vertex 2.33345 -2.33345 1.2
    endloop
  endfacet
  facet normal 0.595703 -0.803205 0
    outer loop
      vertex 1.83338 -2.74385 1.2
      vertex 2.0935 -2.55093 4.6
      vertex 1.83338 -2.74385 4.6
    endloop
  endfacet
  facet normal 0.595703 -0.803205 0
    outer loop
      vertex 2.0935 -2.55093 4.6
      vertex 1.83338 -2.74385 1.2
      vertex 2.0935 -2.55093 1.2
    endloop
  endfacet
  facet normal 0.803205 -0.595703 0
    outer loop
      vertex 2.55093 -2.0935 4.6
      vertex 2.74385 -1.83338 1.2
      vertex 2.74385 -1.83338 4.6
    endloop
  endfacet
  facet normal 0.803205 -0.595703 0
    outer loop
      vertex 2.74385 -1.83338 1.2
      vertex 2.55093 -2.0935 4.6
      vertex 2.55093 -2.0935 1.2
    endloop
  endfacet
  facet normal -0.0490665 -0.998796 0
    outer loop
      vertex -0.323456 -3.28411 1.2
      vertex 0 -3.3 4.6
      vertex -0.323456 -3.28411 4.6
    endloop
  endfacet
  facet normal -0.0490665 -0.998796 -0
    outer loop
      vertex 0 -3.3 4.6
      vertex -0.323456 -3.28411 1.2
      vertex 0 -3.3 1.2
    endloop
  endfacet
  facet normal -0.336893 -0.941543 0
    outer loop
      vertex -1.26285 -3.0488 1.2
      vertex -0.957939 -3.1579 4.6
      vertex -1.26285 -3.0488 4.6
    endloop
  endfacet
  facet normal -0.336893 -0.941543 -0
    outer loop
      vertex -0.957939 -3.1579 4.6
      vertex -1.26285 -3.0488 1.2
      vertex -0.957939 -3.1579 1.2
    endloop
  endfacet
  facet normal -0.514105 -0.857727 0
    outer loop
      vertex -1.83338 -2.74385 1.2
      vertex -1.55561 -2.91034 4.6
      vertex -1.83338 -2.74385 4.6
    endloop
  endfacet
  facet normal -0.514105 -0.857727 -0
    outer loop
      vertex -1.55561 -2.91034 4.6
      vertex -1.83338 -2.74385 1.2
      vertex -1.55561 -2.91034 1.2
    endloop
  endfacet
  facet normal -0.989176 -0.146736 0
    outer loop
      vertex -3.23659 -0.643798 1.2
      vertex -3.28411 -0.323456 4.6
      vertex -3.28411 -0.323456 1.2
    endloop
  endfacet
  facet normal -0.989176 -0.146736 0
    outer loop
      vertex -3.28411 -0.323456 4.6
      vertex -3.23659 -0.643798 1.2
      vertex -3.23659 -0.643798 4.6
    endloop
  endfacet
  facet normal -0.857727 -0.514105 0
    outer loop
      vertex -2.74385 -1.83338 1.2
      vertex -2.91034 -1.55561 4.6
      vertex -2.91034 -1.55561 1.2
    endloop
  endfacet
  facet normal -0.857727 -0.514105 0
    outer loop
      vertex -2.91034 -1.55561 4.6
      vertex -2.74385 -1.83338 1.2
      vertex -2.74385 -1.83338 4.6
    endloop
  endfacet
  facet normal -0.903995 -0.427542 0
    outer loop
      vertex -2.91034 -1.55561 1.2
      vertex -3.0488 -1.26285 4.6
      vertex -3.0488 -1.26285 1.2
    endloop
  endfacet
  facet normal -0.903995 -0.427542 0
    outer loop
      vertex -3.0488 -1.26285 4.6
      vertex -2.91034 -1.55561 1.2
      vertex -2.91034 -1.55561 4.6
    endloop
  endfacet
  facet normal 0.242985 -0.97003 0
    outer loop
      vertex 0.643798 -3.23659 1.2
      vertex 0.957939 -3.1579 4.6
      vertex 0.643798 -3.23659 4.6
    endloop
  endfacet
  facet normal 0.242985 -0.97003 0
    outer loop
      vertex 0.957939 -3.1579 4.6
      vertex 0.643798 -3.23659 1.2
      vertex 0.957939 -3.1579 1.2
    endloop
  endfacet
  facet normal 0.336893 -0.941543 0
    outer loop
      vertex 0.957939 -3.1579 1.2
      vertex 1.26285 -3.0488 4.6
      vertex 0.957939 -3.1579 4.6
    endloop
  endfacet
  facet normal 0.336893 -0.941543 0
    outer loop
      vertex 1.26285 -3.0488 4.6
      vertex 0.957939 -3.1579 1.2
      vertex 1.26285 -3.0488 1.2
    endloop
  endfacet
  facet normal 0.0490665 -0.998796 0
    outer loop
      vertex 0 -3.3 1.2
      vertex 0.323456 -3.28411 4.6
      vertex 0 -3.3 4.6
    endloop
  endfacet
  facet normal 0.0490665 -0.998796 0
    outer loop
      vertex 0.323456 -3.28411 4.6
      vertex 0 -3.3 1.2
      vertex 0.323456 -3.28411 1.2
    endloop
  endfacet
  facet normal -0.242985 -0.97003 0
    outer loop
      vertex -0.957939 -3.1579 1.2
      vertex -0.643798 -3.23659 4.6
      vertex -0.957939 -3.1579 4.6
    endloop
  endfacet
  facet normal -0.242985 -0.97003 -0
    outer loop
      vertex -0.643798 -3.23659 4.6
      vertex -0.957939 -3.1579 1.2
      vertex -0.643798 -3.23659 1.2
    endloop
  endfacet
  facet normal -0.595703 -0.803205 0
    outer loop
      vertex -2.0935 -2.55093 1.2
      vertex -1.83338 -2.74385 4.6
      vertex -2.0935 -2.55093 4.6
    endloop
  endfacet
  facet normal -0.595703 -0.803205 -0
    outer loop
      vertex -1.83338 -2.74385 4.6
      vertex -2.0935 -2.55093 1.2
      vertex -1.83338 -2.74385 1.2
    endloop
  endfacet
  facet normal 0.671578 0.740933 -0
    outer loop
      vertex 1.13137 1.13137 -1
      vertex 1.01503 1.23682 0
      vertex 1.13137 1.13137 0
    endloop
  endfacet
  facet normal 0.671578 0.740933 0
    outer loop
      vertex 1.01503 1.23682 0
      vertex 1.13137 1.13137 -1
      vertex 1.01503 1.23682 -1
    endloop
  endfacet
  facet normal -0.336849 -0.941559 0
    outer loop
      vertex -0.612293 -1.47821 -1
      vertex -0.464455 -1.5311 0
      vertex -0.612293 -1.47821 0
    endloop
  endfacet
  facet normal -0.336849 -0.941559 -0
    outer loop
      vertex -0.464455 -1.5311 0
      vertex -0.612293 -1.47821 -1
      vertex -0.464455 -1.5311 -1
    endloop
  endfacet
  facet normal 0.595677 0.803224 -0
    outer loop
      vertex 1.01503 1.23682 -1
      vertex 0.888912 1.33035 0
      vertex 1.01503 1.23682 0
    endloop
  endfacet
  facet normal 0.595677 0.803224 0
    outer loop
      vertex 0.888912 1.33035 0
      vertex 1.01503 1.23682 -1
      vertex 0.888912 1.33035 -1
    endloop
  endfacet
  facet normal -0.336849 0.941559 0
    outer loop
      vertex -0.464455 1.5311 -1
      vertex -0.612293 1.47821 0
      vertex -0.464455 1.5311 0
    endloop
  endfacet
  facet normal -0.336849 0.941559 0
    outer loop
      vertex -0.612293 1.47821 0
      vertex -0.464455 1.5311 -1
      vertex -0.612293 1.47821 -1
    endloop
  endfacet
  facet normal -0.903972 0.427591 0
    outer loop
      vertex -1.47821 0.612293 -1
      vertex -1.41107 0.754234 0
      vertex -1.41107 0.754234 -1
    endloop
  endfacet
  facet normal -0.903972 0.427591 0
    outer loop
      vertex -1.41107 0.754234 0
      vertex -1.47821 0.612293 -1
      vertex -1.47821 0.612293 0
    endloop
  endfacet
  facet normal -0.903972 -0.427591 0
    outer loop
      vertex -1.41107 -0.754234 -1
      vertex -1.47821 -0.612293 0
      vertex -1.47821 -0.612293 -1
    endloop
  endfacet
  facet normal -0.903972 -0.427591 0
    outer loop
      vertex -1.47821 -0.612293 0
      vertex -1.41107 -0.754234 -1
      vertex -1.41107 -0.754234 0
    endloop
  endfacet
  facet normal 0.970019 0.243029 0
    outer loop
      vertex 1.56926 0.312144 0
      vertex 1.5311 0.464455 -1
      vertex 1.5311 0.464455 0
    endloop
  endfacet
  facet normal 0.970019 0.243029 0
    outer loop
      vertex 1.5311 0.464455 -1
      vertex 1.56926 0.312144 0
      vertex 1.56926 0.312144 -1
    endloop
  endfacet
  facet normal 0.941559 0.336849 0
    outer loop
      vertex 1.5311 0.464455 0
      vertex 1.47821 0.612293 -1
      vertex 1.47821 0.612293 0
    endloop
  endfacet
  facet normal 0.941559 0.336849 0
    outer loop
      vertex 1.47821 0.612293 -1
      vertex 1.5311 0.464455 0
      vertex 1.5311 0.464455 -1
    endloop
  endfacet
  facet normal 0.740933 0.671578 0
    outer loop
      vertex 1.23682 1.01503 0
      vertex 1.13137 1.13137 -1
      vertex 1.13137 1.13137 0
    endloop
  endfacet
  facet normal 0.740933 0.671578 0
    outer loop
      vertex 1.13137 1.13137 -1
      vertex 1.23682 1.01503 0
      vertex 1.23682 1.01503 -1
    endloop
  endfacet
  facet normal 0.514089 0.857737 -0
    outer loop
      vertex 0.888912 1.33035 -1
      vertex 0.754234 1.41107 0
      vertex 0.888912 1.33035 0
    endloop
  endfacet
  facet normal 0.514089 0.857737 0
    outer loop
      vertex 0.754234 1.41107 0
      vertex 0.888912 1.33035 -1
      vertex 0.754234 1.41107 -1
    endloop
  endfacet
  facet normal -0.595677 0.803224 0
    outer loop
      vertex -0.888912 1.33035 -1
      vertex -1.01503 1.23682 0
      vertex -0.888912 1.33035 0
    endloop
  endfacet
  facet normal -0.595677 0.803224 0
    outer loop
      vertex -1.01503 1.23682 0
      vertex -0.888912 1.33035 -1
      vertex -1.01503 1.23682 -1
    endloop
  endfacet
  facet normal 0.903972 -0.427591 0
    outer loop
      vertex 1.41107 -0.754234 0
      vertex 1.47821 -0.612293 -1
      vertex 1.47821 -0.612293 0
    endloop
  endfacet
  facet normal 0.903972 -0.427591 0
    outer loop
      vertex 1.47821 -0.612293 -1
      vertex 1.41107 -0.754234 0
      vertex 1.41107 -0.754234 -1
    endloop
  endfacet
  facet normal 0.243029 -0.970019 0
    outer loop
      vertex 0.312144 -1.56926 -1
      vertex 0.464455 -1.5311 0
      vertex 0.312144 -1.56926 0
    endloop
  endfacet
  facet normal 0.243029 -0.970019 0
    outer loop
      vertex 0.464455 -1.5311 0
      vertex 0.312144 -1.56926 -1
      vertex 0.464455 -1.5311 -1
    endloop
  endfacet
  facet normal 0.671578 -0.740933 0
    outer loop
      vertex 1.01503 -1.23682 -1
      vertex 1.13137 -1.13137 0
      vertex 1.01503 -1.23682 0
    endloop
  endfacet
  facet normal 0.671578 -0.740933 0
    outer loop
      vertex 1.13137 -1.13137 0
      vertex 1.01503 -1.23682 -1
      vertex 1.13137 -1.13137 -1
    endloop
  endfacet
  facet normal 0.903972 0.427591 0
    outer loop
      vertex 1.47821 0.612293 0
      vertex 1.41107 0.754234 -1
      vertex 1.41107 0.754234 0
    endloop
  endfacet
  facet normal 0.903972 0.427591 0
    outer loop
      vertex 1.41107 0.754234 -1
      vertex 1.47821 0.612293 0
      vertex 1.47821 0.612293 -1
    endloop
  endfacet
  facet normal 0.857737 0.514089 0
    outer loop
      vertex 1.41107 0.754234 0
      vertex 1.33035 0.888912 -1
      vertex 1.33035 0.888912 0
    endloop
  endfacet
  facet normal 0.857737 0.514089 0
    outer loop
      vertex 1.33035 0.888912 -1
      vertex 1.41107 0.754234 0
      vertex 1.41107 0.754234 -1
    endloop
  endfacet
  facet normal 0.803224 0.595677 0
    outer loop
      vertex 1.33035 0.888912 0
      vertex 1.23682 1.01503 -1
      vertex 1.23682 1.01503 0
    endloop
  endfacet
  facet normal 0.803224 0.595677 0
    outer loop
      vertex 1.23682 1.01503 -1
      vertex 1.33035 0.888912 0
      vertex 1.33035 0.888912 -1
    endloop
  endfacet
  facet normal 0.0491031 0.998794 -0
    outer loop
      vertex 0.156827 1.59229 -1
      vertex 0 1.6 0
      vertex 0.156827 1.59229 0
    endloop
  endfacet
  facet normal 0.0491031 0.998794 0
    outer loop
      vertex 0 1.6 0
      vertex 0.156827 1.59229 -1
      vertex 0 1.6 -1
    endloop
  endfacet
  facet normal 0.427591 0.903972 -0
    outer loop
      vertex 0.754234 1.41107 -1
      vertex 0.612293 1.47821 0
      vertex 0.754234 1.41107 0
    endloop
  endfacet
  facet normal 0.427591 0.903972 0
    outer loop
      vertex 0.612293 1.47821 0
      vertex 0.754234 1.41107 -1
      vertex 0.612293 1.47821 -1
    endloop
  endfacet
  facet normal 0.243029 0.970019 -0
    outer loop
      vertex 0.464455 1.5311 -1
      vertex 0.312144 1.56926 0
      vertex 0.464455 1.5311 0
    endloop
  endfacet
  facet normal 0.243029 0.970019 0
    outer loop
      vertex 0.312144 1.56926 0
      vertex 0.464455 1.5311 -1
      vertex 0.312144 1.56926 -1
    endloop
  endfacet
  facet normal -0.998794 0.0491031 0
    outer loop
      vertex -1.6 0 -1
      vertex -1.59229 0.156827 0
      vertex -1.59229 0.156827 -1
    endloop
  endfacet
  facet normal -0.998794 0.0491031 0
    outer loop
      vertex -1.59229 0.156827 0
      vertex -1.6 0 -1
      vertex -1.6 0 0
    endloop
  endfacet
  facet normal -0.970019 0.243029 0
    outer loop
      vertex -1.56926 0.312144 -1
      vertex -1.5311 0.464455 0
      vertex -1.5311 0.464455 -1
    endloop
  endfacet
  facet normal -0.970019 0.243029 0
    outer loop
      vertex -1.5311 0.464455 0
      vertex -1.56926 0.312144 -1
      vertex -1.56926 0.312144 0
    endloop
  endfacet
  facet normal -0.989185 0.146674 0
    outer loop
      vertex -1.59229 0.156827 -1
      vertex -1.56926 0.312144 0
      vertex -1.56926 0.312144 -1
    endloop
  endfacet
  facet normal -0.989185 0.146674 0
    outer loop
      vertex -1.56926 0.312144 0
      vertex -1.59229 0.156827 -1
      vertex -1.59229 0.156827 0
    endloop
  endfacet
  facet normal -0.740933 0.671578 0
    outer loop
      vertex -1.23682 1.01503 -1
      vertex -1.13137 1.13137 0
      vertex -1.13137 1.13137 -1
    endloop
  endfacet
  facet normal -0.740933 0.671578 0
    outer loop
      vertex -1.13137 1.13137 0
      vertex -1.23682 1.01503 -1
      vertex -1.23682 1.01503 0
    endloop
  endfacet
  facet normal -0.803224 0.595677 0
    outer loop
      vertex -1.33035 0.888912 -1
      vertex -1.23682 1.01503 0
      vertex -1.23682 1.01503 -1
    endloop
  endfacet
  facet normal -0.803224 0.595677 0
    outer loop
      vertex -1.23682 1.01503 0
      vertex -1.33035 0.888912 -1
      vertex -1.33035 0.888912 0
    endloop
  endfacet
  facet normal -0.0491031 0.998794 0
    outer loop
      vertex 0 1.6 -1
      vertex -0.156827 1.59229 0
      vertex 0 1.6 0
    endloop
  endfacet
  facet normal -0.0491031 0.998794 0
    outer loop
      vertex -0.156827 1.59229 0
      vertex 0 1.6 -1
      vertex -0.156827 1.59229 -1
    endloop
  endfacet
  facet normal -0.146674 0.989185 0
    outer loop
      vertex -0.156827 1.59229 -1
      vertex -0.312144 1.56926 0
      vertex -0.156827 1.59229 0
    endloop
  endfacet
  facet normal -0.146674 0.989185 0
    outer loop
      vertex -0.312144 1.56926 0
      vertex -0.156827 1.59229 -1
      vertex -0.312144 1.56926 -1
    endloop
  endfacet
  facet normal -0.427591 0.903972 0
    outer loop
      vertex -0.612293 1.47821 -1
      vertex -0.754234 1.41107 0
      vertex -0.612293 1.47821 0
    endloop
  endfacet
  facet normal -0.427591 0.903972 0
    outer loop
      vertex -0.754234 1.41107 0
      vertex -0.612293 1.47821 -1
      vertex -0.754234 1.41107 -1
    endloop
  endfacet
  facet normal -0.514089 0.857737 0
    outer loop
      vertex -0.754234 1.41107 -1
      vertex -0.888912 1.33035 0
      vertex -0.754234 1.41107 0
    endloop
  endfacet
  facet normal -0.514089 0.857737 0
    outer loop
      vertex -0.888912 1.33035 0
      vertex -0.754234 1.41107 -1
      vertex -0.888912 1.33035 -1
    endloop
  endfacet
  facet normal -0.671578 0.740933 0
    outer loop
      vertex -1.01503 1.23682 -1
      vertex -1.13137 1.13137 0
      vertex -1.01503 1.23682 0
    endloop
  endfacet
  facet normal -0.671578 0.740933 0
    outer loop
      vertex -1.13137 1.13137 0
      vertex -1.01503 1.23682 -1
      vertex -1.13137 1.13137 -1
    endloop
  endfacet
  facet normal 0.998794 0.0491031 0
    outer loop
      vertex 1.6 0 0
      vertex 1.59229 0.156827 -1
      vertex 1.59229 0.156827 0
    endloop
  endfacet
  facet normal 0.998794 0.0491031 0
    outer loop
      vertex 1.59229 0.156827 -1
      vertex 1.6 0 0
      vertex 1.6 0 -1
    endloop
  endfacet
  facet normal 0.0491031 -0.998794 0
    outer loop
      vertex 0 -1.6 -1
      vertex 0.156827 -1.59229 0
      vertex 0 -1.6 0
    endloop
  endfacet
  facet normal 0.0491031 -0.998794 0
    outer loop
      vertex 0.156827 -1.59229 0
      vertex 0 -1.6 -1
      vertex 0.156827 -1.59229 -1
    endloop
  endfacet
  facet normal 0.941559 -0.336849 0
    outer loop
      vertex 1.47821 -0.612293 0
      vertex 1.5311 -0.464455 -1
      vertex 1.5311 -0.464455 0
    endloop
  endfacet
  facet normal 0.941559 -0.336849 0
    outer loop
      vertex 1.5311 -0.464455 -1
      vertex 1.47821 -0.612293 0
      vertex 1.47821 -0.612293 -1
    endloop
  endfacet
  facet normal 0.146674 -0.989185 0
    outer loop
      vertex 0.156827 -1.59229 -1
      vertex 0.312144 -1.56926 0
      vertex 0.156827 -1.59229 0
    endloop
  endfacet
  facet normal 0.146674 -0.989185 0
    outer loop
      vertex 0.312144 -1.56926 0
      vertex 0.156827 -1.59229 -1
      vertex 0.312144 -1.56926 -1
    endloop
  endfacet
  facet normal 0.427591 -0.903972 0
    outer loop
      vertex 0.612293 -1.47821 -1
      vertex 0.754234 -1.41107 0
      vertex 0.612293 -1.47821 0
    endloop
  endfacet
  facet normal 0.427591 -0.903972 0
    outer loop
      vertex 0.754234 -1.41107 0
      vertex 0.612293 -1.47821 -1
      vertex 0.754234 -1.41107 -1
    endloop
  endfacet
  facet normal 0.595677 -0.803224 0
    outer loop
      vertex 0.888912 -1.33035 -1
      vertex 1.01503 -1.23682 0
      vertex 0.888912 -1.33035 0
    endloop
  endfacet
  facet normal 0.595677 -0.803224 0
    outer loop
      vertex 1.01503 -1.23682 0
      vertex 0.888912 -1.33035 -1
      vertex 1.01503 -1.23682 -1
    endloop
  endfacet
  facet normal 0.514089 -0.857737 0
    outer loop
      vertex 0.754234 -1.41107 -1
      vertex 0.888912 -1.33035 0
      vertex 0.754234 -1.41107 0
    endloop
  endfacet
  facet normal 0.514089 -0.857737 0
    outer loop
      vertex 0.888912 -1.33035 0
      vertex 0.754234 -1.41107 -1
      vertex 0.888912 -1.33035 -1
    endloop
  endfacet
  facet normal 0.740933 -0.671578 0
    outer loop
      vertex 1.13137 -1.13137 0
      vertex 1.23682 -1.01503 -1
      vertex 1.23682 -1.01503 0
    endloop
  endfacet
  facet normal 0.740933 -0.671578 0
    outer loop
      vertex 1.23682 -1.01503 -1
      vertex 1.13137 -1.13137 0
      vertex 1.13137 -1.13137 -1
    endloop
  endfacet
  facet normal 0.857737 -0.514089 0
    outer loop
      vertex 1.33035 -0.888912 0
      vertex 1.41107 -0.754234 -1
      vertex 1.41107 -0.754234 0
    endloop
  endfacet
  facet normal 0.857737 -0.514089 0
    outer loop
      vertex 1.41107 -0.754234 -1
      vertex 1.33035 -0.888912 0
      vertex 1.33035 -0.888912 -1
    endloop
  endfacet
  facet normal 0.803224 -0.595677 0
    outer loop
      vertex 1.23682 -1.01503 0
      vertex 1.33035 -0.888912 -1
      vertex 1.33035 -0.888912 0
    endloop
  endfacet
  facet normal 0.803224 -0.595677 0
    outer loop
      vertex 1.33035 -0.888912 -1
      vertex 1.23682 -1.01503 0
      vertex 1.23682 -1.01503 -1
    endloop
  endfacet
  facet normal -0.146674 -0.989185 0
    outer loop
      vertex -0.312144 -1.56926 -1
      vertex -0.156827 -1.59229 0
      vertex -0.312144 -1.56926 0
    endloop
  endfacet
  facet normal -0.146674 -0.989185 -0
    outer loop
      vertex -0.156827 -1.59229 0
      vertex -0.312144 -1.56926 -1
      vertex -0.156827 -1.59229 -1
    endloop
  endfacet
  facet normal -0.0491031 -0.998794 0
    outer loop
      vertex -0.156827 -1.59229 -1
      vertex 0 -1.6 0
      vertex -0.156827 -1.59229 0
    endloop
  endfacet
  facet normal -0.0491031 -0.998794 -0
    outer loop
      vertex 0 -1.6 0
      vertex -0.156827 -1.59229 -1
      vertex 0 -1.6 -1
    endloop
  endfacet
  facet normal -0.514089 -0.857737 0
    outer loop
      vertex -0.888912 -1.33035 -1
      vertex -0.754234 -1.41107 0
      vertex -0.888912 -1.33035 0
    endloop
  endfacet
  facet normal -0.514089 -0.857737 -0
    outer loop
      vertex -0.754234 -1.41107 0
      vertex -0.888912 -1.33035 -1
      vertex -0.754234 -1.41107 -1
    endloop
  endfacet
  facet normal -0.671578 -0.740933 0
    outer loop
      vertex -1.13137 -1.13137 -1
      vertex -1.01503 -1.23682 0
      vertex -1.13137 -1.13137 0
    endloop
  endfacet
  facet normal -0.671578 -0.740933 -0
    outer loop
      vertex -1.01503 -1.23682 0
      vertex -1.13137 -1.13137 -1
      vertex -1.01503 -1.23682 -1
    endloop
  endfacet
  facet normal -0.427591 -0.903972 0
    outer loop
      vertex -0.754234 -1.41107 -1
      vertex -0.612293 -1.47821 0
      vertex -0.754234 -1.41107 0
    endloop
  endfacet
  facet normal -0.427591 -0.903972 -0
    outer loop
      vertex -0.612293 -1.47821 0
      vertex -0.754234 -1.41107 -1
      vertex -0.612293 -1.47821 -1
    endloop
  endfacet
  facet normal -0.970019 -0.243029 0
    outer loop
      vertex -1.5311 -0.464455 -1
      vertex -1.56926 -0.312144 0
      vertex -1.56926 -0.312144 -1
    endloop
  endfacet
  facet normal -0.970019 -0.243029 0
    outer loop
      vertex -1.56926 -0.312144 0
      vertex -1.5311 -0.464455 -1
      vertex -1.5311 -0.464455 0
    endloop
  endfacet
  facet normal -0.998794 -0.0491031 0
    outer loop
      vertex -1.59229 -0.156827 -1
      vertex -1.6 0 0
      vertex -1.6 0 -1
    endloop
  endfacet
  facet normal -0.998794 -0.0491031 0
    outer loop
      vertex -1.6 0 0
      vertex -1.59229 -0.156827 -1
      vertex -1.59229 -0.156827 0
    endloop
  endfacet
  facet normal 0 0 -1
    outer loop
      vertex 1.59229 -0.156827 -1
      vertex 1.59229 0.156827 -1
      vertex 1.6 0 -1
    endloop
  endfacet
  facet normal 0 0 -1
    outer loop
      vertex 1.56926 -0.312144 -1
      vertex 1.59229 0.156827 -1
      vertex 1.59229 -0.156827 -1
    endloop
  endfacet
  facet normal 0 0 -1
    outer loop
      vertex 1.56926 -0.312144 -1
      vertex 1.56926 0.312144 -1
      vertex 1.59229 0.156827 -1
    endloop
  endfacet
  facet normal 0 0 -1
    outer loop
      vertex 1.5311 -0.464455 -1
      vertex 1.56926 0.312144 -1
      vertex 1.56926 -0.312144 -1
    endloop
  endfacet
  facet normal 0 0 -1
    outer loop
      vertex 1.5311 -0.464455 -1
      vertex 1.5311 0.464455 -1
      vertex 1.56926 0.312144 -1
    endloop
  endfacet
  facet normal 0 0 -1
    outer loop
      vertex 1.47821 -0.612293 -1
      vertex 1.5311 0.464455 -1
      vertex 1.5311 -0.464455 -1
    endloop
  endfacet
  facet normal 0 0 -1
    outer loop
      vertex 1.47821 -0.612293 -1
      vertex 1.47821 0.612293 -1
      vertex 1.5311 0.464455 -1
    endloop
  endfacet
  facet normal 0 0 -1
    outer loop
      vertex 1.41107 -0.754234 -1
      vertex 1.47821 0.612293 -1
      vertex 1.47821 -0.612293 -1
    endloop
  endfacet
  facet normal 0 0 -1
    outer loop
      vertex 1.41107 -0.754234 -1
      vertex 1.41107 0.754234 -1
      vertex 1.47821 0.612293 -1
    endloop
  endfacet
  facet normal 0 0 -1
    outer loop
      vertex 1.33035 -0.888912 -1
      vertex 1.41107 0.754234 -1
      vertex 1.41107 -0.754234 -1
    endloop
  endfacet
  facet normal 0 0 -1
    outer loop
      vertex 1.33035 -0.888912 -1
      vertex 1.33035 0.888912 -1
      vertex 1.41107 0.754234 -1
    endloop
  endfacet
  facet normal 0 0 -1
    outer loop
      vertex 1.23682 -1.01503 -1
      vertex 1.33035 0.888912 -1
      vertex 1.33035 -0.888912 -1
    endloop
  endfacet
  facet normal 0 0 -1
    outer loop
      vertex 1.23682 -1.01503 -1
      vertex 1.23682 1.01503 -1
      vertex 1.33035 0.888912 -1
    endloop
  endfacet
  facet normal 0 0 -1
    outer loop
      vertex 1.13137 -1.13137 -1
      vertex 1.23682 1.01503 -1
      vertex 1.23682 -1.01503 -1
    endloop
  endfacet
  facet normal 0 0 -1
    outer loop
      vertex 1.13137 -1.13137 -1
      vertex 1.13137 1.13137 -1
      vertex 1.23682 1.01503 -1
    endloop
  endfacet
  facet normal 0 0 -1
    outer loop
      vertex 1.01503 -1.23682 -1
      vertex 1.13137 1.13137 -1
      vertex 1.13137 -1.13137 -1
    endloop
  endfacet
  facet normal 0 0 -1
    outer loop
      vertex 1.01503 -1.23682 -1
      vertex 1.01503 1.23682 -1
      vertex 1.13137 1.13137 -1
    endloop
  endfacet
  facet normal 0 0 -1
    outer loop
      vertex 0.888912 -1.33035 -1
      vertex 1.01503 1.23682 -1
      vertex 1.01503 -1.23682 -1
    endloop
  endfacet
  facet normal 0 0 -1
    outer loop
      vertex 0.888912 -1.33035 -1
      vertex 0.888912 1.33035 -1
      vertex 1.01503 1.23682 -1
    endloop
  endfacet
  facet normal 0 0 -1
    outer loop
      vertex 0.754234 -1.41107 -1
      vertex 0.888912 1.33035 -1
      vertex 0.888912 -1.33035 -1
    endloop
  endfacet
  facet normal 0 0 -1
    outer loop
      vertex 0.754234 -1.41107 -1
      vertex 0.754234 1.41107 -1
      vertex 0.888912 1.33035 -1
    endloop
  endfacet
  facet normal 0 0 -1
    outer loop
      vertex 0.612293 -1.47821 -1
      vertex 0.754234 1.41107 -1
      vertex 0.754234 -1.41107 -1
    endloop
  endfacet
  facet normal 0 0 -1
    outer loop
      vertex 0.612293 -1.47821 -1
      vertex 0.612293 1.47821 -1
      vertex 0.754234 1.41107 -1
    endloop
  endfacet
  facet normal 0 0 -1
    outer loop
      vertex 0.464455 -1.5311 -1
      vertex 0.612293 1.47821 -1
      vertex 0.612293 -1.47821 -1
    endloop
  endfacet
  facet normal 0 0 -1
    outer loop
      vertex 0.464455 -1.5311 -1
      vertex 0.464455 1.5311 -1
      vertex 0.612293 1.47821 -1
    endloop
  endfacet
  facet normal 0 0 -1
    outer loop
      vertex 0.312144 -1.56926 -1
      vertex 0.464455 1.5311 -1
      vertex 0.464455 -1.5311 -1
    endloop
  endfacet
  facet normal 0 0 -1
    outer loop
      vertex 0.312144 -1.56926 -1
      vertex 0.312144 1.56926 -1
      vertex 0.464455 1.5311 -1
    endloop
  endfacet
  facet normal 0 0 -1
    outer loop
      vertex 0.156827 -1.59229 -1
      vertex 0.312144 1.56926 -1
      vertex 0.312144 -1.56926 -1
    endloop
  endfacet
  facet normal 0 0 -1
    outer loop
      vertex 0.156827 -1.59229 -1
      vertex 0.156827 1.59229 -1
      vertex 0.312144 1.56926 -1
    endloop
  endfacet
  facet normal 0 0 -1
    outer loop
      vertex 0 -1.6 -1
      vertex 0.156827 1.59229 -1
      vertex 0.156827 -1.59229 -1
    endloop
  endfacet
  facet normal 0 0 -1
    outer loop
      vertex 0 -1.6 -1
      vertex 0 1.6 -1
      vertex 0.156827 1.59229 -1
    endloop
  endfacet
  facet normal 0 0 -1
    outer loop
      vertex -0.156827 -1.59229 -1
      vertex 0 1.6 -1
      vertex 0 -1.6 -1
    endloop
  endfacet
  facet normal 0 0 -1
    outer loop
      vertex -0.156827 -1.59229 -1
      vertex -0.156827 1.59229 -1
      vertex 0 1.6 -1
    endloop
  endfacet
  facet normal 0 0 -1
    outer loop
      vertex -0.312144 -1.56926 -1
      vertex -0.156827 1.59229 -1
      vertex -0.156827 -1.59229 -1
    endloop
  endfacet
  facet normal 0 0 -1
    outer loop
      vertex -0.312144 -1.56926 -1
      vertex -0.312144 1.56926 -1
      vertex -0.156827 1.59229 -1
    endloop
  endfacet
  facet normal 0 0 -1
    outer loop
      vertex -0.464455 -1.5311 -1
      vertex -0.312144 1.56926 -1
      vertex -0.312144 -1.56926 -1
    endloop
  endfacet
  facet normal 0 0 -1
    outer loop
      vertex -0.464455 -1.5311 -1
      vertex -0.464455 1.5311 -1
      vertex -0.312144 1.56926 -1
    endloop
  endfacet
  facet normal 0 0 -1
    outer loop
      vertex -0.612293 -1.47821 -1
      vertex -0.464455 1.5311 -1
      vertex -0.464455 -1.5311 -1
    endloop
  endfacet
  facet normal 0 0 -1
    outer loop
      vertex -0.612293 -1.47821 -1
      vertex -0.612293 1.47821 -1
      vertex -0.464455 1.5311 -1
    endloop
  endfacet
  facet normal 0 0 -1
    outer loop
      vertex -0.754234 -1.41107 -1
      vertex -0.612293 1.47821 -1
      vertex -0.612293 -1.47821 -1
    endloop
  endfacet
  facet normal 0 0 -1
    outer loop
      vertex -0.754234 -1.41107 -1
      vertex -0.754234 1.41107 -1
      vertex -0.612293 1.47821 -1
    endloop
  endfacet
  facet normal 0 0 -1
    outer loop
      vertex -0.888912 -1.33035 -1
      vertex -0.754234 1.41107 -1
      vertex -0.754234 -1.41107 -1
    endloop
  endfacet
  facet normal 0 0 -1
    outer loop
      vertex -0.888912 -1.33035 -1
      vertex -0.888912 1.33035 -1
      vertex -0.754234 1.41107 -1
    endloop
  endfacet
  facet normal 0 0 -1
    outer loop
      vertex -1.01503 -1.23682 -1
      vertex -0.888912 1.33035 -1
      vertex -0.888912 -1.33035 -1
    endloop
  endfacet
  facet normal 0 0 -1
    outer loop
      vertex -1.01503 -1.23682 -1
      vertex -1.01503 1.23682 -1
      vertex -0.888912 1.33035 -1
    endloop
  endfacet
  facet normal 0 0 -1
    outer loop
      vertex -1.13137 -1.13137 -1
      vertex -1.01503 1.23682 -1
      vertex -1.01503 -1.23682 -1
    endloop
  endfacet
  facet normal 0 0 -1
    outer loop
      vertex -1.13137 -1.13137 -1
      vertex -1.13137 1.13137 -1
      vertex -1.01503 1.23682 -1
    endloop
  endfacet
  facet normal 0 0 -1
    outer loop
      vertex -1.23682 -1.01503 -1
      vertex -1.13137 1.13137 -1
      vertex -1.13137 -1.13137 -1
    endloop
  endfacet
  facet normal 0 0 -1
    outer loop
      vertex -1.23682 -1.01503 -1
      vertex -1.23682 1.01503 -1
      vertex -1.13137 1.13137 -1
    endloop
  endfacet
  facet normal 0 0 -1
    outer loop
      vertex -1.33035 -0.888912 -1
      vertex -1.23682 1.01503 -1
      vertex -1.23682 -1.01503 -1
    endloop
  endfacet
  facet normal 0 0 -1
    outer loop
      vertex -1.33035 -0.888912 -1
      vertex -1.33035 0.888912 -1
      vertex -1.23682 1.01503 -1
    endloop
  endfacet
  facet normal 0 0 -1
    outer loop
      vertex -1.41107 -0.754234 -1
      vertex -1.33035 0.888912 -1
      vertex -1.33035 -0.888912 -1
    endloop
  endfacet
  facet normal 0 0 -1
    outer loop
      vertex -1.41107 -0.754234 -1
      vertex -1.41107 0.754234 -1
      vertex -1.33035 0.888912 -1
    endloop
  endfacet
  facet normal 0 0 -1
    outer loop
      vertex -1.47821 -0.612293 -1
      vertex -1.41107 0.754234 -1
      vertex -1.41107 -0.754234 -1
    endloop
  endfacet
  facet normal 0 0 -1
    outer loop
      vertex -1.47821 -0.612293 -1
      vertex -1.47821 0.612293 -1
      vertex -1.41107 0.754234 -1
    endloop
  endfacet
  facet normal 0 0 -1
    outer loop
      vertex -1.5311 -0.464455 -1
      vertex -1.47821 0.612293 -1
      vertex -1.47821 -0.612293 -1
    endloop
  endfacet
  facet normal 0 0 -1
    outer loop
      vertex -1.5311 -0.464455 -1
      vertex -1.5311 0.464455 -1
      vertex -1.47821 0.612293 -1
    endloop
  endfacet
  facet normal 0 0 -1
    outer loop
      vertex -1.56926 -0.312144 -1
      vertex -1.5311 0.464455 -1
      vertex -1.5311 -0.464455 -1
    endloop
  endfacet
  facet normal 0 0 -1
    outer loop
      vertex -1.56926 -0.312144 -1
      vertex -1.56926 0.312144 -1
      vertex -1.5311 0.464455 -1
    endloop
  endfacet
  facet normal 0 0 -1
    outer loop
      vertex -1.59229 -0.156827 -1
      vertex -1.56926 0.312144 -1
      vertex -1.56926 -0.312144 -1
    endloop
  endfacet
  facet normal 0 0 -1
    outer loop
      vertex -1.59229 -0.156827 -1
      vertex -1.59229 0.156827 -1
      vertex -1.56926 0.312144 -1
    endloop
  endfacet
  facet normal 0 -0 -1
    outer loop
      vertex -1.59229 0.156827 -1
      vertex -1.59229 -0.156827 -1
      vertex -1.6 0 -1
    endloop
  endfacet
  facet normal -0.740933 -0.671578 0
    outer loop
      vertex -1.13137 -1.13137 -1
      vertex -1.23682 -1.01503 0
      vertex -1.23682 -1.01503 -1
    endloop
  endfacet
  facet normal -0.740933 -0.671578 0
    outer loop
      vertex -1.23682 -1.01503 0
      vertex -1.13137 -1.13137 -1
      vertex -1.13137 -1.13137 0
    endloop
  endfacet
  facet normal -0.803224 -0.595677 0
    outer loop
      vertex -1.23682 -1.01503 -1
      vertex -1.33035 -0.888912 0
      vertex -1.33035 -0.888912 -1
    endloop
  endfacet
  facet normal -0.803224 -0.595677 0
    outer loop
      vertex -1.33035 -0.888912 0
      vertex -1.23682 -1.01503 -1
      vertex -1.23682 -1.01503 0
    endloop
  endfacet
  facet normal 0.989185 0.146674 0
    outer loop
      vertex 1.59229 0.156827 0
      vertex 1.56926 0.312144 -1
      vertex 1.56926 0.312144 0
    endloop
  endfacet
  facet normal 0.989185 0.146674 0
    outer loop
      vertex 1.56926 0.312144 -1
      vertex 1.59229 0.156827 0
      vertex 1.59229 0.156827 -1
    endloop
  endfacet
  facet normal 0.146674 0.989185 -0
    outer loop
      vertex 0.312144 1.56926 -1
      vertex 0.156827 1.59229 0
      vertex 0.312144 1.56926 0
    endloop
  endfacet
  facet normal 0.146674 0.989185 0
    outer loop
      vertex 0.156827 1.59229 0
      vertex 0.312144 1.56926 -1
      vertex 0.156827 1.59229 -1
    endloop
  endfacet
  facet normal 0.336849 0.941559 -0
    outer loop
      vertex 0.612293 1.47821 -1
      vertex 0.464455 1.5311 0
      vertex 0.612293 1.47821 0
    endloop
  endfacet
  facet normal 0.336849 0.941559 0
    outer loop
      vertex 0.464455 1.5311 0
      vertex 0.612293 1.47821 -1
      vertex 0.464455 1.5311 -1
    endloop
  endfacet
  facet normal -0.941559 0.336849 0
    outer loop
      vertex -1.5311 0.464455 -1
      vertex -1.47821 0.612293 0
      vertex -1.47821 0.612293 -1
    endloop
  endfacet
  facet normal -0.941559 0.336849 0
    outer loop
      vertex -1.47821 0.612293 0
      vertex -1.5311 0.464455 -1
      vertex -1.5311 0.464455 0
    endloop
  endfacet
  facet normal -0.857737 0.514089 0
    outer loop
      vertex -1.41107 0.754234 -1
      vertex -1.33035 0.888912 0
      vertex -1.33035 0.888912 -1
    endloop
  endfacet
  facet normal -0.857737 0.514089 0
    outer loop
      vertex -1.33035 0.888912 0
      vertex -1.41107 0.754234 -1
      vertex -1.41107 0.754234 0
    endloop
  endfacet
  facet normal -0.243029 0.970019 0
    outer loop
      vertex -0.312144 1.56926 -1
      vertex -0.464455 1.5311 0
      vertex -0.312144 1.56926 0
    endloop
  endfacet
  facet normal -0.243029 0.970019 0
    outer loop
      vertex -0.464455 1.5311 0
      vertex -0.312144 1.56926 -1
      vertex -0.464455 1.5311 -1
    endloop
  endfacet
  facet normal 0.989185 -0.146674 0
    outer loop
      vertex 1.56926 -0.312144 0
      vertex 1.59229 -0.156827 -1
      vertex 1.59229 -0.156827 0
    endloop
  endfacet
  facet normal 0.989185 -0.146674 0
    outer loop
      vertex 1.59229 -0.156827 -1
      vertex 1.56926 -0.312144 0
      vertex 1.56926 -0.312144 -1
    endloop
  endfacet
  facet normal 0.970019 -0.243029 0
    outer loop
      vertex 1.5311 -0.464455 0
      vertex 1.56926 -0.312144 -1
      vertex 1.56926 -0.312144 0
    endloop
  endfacet
  facet normal 0.970019 -0.243029 0
    outer loop
      vertex 1.56926 -0.312144 -1
      vertex 1.5311 -0.464455 0
      vertex 1.5311 -0.464455 -1
    endloop
  endfacet
  facet normal 0.998794 -0.0491031 0
    outer loop
      vertex 1.59229 -0.156827 0
      vertex 1.6 0 -1
      vertex 1.6 0 0
    endloop
  endfacet
  facet normal 0.998794 -0.0491031 0
    outer loop
      vertex 1.6 0 -1
      vertex 1.59229 -0.156827 0
      vertex 1.59229 -0.156827 -1
    endloop
  endfacet
  facet normal 0.336849 -0.941559 0
    outer loop
      vertex 0.464455 -1.5311 -1
      vertex 0.612293 -1.47821 0
      vertex 0.464455 -1.5311 0
    endloop
  endfacet
  facet normal 0.336849 -0.941559 0
    outer loop
      vertex 0.612293 -1.47821 0
      vertex 0.464455 -1.5311 -1
      vertex 0.612293 -1.47821 -1
    endloop
  endfacet
  facet normal -0.243029 -0.970019 0
    outer loop
      vertex -0.464455 -1.5311 -1
      vertex -0.312144 -1.56926 0
      vertex -0.464455 -1.5311 0
    endloop
  endfacet
  facet normal -0.243029 -0.970019 -0
    outer loop
      vertex -0.312144 -1.56926 0
      vertex -0.464455 -1.5311 -1
      vertex -0.312144 -1.56926 -1
    endloop
  endfacet
  facet normal -0.595677 -0.803224 0
    outer loop
      vertex -1.01503 -1.23682 -1
      vertex -0.888912 -1.33035 0
      vertex -1.01503 -1.23682 0
    endloop
  endfacet
  facet normal -0.595677 -0.803224 -0
    outer loop
      vertex -0.888912 -1.33035 0
      vertex -1.01503 -1.23682 -1
      vertex -0.888912 -1.33035 -1
    endloop
  endfacet
  facet normal -0.989185 -0.146674 0
    outer loop
      vertex -1.56926 -0.312144 -1
      vertex -1.59229 -0.156827 0
      vertex -1.59229 -0.156827 -1
    endloop
  endfacet
  facet normal -0.989185 -0.146674 0
    outer loop
      vertex -1.59229 -0.156827 0
      vertex -1.56926 -0.312144 -1
      vertex -1.56926 -0.312144 0
    endloop
  endfacet
  facet normal -0.941559 -0.336849 0
    outer loop
      vertex -1.47821 -0.612293 -1
      vertex -1.5311 -0.464455 0
      vertex -1.5311 -0.464455 -1
    endloop
  endfacet
  facet normal -0.941559 -0.336849 0
    outer loop
      vertex -1.5311 -0.464455 0
      vertex -1.47821 -0.612293 -1
      vertex -1.47821 -0.612293 0
    endloop
  endfacet
  facet normal -0.857737 -0.514089 0
    outer loop
      vertex -1.33035 -0.888912 -1
      vertex -1.41107 -0.754234 0
      vertex -1.41107 -0.754234 -1
    endloop
  endfacet
  facet normal -0.857737 -0.514089 0
    outer loop
      vertex -1.41107 -0.754234 0
      vertex -1.33035 -0.888912 -1
      vertex -1.33035 -0.888912 0
    endloop
  endfacet
  facet normal 0 0 -1
    outer loop
      vertex 16.8841 -0.323456 4.6
      vertex 16.8841 0.323456 4.6
      vertex 16.9 0 4.6
    endloop
  endfacet
  facet normal 0 0 -1
    outer loop
      vertex 16.8366 -0.643798 4.6
      vertex 16.8841 0.323456 4.6
      vertex 16.8841 -0.323456 4.6
    endloop
  endfacet
  facet normal 0 0 -1
    outer loop
      vertex 16.8366 -0.643798 4.6
      vertex 16.8366 0.643798 4.6
      vertex 16.8841 0.323456 4.6
    endloop
  endfacet
  facet normal 0 0 -1
    outer loop
      vertex 16.7579 -0.957939 4.6
      vertex 16.8366 0.643798 4.6
      vertex 16.8366 -0.643798 4.6
    endloop
  endfacet
  facet normal 0 0 -1
    outer loop
      vertex 16.7579 -0.957939 4.6
      vertex 16.7579 0.957939 4.6
      vertex 16.8366 0.643798 4.6
    endloop
  endfacet
  facet normal 0 0 -1
    outer loop
      vertex 16.6488 -1.26285 4.6
      vertex 16.7579 0.957939 4.6
      vertex 16.7579 -0.957939 4.6
    endloop
  endfacet
  facet normal 0 0 -1
    outer loop
      vertex 16.6488 -1.26285 4.6
      vertex 16.6488 1.26285 4.6
      vertex 16.7579 0.957939 4.6
    endloop
  endfacet
  facet normal 0 0 -1
    outer loop
      vertex 16.5103 -1.55561 4.6
      vertex 16.6488 1.26285 4.6
      vertex 16.6488 -1.26285 4.6
    endloop
  endfacet
  facet normal 0 0 -1
    outer loop
      vertex 16.5103 -1.55561 4.6
      vertex 16.5103 1.55561 4.6
      vertex 16.6488 1.26285 4.6
    endloop
  endfacet
  facet normal 0 0 -1
    outer loop
      vertex 16.3438 -1.83338 4.6
      vertex 16.5103 1.55561 4.6
      vertex 16.5103 -1.55561 4.6
    endloop
  endfacet
  facet normal 0 0 -1
    outer loop
      vertex 16.3438 -1.83338 4.6
      vertex 16.3438 1.83338 4.6
      vertex 16.5103 1.55561 4.6
    endloop
  endfacet
  facet normal 0 0 -1
    outer loop
      vertex 16.1509 -2.0935 4.6
      vertex 16.3438 1.83338 4.6
      vertex 16.3438 -1.83338 4.6
    endloop
  endfacet
  facet normal 0 0 -1
    outer loop
      vertex 16.1509 -2.0935 4.6
      vertex 16.1509 2.0935 4.6
      vertex 16.3438 1.83338 4.6
    endloop
  endfacet
  facet normal 0 0 -1
    outer loop
      vertex 15.9335 -2.33345 4.6
      vertex 16.1509 2.0935 4.6
      vertex 16.1509 -2.0935 4.6
    endloop
  endfacet
  facet normal 0 0 -1
    outer loop
      vertex 15.9335 -2.33345 4.6
      vertex 15.9335 2.33345 4.6
      vertex 16.1509 2.0935 4.6
    endloop
  endfacet
  facet normal 0 0 -1
    outer loop
      vertex 15.6935 -2.55093 4.6
      vertex 15.9335 2.33345 4.6
      vertex 15.9335 -2.33345 4.6
    endloop
  endfacet
  facet normal 0 0 -1
    outer loop
      vertex 15.6935 -2.55093 4.6
      vertex 15.6935 2.55093 4.6
      vertex 15.9335 2.33345 4.6
    endloop
  endfacet
  facet normal 0 0 -1
    outer loop
      vertex 15.4334 -2.74385 4.6
      vertex 15.6935 2.55093 4.6
      vertex 15.6935 -2.55093 4.6
    endloop
  endfacet
  facet normal 0 0 -1
    outer loop
      vertex 15.4334 -2.74385 4.6
      vertex 15.4334 2.74385 4.6
      vertex 15.6935 2.55093 4.6
    endloop
  endfacet
  facet normal 0 0 -1
    outer loop
      vertex 15.1556 -2.91034 4.6
      vertex 15.4334 2.74385 4.6
      vertex 15.4334 -2.74385 4.6
    endloop
  endfacet
  facet normal 0 0 -1
    outer loop
      vertex 15.1556 -2.91034 4.6
      vertex 15.1556 2.91034 4.6
      vertex 15.4334 2.74385 4.6
    endloop
  endfacet
  facet normal 0 0 -1
    outer loop
      vertex 14.8629 -3.0488 4.6
      vertex 15.1556 2.91034 4.6
      vertex 15.1556 -2.91034 4.6
    endloop
  endfacet
  facet normal 0 0 -1
    outer loop
      vertex 14.8629 -3.0488 4.6
      vertex 14.8629 3.0488 4.6
      vertex 15.1556 2.91034 4.6
    endloop
  endfacet
  facet normal 0 0 -1
    outer loop
      vertex 14.5579 -3.1579 4.6
      vertex 14.8629 3.0488 4.6
      vertex 14.8629 -3.0488 4.6
    endloop
  endfacet
  facet normal 0 0 -1
    outer loop
      vertex 14.5579 -3.1579 4.6
      vertex 14.5579 3.1579 4.6
      vertex 14.8629 3.0488 4.6
    endloop
  endfacet
  facet normal 0 0 -1
    outer loop
      vertex 14.2438 -3.23659 4.6
      vertex 14.5579 3.1579 4.6
      vertex 14.5579 -3.1579 4.6
    endloop
  endfacet
  facet normal 0 0 -1
    outer loop
      vertex 14.2438 -3.23659 4.6
      vertex 14.2438 3.23659 4.6
      vertex 14.5579 3.1579 4.6
    endloop
  endfacet
  facet normal 0 0 -1
    outer loop
      vertex 13.9235 -3.28411 4.6
      vertex 14.2438 3.23659 4.6
      vertex 14.2438 -3.23659 4.6
    endloop
  endfacet
  facet normal 0 0 -1
    outer loop
      vertex 13.9235 -3.28411 4.6
      vertex 13.9235 3.28411 4.6
      vertex 14.2438 3.23659 4.6
    endloop
  endfacet
  facet normal 0 0 -1
    outer loop
      vertex 13.6 -3.3 4.6
      vertex 13.9235 3.28411 4.6
      vertex 13.9235 -3.28411 4.6
    endloop
  endfacet
  facet normal 0 0 -1
    outer loop
      vertex 13.6 -3.3 4.6
      vertex 13.6 3.3 4.6
      vertex 13.9235 3.28411 4.6
    endloop
  endfacet
  facet normal 0 0 -1
    outer loop
      vertex 13.2765 -3.28411 4.6
      vertex 13.6 3.3 4.6
      vertex 13.6 -3.3 4.6
    endloop
  endfacet
  facet normal 0 0 -1
    outer loop
      vertex 13.2765 -3.28411 4.6
      vertex 13.2765 3.28411 4.6
      vertex 13.6 3.3 4.6
    endloop
  endfacet
  facet normal 0 0 -1
    outer loop
      vertex 12.9562 -3.23659 4.6
      vertex 13.2765 3.28411 4.6
      vertex 13.2765 -3.28411 4.6
    endloop
  endfacet
  facet normal 0 0 -1
    outer loop
      vertex 12.9562 -3.23659 4.6
      vertex 12.9562 3.23659 4.6
      vertex 13.2765 3.28411 4.6
    endloop
  endfacet
  facet normal 0 0 -1
    outer loop
      vertex 12.6421 -3.1579 4.6
      vertex 12.9562 3.23659 4.6
      vertex 12.9562 -3.23659 4.6
    endloop
  endfacet
  facet normal 0 0 -1
    outer loop
      vertex 12.6421 -3.1579 4.6
      vertex 12.6421 3.1579 4.6
      vertex 12.9562 3.23659 4.6
    endloop
  endfacet
  facet normal 0 0 -1
    outer loop
      vertex 12.3371 -3.0488 4.6
      vertex 12.6421 3.1579 4.6
      vertex 12.6421 -3.1579 4.6
    endloop
  endfacet
  facet normal 0 0 -1
    outer loop
      vertex 12.3371 -3.0488 4.6
      vertex 12.3371 3.0488 4.6
      vertex 12.6421 3.1579 4.6
    endloop
  endfacet
  facet normal 0 0 -1
    outer loop
      vertex 12.0444 -2.91034 4.6
      vertex 12.3371 3.0488 4.6
      vertex 12.3371 -3.0488 4.6
    endloop
  endfacet
  facet normal 0 0 -1
    outer loop
      vertex 12.0444 -2.91034 4.6
      vertex 12.0444 2.91034 4.6
      vertex 12.3371 3.0488 4.6
    endloop
  endfacet
  facet normal 0 0 -1
    outer loop
      vertex 11.7666 -2.74385 4.6
      vertex 12.0444 2.91034 4.6
      vertex 12.0444 -2.91034 4.6
    endloop
  endfacet
  facet normal 0 0 -1
    outer loop
      vertex 11.7666 -2.74385 4.6
      vertex 11.7666 2.74385 4.6
      vertex 12.0444 2.91034 4.6
    endloop
  endfacet
  facet normal 0 0 -1
    outer loop
      vertex 11.5065 -2.55093 4.6
      vertex 11.7666 2.74385 4.6
      vertex 11.7666 -2.74385 4.6
    endloop
  endfacet
  facet normal 0 0 -1
    outer loop
      vertex 11.5065 -2.55093 4.6
      vertex 11.5065 2.55093 4.6
      vertex 11.7666 2.74385 4.6
    endloop
  endfacet
  facet normal 0 0 -1
    outer loop
      vertex 11.2665 -2.33345 4.6
      vertex 11.5065 2.55093 4.6
      vertex 11.5065 -2.55093 4.6
    endloop
  endfacet
  facet normal 0 0 -1
    outer loop
      vertex 11.2665 -2.33345 4.6
      vertex 11.2665 2.33345 4.6
      vertex 11.5065 2.55093 4.6
    endloop
  endfacet
  facet normal 0 0 -1
    outer loop
      vertex 11.0491 -2.0935 4.6
      vertex 11.2665 2.33345 4.6
      vertex 11.2665 -2.33345 4.6
    endloop
  endfacet
  facet normal 0 0 -1
    outer loop
      vertex 11.0491 -2.0935 4.6
      vertex 11.0491 2.0935 4.6
      vertex 11.2665 2.33345 4.6
    endloop
  endfacet
  facet normal 0 0 -1
    outer loop
      vertex 10.8562 -1.83338 4.6
      vertex 11.0491 2.0935 4.6
      vertex 11.0491 -2.0935 4.6
    endloop
  endfacet
  facet normal 0 0 -1
    outer loop
      vertex 10.8562 -1.83338 4.6
      vertex 10.8562 1.83338 4.6
      vertex 11.0491 2.0935 4.6
    endloop
  endfacet
  facet normal 0 0 -1
    outer loop
      vertex 10.6897 -1.55561 4.6
      vertex 10.8562 1.83338 4.6
      vertex 10.8562 -1.83338 4.6
    endloop
  endfacet
  facet normal 0 0 -1
    outer loop
      vertex 10.6897 -1.55561 4.6
      vertex 10.6897 1.55561 4.6
      vertex 10.8562 1.83338 4.6
    endloop
  endfacet
  facet normal 0 0 -1
    outer loop
      vertex 10.5512 -1.26285 4.6
      vertex 10.6897 1.55561 4.6
      vertex 10.6897 -1.55561 4.6
    endloop
  endfacet
  facet normal 0 0 -1
    outer loop
      vertex 10.5512 -1.26285 4.6
      vertex 10.5512 1.26285 4.6
      vertex 10.6897 1.55561 4.6
    endloop
  endfacet
  facet normal 0 0 -1
    outer loop
      vertex 10.4421 -0.957939 4.6
      vertex 10.5512 1.26285 4.6
      vertex 10.5512 -1.26285 4.6
    endloop
  endfacet
  facet normal 0 0 -1
    outer loop
      vertex 10.4421 -0.957939 4.6
      vertex 10.4421 0.957939 4.6
      vertex 10.5512 1.26285 4.6
    endloop
  endfacet
  facet normal 0 0 -1
    outer loop
      vertex 10.3634 -0.643798 4.6
      vertex 10.4421 0.957939 4.6
      vertex 10.4421 -0.957939 4.6
    endloop
  endfacet
  facet normal 0 0 -1
    outer loop
      vertex 10.3634 -0.643798 4.6
      vertex 10.3634 0.643798 4.6
      vertex 10.4421 0.957939 4.6
    endloop
  endfacet
  facet normal 0 0 -1
    outer loop
      vertex 10.3159 -0.323456 4.6
      vertex 10.3634 0.643798 4.6
      vertex 10.3634 -0.643798 4.6
    endloop
  endfacet
  facet normal 0 0 -1
    outer loop
      vertex 10.3159 -0.323456 4.6
      vertex 10.3159 0.323456 4.6
      vertex 10.3634 0.643798 4.6
    endloop
  endfacet
  facet normal 0 -0 -1
    outer loop
      vertex 10.3159 0.323456 4.6
      vertex 10.3159 -0.323456 4.6
      vertex 10.3 0 4.6
    endloop
  endfacet
  facet normal 0.70668 0.034738 0.70668
    outer loop
      vertex 16.8841 0.323456 4.6
      vertex 16.5 0 5
      vertex 16.9 0 4.6
    endloop
  endfacet
  facet normal -0.70668 -0.034738 0.70668
    outer loop
      vertex 10.7 0 5
      vertex 10.3 0 4.6
      vertex 10.3159 -0.323456 4.6
    endloop
  endfacet
  facet normal 0.63962 0.302594 0.706628
    outer loop
      vertex 16.5103 1.55561 4.6
      vertex 16.1576 1.36705 5
      vertex 16.6488 1.26285 4.6
    endloop
  endfacet
  facet normal -0.475095 0.524265 0.706704
    outer loop
      vertex 11.7603 2.24173 5
      vertex 11.5065 2.55093 4.6
      vertex 11.5494 2.05061 5
    endloop
  endfacet
  facet normal 0.238304 0.666202 0.706673
    outer loop
      vertex 14.5579 3.1579 4.6
      vertex 14.4418 2.77513 5
      vertex 14.8629 3.0488 4.6
    endloop
  endfacet
  facet normal 0.686314 0.172037 0.706665
    outer loop
      vertex 16.8366 0.643798 4.6
      vertex 16.3751 0.841825 5
      vertex 16.4443 0.565762 5
    endloop
  endfacet
  facet normal 0.568216 -0.421582 0.706682
    outer loop
      vertex 16.0113 -1.61115 5
      vertex 15.8417 -1.83974 5
      vertex 16.1509 -2.0935 4.6
    endloop
  endfacet
  facet normal -0.568216 0.421582 0.706682
    outer loop
      vertex 11.3583 1.83974 5
      vertex 11.0491 2.0935 4.6
      vertex 11.1887 1.61115 5
    endloop
  endfacet
  facet normal -0.238304 0.666202 0.706673
    outer loop
      vertex 12.6421 3.1579 4.6
      vertex 12.3371 3.0488 4.6
      vertex 12.7582 2.77513 5
    endloop
  endfacet
  facet normal -0.686302 0.171936 0.706702
    outer loop
      vertex 10.4421 0.957939 4.6
      vertex 10.3634 0.643798 4.6
      vertex 10.8249 0.841825 5
    endloop
  endfacet
  facet normal -0.639641 0.30233 0.706722
    outer loop
      vertex 11.0424 1.36705 5
      vertex 10.5512 1.26285 4.6
      vertex 10.9208 1.10978 5
    endloop
  endfacet
  facet normal -0.524308 -0.475034 0.706713
    outer loop
      vertex 11.5494 -2.05061 5
      vertex 11.0491 -2.0935 4.6
      vertex 11.2665 -2.33345 4.6
    endloop
  endfacet
  facet normal -0.706651 -0.0348044 0.706706
    outer loop
      vertex 10.7 0 5
      vertex 10.3159 -0.323456 4.6
      vertex 10.714 -0.284249 5
    endloop
  endfacet
  facet normal -0.238304 -0.666202 0.706673
    outer loop
      vertex 12.7582 -2.77513 5
      vertex 12.3371 -3.0488 4.6
      vertex 12.6421 -3.1579 4.6
    endloop
  endfacet
  facet normal 0.302477 -0.639607 0.70669
    outer loop
      vertex 14.9671 -2.55757 5
      vertex 14.7098 -2.67925 5
      vertex 14.8629 -3.0488 4.6
    endloop
  endfacet
  facet normal 0.0347367 0.70667 0.70669
    outer loop
      vertex 13.9235 3.28411 4.6
      vertex 13.6 2.9 5
      vertex 13.8842 2.88603 5
    endloop
  endfacet
  facet normal 0.363723 0.606898 0.706669
    outer loop
      vertex 15.4334 2.74385 4.6
      vertex 15.1556 2.91034 4.6
      vertex 15.2112 2.41126 5
    endloop
  endfacet
  facet normal 0.524274 0.475121 0.70668
    outer loop
      vertex 16.1509 2.0935 4.6
      vertex 15.6506 2.05061 5
      vertex 15.8417 1.83974 5
    endloop
  endfacet
  facet normal 0.302559 0.6396 0.706661
    outer loop
      vertex 15.1556 2.91034 4.6
      vertex 14.8629 3.0488 4.6
      vertex 14.9671 2.55757 5
    endloop
  endfacet
  facet normal 0.686314 -0.172037 0.706665
    outer loop
      vertex 16.4443 -0.565762 5
      vertex 16.3751 -0.841825 5
      vertex 16.8366 -0.643798 4.6
    endloop
  endfacet
  facet normal 0.70668 -0.034738 0.70668
    outer loop
      vertex 16.9 0 4.6
      vertex 16.5 0 5
      vertex 16.8841 -0.323456 4.6
    endloop
  endfacet
  facet normal 0.699857 -0.103774 0.706704
    outer loop
      vertex 16.8841 -0.323456 4.6
      vertex 16.486 -0.284249 5
      vertex 16.8366 -0.643798 4.6
    endloop
  endfacet
  facet normal -0.524308 0.475034 0.706713
    outer loop
      vertex 11.2665 2.33345 4.6
      vertex 11.0491 2.0935 4.6
      vertex 11.5494 2.05061 5
    endloop
  endfacet
  facet normal -0.475078 0.524272 0.706711
    outer loop
      vertex 11.5065 2.55093 4.6
      vertex 11.2665 2.33345 4.6
      vertex 11.5494 2.05061 5
    endloop
  endfacet
  facet normal -0.421509 0.568289 0.706667
    outer loop
      vertex 11.7666 2.74385 4.6
      vertex 11.5065 2.55093 4.6
      vertex 11.9888 2.41126 5
    endloop
  endfacet
  facet normal -0.302574 0.639564 0.706687
    outer loop
      vertex 12.3371 3.0488 4.6
      vertex 12.233 2.55757 5
      vertex 12.4902 2.67925 5
    endloop
  endfacet
  facet normal -0.0347367 0.70667 0.70669
    outer loop
      vertex 13.6 2.9 5
      vertex 13.2765 3.28411 4.6
      vertex 13.3158 2.88603 5
    endloop
  endfacet
  facet normal -0.70668 0.034738 0.70668
    outer loop
      vertex 10.3159 0.323456 4.6
      vertex 10.3 0 4.6
      vertex 10.7 0 5
    endloop
  endfacet
  facet normal -0.666154 0.238356 0.7067
    outer loop
      vertex 10.5512 1.26285 4.6
      vertex 10.4421 0.957939 4.6
      vertex 10.8249 0.841825 5
    endloop
  endfacet
  facet normal -0.686314 0.172037 0.706665
    outer loop
      vertex 10.8249 0.841825 5
      vertex 10.3634 0.643798 4.6
      vertex 10.7557 0.565762 5
    endloop
  endfacet
  facet normal 0 0 1
    outer loop
      vertex 16.486 0.284249 5
      vertex 16.486 -0.284249 5
      vertex 16.5 0 5
    endloop
  endfacet
  facet normal 0 0 1
    outer loop
      vertex 16.4443 0.565762 5
      vertex 16.486 -0.284249 5
      vertex 16.486 0.284249 5
    endloop
  endfacet
  facet normal 0 0 1
    outer loop
      vertex 16.4443 0.565762 5
      vertex 16.4443 -0.565762 5
      vertex 16.486 -0.284249 5
    endloop
  endfacet
  facet normal 0 0 1
    outer loop
      vertex 16.3751 0.841825 5
      vertex 16.4443 -0.565762 5
      vertex 16.4443 0.565762 5
    endloop
  endfacet
  facet normal 0 0 1
    outer loop
      vertex 16.3751 0.841825 5
      vertex 16.3751 -0.841825 5
      vertex 16.4443 -0.565762 5
    endloop
  endfacet
  facet normal 0 0 1
    outer loop
      vertex 16.2792 1.10978 5
      vertex 16.3751 -0.841825 5
      vertex 16.3751 0.841825 5
    endloop
  endfacet
  facet normal 0 0 1
    outer loop
      vertex 16.2792 1.10978 5
      vertex 16.2792 -1.10978 5
      vertex 16.3751 -0.841825 5
    endloop
  endfacet
  facet normal 0 0 1
    outer loop
      vertex 16.1576 1.36705 5
      vertex 16.2792 -1.10978 5
      vertex 16.2792 1.10978 5
    endloop
  endfacet
  facet normal 0 0 1
    outer loop
      vertex 16.1576 1.36705 5
      vertex 16.1576 -1.36705 5
      vertex 16.2792 -1.10978 5
    endloop
  endfacet
  facet normal 0 0 1
    outer loop
      vertex 16.0113 1.61115 5
      vertex 16.1576 -1.36705 5
      vertex 16.1576 1.36705 5
    endloop
  endfacet
  facet normal 0 0 1
    outer loop
      vertex 16.0113 1.61115 5
      vertex 16.0113 -1.61115 5
      vertex 16.1576 -1.36705 5
    endloop
  endfacet
  facet normal 0 0 1
    outer loop
      vertex 15.8417 1.83974 5
      vertex 16.0113 -1.61115 5
      vertex 16.0113 1.61115 5
    endloop
  endfacet
  facet normal 0 0 1
    outer loop
      vertex 15.8417 1.83974 5
      vertex 15.8417 -1.83974 5
      vertex 16.0113 -1.61115 5
    endloop
  endfacet
  facet normal 0 0 1
    outer loop
      vertex 15.6506 2.05061 5
      vertex 15.8417 -1.83974 5
      vertex 15.8417 1.83974 5
    endloop
  endfacet
  facet normal 0 0 1
    outer loop
      vertex 15.6506 2.05061 5
      vertex 15.6506 -2.05061 5
      vertex 15.8417 -1.83974 5
    endloop
  endfacet
  facet normal 0 0 1
    outer loop
      vertex 15.4397 2.24173 5
      vertex 15.6506 -2.05061 5
      vertex 15.6506 2.05061 5
    endloop
  endfacet
  facet normal 0 0 1
    outer loop
      vertex 15.4397 2.24173 5
      vertex 15.4397 -2.24173 5
      vertex 15.6506 -2.05061 5
    endloop
  endfacet
  facet normal 0 0 1
    outer loop
      vertex 15.2112 2.41126 5
      vertex 15.4397 -2.24173 5
      vertex 15.4397 2.24173 5
    endloop
  endfacet
  facet normal 0 0 1
    outer loop
      vertex 15.2112 2.41126 5
      vertex 15.2112 -2.41126 5
      vertex 15.4397 -2.24173 5
    endloop
  endfacet
  facet normal 0 0 1
    outer loop
      vertex 14.9671 2.55757 5
      vertex 15.2112 -2.41126 5
      vertex 15.2112 2.41126 5
    endloop
  endfacet
  facet normal 0 0 1
    outer loop
      vertex 14.9671 2.55757 5
      vertex 14.9671 -2.55757 5
      vertex 15.2112 -2.41126 5
    endloop
  endfacet
  facet normal 0 0 1
    outer loop
      vertex 14.7098 2.67925 5
      vertex 14.9671 -2.55757 5
      vertex 14.9671 2.55757 5
    endloop
  endfacet
  facet normal 0 0 1
    outer loop
      vertex 14.7098 2.67925 5
      vertex 14.7098 -2.67925 5
      vertex 14.9671 -2.55757 5
    endloop
  endfacet
  facet normal 0 0 1
    outer loop
      vertex 14.4418 2.77513 5
      vertex 14.7098 -2.67925 5
      vertex 14.7098 2.67925 5
    endloop
  endfacet
  facet normal 0 0 1
    outer loop
      vertex 14.4418 2.77513 5
      vertex 14.4418 -2.77513 5
      vertex 14.7098 -2.67925 5
    endloop
  endfacet
  facet normal 0 0 1
    outer loop
      vertex 14.1658 2.84428 5
      vertex 14.4418 -2.77513 5
      vertex 14.4418 2.77513 5
    endloop
  endfacet
  facet normal 0 0 1
    outer loop
      vertex 14.1658 2.84428 5
      vertex 14.1658 -2.84428 5
      vertex 14.4418 -2.77513 5
    endloop
  endfacet
  facet normal 0 0 1
    outer loop
      vertex 13.8842 2.88603 5
      vertex 14.1658 -2.84428 5
      vertex 14.1658 2.84428 5
    endloop
  endfacet
  facet normal 0 0 1
    outer loop
      vertex 13.8842 2.88603 5
      vertex 13.8842 -2.88603 5
      vertex 14.1658 -2.84428 5
    endloop
  endfacet
  facet normal 0 0 1
    outer loop
      vertex 13.6 2.9 5
      vertex 13.8842 -2.88603 5
      vertex 13.8842 2.88603 5
    endloop
  endfacet
  facet normal 0 0 1
    outer loop
      vertex 13.6 2.9 5
      vertex 13.6 -2.9 5
      vertex 13.8842 -2.88603 5
    endloop
  endfacet
  facet normal -0 0 1
    outer loop
      vertex 13.3158 2.88603 5
      vertex 13.6 -2.9 5
      vertex 13.6 2.9 5
    endloop
  endfacet
  facet normal 0 0 1
    outer loop
      vertex 13.3158 2.88603 5
      vertex 13.3158 -2.88603 5
      vertex 13.6 -2.9 5
    endloop
  endfacet
  facet normal -0 0 1
    outer loop
      vertex 13.0342 2.84428 5
      vertex 13.3158 -2.88603 5
      vertex 13.3158 2.88603 5
    endloop
  endfacet
  facet normal 0 0 1
    outer loop
      vertex 13.0342 2.84428 5
      vertex 13.0342 -2.84428 5
      vertex 13.3158 -2.88603 5
    endloop
  endfacet
  facet normal -0 0 1
    outer loop
      vertex 12.7582 2.77513 5
      vertex 13.0342 -2.84428 5
      vertex 13.0342 2.84428 5
    endloop
  endfacet
  facet normal 0 0 1
    outer loop
      vertex 12.7582 2.77513 5
      vertex 12.7582 -2.77513 5
      vertex 13.0342 -2.84428 5
    endloop
  endfacet
  facet normal -0 0 1
    outer loop
      vertex 12.4902 2.67925 5
      vertex 12.7582 -2.77513 5
      vertex 12.7582 2.77513 5
    endloop
  endfacet
  facet normal 0 0 1
    outer loop
      vertex 12.4902 2.67925 5
      vertex 12.4902 -2.67925 5
      vertex 12.7582 -2.77513 5
    endloop
  endfacet
  facet normal -0 0 1
    outer loop
      vertex 12.233 2.55757 5
      vertex 12.4902 -2.67925 5
      vertex 12.4902 2.67925 5
    endloop
  endfacet
  facet normal 0 0 1
    outer loop
      vertex 12.233 2.55757 5
      vertex 12.233 -2.55757 5
      vertex 12.4902 -2.67925 5
    endloop
  endfacet
  facet normal -0 0 1
    outer loop
      vertex 11.9888 2.41126 5
      vertex 12.233 -2.55757 5
      vertex 12.233 2.55757 5
    endloop
  endfacet
  facet normal 0 0 1
    outer loop
      vertex 11.9888 2.41126 5
      vertex 11.9888 -2.41126 5
      vertex 12.233 -2.55757 5
    endloop
  endfacet
  facet normal -0 0 1
    outer loop
      vertex 11.7603 2.24173 5
      vertex 11.9888 -2.41126 5
      vertex 11.9888 2.41126 5
    endloop
  endfacet
  facet normal 0 0 1
    outer loop
      vertex 11.7603 2.24173 5
      vertex 11.7603 -2.24173 5
      vertex 11.9888 -2.41126 5
    endloop
  endfacet
  facet normal -0 0 1
    outer loop
      vertex 11.5494 2.05061 5
      vertex 11.7603 -2.24173 5
      vertex 11.7603 2.24173 5
    endloop
  endfacet
  facet normal 0 0 1
    outer loop
      vertex 11.5494 2.05061 5
      vertex 11.5494 -2.05061 5
      vertex 11.7603 -2.24173 5
    endloop
  endfacet
  facet normal -0 0 1
    outer loop
      vertex 11.3583 1.83974 5
      vertex 11.5494 -2.05061 5
      vertex 11.5494 2.05061 5
    endloop
  endfacet
  facet normal 0 0 1
    outer loop
      vertex 11.3583 1.83974 5
      vertex 11.3583 -1.83974 5
      vertex 11.5494 -2.05061 5
    endloop
  endfacet
  facet normal -0 0 1
    outer loop
      vertex 11.1887 1.61115 5
      vertex 11.3583 -1.83974 5
      vertex 11.3583 1.83974 5
    endloop
  endfacet
  facet normal 0 0 1
    outer loop
      vertex 11.1887 1.61115 5
      vertex 11.1887 -1.61115 5
      vertex 11.3583 -1.83974 5
    endloop
  endfacet
  facet normal -0 0 1
    outer loop
      vertex 11.0424 1.36705 5
      vertex 11.1887 -1.61115 5
      vertex 11.1887 1.61115 5
    endloop
  endfacet
  facet normal 0 0 1
    outer loop
      vertex 11.0424 1.36705 5
      vertex 11.0424 -1.36705 5
      vertex 11.1887 -1.61115 5
    endloop
  endfacet
  facet normal -0 0 1
    outer loop
      vertex 10.9208 1.10978 5
      vertex 11.0424 -1.36705 5
      vertex 11.0424 1.36705 5
    endloop
  endfacet
  facet normal 0 0 1
    outer loop
      vertex 10.9208 1.10978 5
      vertex 10.9208 -1.10978 5
      vertex 11.0424 -1.36705 5
    endloop
  endfacet
  facet normal -0 0 1
    outer loop
      vertex 10.8249 0.841825 5
      vertex 10.9208 -1.10978 5
      vertex 10.9208 1.10978 5
    endloop
  endfacet
  facet normal 0 0 1
    outer loop
      vertex 10.8249 0.841825 5
      vertex 10.8249 -0.841825 5
      vertex 10.9208 -1.10978 5
    endloop
  endfacet
  facet normal -0 0 1
    outer loop
      vertex 10.7557 0.565762 5
      vertex 10.8249 -0.841825 5
      vertex 10.8249 0.841825 5
    endloop
  endfacet
  facet normal 0 0 1
    outer loop
      vertex 10.7557 0.565762 5
      vertex 10.7557 -0.565762 5
      vertex 10.8249 -0.841825 5
    endloop
  endfacet
  facet normal -0 0 1
    outer loop
      vertex 10.714 0.284249 5
      vertex 10.7557 -0.565762 5
      vertex 10.7557 0.565762 5
    endloop
  endfacet
  facet normal 0 0 1
    outer loop
      vertex 10.714 0.284249 5
      vertex 10.714 -0.284249 5
      vertex 10.7557 -0.565762 5
    endloop
  endfacet
  facet normal 0 -0 1
    outer loop
      vertex 10.714 -0.284249 5
      vertex 10.714 0.284249 5
      vertex 10.7 0 5
    endloop
  endfacet
  facet normal -0.699912 0.103677 0.706665
    outer loop
      vertex 10.7557 0.565762 5
      vertex 10.3634 0.643798 4.6
      vertex 10.714 0.284249 5
    endloop
  endfacet
  facet normal -0.568363 0.421487 0.70662
    outer loop
      vertex 11.0491 2.0935 4.6
      vertex 10.8562 1.83338 4.6
      vertex 11.1887 1.61115 5
    endloop
  endfacet
  facet normal -0.666116 -0.2384 0.706721
    outer loop
      vertex 10.8249 -0.841825 5
      vertex 10.5512 -1.26285 4.6
      vertex 10.9208 -1.10978 5
    endloop
  endfacet
  facet normal 0.0347115 -0.706681 0.706681
    outer loop
      vertex 13.6 -2.9 5
      vertex 13.6 -3.3 4.6
      vertex 13.9235 -3.28411 4.6
    endloop
  endfacet
  facet normal 0.363762 -0.606891 0.706655
    outer loop
      vertex 15.2112 -2.41126 5
      vertex 14.9671 -2.55757 5
      vertex 15.1556 -2.91034 4.6
    endloop
  endfacet
  facet normal 0.524308 -0.475034 0.706713
    outer loop
      vertex 16.1509 -2.0935 4.6
      vertex 15.6506 -2.05061 5
      vertex 15.9335 -2.33345 4.6
    endloop
  endfacet
  facet normal 0.171943 0.68633 0.706673
    outer loop
      vertex 14.5579 3.1579 4.6
      vertex 14.2438 3.23659 4.6
      vertex 14.4418 2.77513 5
    endloop
  endfacet
  facet normal 0.606916 0.363796 0.706615
    outer loop
      vertex 16.3438 1.83338 4.6
      vertex 16.0113 1.61115 5
      vertex 16.5103 1.55561 4.6
    endloop
  endfacet
  facet normal 0.475078 0.524272 0.706711
    outer loop
      vertex 15.6935 2.55093 4.6
      vertex 15.6506 2.05061 5
      vertex 15.9335 2.33345 4.6
    endloop
  endfacet
  facet normal 0.524308 0.475034 0.706713
    outer loop
      vertex 15.9335 2.33345 4.6
      vertex 15.6506 2.05061 5
      vertex 16.1509 2.0935 4.6
    endloop
  endfacet
  facet normal 0.421509 0.568289 0.706667
    outer loop
      vertex 15.4334 2.74385 4.6
      vertex 15.2112 2.41126 5
      vertex 15.6935 2.55093 4.6
    endloop
  endfacet
  facet normal 0.706651 0.0348044 0.706706
    outer loop
      vertex 16.8841 0.323456 4.6
      vertex 16.486 0.284249 5
      vertex 16.5 0 5
    endloop
  endfacet
  facet normal 0.686302 0.171936 0.706702
    outer loop
      vertex 16.7579 0.957939 4.6
      vertex 16.3751 0.841825 5
      vertex 16.8366 0.643798 4.6
    endloop
  endfacet
  facet normal 0.666154 0.238356 0.7067
    outer loop
      vertex 16.6488 1.26285 4.6
      vertex 16.3751 0.841825 5
      vertex 16.7579 0.957939 4.6
    endloop
  endfacet
  facet normal 0.568363 0.421487 0.70662
    outer loop
      vertex 16.1509 2.0935 4.6
      vertex 16.0113 1.61115 5
      vertex 16.3438 1.83338 4.6
    endloop
  endfacet
  facet normal 0.568216 0.421582 0.706682
    outer loop
      vertex 16.1509 2.0935 4.6
      vertex 15.8417 1.83974 5
      vertex 16.0113 1.61115 5
    endloop
  endfacet
  facet normal 0.524274 -0.475121 0.70668
    outer loop
      vertex 15.8417 -1.83974 5
      vertex 15.6506 -2.05061 5
      vertex 16.1509 -2.0935 4.6
    endloop
  endfacet
  facet normal 0.606923 -0.363756 0.706629
    outer loop
      vertex 16.1576 -1.36705 5
      vertex 16.0113 -1.61115 5
      vertex 16.5103 -1.55561 4.6
    endloop
  endfacet
  facet normal -0.363723 0.606898 0.706669
    outer loop
      vertex 12.0444 2.91034 4.6
      vertex 11.7666 2.74385 4.6
      vertex 11.9888 2.41126 5
    endloop
  endfacet
  facet normal -0.363627 0.606915 0.706703
    outer loop
      vertex 12.0444 2.91034 4.6
      vertex 11.9888 2.41126 5
      vertex 12.233 2.55757 5
    endloop
  endfacet
  facet normal -0.302543 0.639566 0.706698
    outer loop
      vertex 12.3371 3.0488 4.6
      vertex 12.0444 2.91034 4.6
      vertex 12.233 2.55757 5
    endloop
  endfacet
  facet normal -0.238332 0.666177 0.706686
    outer loop
      vertex 12.7582 2.77513 5
      vertex 12.3371 3.0488 4.6
      vertex 12.4902 2.67925 5
    endloop
  endfacet
  facet normal -0.0347115 0.706681 0.706681
    outer loop
      vertex 13.6 3.3 4.6
      vertex 13.2765 3.28411 4.6
      vertex 13.6 2.9 5
    endloop
  endfacet
  facet normal 0.0347115 0.706681 0.706681
    outer loop
      vertex 13.6 3.3 4.6
      vertex 13.6 2.9 5
      vertex 13.9235 3.28411 4.6
    endloop
  endfacet
  facet normal -0.171943 0.68633 0.706673
    outer loop
      vertex 12.9562 3.23659 4.6
      vertex 12.6421 3.1579 4.6
      vertex 12.7582 2.77513 5
    endloop
  endfacet
  facet normal -0.103831 0.699855 0.706698
    outer loop
      vertex 13.2765 3.28411 4.6
      vertex 12.9562 3.23659 4.6
      vertex 13.3158 2.88603 5
    endloop
  endfacet
  facet normal -0.666116 0.2384 0.706721
    outer loop
      vertex 10.9208 1.10978 5
      vertex 10.5512 1.26285 4.6
      vertex 10.8249 0.841825 5
    endloop
  endfacet
  facet normal -0.699857 0.103774 0.706704
    outer loop
      vertex 10.3634 0.643798 4.6
      vertex 10.3159 0.323456 4.6
      vertex 10.714 0.284249 5
    endloop
  endfacet
  facet normal -0.706651 0.0348044 0.706706
    outer loop
      vertex 10.714 0.284249 5
      vertex 10.3159 0.323456 4.6
      vertex 10.7 0 5
    endloop
  endfacet
  facet normal -0.606916 0.363796 0.706615
    outer loop
      vertex 10.8562 1.83338 4.6
      vertex 10.6897 1.55561 4.6
      vertex 11.1887 1.61115 5
    endloop
  endfacet
  facet normal -0.524274 0.475121 0.70668
    outer loop
      vertex 11.5494 2.05061 5
      vertex 11.0491 2.0935 4.6
      vertex 11.3583 1.83974 5
    endloop
  endfacet
  facet normal -0.699857 -0.103774 0.706704
    outer loop
      vertex 10.714 -0.284249 5
      vertex 10.3159 -0.323456 4.6
      vertex 10.3634 -0.643798 4.6
    endloop
  endfacet
  facet normal -0.686314 -0.172037 0.706665
    outer loop
      vertex 10.7557 -0.565762 5
      vertex 10.3634 -0.643798 4.6
      vertex 10.8249 -0.841825 5
    endloop
  endfacet
  facet normal -0.606916 -0.363796 0.706615
    outer loop
      vertex 11.1887 -1.61115 5
      vertex 10.6897 -1.55561 4.6
      vertex 10.8562 -1.83338 4.6
    endloop
  endfacet
  facet normal -0.639641 -0.30233 0.706722
    outer loop
      vertex 10.9208 -1.10978 5
      vertex 10.5512 -1.26285 4.6
      vertex 11.0424 -1.36705 5
    endloop
  endfacet
  facet normal -0.363723 -0.606898 0.706669
    outer loop
      vertex 11.9888 -2.41126 5
      vertex 11.7666 -2.74385 4.6
      vertex 12.0444 -2.91034 4.6
    endloop
  endfacet
  facet normal -0.0347115 -0.706681 0.706681
    outer loop
      vertex 13.6 -2.9 5
      vertex 13.2765 -3.28411 4.6
      vertex 13.6 -3.3 4.6
    endloop
  endfacet
  facet normal -0.171956 -0.686332 0.706668
    outer loop
      vertex 13.0342 -2.84428 5
      vertex 12.7582 -2.77513 5
      vertex 12.9562 -3.23659 4.6
    endloop
  endfacet
  facet normal -0.421509 -0.568289 0.706667
    outer loop
      vertex 11.9888 -2.41126 5
      vertex 11.5065 -2.55093 4.6
      vertex 11.7666 -2.74385 4.6
    endloop
  endfacet
  facet normal -0.475078 -0.524272 0.706711
    outer loop
      vertex 11.5494 -2.05061 5
      vertex 11.2665 -2.33345 4.6
      vertex 11.5065 -2.55093 4.6
    endloop
  endfacet
  facet normal 0.171943 -0.68633 0.706673
    outer loop
      vertex 14.4418 -2.77513 5
      vertex 14.2438 -3.23659 4.6
      vertex 14.5579 -3.1579 4.6
    endloop
  endfacet
  facet normal 0.302559 -0.6396 0.706661
    outer loop
      vertex 14.9671 -2.55757 5
      vertex 14.8629 -3.0488 4.6
      vertex 15.1556 -2.91034 4.6
    endloop
  endfacet
  facet normal 0.475078 -0.524272 0.706711
    outer loop
      vertex 15.9335 -2.33345 4.6
      vertex 15.6506 -2.05061 5
      vertex 15.6935 -2.55093 4.6
    endloop
  endfacet
  facet normal 0.171956 0.686332 0.706668
    outer loop
      vertex 14.2438 3.23659 4.6
      vertex 14.1658 2.84428 5
      vertex 14.4418 2.77513 5
    endloop
  endfacet
  facet normal 0.103831 0.699855 0.706698
    outer loop
      vertex 13.9235 3.28411 4.6
      vertex 13.8842 2.88603 5
      vertex 14.2438 3.23659 4.6
    endloop
  endfacet
  facet normal 0.363762 0.606891 0.706655
    outer loop
      vertex 15.1556 2.91034 4.6
      vertex 14.9671 2.55757 5
      vertex 15.2112 2.41126 5
    endloop
  endfacet
  facet normal 0.475095 0.524265 0.706704
    outer loop
      vertex 15.6935 2.55093 4.6
      vertex 15.4397 2.24173 5
      vertex 15.6506 2.05061 5
    endloop
  endfacet
  facet normal 0.699857 0.103774 0.706704
    outer loop
      vertex 16.8366 0.643798 4.6
      vertex 16.486 0.284249 5
      vertex 16.8841 0.323456 4.6
    endloop
  endfacet
  facet normal 0.606923 0.363756 0.706629
    outer loop
      vertex 16.5103 1.55561 4.6
      vertex 16.0113 1.61115 5
      vertex 16.1576 1.36705 5
    endloop
  endfacet
  facet normal 0.63962 -0.302594 0.706628
    outer loop
      vertex 16.6488 -1.26285 4.6
      vertex 16.1576 -1.36705 5
      vertex 16.5103 -1.55561 4.6
    endloop
  endfacet
  facet normal 0.666154 -0.238356 0.7067
    outer loop
      vertex 16.7579 -0.957939 4.6
      vertex 16.3751 -0.841825 5
      vertex 16.6488 -1.26285 4.6
    endloop
  endfacet
  facet normal 0.686302 -0.171936 0.706702
    outer loop
      vertex 16.8366 -0.643798 4.6
      vertex 16.3751 -0.841825 5
      vertex 16.7579 -0.957939 4.6
    endloop
  endfacet
  facet normal 0.568363 -0.421487 0.70662
    outer loop
      vertex 16.3438 -1.83338 4.6
      vertex 16.0113 -1.61115 5
      vertex 16.1509 -2.0935 4.6
    endloop
  endfacet
  facet normal 0.606916 -0.363796 0.706615
    outer loop
      vertex 16.5103 -1.55561 4.6
      vertex 16.0113 -1.61115 5
      vertex 16.3438 -1.83338 4.6
    endloop
  endfacet
  facet normal -0.421564 0.568203 0.706703
    outer loop
      vertex 11.9888 2.41126 5
      vertex 11.5065 2.55093 4.6
      vertex 11.7603 2.24173 5
    endloop
  endfacet
  facet normal -0.103766 0.699892 0.706671
    outer loop
      vertex 13.3158 2.88603 5
      vertex 12.9562 3.23659 4.6
      vertex 13.0342 2.84428 5
    endloop
  endfacet
  facet normal -0.171956 0.686332 0.706668
    outer loop
      vertex 12.9562 3.23659 4.6
      vertex 12.7582 2.77513 5
      vertex 13.0342 2.84428 5
    endloop
  endfacet
  facet normal -0.606923 0.363756 0.706629
    outer loop
      vertex 11.1887 1.61115 5
      vertex 10.6897 1.55561 4.6
      vertex 11.0424 1.36705 5
    endloop
  endfacet
  facet normal -0.63962 0.302594 0.706628
    outer loop
      vertex 10.6897 1.55561 4.6
      vertex 10.5512 1.26285 4.6
      vertex 11.0424 1.36705 5
    endloop
  endfacet
  facet normal -0.568363 -0.421487 0.70662
    outer loop
      vertex 11.1887 -1.61115 5
      vertex 10.8562 -1.83338 4.6
      vertex 11.0491 -2.0935 4.6
    endloop
  endfacet
  facet normal -0.568216 -0.421582 0.706682
    outer loop
      vertex 11.1887 -1.61115 5
      vertex 11.0491 -2.0935 4.6
      vertex 11.3583 -1.83974 5
    endloop
  endfacet
  facet normal -0.699912 -0.103677 0.706665
    outer loop
      vertex 10.714 -0.284249 5
      vertex 10.3634 -0.643798 4.6
      vertex 10.7557 -0.565762 5
    endloop
  endfacet
  facet normal -0.686302 -0.171936 0.706702
    outer loop
      vertex 10.8249 -0.841825 5
      vertex 10.3634 -0.643798 4.6
      vertex 10.4421 -0.957939 4.6
    endloop
  endfacet
  facet normal -0.666154 -0.238356 0.7067
    outer loop
      vertex 10.8249 -0.841825 5
      vertex 10.4421 -0.957939 4.6
      vertex 10.5512 -1.26285 4.6
    endloop
  endfacet
  facet normal -0.302543 -0.639566 0.706698
    outer loop
      vertex 12.233 -2.55757 5
      vertex 12.0444 -2.91034 4.6
      vertex 12.3371 -3.0488 4.6
    endloop
  endfacet
  facet normal -0.363627 -0.606915 0.706703
    outer loop
      vertex 12.233 -2.55757 5
      vertex 11.9888 -2.41126 5
      vertex 12.0444 -2.91034 4.6
    endloop
  endfacet
  facet normal 0.103831 -0.699855 0.706698
    outer loop
      vertex 14.2438 -3.23659 4.6
      vertex 13.8842 -2.88603 5
      vertex 13.9235 -3.28411 4.6
    endloop
  endfacet
  facet normal 0.0347367 -0.70667 0.70669
    outer loop
      vertex 13.8842 -2.88603 5
      vertex 13.6 -2.9 5
      vertex 13.9235 -3.28411 4.6
    endloop
  endfacet
  facet normal 0.238304 -0.666202 0.706673
    outer loop
      vertex 14.8629 -3.0488 4.6
      vertex 14.4418 -2.77513 5
      vertex 14.5579 -3.1579 4.6
    endloop
  endfacet
  facet normal 0.238332 -0.666177 0.706686
    outer loop
      vertex 14.7098 -2.67925 5
      vertex 14.4418 -2.77513 5
      vertex 14.8629 -3.0488 4.6
    endloop
  endfacet
  facet normal 0.363723 -0.606898 0.706669
    outer loop
      vertex 15.2112 -2.41126 5
      vertex 15.1556 -2.91034 4.6
      vertex 15.4334 -2.74385 4.6
    endloop
  endfacet
  facet normal 0.421509 -0.568289 0.706667
    outer loop
      vertex 15.6935 -2.55093 4.6
      vertex 15.2112 -2.41126 5
      vertex 15.4334 -2.74385 4.6
    endloop
  endfacet
  facet normal 0.475095 -0.524265 0.706704
    outer loop
      vertex 15.6506 -2.05061 5
      vertex 15.4397 -2.24173 5
      vertex 15.6935 -2.55093 4.6
    endloop
  endfacet
  facet normal 0.103766 0.699892 0.706671
    outer loop
      vertex 14.2438 3.23659 4.6
      vertex 13.8842 2.88603 5
      vertex 14.1658 2.84428 5
    endloop
  endfacet
  facet normal 0.302477 0.639607 0.70669
    outer loop
      vertex 14.8629 3.0488 4.6
      vertex 14.7098 2.67925 5
      vertex 14.9671 2.55757 5
    endloop
  endfacet
  facet normal 0.238332 0.666177 0.706686
    outer loop
      vertex 14.8629 3.0488 4.6
      vertex 14.4418 2.77513 5
      vertex 14.7098 2.67925 5
    endloop
  endfacet
  facet normal 0.421564 0.568203 0.706703
    outer loop
      vertex 15.6935 2.55093 4.6
      vertex 15.2112 2.41126 5
      vertex 15.4397 2.24173 5
    endloop
  endfacet
  facet normal 0.699912 0.103677 0.706665
    outer loop
      vertex 16.8366 0.643798 4.6
      vertex 16.4443 0.565762 5
      vertex 16.486 0.284249 5
    endloop
  endfacet
  facet normal 0.666116 0.2384 0.706721
    outer loop
      vertex 16.6488 1.26285 4.6
      vertex 16.2792 1.10978 5
      vertex 16.3751 0.841825 5
    endloop
  endfacet
  facet normal 0.639641 0.30233 0.706722
    outer loop
      vertex 16.6488 1.26285 4.6
      vertex 16.1576 1.36705 5
      vertex 16.2792 1.10978 5
    endloop
  endfacet
  facet normal 0.706651 -0.0348044 0.706706
    outer loop
      vertex 16.5 0 5
      vertex 16.486 -0.284249 5
      vertex 16.8841 -0.323456 4.6
    endloop
  endfacet
  facet normal 0.639641 -0.30233 0.706722
    outer loop
      vertex 16.2792 -1.10978 5
      vertex 16.1576 -1.36705 5
      vertex 16.6488 -1.26285 4.6
    endloop
  endfacet
  facet normal 0.666116 -0.2384 0.706721
    outer loop
      vertex 16.3751 -0.841825 5
      vertex 16.2792 -1.10978 5
      vertex 16.6488 -1.26285 4.6
    endloop
  endfacet
  facet normal -0.63962 -0.302594 0.706628
    outer loop
      vertex 11.0424 -1.36705 5
      vertex 10.5512 -1.26285 4.6
      vertex 10.6897 -1.55561 4.6
    endloop
  endfacet
  facet normal -0.606923 -0.363756 0.706629
    outer loop
      vertex 11.0424 -1.36705 5
      vertex 10.6897 -1.55561 4.6
      vertex 11.1887 -1.61115 5
    endloop
  endfacet
  facet normal -0.524274 -0.475121 0.70668
    outer loop
      vertex 11.3583 -1.83974 5
      vertex 11.0491 -2.0935 4.6
      vertex 11.5494 -2.05061 5
    endloop
  endfacet
  facet normal -0.171943 -0.68633 0.706673
    outer loop
      vertex 12.7582 -2.77513 5
      vertex 12.6421 -3.1579 4.6
      vertex 12.9562 -3.23659 4.6
    endloop
  endfacet
  facet normal -0.302574 -0.639564 0.706687
    outer loop
      vertex 12.4902 -2.67925 5
      vertex 12.233 -2.55757 5
      vertex 12.3371 -3.0488 4.6
    endloop
  endfacet
  facet normal -0.238332 -0.666177 0.706686
    outer loop
      vertex 12.4902 -2.67925 5
      vertex 12.3371 -3.0488 4.6
      vertex 12.7582 -2.77513 5
    endloop
  endfacet
  facet normal -0.475095 -0.524265 0.706704
    outer loop
      vertex 11.5494 -2.05061 5
      vertex 11.5065 -2.55093 4.6
      vertex 11.7603 -2.24173 5
    endloop
  endfacet
  facet normal -0.421564 -0.568203 0.706703
    outer loop
      vertex 11.7603 -2.24173 5
      vertex 11.5065 -2.55093 4.6
      vertex 11.9888 -2.41126 5
    endloop
  endfacet
  facet normal -0.0347367 -0.70667 0.70669
    outer loop
      vertex 13.3158 -2.88603 5
      vertex 13.2765 -3.28411 4.6
      vertex 13.6 -2.9 5
    endloop
  endfacet
  facet normal 0.103766 -0.699892 0.706671
    outer loop
      vertex 14.1658 -2.84428 5
      vertex 13.8842 -2.88603 5
      vertex 14.2438 -3.23659 4.6
    endloop
  endfacet
  facet normal 0.171956 -0.686332 0.706668
    outer loop
      vertex 14.4418 -2.77513 5
      vertex 14.1658 -2.84428 5
      vertex 14.2438 -3.23659 4.6
    endloop
  endfacet
  facet normal 0.421564 -0.568203 0.706703
    outer loop
      vertex 15.4397 -2.24173 5
      vertex 15.2112 -2.41126 5
      vertex 15.6935 -2.55093 4.6
    endloop
  endfacet
  facet normal 0.699912 -0.103677 0.706665
    outer loop
      vertex 16.486 -0.284249 5
      vertex 16.4443 -0.565762 5
      vertex 16.8366 -0.643798 4.6
    endloop
  endfacet
  facet normal -0.103766 -0.699892 0.706671
    outer loop
      vertex 13.0342 -2.84428 5
      vertex 12.9562 -3.23659 4.6
      vertex 13.3158 -2.88603 5
    endloop
  endfacet
  facet normal -0.103831 -0.699855 0.706698
    outer loop
      vertex 13.3158 -2.88603 5
      vertex 12.9562 -3.23659 4.6
      vertex 13.2765 -3.28411 4.6
    endloop
  endfacet
  facet normal 0.857796 0.51399 0
    outer loop
      vertex 17.8332 2.2627 1.2
      vertex 17.5911 2.66674 0
      vertex 17.5911 2.66674 1.2
    endloop
  endfacet
  facet normal 0.857796 0.51399 0
    outer loop
      vertex 17.5911 2.66674 0
      vertex 17.8332 2.2627 1.2
      vertex 17.8332 2.2627 0
    endloop
  endfacet
  facet normal 0.336896 0.941542 -0
    outer loop
      vertex 15.4369 4.43462 0
      vertex 14.9934 4.59331 1.2
      vertex 15.4369 4.43462 1.2
    endloop
  endfacet
  facet normal 0.336896 0.941542 0
    outer loop
      vertex 14.9934 4.59331 1.2
      vertex 15.4369 4.43462 0
      vertex 14.9934 4.59331 0
    endloop
  endfacet
  facet normal -0.427575 0.90398 0
    outer loop
      vertex 11.7631 4.43462 0
      vertex 11.3373 4.23322 1.2
      vertex 11.7631 4.43462 1.2
    endloop
  endfacet
  facet normal -0.427575 0.90398 0
    outer loop
      vertex 11.3373 4.23322 1.2
      vertex 11.7631 4.43462 0
      vertex 11.3373 4.23322 0
    endloop
  endfacet
  facet normal -0.941544 0.336889 0
    outer loop
      vertex 9.00669 1.39337 0
      vertex 9.16538 1.83688 1.2
      vertex 9.16538 1.83688 0
    endloop
  endfacet
  facet normal -0.941544 0.336889 0
    outer loop
      vertex 9.16538 1.83688 1.2
      vertex 9.00669 1.39337 0
      vertex 9.00669 1.39337 1.2
    endloop
  endfacet
  facet normal 0.998797 -0.0490395 0
    outer loop
      vertex 18.3769 -0.470482 1.2
      vertex 18.4 0 0
      vertex 18.4 0 1.2
    endloop
  endfacet
  facet normal 0.998797 -0.0490395 0
    outer loop
      vertex 18.4 0 0
      vertex 18.3769 -0.470482 1.2
      vertex 18.3769 -0.470482 0
    endloop
  endfacet
  facet normal 0.0490588 0.998796 -0
    outer loop
      vertex 14.0705 4.77689 0
      vertex 13.6 4.8 1.2
      vertex 14.0705 4.77689 1.2
    endloop
  endfacet
  facet normal 0.0490588 0.998796 0
    outer loop
      vertex 13.6 4.8 1.2
      vertex 14.0705 4.77689 0
      vertex 13.6 4.8 0
    endloop
  endfacet
  facet normal 0.514137 0.857708 -0
    outer loop
      vertex 16.2667 3.99105 0
      vertex 15.8627 4.23322 1.2
      vertex 16.2667 3.99105 1.2
    endloop
  endfacet
  facet normal 0.514137 0.857708 0
    outer loop
      vertex 15.8627 4.23322 1.2
      vertex 16.2667 3.99105 0
      vertex 15.8627 4.23322 0
    endloop
  endfacet
  facet normal -0.998796 0.0490607 0
    outer loop
      vertex 8.8 0 0
      vertex 8.82311 0.470482 1.2
      vertex 8.82311 0.470482 0
    endloop
  endfacet
  facet normal -0.998796 0.0490607 0
    outer loop
      vertex 8.82311 0.470482 1.2
      vertex 8.8 0 0
      vertex 8.8 0 1.2
    endloop
  endfacet
  facet normal -0.803211 0.595695 0
    outer loop
      vertex 9.60895 2.66674 0
      vertex 9.88955 3.04509 1.2
      vertex 9.88955 3.04509 0
    endloop
  endfacet
  facet normal -0.803211 0.595695 0
    outer loop
      vertex 9.88955 3.04509 1.2
      vertex 9.60895 2.66674 0
      vertex 9.60895 2.66674 1.2
    endloop
  endfacet
  facet normal -0.242955 0.970038 0
    outer loop
      vertex 12.6636 4.70777 0
      vertex 12.2066 4.59331 1.2
      vertex 12.6636 4.70777 1.2
    endloop
  endfacet
  facet normal -0.242955 0.970038 0
    outer loop
      vertex 12.2066 4.59331 1.2
      vertex 12.6636 4.70777 0
      vertex 12.2066 4.59331 0
    endloop
  endfacet
  facet normal 0.514137 -0.857708 0
    outer loop
      vertex 15.8627 -4.23322 0
      vertex 16.2667 -3.99105 1.2
      vertex 15.8627 -4.23322 1.2
    endloop
  endfacet
  facet normal 0.514137 -0.857708 0
    outer loop
      vertex 16.2667 -3.99105 1.2
      vertex 15.8627 -4.23322 0
      vertex 16.2667 -3.99105 0
    endloop
  endfacet
  facet normal 0.989182 0.146695 0
    outer loop
      vertex 18.3769 0.470482 1.2
      vertex 18.3078 0.936433 0
      vertex 18.3078 0.936433 1.2
    endloop
  endfacet
  facet normal 0.989182 0.146695 0
    outer loop
      vertex 18.3078 0.936433 0
      vertex 18.3769 0.470482 1.2
      vertex 18.3769 0.470482 0
    endloop
  endfacet
  facet normal 0.803109 0.595831 0
    outer loop
      vertex 17.5911 2.66674 1.2
      vertex 17.3104 3.04509 0
      vertex 17.3104 3.04509 1.2
    endloop
  endfacet
  facet normal 0.803109 0.595831 0
    outer loop
      vertex 17.3104 3.04509 0
      vertex 17.5911 2.66674 1.2
      vertex 17.5911 2.66674 0
    endloop
  endfacet
  facet normal 0.671588 0.740925 -0
    outer loop
      vertex 16.9941 3.39411 0
      vertex 16.6451 3.71045 1.2
      vertex 16.9941 3.39411 1.2
    endloop
  endfacet
  facet normal 0.671588 0.740925 0
    outer loop
      vertex 16.6451 3.71045 1.2
      vertex 16.9941 3.39411 0
      vertex 16.6451 3.71045 0
    endloop
  endfacet
  facet normal 0.740986 0.67152 0
    outer loop
      vertex 17.3104 3.04509 1.2
      vertex 16.9941 3.39411 0
      vertex 16.9941 3.39411 1.2
    endloop
  endfacet
  facet normal 0.740986 0.67152 0
    outer loop
      vertex 16.9941 3.39411 0
      vertex 17.3104 3.04509 1.2
      vertex 17.3104 3.04509 0
    endloop
  endfacet
  facet normal -0.0490588 0.998796 0
    outer loop
      vertex 13.6 4.8 0
      vertex 13.1295 4.77689 1.2
      vertex 13.6 4.8 1.2
    endloop
  endfacet
  facet normal -0.0490588 0.998796 0
    outer loop
      vertex 13.1295 4.77689 1.2
      vertex 13.6 4.8 0
      vertex 13.1295 4.77689 0
    endloop
  endfacet
  facet normal 0.242955 0.970038 -0
    outer loop
      vertex 14.9934 4.59331 0
      vertex 14.5364 4.70777 1.2
      vertex 14.9934 4.59331 1.2
    endloop
  endfacet
  facet normal 0.242955 0.970038 0
    outer loop
      vertex 14.5364 4.70777 1.2
      vertex 14.9934 4.59331 0
      vertex 14.5364 4.70777 0
    endloop
  endfacet
  facet normal 0.146752 0.989173 -0
    outer loop
      vertex 14.5364 4.70777 0
      vertex 14.0705 4.77689 1.2
      vertex 14.5364 4.70777 1.2
    endloop
  endfacet
  facet normal 0.146752 0.989173 0
    outer loop
      vertex 14.0705 4.77689 1.2
      vertex 14.5364 4.70777 0
      vertex 14.0705 4.77689 0
    endloop
  endfacet
  facet normal 0.427575 0.90398 -0
    outer loop
      vertex 15.8627 4.23322 0
      vertex 15.4369 4.43462 1.2
      vertex 15.8627 4.23322 1.2
    endloop
  endfacet
  facet normal 0.427575 0.90398 0
    outer loop
      vertex 15.4369 4.43462 1.2
      vertex 15.8627 4.23322 0
      vertex 15.4369 4.43462 0
    endloop
  endfacet
  facet normal 0.595644 0.803249 -0
    outer loop
      vertex 16.6451 3.71045 0
      vertex 16.2667 3.99105 1.2
      vertex 16.6451 3.71045 1.2
    endloop
  endfacet
  facet normal 0.595644 0.803249 0
    outer loop
      vertex 16.2667 3.99105 1.2
      vertex 16.6451 3.71045 0
      vertex 16.2667 3.99105 0
    endloop
  endfacet
  facet normal 0 0 1
    outer loop
      vertex 16.9 0 1.2
      vertex 18.4 0 1.2
      vertex 18.3769 0.470482 1.2
    endloop
  endfacet
  facet normal 0 0 1
    outer loop
      vertex 16.8841 0.323456 1.2
      vertex 18.3769 0.470482 1.2
      vertex 18.3078 0.936433 1.2
    endloop
  endfacet
  facet normal 0 0 1
    outer loop
      vertex 18.4 0 1.2
      vertex 16.9 0 1.2
      vertex 18.3769 -0.470482 1.2
    endloop
  endfacet
  facet normal 0 0 1
    outer loop
      vertex 16.8366 0.643798 1.2
      vertex 18.3078 0.936433 1.2
      vertex 18.1933 1.39337 1.2
    endloop
  endfacet
  facet normal -0 0 1
    outer loop
      vertex 16.8841 -0.323456 1.2
      vertex 18.3769 -0.470482 1.2
      vertex 16.9 0 1.2
    endloop
  endfacet
  facet normal 0 0 1
    outer loop
      vertex 16.7579 0.957939 1.2
      vertex 18.1933 1.39337 1.2
      vertex 18.0346 1.83688 1.2
    endloop
  endfacet
  facet normal 0 0 1
    outer loop
      vertex 18.3769 -0.470482 1.2
      vertex 16.8841 -0.323456 1.2
      vertex 18.3078 -0.936433 1.2
    endloop
  endfacet
  facet normal 0 0 1
    outer loop
      vertex 16.6488 1.26285 1.2
      vertex 18.0346 1.83688 1.2
      vertex 17.8332 2.2627 1.2
    endloop
  endfacet
  facet normal -0 0 1
    outer loop
      vertex 16.8366 -0.643798 1.2
      vertex 18.3078 -0.936433 1.2
      vertex 16.8841 -0.323456 1.2
    endloop
  endfacet
  facet normal 0 0 1
    outer loop
      vertex 16.5103 1.55561 1.2
      vertex 17.8332 2.2627 1.2
      vertex 17.5911 2.66674 1.2
    endloop
  endfacet
  facet normal 0 0 1
    outer loop
      vertex 18.3078 -0.936433 1.2
      vertex 16.8366 -0.643798 1.2
      vertex 18.1933 -1.39337 1.2
    endloop
  endfacet
  facet normal 0 0 1
    outer loop
      vertex 16.3438 1.83338 1.2
      vertex 17.5911 2.66674 1.2
      vertex 17.3104 3.04509 1.2
    endloop
  endfacet
  facet normal -0 0 1
    outer loop
      vertex 16.7579 -0.957939 1.2
      vertex 18.1933 -1.39337 1.2
      vertex 16.8366 -0.643798 1.2
    endloop
  endfacet
  facet normal 0 0 1
    outer loop
      vertex 16.1509 2.0935 1.2
      vertex 17.3104 3.04509 1.2
      vertex 16.9941 3.39411 1.2
    endloop
  endfacet
  facet normal 0 0 1
    outer loop
      vertex 18.1933 -1.39337 1.2
      vertex 16.7579 -0.957939 1.2
      vertex 18.0346 -1.83688 1.2
    endloop
  endfacet
  facet normal -0 0 1
    outer loop
      vertex 16.6488 -1.26285 1.2
      vertex 18.0346 -1.83688 1.2
      vertex 16.7579 -0.957939 1.2
    endloop
  endfacet
  facet normal 0 0 1
    outer loop
      vertex 18.3769 0.470482 1.2
      vertex 16.8841 0.323456 1.2
      vertex 16.9 0 1.2
    endloop
  endfacet
  facet normal 0 0 1
    outer loop
      vertex 18.3078 0.936433 1.2
      vertex 16.8366 0.643798 1.2
      vertex 16.8841 0.323456 1.2
    endloop
  endfacet
  facet normal 0 0 1
    outer loop
      vertex 18.1933 1.39337 1.2
      vertex 16.7579 0.957939 1.2
      vertex 16.8366 0.643798 1.2
    endloop
  endfacet
  facet normal 0 0 1
    outer loop
      vertex 18.0346 1.83688 1.2
      vertex 16.6488 1.26285 1.2
      vertex 16.7579 0.957939 1.2
    endloop
  endfacet
  facet normal 0 0 1
    outer loop
      vertex 15.9335 2.33345 1.2
      vertex 16.9941 3.39411 1.2
      vertex 16.6451 3.71045 1.2
    endloop
  endfacet
  facet normal 0 0 1
    outer loop
      vertex 17.8332 2.2627 1.2
      vertex 16.5103 1.55561 1.2
      vertex 16.6488 1.26285 1.2
    endloop
  endfacet
  facet normal 0 0 1
    outer loop
      vertex 17.5911 2.66674 1.2
      vertex 16.3438 1.83338 1.2
      vertex 16.5103 1.55561 1.2
    endloop
  endfacet
  facet normal 0 0 1
    outer loop
      vertex 15.6935 2.55093 1.2
      vertex 16.6451 3.71045 1.2
      vertex 16.2667 3.99105 1.2
    endloop
  endfacet
  facet normal 0 0 1
    outer loop
      vertex 17.3104 3.04509 1.2
      vertex 16.1509 2.0935 1.2
      vertex 16.3438 1.83338 1.2
    endloop
  endfacet
  facet normal 0 0 1
    outer loop
      vertex 16.9941 3.39411 1.2
      vertex 15.9335 2.33345 1.2
      vertex 16.1509 2.0935 1.2
    endloop
  endfacet
  facet normal 0 0 1
    outer loop
      vertex 15.4334 2.74385 1.2
      vertex 16.2667 3.99105 1.2
      vertex 15.8627 4.23322 1.2
    endloop
  endfacet
  facet normal 0 0 1
    outer loop
      vertex 16.6451 3.71045 1.2
      vertex 15.6935 2.55093 1.2
      vertex 15.9335 2.33345 1.2
    endloop
  endfacet
  facet normal 0 0 1
    outer loop
      vertex 15.1556 2.91034 1.2
      vertex 15.8627 4.23322 1.2
      vertex 15.4369 4.43462 1.2
    endloop
  endfacet
  facet normal 0 0 1
    outer loop
      vertex 16.2667 3.99105 1.2
      vertex 15.4334 2.74385 1.2
      vertex 15.6935 2.55093 1.2
    endloop
  endfacet
  facet normal 0 0 1
    outer loop
      vertex 15.8627 4.23322 1.2
      vertex 15.1556 2.91034 1.2
      vertex 15.4334 2.74385 1.2
    endloop
  endfacet
  facet normal 0 0 1
    outer loop
      vertex 14.8629 3.0488 1.2
      vertex 15.4369 4.43462 1.2
      vertex 14.9934 4.59331 1.2
    endloop
  endfacet
  facet normal 0 0 1
    outer loop
      vertex 15.4369 4.43462 1.2
      vertex 14.8629 3.0488 1.2
      vertex 15.1556 2.91034 1.2
    endloop
  endfacet
  facet normal 0 0 1
    outer loop
      vertex 14.9934 4.59331 1.2
      vertex 14.5579 3.1579 1.2
      vertex 14.8629 3.0488 1.2
    endloop
  endfacet
  facet normal 0 0 1
    outer loop
      vertex 14.5364 4.70777 1.2
      vertex 14.5579 3.1579 1.2
      vertex 14.9934 4.59331 1.2
    endloop
  endfacet
  facet normal 0 0 1
    outer loop
      vertex 14.5364 4.70777 1.2
      vertex 14.2438 3.23659 1.2
      vertex 14.5579 3.1579 1.2
    endloop
  endfacet
  facet normal 0 0 1
    outer loop
      vertex 14.0705 4.77689 1.2
      vertex 14.2438 3.23659 1.2
      vertex 14.5364 4.70777 1.2
    endloop
  endfacet
  facet normal 0 0 1
    outer loop
      vertex 14.0705 4.77689 1.2
      vertex 13.9235 3.28411 1.2
      vertex 14.2438 3.23659 1.2
    endloop
  endfacet
  facet normal 0 0 1
    outer loop
      vertex 13.6 4.8 1.2
      vertex 13.9235 3.28411 1.2
      vertex 14.0705 4.77689 1.2
    endloop
  endfacet
  facet normal 0 0 1
    outer loop
      vertex 13.6 4.8 1.2
      vertex 13.6 3.3 1.2
      vertex 13.9235 3.28411 1.2
    endloop
  endfacet
  facet normal 0 0 1
    outer loop
      vertex 13.6 4.8 1.2
      vertex 13.2765 3.28411 1.2
      vertex 13.6 3.3 1.2
    endloop
  endfacet
  facet normal -0 0 1
    outer loop
      vertex 13.1295 4.77689 1.2
      vertex 13.2765 3.28411 1.2
      vertex 13.6 4.8 1.2
    endloop
  endfacet
  facet normal 0 0 1
    outer loop
      vertex 13.1295 4.77689 1.2
      vertex 12.9562 3.23659 1.2
      vertex 13.2765 3.28411 1.2
    endloop
  endfacet
  facet normal -0 0 1
    outer loop
      vertex 12.6636 4.70777 1.2
      vertex 12.9562 3.23659 1.2
      vertex 13.1295 4.77689 1.2
    endloop
  endfacet
  facet normal 0 0 1
    outer loop
      vertex 12.6636 4.70777 1.2
      vertex 12.6421 3.1579 1.2
      vertex 12.9562 3.23659 1.2
    endloop
  endfacet
  facet normal -0 0 1
    outer loop
      vertex 12.2066 4.59331 1.2
      vertex 12.6421 3.1579 1.2
      vertex 12.6636 4.70777 1.2
    endloop
  endfacet
  facet normal 0 0 1
    outer loop
      vertex 12.6421 3.1579 1.2
      vertex 12.2066 4.59331 1.2
      vertex 12.3371 3.0488 1.2
    endloop
  endfacet
  facet normal -0 0 1
    outer loop
      vertex 11.7631 4.43462 1.2
      vertex 12.3371 3.0488 1.2
      vertex 12.2066 4.59331 1.2
    endloop
  endfacet
  facet normal 0 0 1
    outer loop
      vertex 12.3371 3.0488 1.2
      vertex 11.7631 4.43462 1.2
      vertex 12.0444 2.91034 1.2
    endloop
  endfacet
  facet normal -0 0 1
    outer loop
      vertex 11.3373 4.23322 1.2
      vertex 12.0444 2.91034 1.2
      vertex 11.7631 4.43462 1.2
    endloop
  endfacet
  facet normal 0 0 1
    outer loop
      vertex 12.0444 2.91034 1.2
      vertex 11.3373 4.23322 1.2
      vertex 11.7666 2.74385 1.2
    endloop
  endfacet
  facet normal -0 0 1
    outer loop
      vertex 10.9333 3.99105 1.2
      vertex 11.7666 2.74385 1.2
      vertex 11.3373 4.23322 1.2
    endloop
  endfacet
  facet normal 0 0 1
    outer loop
      vertex 11.7666 2.74385 1.2
      vertex 10.9333 3.99105 1.2
      vertex 11.5065 2.55093 1.2
    endloop
  endfacet
  facet normal -0 0 1
    outer loop
      vertex 10.5549 3.71045 1.2
      vertex 11.5065 2.55093 1.2
      vertex 10.9333 3.99105 1.2
    endloop
  endfacet
  facet normal 0 0 1
    outer loop
      vertex 11.5065 2.55093 1.2
      vertex 10.5549 3.71045 1.2
      vertex 11.2665 2.33345 1.2
    endloop
  endfacet
  facet normal -0 0 1
    outer loop
      vertex 10.2059 3.39411 1.2
      vertex 11.2665 2.33345 1.2
      vertex 10.5549 3.71045 1.2
    endloop
  endfacet
  facet normal 0 0 1
    outer loop
      vertex 11.2665 2.33345 1.2
      vertex 10.2059 3.39411 1.2
      vertex 11.0491 2.0935 1.2
    endloop
  endfacet
  facet normal -0 0 1
    outer loop
      vertex 9.88955 3.04509 1.2
      vertex 11.0491 2.0935 1.2
      vertex 10.2059 3.39411 1.2
    endloop
  endfacet
  facet normal 0 0 1
    outer loop
      vertex 11.0491 2.0935 1.2
      vertex 9.88955 3.04509 1.2
      vertex 10.8562 1.83338 1.2
    endloop
  endfacet
  facet normal -0 0 1
    outer loop
      vertex 9.60895 2.66674 1.2
      vertex 10.8562 1.83338 1.2
      vertex 9.88955 3.04509 1.2
    endloop
  endfacet
  facet normal 0 0 1
    outer loop
      vertex 10.8562 1.83338 1.2
      vertex 9.60895 2.66674 1.2
      vertex 10.6897 1.55561 1.2
    endloop
  endfacet
  facet normal -0 0 1
    outer loop
      vertex 9.36678 2.2627 1.2
      vertex 10.6897 1.55561 1.2
      vertex 9.60895 2.66674 1.2
    endloop
  endfacet
  facet normal -0 0 1
    outer loop
      vertex 9.16538 1.83688 1.2
      vertex 10.5512 1.26285 1.2
      vertex 9.36678 2.2627 1.2
    endloop
  endfacet
  facet normal 0 0 1
    outer loop
      vertex 10.6897 1.55561 1.2
      vertex 9.36678 2.2627 1.2
      vertex 10.5512 1.26285 1.2
    endloop
  endfacet
  facet normal 0 0 1
    outer loop
      vertex 18.0346 -1.83688 1.2
      vertex 16.6488 -1.26285 1.2
      vertex 17.8332 -2.2627 1.2
    endloop
  endfacet
  facet normal -0 0 1
    outer loop
      vertex 16.5103 -1.55561 1.2
      vertex 17.8332 -2.2627 1.2
      vertex 16.6488 -1.26285 1.2
    endloop
  endfacet
  facet normal 0 0 1
    outer loop
      vertex 17.8332 -2.2627 1.2
      vertex 16.5103 -1.55561 1.2
      vertex 17.5911 -2.66674 1.2
    endloop
  endfacet
  facet normal -0 0 1
    outer loop
      vertex 16.3438 -1.83338 1.2
      vertex 17.5911 -2.66674 1.2
      vertex 16.5103 -1.55561 1.2
    endloop
  endfacet
  facet normal 0 0 1
    outer loop
      vertex 17.5911 -2.66674 1.2
      vertex 16.3438 -1.83338 1.2
      vertex 17.3104 -3.04509 1.2
    endloop
  endfacet
  facet normal -0 0 1
    outer loop
      vertex 16.1509 -2.0935 1.2
      vertex 17.3104 -3.04509 1.2
      vertex 16.3438 -1.83338 1.2
    endloop
  endfacet
  facet normal 0 0 1
    outer loop
      vertex 17.3104 -3.04509 1.2
      vertex 16.1509 -2.0935 1.2
      vertex 16.9941 -3.39411 1.2
    endloop
  endfacet
  facet normal -0 0 1
    outer loop
      vertex 15.9335 -2.33345 1.2
      vertex 16.9941 -3.39411 1.2
      vertex 16.1509 -2.0935 1.2
    endloop
  endfacet
  facet normal 0 0 1
    outer loop
      vertex 16.9941 -3.39411 1.2
      vertex 15.9335 -2.33345 1.2
      vertex 16.6451 -3.71045 1.2
    endloop
  endfacet
  facet normal -0 0 1
    outer loop
      vertex 15.6935 -2.55093 1.2
      vertex 16.6451 -3.71045 1.2
      vertex 15.9335 -2.33345 1.2
    endloop
  endfacet
  facet normal 0 0 1
    outer loop
      vertex 16.6451 -3.71045 1.2
      vertex 15.6935 -2.55093 1.2
      vertex 16.2667 -3.99105 1.2
    endloop
  endfacet
  facet normal -0 0 1
    outer loop
      vertex 15.4334 -2.74385 1.2
      vertex 16.2667 -3.99105 1.2
      vertex 15.6935 -2.55093 1.2
    endloop
  endfacet
  facet normal 0 0 1
    outer loop
      vertex 16.2667 -3.99105 1.2
      vertex 15.4334 -2.74385 1.2
      vertex 15.8627 -4.23322 1.2
    endloop
  endfacet
  facet normal -0 0 1
    outer loop
      vertex 15.1556 -2.91034 1.2
      vertex 15.8627 -4.23322 1.2
      vertex 15.4334 -2.74385 1.2
    endloop
  endfacet
  facet normal 0 0 1
    outer loop
      vertex 15.8627 -4.23322 1.2
      vertex 15.1556 -2.91034 1.2
      vertex 15.4369 -4.43462 1.2
    endloop
  endfacet
  facet normal -0 0 1
    outer loop
      vertex 14.8629 -3.0488 1.2
      vertex 15.4369 -4.43462 1.2
      vertex 15.1556 -2.91034 1.2
    endloop
  endfacet
  facet normal 0 0 1
    outer loop
      vertex 15.4369 -4.43462 1.2
      vertex 14.8629 -3.0488 1.2
      vertex 14.9934 -4.59331 1.2
    endloop
  endfacet
  facet normal -0 0 1
    outer loop
      vertex 14.5579 -3.1579 1.2
      vertex 14.9934 -4.59331 1.2
      vertex 14.8629 -3.0488 1.2
    endloop
  endfacet
  facet normal 0 0 1
    outer loop
      vertex 14.5579 -3.1579 1.2
      vertex 14.5364 -4.70777 1.2
      vertex 14.9934 -4.59331 1.2
    endloop
  endfacet
  facet normal -0 0 1
    outer loop
      vertex 14.2438 -3.23659 1.2
      vertex 14.5364 -4.70777 1.2
      vertex 14.5579 -3.1579 1.2
    endloop
  endfacet
  facet normal 0 0 1
    outer loop
      vertex 14.2438 -3.23659 1.2
      vertex 14.0705 -4.77689 1.2
      vertex 14.5364 -4.70777 1.2
    endloop
  endfacet
  facet normal -0 0 1
    outer loop
      vertex 13.9235 -3.28411 1.2
      vertex 14.0705 -4.77689 1.2
      vertex 14.2438 -3.23659 1.2
    endloop
  endfacet
  facet normal -0 0 1
    outer loop
      vertex 13.6 -3.3 1.2
      vertex 14.0705 -4.77689 1.2
      vertex 13.9235 -3.28411 1.2
    endloop
  endfacet
  facet normal 0 0 1
    outer loop
      vertex 13.6 -3.3 1.2
      vertex 13.6 -4.8 1.2
      vertex 14.0705 -4.77689 1.2
    endloop
  endfacet
  facet normal 0 0 1
    outer loop
      vertex 13.2765 -3.28411 1.2
      vertex 13.6 -4.8 1.2
      vertex 13.6 -3.3 1.2
    endloop
  endfacet
  facet normal 0 0 1
    outer loop
      vertex 13.2765 -3.28411 1.2
      vertex 13.1295 -4.77689 1.2
      vertex 13.6 -4.8 1.2
    endloop
  endfacet
  facet normal 0 0 1
    outer loop
      vertex 12.9562 -3.23659 1.2
      vertex 13.1295 -4.77689 1.2
      vertex 13.2765 -3.28411 1.2
    endloop
  endfacet
  facet normal 0 0 1
    outer loop
      vertex 12.9562 -3.23659 1.2
      vertex 12.6636 -4.70777 1.2
      vertex 13.1295 -4.77689 1.2
    endloop
  endfacet
  facet normal 0 0 1
    outer loop
      vertex 12.6421 -3.1579 1.2
      vertex 12.6636 -4.70777 1.2
      vertex 12.9562 -3.23659 1.2
    endloop
  endfacet
  facet normal 0 0 1
    outer loop
      vertex 12.2066 -4.59331 1.2
      vertex 12.6421 -3.1579 1.2
      vertex 12.3371 -3.0488 1.2
    endloop
  endfacet
  facet normal 0 0 1
    outer loop
      vertex 12.6421 -3.1579 1.2
      vertex 12.2066 -4.59331 1.2
      vertex 12.6636 -4.70777 1.2
    endloop
  endfacet
  facet normal 0 0 1
    outer loop
      vertex 11.7631 -4.43462 1.2
      vertex 12.3371 -3.0488 1.2
      vertex 12.0444 -2.91034 1.2
    endloop
  endfacet
  facet normal 0 0 1
    outer loop
      vertex 11.3373 -4.23322 1.2
      vertex 12.0444 -2.91034 1.2
      vertex 11.7666 -2.74385 1.2
    endloop
  endfacet
  facet normal 0 0 1
    outer loop
      vertex 12.3371 -3.0488 1.2
      vertex 11.7631 -4.43462 1.2
      vertex 12.2066 -4.59331 1.2
    endloop
  endfacet
  facet normal 0 0 1
    outer loop
      vertex 10.9333 -3.99105 1.2
      vertex 11.7666 -2.74385 1.2
      vertex 11.5065 -2.55093 1.2
    endloop
  endfacet
  facet normal 0 0 1
    outer loop
      vertex 12.0444 -2.91034 1.2
      vertex 11.3373 -4.23322 1.2
      vertex 11.7631 -4.43462 1.2
    endloop
  endfacet
  facet normal 0 0 1
    outer loop
      vertex 10.5549 -3.71045 1.2
      vertex 11.5065 -2.55093 1.2
      vertex 11.2665 -2.33345 1.2
    endloop
  endfacet
  facet normal 0 0 1
    outer loop
      vertex 10.2059 -3.39411 1.2
      vertex 11.2665 -2.33345 1.2
      vertex 11.0491 -2.0935 1.2
    endloop
  endfacet
  facet normal 0 0 1
    outer loop
      vertex 11.7666 -2.74385 1.2
      vertex 10.9333 -3.99105 1.2
      vertex 11.3373 -4.23322 1.2
    endloop
  endfacet
  facet normal 0 0 1
    outer loop
      vertex 9.88955 -3.04509 1.2
      vertex 11.0491 -2.0935 1.2
      vertex 10.8562 -1.83338 1.2
    endloop
  endfacet
  facet normal 0 0 1
    outer loop
      vertex 9.60895 -2.66674 1.2
      vertex 10.8562 -1.83338 1.2
      vertex 10.6897 -1.55561 1.2
    endloop
  endfacet
  facet normal 0 0 1
    outer loop
      vertex 11.5065 -2.55093 1.2
      vertex 10.5549 -3.71045 1.2
      vertex 10.9333 -3.99105 1.2
    endloop
  endfacet
  facet normal 0 0 1
    outer loop
      vertex 9.36678 -2.2627 1.2
      vertex 10.6897 -1.55561 1.2
      vertex 10.5512 -1.26285 1.2
    endloop
  endfacet
  facet normal 0 0 1
    outer loop
      vertex 9.16538 -1.83688 1.2
      vertex 10.5512 -1.26285 1.2
      vertex 10.4421 -0.957939 1.2
    endloop
  endfacet
  facet normal 0 0 1
    outer loop
      vertex 9.00669 -1.39337 1.2
      vertex 10.4421 -0.957939 1.2
      vertex 10.3634 -0.643798 1.2
    endloop
  endfacet
  facet normal 0 0 1
    outer loop
      vertex 8.89223 -0.936433 1.2
      vertex 10.3634 -0.643798 1.2
      vertex 10.3159 -0.323456 1.2
    endloop
  endfacet
  facet normal 0 0 1
    outer loop
      vertex 11.2665 -2.33345 1.2
      vertex 10.2059 -3.39411 1.2
      vertex 10.5549 -3.71045 1.2
    endloop
  endfacet
  facet normal 0 0 1
    outer loop
      vertex 8.82311 -0.470482 1.2
      vertex 10.3159 -0.323456 1.2
      vertex 10.3 0 1.2
    endloop
  endfacet
  facet normal 0 0 1
    outer loop
      vertex 10.5512 1.26285 1.2
      vertex 9.16538 1.83688 1.2
      vertex 10.4421 0.957939 1.2
    endloop
  endfacet
  facet normal -0 0 1
    outer loop
      vertex 9.00669 1.39337 1.2
      vertex 10.4421 0.957939 1.2
      vertex 9.16538 1.83688 1.2
    endloop
  endfacet
  facet normal 0 0 1
    outer loop
      vertex 11.0491 -2.0935 1.2
      vertex 9.88955 -3.04509 1.2
      vertex 10.2059 -3.39411 1.2
    endloop
  endfacet
  facet normal 0 0 1
    outer loop
      vertex 10.4421 0.957939 1.2
      vertex 9.00669 1.39337 1.2
      vertex 10.3634 0.643798 1.2
    endloop
  endfacet
  facet normal 0 0 1
    outer loop
      vertex 10.8562 -1.83338 1.2
      vertex 9.60895 -2.66674 1.2
      vertex 9.88955 -3.04509 1.2
    endloop
  endfacet
  facet normal -0 0 1
    outer loop
      vertex 8.89223 0.936433 1.2
      vertex 10.3634 0.643798 1.2
      vertex 9.00669 1.39337 1.2
    endloop
  endfacet
  facet normal 0 0 1
    outer loop
      vertex 10.6897 -1.55561 1.2
      vertex 9.36678 -2.2627 1.2
      vertex 9.60895 -2.66674 1.2
    endloop
  endfacet
  facet normal 0 0 1
    outer loop
      vertex 10.3634 0.643798 1.2
      vertex 8.89223 0.936433 1.2
      vertex 10.3159 0.323456 1.2
    endloop
  endfacet
  facet normal 0 0 1
    outer loop
      vertex 10.5512 -1.26285 1.2
      vertex 9.16538 -1.83688 1.2
      vertex 9.36678 -2.2627 1.2
    endloop
  endfacet
  facet normal -0 0 1
    outer loop
      vertex 8.82311 0.470482 1.2
      vertex 10.3159 0.323456 1.2
      vertex 8.89223 0.936433 1.2
    endloop
  endfacet
  facet normal 0 0 1
    outer loop
      vertex 10.4421 -0.957939 1.2
      vertex 9.00669 -1.39337 1.2
      vertex 9.16538 -1.83688 1.2
    endloop
  endfacet
  facet normal 0 0 1
    outer loop
      vertex 10.3159 0.323456 1.2
      vertex 8.82311 0.470482 1.2
      vertex 10.3 0 1.2
    endloop
  endfacet
  facet normal 0 0 1
    outer loop
      vertex 10.3634 -0.643798 1.2
      vertex 8.89223 -0.936433 1.2
      vertex 9.00669 -1.39337 1.2
    endloop
  endfacet
  facet normal 0 0 1
    outer loop
      vertex 8.8 0 1.2
      vertex 10.3 0 1.2
      vertex 8.82311 0.470482 1.2
    endloop
  endfacet
  facet normal 0 0 1
    outer loop
      vertex 10.3159 -0.323456 1.2
      vertex 8.82311 -0.470482 1.2
      vertex 8.89223 -0.936433 1.2
    endloop
  endfacet
  facet normal 0 0 1
    outer loop
      vertex 10.3 0 1.2
      vertex 8.8 0 1.2
      vertex 8.82311 -0.470482 1.2
    endloop
  endfacet
  facet normal -0.97003 0.242987 0
    outer loop
      vertex 8.89223 0.936433 0
      vertex 9.00669 1.39337 1.2
      vertex 9.00669 1.39337 0
    endloop
  endfacet
  facet normal -0.97003 0.242987 0
    outer loop
      vertex 9.00669 1.39337 1.2
      vertex 8.89223 0.936433 0
      vertex 8.89223 0.936433 1.2
    endloop
  endfacet
  facet normal -0.989176 0.146736 0
    outer loop
      vertex 8.82311 0.470482 0
      vertex 8.89223 0.936433 1.2
      vertex 8.89223 0.936433 0
    endloop
  endfacet
  facet normal -0.989176 0.146736 0
    outer loop
      vertex 8.89223 0.936433 1.2
      vertex 8.82311 0.470482 0
      vertex 8.82311 0.470482 1.2
    endloop
  endfacet
  facet normal -0.903988 0.427559 0
    outer loop
      vertex 9.16538 1.83688 0
      vertex 9.36678 2.2627 1.2
      vertex 9.36678 2.2627 0
    endloop
  endfacet
  facet normal -0.903988 0.427559 0
    outer loop
      vertex 9.36678 2.2627 1.2
      vertex 9.16538 1.83688 0
      vertex 9.16538 1.83688 1.2
    endloop
  endfacet
  facet normal -0.857731 0.514099 0
    outer loop
      vertex 9.36678 2.2627 0
      vertex 9.60895 2.66674 1.2
      vertex 9.60895 2.66674 0
    endloop
  endfacet
  facet normal -0.857731 0.514099 0
    outer loop
      vertex 9.60895 2.66674 1.2
      vertex 9.36678 2.2627 0
      vertex 9.36678 2.2627 1.2
    endloop
  endfacet
  facet normal -0.336896 0.941542 0
    outer loop
      vertex 12.2066 4.59331 0
      vertex 11.7631 4.43462 1.2
      vertex 12.2066 4.59331 1.2
    endloop
  endfacet
  facet normal -0.336896 0.941542 0
    outer loop
      vertex 11.7631 4.43462 1.2
      vertex 12.2066 4.59331 0
      vertex 11.7631 4.43462 0
    endloop
  endfacet
  facet normal -0.146752 0.989173 0
    outer loop
      vertex 13.1295 4.77689 0
      vertex 12.6636 4.70777 1.2
      vertex 13.1295 4.77689 1.2
    endloop
  endfacet
  facet normal -0.146752 0.989173 0
    outer loop
      vertex 12.6636 4.70777 1.2
      vertex 13.1295 4.77689 0
      vertex 12.6636 4.70777 0
    endloop
  endfacet
  facet normal -0.595644 0.803249 0
    outer loop
      vertex 10.9333 3.99105 0
      vertex 10.5549 3.71045 1.2
      vertex 10.9333 3.99105 1.2
    endloop
  endfacet
  facet normal -0.595644 0.803249 0
    outer loop
      vertex 10.5549 3.71045 1.2
      vertex 10.9333 3.99105 0
      vertex 10.5549 3.71045 0
    endloop
  endfacet
  facet normal -0.671588 0.740925 0
    outer loop
      vertex 10.5549 3.71045 0
      vertex 10.2059 3.39411 1.2
      vertex 10.5549 3.71045 1.2
    endloop
  endfacet
  facet normal -0.671588 0.740925 0
    outer loop
      vertex 10.2059 3.39411 1.2
      vertex 10.5549 3.71045 0
      vertex 10.2059 3.39411 0
    endloop
  endfacet
  facet normal -0.514137 0.857708 0
    outer loop
      vertex 11.3373 4.23322 0
      vertex 10.9333 3.99105 1.2
      vertex 11.3373 4.23322 1.2
    endloop
  endfacet
  facet normal -0.514137 0.857708 0
    outer loop
      vertex 10.9333 3.99105 1.2
      vertex 11.3373 4.23322 0
      vertex 10.9333 3.99105 0
    endloop
  endfacet
  facet normal -0.740933 0.671578 0
    outer loop
      vertex 9.88955 3.04509 0
      vertex 10.2059 3.39411 1.2
      vertex 10.2059 3.39411 0
    endloop
  endfacet
  facet normal -0.740933 0.671578 0
    outer loop
      vertex 10.2059 3.39411 1.2
      vertex 9.88955 3.04509 0
      vertex 9.88955 3.04509 1.2
    endloop
  endfacet
  facet normal 0.998797 0.0490395 0
    outer loop
      vertex 18.4 0 1.2
      vertex 18.3769 0.470482 0
      vertex 18.3769 0.470482 1.2
    endloop
  endfacet
  facet normal 0.998797 0.0490395 0
    outer loop
      vertex 18.3769 0.470482 0
      vertex 18.4 0 1.2
      vertex 18.4 0 0
    endloop
  endfacet
  facet normal 0.97001 -0.243067 0
    outer loop
      vertex 18.1933 -1.39337 1.2
      vertex 18.3078 -0.936433 0
      vertex 18.3078 -0.936433 1.2
    endloop
  endfacet
  facet normal 0.97001 -0.243067 0
    outer loop
      vertex 18.3078 -0.936433 0
      vertex 18.1933 -1.39337 1.2
      vertex 18.1933 -1.39337 0
    endloop
  endfacet
  facet normal 0.903988 0.427559 0
    outer loop
      vertex 18.0346 1.83688 1.2
      vertex 17.8332 2.2627 0
      vertex 17.8332 2.2627 1.2
    endloop
  endfacet
  facet normal 0.903988 0.427559 0
    outer loop
      vertex 17.8332 2.2627 0
      vertex 18.0346 1.83688 1.2
      vertex 18.0346 1.83688 0
    endloop
  endfacet
  facet normal 0.941538 0.336908 0
    outer loop
      vertex 18.1933 1.39337 1.2
      vertex 18.0346 1.83688 0
      vertex 18.0346 1.83688 1.2
    endloop
  endfacet
  facet normal 0.941538 0.336908 0
    outer loop
      vertex 18.0346 1.83688 0
      vertex 18.1933 1.39337 1.2
      vertex 18.1933 1.39337 0
    endloop
  endfacet
  facet normal 0.97001 0.243067 0
    outer loop
      vertex 18.3078 0.936433 1.2
      vertex 18.1933 1.39337 0
      vertex 18.1933 1.39337 1.2
    endloop
  endfacet
  facet normal 0.97001 0.243067 0
    outer loop
      vertex 18.1933 1.39337 0
      vertex 18.3078 0.936433 1.2
      vertex 18.3078 0.936433 0
    endloop
  endfacet
  facet normal 0.989182 -0.146695 0
    outer loop
      vertex 18.3078 -0.936433 1.2
      vertex 18.3769 -0.470482 0
      vertex 18.3769 -0.470482 1.2
    endloop
  endfacet
  facet normal 0.989182 -0.146695 0
    outer loop
      vertex 18.3769 -0.470482 0
      vertex 18.3078 -0.936433 1.2
      vertex 18.3078 -0.936433 0
    endloop
  endfacet
  facet normal 0.803109 -0.595831 0
    outer loop
      vertex 17.3104 -3.04509 1.2
      vertex 17.5911 -2.66674 0
      vertex 17.5911 -2.66674 1.2
    endloop
  endfacet
  facet normal 0.803109 -0.595831 0
    outer loop
      vertex 17.5911 -2.66674 0
      vertex 17.3104 -3.04509 1.2
      vertex 17.3104 -3.04509 0
    endloop
  endfacet
  facet normal 0.903988 -0.427559 0
    outer loop
      vertex 17.8332 -2.2627 1.2
      vertex 18.0346 -1.83688 0
      vertex 18.0346 -1.83688 1.2
    endloop
  endfacet
  facet normal 0.903988 -0.427559 0
    outer loop
      vertex 18.0346 -1.83688 0
      vertex 17.8332 -2.2627 1.2
      vertex 17.8332 -2.2627 0
    endloop
  endfacet
  facet normal 0.857796 -0.51399 0
    outer loop
      vertex 17.5911 -2.66674 1.2
      vertex 17.8332 -2.2627 0
      vertex 17.8332 -2.2627 1.2
    endloop
  endfacet
  facet normal 0.857796 -0.51399 0
    outer loop
      vertex 17.8332 -2.2627 0
      vertex 17.5911 -2.66674 1.2
      vertex 17.5911 -2.66674 0
    endloop
  endfacet
  facet normal -0.0490588 -0.998796 0
    outer loop
      vertex 13.1295 -4.77689 0
      vertex 13.6 -4.8 1.2
      vertex 13.1295 -4.77689 1.2
    endloop
  endfacet
  facet normal -0.0490588 -0.998796 -0
    outer loop
      vertex 13.6 -4.8 1.2
      vertex 13.1295 -4.77689 0
      vertex 13.6 -4.8 0
    endloop
  endfacet
  facet normal -0.998796 -0.0490607 0
    outer loop
      vertex 8.82311 -0.470482 0
      vertex 8.8 0 1.2
      vertex 8.8 0 0
    endloop
  endfacet
  facet normal -0.998796 -0.0490607 0
    outer loop
      vertex 8.8 0 1.2
      vertex 8.82311 -0.470482 0
      vertex 8.82311 -0.470482 1.2
    endloop
  endfacet
  facet normal 0.146752 -0.989173 0
    outer loop
      vertex 14.0705 -4.77689 0
      vertex 14.5364 -4.70777 1.2
      vertex 14.0705 -4.77689 1.2
    endloop
  endfacet
  facet normal 0.146752 -0.989173 0
    outer loop
      vertex 14.5364 -4.70777 1.2
      vertex 14.0705 -4.77689 0
      vertex 14.5364 -4.70777 0
    endloop
  endfacet
  facet normal 0.427575 -0.90398 0
    outer loop
      vertex 15.4369 -4.43462 0
      vertex 15.8627 -4.23322 1.2
      vertex 15.4369 -4.43462 1.2
    endloop
  endfacet
  facet normal 0.427575 -0.90398 0
    outer loop
      vertex 15.8627 -4.23322 1.2
      vertex 15.4369 -4.43462 0
      vertex 15.8627 -4.23322 0
    endloop
  endfacet
  facet normal 0.336896 -0.941542 0
    outer loop
      vertex 14.9934 -4.59331 0
      vertex 15.4369 -4.43462 1.2
      vertex 14.9934 -4.59331 1.2
    endloop
  endfacet
  facet normal 0.336896 -0.941542 0
    outer loop
      vertex 15.4369 -4.43462 1.2
      vertex 14.9934 -4.59331 0
      vertex 15.4369 -4.43462 0
    endloop
  endfacet
  facet normal 0.671588 -0.740925 0
    outer loop
      vertex 16.6451 -3.71045 0
      vertex 16.9941 -3.39411 1.2
      vertex 16.6451 -3.71045 1.2
    endloop
  endfacet
  facet normal 0.671588 -0.740925 0
    outer loop
      vertex 16.9941 -3.39411 1.2
      vertex 16.6451 -3.71045 0
      vertex 16.9941 -3.39411 0
    endloop
  endfacet
  facet normal 0.941538 -0.336908 0
    outer loop
      vertex 18.0346 -1.83688 1.2
      vertex 18.1933 -1.39337 0
      vertex 18.1933 -1.39337 1.2
    endloop
  endfacet
  facet normal 0.941538 -0.336908 0
    outer loop
      vertex 18.1933 -1.39337 0
      vertex 18.0346 -1.83688 1.2
      vertex 18.0346 -1.83688 0
    endloop
  endfacet
  facet normal -0.427575 -0.90398 0
    outer loop
      vertex 11.3373 -4.23322 0
      vertex 11.7631 -4.43462 1.2
      vertex 11.3373 -4.23322 1.2
    endloop
  endfacet
  facet normal -0.427575 -0.90398 -0
    outer loop
      vertex 11.7631 -4.43462 1.2
      vertex 11.3373 -4.23322 0
      vertex 11.7631 -4.43462 0
    endloop
  endfacet
  facet normal 0.0490588 -0.998796 0
    outer loop
      vertex 13.6 -4.8 0
      vertex 14.0705 -4.77689 1.2
      vertex 13.6 -4.8 1.2
    endloop
  endfacet
  facet normal 0.0490588 -0.998796 0
    outer loop
      vertex 14.0705 -4.77689 1.2
      vertex 13.6 -4.8 0
      vertex 14.0705 -4.77689 0
    endloop
  endfacet
  facet normal -0.857731 -0.514099 0
    outer loop
      vertex 9.60895 -2.66674 0
      vertex 9.36678 -2.2627 1.2
      vertex 9.36678 -2.2627 0
    endloop
  endfacet
  facet normal -0.857731 -0.514099 0
    outer loop
      vertex 9.36678 -2.2627 1.2
      vertex 9.60895 -2.66674 0
      vertex 9.60895 -2.66674 1.2
    endloop
  endfacet
  facet normal -0.941544 -0.336889 0
    outer loop
      vertex 9.16538 -1.83688 0
      vertex 9.00669 -1.39337 1.2
      vertex 9.00669 -1.39337 0
    endloop
  endfacet
  facet normal -0.941544 -0.336889 0
    outer loop
      vertex 9.00669 -1.39337 1.2
      vertex 9.16538 -1.83688 0
      vertex 9.16538 -1.83688 1.2
    endloop
  endfacet
  facet normal -0.97003 -0.242987 0
    outer loop
      vertex 9.00669 -1.39337 0
      vertex 8.89223 -0.936433 1.2
      vertex 8.89223 -0.936433 0
    endloop
  endfacet
  facet normal -0.97003 -0.242987 0
    outer loop
      vertex 8.89223 -0.936433 1.2
      vertex 9.00669 -1.39337 0
      vertex 9.00669 -1.39337 1.2
    endloop
  endfacet
  facet normal -0.903988 -0.427559 0
    outer loop
      vertex 9.36678 -2.2627 0
      vertex 9.16538 -1.83688 1.2
      vertex 9.16538 -1.83688 0
    endloop
  endfacet
  facet normal -0.903988 -0.427559 0
    outer loop
      vertex 9.16538 -1.83688 1.2
      vertex 9.36678 -2.2627 0
      vertex 9.36678 -2.2627 1.2
    endloop
  endfacet
  facet normal 0.242955 -0.970038 0
    outer loop
      vertex 14.5364 -4.70777 0
      vertex 14.9934 -4.59331 1.2
      vertex 14.5364 -4.70777 1.2
    endloop
  endfacet
  facet normal 0.242955 -0.970038 0
    outer loop
      vertex 14.9934 -4.59331 1.2
      vertex 14.5364 -4.70777 0
      vertex 14.9934 -4.59331 0
    endloop
  endfacet
  facet normal 0.740986 -0.67152 0
    outer loop
      vertex 16.9941 -3.39411 1.2
      vertex 17.3104 -3.04509 0
      vertex 17.3104 -3.04509 1.2
    endloop
  endfacet
  facet normal 0.740986 -0.67152 0
    outer loop
      vertex 17.3104 -3.04509 0
      vertex 16.9941 -3.39411 1.2
      vertex 16.9941 -3.39411 0
    endloop
  endfacet
  facet normal 0.595644 -0.803249 0
    outer loop
      vertex 16.2667 -3.99105 0
      vertex 16.6451 -3.71045 1.2
      vertex 16.2667 -3.99105 1.2
    endloop
  endfacet
  facet normal 0.595644 -0.803249 0
    outer loop
      vertex 16.6451 -3.71045 1.2
      vertex 16.2667 -3.99105 0
      vertex 16.6451 -3.71045 0
    endloop
  endfacet
  facet normal -0.595644 -0.803249 0
    outer loop
      vertex 10.5549 -3.71045 0
      vertex 10.9333 -3.99105 1.2
      vertex 10.5549 -3.71045 1.2
    endloop
  endfacet
  facet normal -0.595644 -0.803249 -0
    outer loop
      vertex 10.9333 -3.99105 1.2
      vertex 10.5549 -3.71045 0
      vertex 10.9333 -3.99105 0
    endloop
  endfacet
  facet normal -0.242955 -0.970038 0
    outer loop
      vertex 12.2066 -4.59331 0
      vertex 12.6636 -4.70777 1.2
      vertex 12.2066 -4.59331 1.2
    endloop
  endfacet
  facet normal -0.242955 -0.970038 -0
    outer loop
      vertex 12.6636 -4.70777 1.2
      vertex 12.2066 -4.59331 0
      vertex 12.6636 -4.70777 0
    endloop
  endfacet
  facet normal -0.146752 -0.989173 0
    outer loop
      vertex 12.6636 -4.70777 0
      vertex 13.1295 -4.77689 1.2
      vertex 12.6636 -4.70777 1.2
    endloop
  endfacet
  facet normal -0.146752 -0.989173 -0
    outer loop
      vertex 13.1295 -4.77689 1.2
      vertex 12.6636 -4.70777 0
      vertex 13.1295 -4.77689 0
    endloop
  endfacet
  facet normal -0.740933 -0.671578 0
    outer loop
      vertex 10.2059 -3.39411 0
      vertex 9.88955 -3.04509 1.2
      vertex 9.88955 -3.04509 0
    endloop
  endfacet
  facet normal -0.740933 -0.671578 0
    outer loop
      vertex 9.88955 -3.04509 1.2
      vertex 10.2059 -3.39411 0
      vertex 10.2059 -3.39411 1.2
    endloop
  endfacet
  facet normal -0.803211 -0.595695 0
    outer loop
      vertex 9.88955 -3.04509 0
      vertex 9.60895 -2.66674 1.2
      vertex 9.60895 -2.66674 0
    endloop
  endfacet
  facet normal -0.803211 -0.595695 0
    outer loop
      vertex 9.60895 -2.66674 1.2
      vertex 9.88955 -3.04509 0
      vertex 9.88955 -3.04509 1.2
    endloop
  endfacet
  facet normal -0.671588 -0.740925 0
    outer loop
      vertex 10.2059 -3.39411 0
      vertex 10.5549 -3.71045 1.2
      vertex 10.2059 -3.39411 1.2
    endloop
  endfacet
  facet normal -0.671588 -0.740925 -0
    outer loop
      vertex 10.5549 -3.71045 1.2
      vertex 10.2059 -3.39411 0
      vertex 10.5549 -3.71045 0
    endloop
  endfacet
  facet normal 0 0 -1
    outer loop
      vertex 15.2 0 0
      vertex 18.4 0 0
      vertex 18.3769 -0.470482 0
    endloop
  endfacet
  facet normal 0 0 -1
    outer loop
      vertex 15.1923 -0.156827 0
      vertex 18.3769 -0.470482 0
      vertex 18.3078 -0.936433 0
    endloop
  endfacet
  facet normal 0 0 -1
    outer loop
      vertex 18.4 0 0
      vertex 15.2 0 0
      vertex 18.3769 0.470482 0
    endloop
  endfacet
  facet normal 0 0 -1
    outer loop
      vertex 15.1693 -0.312144 0
      vertex 18.3078 -0.936433 0
      vertex 18.1933 -1.39337 0
    endloop
  endfacet
  facet normal 0 0 -1
    outer loop
      vertex 15.1923 0.156827 0
      vertex 18.3769 0.470482 0
      vertex 15.2 0 0
    endloop
  endfacet
  facet normal 0 0 -1
    outer loop
      vertex 15.1311 -0.464455 0
      vertex 18.1933 -1.39337 0
      vertex 18.0346 -1.83688 0
    endloop
  endfacet
  facet normal -0 0 -1
    outer loop
      vertex 18.3769 0.470482 0
      vertex 15.1923 0.156827 0
      vertex 18.3078 0.936433 0
    endloop
  endfacet
  facet normal 0 0 -1
    outer loop
      vertex 15.0782 -0.612293 0
      vertex 18.0346 -1.83688 0
      vertex 17.8332 -2.2627 0
    endloop
  endfacet
  facet normal 0 0 -1
    outer loop
      vertex 15.1693 0.312144 0
      vertex 18.3078 0.936433 0
      vertex 15.1923 0.156827 0
    endloop
  endfacet
  facet normal 0 0 -1
    outer loop
      vertex 15.0111 -0.754234 0
      vertex 17.8332 -2.2627 0
      vertex 17.5911 -2.66674 0
    endloop
  endfacet
  facet normal -0 0 -1
    outer loop
      vertex 18.3078 0.936433 0
      vertex 15.1693 0.312144 0
      vertex 18.1933 1.39337 0
    endloop
  endfacet
  facet normal 0 0 -1
    outer loop
      vertex 14.9304 -0.888912 0
      vertex 17.5911 -2.66674 0
      vertex 17.3104 -3.04509 0
    endloop
  endfacet
  facet normal 0 0 -1
    outer loop
      vertex 15.1311 0.464455 0
      vertex 18.1933 1.39337 0
      vertex 15.1693 0.312144 0
    endloop
  endfacet
  facet normal 0 0 -1
    outer loop
      vertex 14.8368 -1.01503 0
      vertex 17.3104 -3.04509 0
      vertex 16.9941 -3.39411 0
    endloop
  endfacet
  facet normal -0 0 -1
    outer loop
      vertex 18.1933 1.39337 0
      vertex 15.1311 0.464455 0
      vertex 18.0346 1.83688 0
    endloop
  endfacet
  facet normal 0 0 -1
    outer loop
      vertex 14.7314 -1.13137 0
      vertex 16.9941 -3.39411 0
      vertex 16.6451 -3.71045 0
    endloop
  endfacet
  facet normal 0 0 -1
    outer loop
      vertex 15.0782 0.612293 0
      vertex 18.0346 1.83688 0
      vertex 15.1311 0.464455 0
    endloop
  endfacet
  facet normal 0 0 -1
    outer loop
      vertex 14.615 -1.23682 0
      vertex 16.6451 -3.71045 0
      vertex 16.2667 -3.99105 0
    endloop
  endfacet
  facet normal -0 0 -1
    outer loop
      vertex 18.0346 1.83688 0
      vertex 15.0782 0.612293 0
      vertex 17.8332 2.2627 0
    endloop
  endfacet
  facet normal 0 0 -1
    outer loop
      vertex 14.4889 -1.33035 0
      vertex 16.2667 -3.99105 0
      vertex 15.8627 -4.23322 0
    endloop
  endfacet
  facet normal 0 0 -1
    outer loop
      vertex 15.0111 0.754234 0
      vertex 17.8332 2.2627 0
      vertex 15.0782 0.612293 0
    endloop
  endfacet
  facet normal 0 0 -1
    outer loop
      vertex 14.3542 -1.41107 0
      vertex 15.8627 -4.23322 0
      vertex 15.4369 -4.43462 0
    endloop
  endfacet
  facet normal -0 0 -1
    outer loop
      vertex 17.8332 2.2627 0
      vertex 15.0111 0.754234 0
      vertex 17.5911 2.66674 0
    endloop
  endfacet
  facet normal 0 0 -1
    outer loop
      vertex 14.9304 0.888912 0
      vertex 17.5911 2.66674 0
      vertex 15.0111 0.754234 0
    endloop
  endfacet
  facet normal 0 0 -1
    outer loop
      vertex 18.3769 -0.470482 0
      vertex 15.1923 -0.156827 0
      vertex 15.2 0 0
    endloop
  endfacet
  facet normal 0 0 -1
    outer loop
      vertex 18.3078 -0.936433 0
      vertex 15.1693 -0.312144 0
      vertex 15.1923 -0.156827 0
    endloop
  endfacet
  facet normal 0 0 -1
    outer loop
      vertex 18.1933 -1.39337 0
      vertex 15.1311 -0.464455 0
      vertex 15.1693 -0.312144 0
    endloop
  endfacet
  facet normal 0 0 -1
    outer loop
      vertex 18.0346 -1.83688 0
      vertex 15.0782 -0.612293 0
      vertex 15.1311 -0.464455 0
    endloop
  endfacet
  facet normal 0 0 -1
    outer loop
      vertex 17.8332 -2.2627 0
      vertex 15.0111 -0.754234 0
      vertex 15.0782 -0.612293 0
    endloop
  endfacet
  facet normal 0 0 -1
    outer loop
      vertex 14.2123 -1.47821 0
      vertex 15.4369 -4.43462 0
      vertex 14.9934 -4.59331 0
    endloop
  endfacet
  facet normal 0 0 -1
    outer loop
      vertex 17.5911 -2.66674 0
      vertex 14.9304 -0.888912 0
      vertex 15.0111 -0.754234 0
    endloop
  endfacet
  facet normal 0 0 -1
    outer loop
      vertex 17.3104 -3.04509 0
      vertex 14.8368 -1.01503 0
      vertex 14.9304 -0.888912 0
    endloop
  endfacet
  facet normal 0 0 -1
    outer loop
      vertex 16.9941 -3.39411 0
      vertex 14.7314 -1.13137 0
      vertex 14.8368 -1.01503 0
    endloop
  endfacet
  facet normal 0 0 -1
    outer loop
      vertex 16.6451 -3.71045 0
      vertex 14.615 -1.23682 0
      vertex 14.7314 -1.13137 0
    endloop
  endfacet
  facet normal 0 0 -1
    outer loop
      vertex 14.0645 -1.5311 0
      vertex 14.9934 -4.59331 0
      vertex 14.5364 -4.70777 0
    endloop
  endfacet
  facet normal 0 0 -1
    outer loop
      vertex 16.2667 -3.99105 0
      vertex 14.4889 -1.33035 0
      vertex 14.615 -1.23682 0
    endloop
  endfacet
  facet normal 0 0 -1
    outer loop
      vertex 15.8627 -4.23322 0
      vertex 14.3542 -1.41107 0
      vertex 14.4889 -1.33035 0
    endloop
  endfacet
  facet normal 0 0 -1
    outer loop
      vertex 15.4369 -4.43462 0
      vertex 14.2123 -1.47821 0
      vertex 14.3542 -1.41107 0
    endloop
  endfacet
  facet normal 0 0 -1
    outer loop
      vertex 13.9121 -1.56926 0
      vertex 14.5364 -4.70777 0
      vertex 14.0705 -4.77689 0
    endloop
  endfacet
  facet normal 0 0 -1
    outer loop
      vertex 14.9934 -4.59331 0
      vertex 14.0645 -1.5311 0
      vertex 14.2123 -1.47821 0
    endloop
  endfacet
  facet normal 0 0 -1
    outer loop
      vertex 14.5364 -4.70777 0
      vertex 13.9121 -1.56926 0
      vertex 14.0645 -1.5311 0
    endloop
  endfacet
  facet normal 0 0 -1
    outer loop
      vertex 14.0705 -4.77689 0
      vertex 13.7568 -1.59229 0
      vertex 13.9121 -1.56926 0
    endloop
  endfacet
  facet normal 0 0 -1
    outer loop
      vertex 13.6 -4.8 0
      vertex 13.7568 -1.59229 0
      vertex 14.0705 -4.77689 0
    endloop
  endfacet
  facet normal 0 0 -1
    outer loop
      vertex 13.6 -4.8 0
      vertex 13.6 -1.6 0
      vertex 13.7568 -1.59229 0
    endloop
  endfacet
  facet normal 0 0 -1
    outer loop
      vertex 13.6 -4.8 0
      vertex 13.4432 -1.59229 0
      vertex 13.6 -1.6 0
    endloop
  endfacet
  facet normal 0 0 -1
    outer loop
      vertex 13.1295 -4.77689 0
      vertex 13.4432 -1.59229 0
      vertex 13.6 -4.8 0
    endloop
  endfacet
  facet normal -0 0 -1
    outer loop
      vertex 13.4432 -1.59229 0
      vertex 13.1295 -4.77689 0
      vertex 13.2879 -1.56926 0
    endloop
  endfacet
  facet normal 0 0 -1
    outer loop
      vertex 12.6636 -4.70777 0
      vertex 13.2879 -1.56926 0
      vertex 13.1295 -4.77689 0
    endloop
  endfacet
  facet normal -0 0 -1
    outer loop
      vertex 13.2879 -1.56926 0
      vertex 12.6636 -4.70777 0
      vertex 13.1355 -1.5311 0
    endloop
  endfacet
  facet normal 0 0 -1
    outer loop
      vertex 12.2066 -4.59331 0
      vertex 13.1355 -1.5311 0
      vertex 12.6636 -4.70777 0
    endloop
  endfacet
  facet normal -0 0 -1
    outer loop
      vertex 13.1355 -1.5311 0
      vertex 12.2066 -4.59331 0
      vertex 12.9877 -1.47821 0
    endloop
  endfacet
  facet normal 0 0 -1
    outer loop
      vertex 11.7631 -4.43462 0
      vertex 12.9877 -1.47821 0
      vertex 12.2066 -4.59331 0
    endloop
  endfacet
  facet normal -0 0 -1
    outer loop
      vertex 12.9877 -1.47821 0
      vertex 11.7631 -4.43462 0
      vertex 12.8458 -1.41107 0
    endloop
  endfacet
  facet normal 0 0 -1
    outer loop
      vertex 11.3373 -4.23322 0
      vertex 12.8458 -1.41107 0
      vertex 11.7631 -4.43462 0
    endloop
  endfacet
  facet normal -0 0 -1
    outer loop
      vertex 12.8458 -1.41107 0
      vertex 11.3373 -4.23322 0
      vertex 12.7111 -1.33035 0
    endloop
  endfacet
  facet normal 0 0 -1
    outer loop
      vertex 10.9333 -3.99105 0
      vertex 12.7111 -1.33035 0
      vertex 11.3373 -4.23322 0
    endloop
  endfacet
  facet normal -0 0 -1
    outer loop
      vertex 12.7111 -1.33035 0
      vertex 10.9333 -3.99105 0
      vertex 12.585 -1.23682 0
    endloop
  endfacet
  facet normal 0 0 -1
    outer loop
      vertex 10.5549 -3.71045 0
      vertex 12.585 -1.23682 0
      vertex 10.9333 -3.99105 0
    endloop
  endfacet
  facet normal -0 0 -1
    outer loop
      vertex 12.585 -1.23682 0
      vertex 10.5549 -3.71045 0
      vertex 12.4686 -1.13137 0
    endloop
  endfacet
  facet normal 0 0 -1
    outer loop
      vertex 10.2059 -3.39411 0
      vertex 12.4686 -1.13137 0
      vertex 10.5549 -3.71045 0
    endloop
  endfacet
  facet normal -0 0 -1
    outer loop
      vertex 12.4686 -1.13137 0
      vertex 10.2059 -3.39411 0
      vertex 12.3632 -1.01503 0
    endloop
  endfacet
  facet normal 0 0 -1
    outer loop
      vertex 9.88955 -3.04509 0
      vertex 12.3632 -1.01503 0
      vertex 10.2059 -3.39411 0
    endloop
  endfacet
  facet normal -0 0 -1
    outer loop
      vertex 12.3632 -1.01503 0
      vertex 9.88955 -3.04509 0
      vertex 12.2696 -0.888912 0
    endloop
  endfacet
  facet normal 0 0 -1
    outer loop
      vertex 9.60895 -2.66674 0
      vertex 12.2696 -0.888912 0
      vertex 9.88955 -3.04509 0
    endloop
  endfacet
  facet normal -0 0 -1
    outer loop
      vertex 17.5911 2.66674 0
      vertex 14.9304 0.888912 0
      vertex 17.3104 3.04509 0
    endloop
  endfacet
  facet normal 0 0 -1
    outer loop
      vertex 14.8368 1.01503 0
      vertex 17.3104 3.04509 0
      vertex 14.9304 0.888912 0
    endloop
  endfacet
  facet normal -0 0 -1
    outer loop
      vertex 17.3104 3.04509 0
      vertex 14.8368 1.01503 0
      vertex 16.9941 3.39411 0
    endloop
  endfacet
  facet normal 0 0 -1
    outer loop
      vertex 14.7314 1.13137 0
      vertex 16.9941 3.39411 0
      vertex 14.8368 1.01503 0
    endloop
  endfacet
  facet normal -0 0 -1
    outer loop
      vertex 16.9941 3.39411 0
      vertex 14.7314 1.13137 0
      vertex 16.6451 3.71045 0
    endloop
  endfacet
  facet normal 0 0 -1
    outer loop
      vertex 14.615 1.23682 0
      vertex 16.6451 3.71045 0
      vertex 14.7314 1.13137 0
    endloop
  endfacet
  facet normal -0 0 -1
    outer loop
      vertex 16.6451 3.71045 0
      vertex 14.615 1.23682 0
      vertex 16.2667 3.99105 0
    endloop
  endfacet
  facet normal 0 0 -1
    outer loop
      vertex 14.4889 1.33035 0
      vertex 16.2667 3.99105 0
      vertex 14.615 1.23682 0
    endloop
  endfacet
  facet normal -0 0 -1
    outer loop
      vertex 16.2667 3.99105 0
      vertex 14.4889 1.33035 0
      vertex 15.8627 4.23322 0
    endloop
  endfacet
  facet normal 0 0 -1
    outer loop
      vertex 14.3542 1.41107 0
      vertex 15.8627 4.23322 0
      vertex 14.4889 1.33035 0
    endloop
  endfacet
  facet normal -0 0 -1
    outer loop
      vertex 15.8627 4.23322 0
      vertex 14.3542 1.41107 0
      vertex 15.4369 4.43462 0
    endloop
  endfacet
  facet normal 0 0 -1
    outer loop
      vertex 14.2123 1.47821 0
      vertex 15.4369 4.43462 0
      vertex 14.3542 1.41107 0
    endloop
  endfacet
  facet normal -0 0 -1
    outer loop
      vertex 15.4369 4.43462 0
      vertex 14.2123 1.47821 0
      vertex 14.9934 4.59331 0
    endloop
  endfacet
  facet normal 0 0 -1
    outer loop
      vertex 14.0645 1.5311 0
      vertex 14.9934 4.59331 0
      vertex 14.2123 1.47821 0
    endloop
  endfacet
  facet normal -0 0 -1
    outer loop
      vertex 14.9934 4.59331 0
      vertex 14.0645 1.5311 0
      vertex 14.5364 4.70777 0
    endloop
  endfacet
  facet normal 0 0 -1
    outer loop
      vertex 13.9121 1.56926 0
      vertex 14.5364 4.70777 0
      vertex 14.0645 1.5311 0
    endloop
  endfacet
  facet normal -0 0 -1
    outer loop
      vertex 14.5364 4.70777 0
      vertex 13.9121 1.56926 0
      vertex 14.0705 4.77689 0
    endloop
  endfacet
  facet normal 0 0 -1
    outer loop
      vertex 13.7568 1.59229 0
      vertex 14.0705 4.77689 0
      vertex 13.9121 1.56926 0
    endloop
  endfacet
  facet normal 0 0 -1
    outer loop
      vertex 13.6 1.6 0
      vertex 14.0705 4.77689 0
      vertex 13.7568 1.59229 0
    endloop
  endfacet
  facet normal 0 0 -1
    outer loop
      vertex 13.6 1.6 0
      vertex 13.6 4.8 0
      vertex 14.0705 4.77689 0
    endloop
  endfacet
  facet normal 0 0 -1
    outer loop
      vertex 13.4432 1.59229 0
      vertex 13.6 4.8 0
      vertex 13.6 1.6 0
    endloop
  endfacet
  facet normal 0 0 -1
    outer loop
      vertex 13.1295 4.77689 0
      vertex 13.4432 1.59229 0
      vertex 13.2879 1.56926 0
    endloop
  endfacet
  facet normal 0 0 -1
    outer loop
      vertex 12.6636 4.70777 0
      vertex 13.2879 1.56926 0
      vertex 13.1355 1.5311 0
    endloop
  endfacet
  facet normal 0 0 -1
    outer loop
      vertex 13.4432 1.59229 0
      vertex 13.1295 4.77689 0
      vertex 13.6 4.8 0
    endloop
  endfacet
  facet normal 0 0 -1
    outer loop
      vertex 12.2066 4.59331 0
      vertex 13.1355 1.5311 0
      vertex 12.9877 1.47821 0
    endloop
  endfacet
  facet normal 0 0 -1
    outer loop
      vertex 11.7631 4.43462 0
      vertex 12.9877 1.47821 0
      vertex 12.8458 1.41107 0
    endloop
  endfacet
  facet normal 0 0 -1
    outer loop
      vertex 11.3373 4.23322 0
      vertex 12.8458 1.41107 0
      vertex 12.7111 1.33035 0
    endloop
  endfacet
  facet normal 0 0 -1
    outer loop
      vertex 13.2879 1.56926 0
      vertex 12.6636 4.70777 0
      vertex 13.1295 4.77689 0
    endloop
  endfacet
  facet normal 0 0 -1
    outer loop
      vertex 10.9333 3.99105 0
      vertex 12.7111 1.33035 0
      vertex 12.585 1.23682 0
    endloop
  endfacet
  facet normal 0 0 -1
    outer loop
      vertex 10.5549 3.71045 0
      vertex 12.585 1.23682 0
      vertex 12.4686 1.13137 0
    endloop
  endfacet
  facet normal 0 0 -1
    outer loop
      vertex 10.2059 3.39411 0
      vertex 12.4686 1.13137 0
      vertex 12.3632 1.01503 0
    endloop
  endfacet
  facet normal 0 0 -1
    outer loop
      vertex 9.88955 3.04509 0
      vertex 12.3632 1.01503 0
      vertex 12.2696 0.888912 0
    endloop
  endfacet
  facet normal 0 0 -1
    outer loop
      vertex 13.1355 1.5311 0
      vertex 12.2066 4.59331 0
      vertex 12.6636 4.70777 0
    endloop
  endfacet
  facet normal 0 0 -1
    outer loop
      vertex 9.60895 2.66674 0
      vertex 12.2696 0.888912 0
      vertex 12.1889 0.754234 0
    endloop
  endfacet
  facet normal 0 0 -1
    outer loop
      vertex 9.36678 2.2627 0
      vertex 12.1889 0.754234 0
      vertex 12.1218 0.612293 0
    endloop
  endfacet
  facet normal 0 0 -1
    outer loop
      vertex 9.16538 1.83688 0
      vertex 12.1218 0.612293 0
      vertex 12.0689 0.464455 0
    endloop
  endfacet
  facet normal 0 0 -1
    outer loop
      vertex 9.00669 1.39337 0
      vertex 12.0689 0.464455 0
      vertex 12.0307 0.312144 0
    endloop
  endfacet
  facet normal 0 0 -1
    outer loop
      vertex 8.89223 0.936433 0
      vertex 12.0307 0.312144 0
      vertex 12.0077 0.156827 0
    endloop
  endfacet
  facet normal 0 0 -1
    outer loop
      vertex 8.82311 0.470482 0
      vertex 12.0077 0.156827 0
      vertex 12 0 0
    endloop
  endfacet
  facet normal -0 0 -1
    outer loop
      vertex 12.2696 -0.888912 0
      vertex 9.60895 -2.66674 0
      vertex 12.1889 -0.754234 0
    endloop
  endfacet
  facet normal 0 0 -1
    outer loop
      vertex 12.9877 1.47821 0
      vertex 11.7631 4.43462 0
      vertex 12.2066 4.59331 0
    endloop
  endfacet
  facet normal 0 0 -1
    outer loop
      vertex 9.36678 -2.2627 0
      vertex 12.1889 -0.754234 0
      vertex 9.60895 -2.66674 0
    endloop
  endfacet
  facet normal 0 0 -1
    outer loop
      vertex 12.8458 1.41107 0
      vertex 11.3373 4.23322 0
      vertex 11.7631 4.43462 0
    endloop
  endfacet
  facet normal -0 0 -1
    outer loop
      vertex 12.1889 -0.754234 0
      vertex 9.36678 -2.2627 0
      vertex 12.1218 -0.612293 0
    endloop
  endfacet
  facet normal 0 0 -1
    outer loop
      vertex 12.7111 1.33035 0
      vertex 10.9333 3.99105 0
      vertex 11.3373 4.23322 0
    endloop
  endfacet
  facet normal 0 0 -1
    outer loop
      vertex 9.16538 -1.83688 0
      vertex 12.1218 -0.612293 0
      vertex 9.36678 -2.2627 0
    endloop
  endfacet
  facet normal 0 0 -1
    outer loop
      vertex 12.585 1.23682 0
      vertex 10.5549 3.71045 0
      vertex 10.9333 3.99105 0
    endloop
  endfacet
  facet normal -0 0 -1
    outer loop
      vertex 12.1218 -0.612293 0
      vertex 9.16538 -1.83688 0
      vertex 12.0689 -0.464455 0
    endloop
  endfacet
  facet normal 0 0 -1
    outer loop
      vertex 12.4686 1.13137 0
      vertex 10.2059 3.39411 0
      vertex 10.5549 3.71045 0
    endloop
  endfacet
  facet normal 0 0 -1
    outer loop
      vertex 9.00669 -1.39337 0
      vertex 12.0689 -0.464455 0
      vertex 9.16538 -1.83688 0
    endloop
  endfacet
  facet normal 0 0 -1
    outer loop
      vertex 12.3632 1.01503 0
      vertex 9.88955 3.04509 0
      vertex 10.2059 3.39411 0
    endloop
  endfacet
  facet normal -0 0 -1
    outer loop
      vertex 12.0689 -0.464455 0
      vertex 9.00669 -1.39337 0
      vertex 12.0307 -0.312144 0
    endloop
  endfacet
  facet normal 0 0 -1
    outer loop
      vertex 12.2696 0.888912 0
      vertex 9.60895 2.66674 0
      vertex 9.88955 3.04509 0
    endloop
  endfacet
  facet normal 0 0 -1
    outer loop
      vertex 8.89223 -0.936433 0
      vertex 12.0307 -0.312144 0
      vertex 9.00669 -1.39337 0
    endloop
  endfacet
  facet normal 0 0 -1
    outer loop
      vertex 12.1889 0.754234 0
      vertex 9.36678 2.2627 0
      vertex 9.60895 2.66674 0
    endloop
  endfacet
  facet normal -0 0 -1
    outer loop
      vertex 12.0307 -0.312144 0
      vertex 8.89223 -0.936433 0
      vertex 12.0077 -0.156827 0
    endloop
  endfacet
  facet normal 0 0 -1
    outer loop
      vertex 12.1218 0.612293 0
      vertex 9.16538 1.83688 0
      vertex 9.36678 2.2627 0
    endloop
  endfacet
  facet normal 0 0 -1
    outer loop
      vertex 8.82311 -0.470482 0
      vertex 12.0077 -0.156827 0
      vertex 8.89223 -0.936433 0
    endloop
  endfacet
  facet normal 0 0 -1
    outer loop
      vertex 12.0689 0.464455 0
      vertex 9.00669 1.39337 0
      vertex 9.16538 1.83688 0
    endloop
  endfacet
  facet normal -0 0 -1
    outer loop
      vertex 12.0077 -0.156827 0
      vertex 8.82311 -0.470482 0
      vertex 12 0 0
    endloop
  endfacet
  facet normal 0 0 -1
    outer loop
      vertex 12.0307 0.312144 0
      vertex 8.89223 0.936433 0
      vertex 9.00669 1.39337 0
    endloop
  endfacet
  facet normal 0 0 -1
    outer loop
      vertex 8.8 0 0
      vertex 12 0 0
      vertex 8.82311 -0.470482 0
    endloop
  endfacet
  facet normal 0 0 -1
    outer loop
      vertex 12.0077 0.156827 0
      vertex 8.82311 0.470482 0
      vertex 8.89223 0.936433 0
    endloop
  endfacet
  facet normal 0 0 -1
    outer loop
      vertex 12 0 0
      vertex 8.8 0 0
      vertex 8.82311 0.470482 0
    endloop
  endfacet
  facet normal -0.989176 -0.146736 0
    outer loop
      vertex 8.89223 -0.936433 0
      vertex 8.82311 -0.470482 1.2
      vertex 8.82311 -0.470482 0
    endloop
  endfacet
  facet normal -0.989176 -0.146736 0
    outer loop
      vertex 8.82311 -0.470482 1.2
      vertex 8.89223 -0.936433 0
      vertex 8.89223 -0.936433 1.2
    endloop
  endfacet
  facet normal -0.514137 -0.857708 0
    outer loop
      vertex 10.9333 -3.99105 0
      vertex 11.3373 -4.23322 1.2
      vertex 10.9333 -3.99105 1.2
    endloop
  endfacet
  facet normal -0.514137 -0.857708 -0
    outer loop
      vertex 11.3373 -4.23322 1.2
      vertex 10.9333 -3.99105 0
      vertex 11.3373 -4.23322 0
    endloop
  endfacet
  facet normal -0.336896 -0.941542 0
    outer loop
      vertex 11.7631 -4.43462 0
      vertex 12.2066 -4.59331 1.2
      vertex 11.7631 -4.43462 1.2
    endloop
  endfacet
  facet normal -0.336896 -0.941542 -0
    outer loop
      vertex 12.2066 -4.59331 1.2
      vertex 11.7631 -4.43462 0
      vertex 12.2066 -4.59331 0
    endloop
  endfacet
  facet normal 0.857714 0.514128 0
    outer loop
      vertex 16.5103 1.55561 4.6
      vertex 16.3438 1.83338 1.2
      vertex 16.3438 1.83338 4.6
    endloop
  endfacet
  facet normal 0.857714 0.514128 0
    outer loop
      vertex 16.3438 1.83338 1.2
      vertex 16.5103 1.55561 4.6
      vertex 16.5103 1.55561 1.2
    endloop
  endfacet
  facet normal 0.336806 0.941574 -0
    outer loop
      vertex 14.8629 3.0488 1.2
      vertex 14.5579 3.1579 4.6
      vertex 14.8629 3.0488 4.6
    endloop
  endfacet
  facet normal 0.336806 0.941574 0
    outer loop
      vertex 14.5579 3.1579 4.6
      vertex 14.8629 3.0488 1.2
      vertex 14.5579 3.1579 1.2
    endloop
  endfacet
  facet normal -0.336806 0.941574 0
    outer loop
      vertex 12.6421 3.1579 1.2
      vertex 12.3371 3.0488 4.6
      vertex 12.6421 3.1579 4.6
    endloop
  endfacet
  facet normal -0.336806 0.941574 0
    outer loop
      vertex 12.3371 3.0488 4.6
      vertex 12.6421 3.1579 1.2
      vertex 12.3371 3.0488 1.2
    endloop
  endfacet
  facet normal -0.903948 0.427643 0
    outer loop
      vertex 10.5512 1.26285 1.2
      vertex 10.6897 1.55561 4.6
      vertex 10.6897 1.55561 1.2
    endloop
  endfacet
  facet normal -0.903948 0.427643 0
    outer loop
      vertex 10.6897 1.55561 4.6
      vertex 10.5512 1.26285 1.2
      vertex 10.5512 1.26285 4.6
    endloop
  endfacet
  facet normal 0.427614 -0.903962 0
    outer loop
      vertex 14.8629 -3.0488 1.2
      vertex 15.1556 -2.91034 4.6
      vertex 14.8629 -3.0488 4.6
    endloop
  endfacet
  facet normal 0.427614 -0.903962 0
    outer loop
      vertex 15.1556 -2.91034 4.6
      vertex 14.8629 -3.0488 1.2
      vertex 15.1556 -2.91034 1.2
    endloop
  endfacet
  facet normal -0.146755 0.989173 0
    outer loop
      vertex 13.2765 3.28411 1.2
      vertex 12.9562 3.23659 4.6
      vertex 13.2765 3.28411 4.6
    endloop
  endfacet
  facet normal -0.146755 0.989173 0
    outer loop
      vertex 12.9562 3.23659 4.6
      vertex 13.2765 3.28411 1.2
      vertex 12.9562 3.23659 1.2
    endloop
  endfacet
  facet normal -0.595733 0.803183 0
    outer loop
      vertex 11.7666 2.74385 1.2
      vertex 11.5065 2.55093 4.6
      vertex 11.7666 2.74385 4.6
    endloop
  endfacet
  facet normal -0.595733 0.803183 0
    outer loop
      vertex 11.5065 2.55093 4.6
      vertex 11.7666 2.74385 1.2
      vertex 11.5065 2.55093 1.2
    endloop
  endfacet
  facet normal 0.970023 -0.243014 0
    outer loop
      vertex 16.7579 -0.957939 4.6
      vertex 16.8366 -0.643798 1.2
      vertex 16.8366 -0.643798 4.6
    endloop
  endfacet
  facet normal 0.970023 -0.243014 0
    outer loop
      vertex 16.8366 -0.643798 1.2
      vertex 16.7579 -0.957939 4.6
      vertex 16.7579 -0.957939 1.2
    endloop
  endfacet
  facet normal 0.903948 -0.427643 0
    outer loop
      vertex 16.5103 -1.55561 4.6
      vertex 16.6488 -1.26285 1.2
      vertex 16.6488 -1.26285 4.6
    endloop
  endfacet
  facet normal 0.903948 -0.427643 0
    outer loop
      vertex 16.6488 -1.26285 1.2
      vertex 16.5103 -1.55561 4.6
      vertex 16.5103 -1.55561 1.2
    endloop
  endfacet
  facet normal -0.146755 -0.989173 0
    outer loop
      vertex 12.9562 -3.23659 1.2
      vertex 13.2765 -3.28411 4.6
      vertex 12.9562 -3.23659 4.6
    endloop
  endfacet
  facet normal -0.146755 -0.989173 -0
    outer loop
      vertex 13.2765 -3.28411 4.6
      vertex 12.9562 -3.23659 1.2
      vertex 13.2765 -3.28411 1.2
    endloop
  endfacet
  facet normal 0.989185 0.146675 0
    outer loop
      vertex 16.8841 0.323456 4.6
      vertex 16.8366 0.643798 1.2
      vertex 16.8366 0.643798 4.6
    endloop
  endfacet
  facet normal 0.989185 0.146675 0
    outer loop
      vertex 16.8366 0.643798 1.2
      vertex 16.8841 0.323456 4.6
      vertex 16.8841 0.323456 1.2
    endloop
  endfacet
  facet normal 0.803234 0.595663 0
    outer loop
      vertex 16.3438 1.83338 4.6
      vertex 16.1509 2.0935 1.2
      vertex 16.1509 2.0935 4.6
    endloop
  endfacet
  facet normal 0.803234 0.595663 0
    outer loop
      vertex 16.1509 2.0935 1.2
      vertex 16.3438 1.83338 4.6
      vertex 16.3438 1.83338 1.2
    endloop
  endfacet
  facet normal 0.671486 0.741018 -0
    outer loop
      vertex 15.9335 2.33345 1.2
      vertex 15.6935 2.55093 4.6
      vertex 15.9335 2.33345 4.6
    endloop
  endfacet
  facet normal 0.671486 0.741018 0
    outer loop
      vertex 15.6935 2.55093 4.6
      vertex 15.9335 2.33345 1.2
      vertex 15.6935 2.55093 1.2
    endloop
  endfacet
  facet normal 0.741071 0.671427 0
    outer loop
      vertex 16.1509 2.0935 4.6
      vertex 15.9335 2.33345 1.2
      vertex 15.9335 2.33345 4.6
    endloop
  endfacet
  facet normal 0.741071 0.671427 0
    outer loop
      vertex 15.9335 2.33345 1.2
      vertex 16.1509 2.0935 4.6
      vertex 16.1509 2.0935 1.2
    endloop
  endfacet
  facet normal -0.0490599 0.998796 0
    outer loop
      vertex 13.6 3.3 1.2
      vertex 13.2765 3.28411 4.6
      vertex 13.6 3.3 4.6
    endloop
  endfacet
  facet normal -0.0490599 0.998796 0
    outer loop
      vertex 13.2765 3.28411 4.6
      vertex 13.6 3.3 1.2
      vertex 13.2765 3.28411 1.2
    endloop
  endfacet
  facet normal 0.146755 0.989173 -0
    outer loop
      vertex 14.2438 3.23659 1.2
      vertex 13.9235 3.28411 4.6
      vertex 14.2438 3.23659 4.6
    endloop
  endfacet
  facet normal 0.146755 0.989173 0
    outer loop
      vertex 13.9235 3.28411 4.6
      vertex 14.2438 3.23659 1.2
      vertex 13.9235 3.28411 1.2
    endloop
  endfacet
  facet normal 0.0490599 0.998796 -0
    outer loop
      vertex 13.9235 3.28411 1.2
      vertex 13.6 3.3 4.6
      vertex 13.9235 3.28411 4.6
    endloop
  endfacet
  facet normal 0.0490599 0.998796 0
    outer loop
      vertex 13.6 3.3 4.6
      vertex 13.9235 3.28411 1.2
      vertex 13.6 3.3 1.2
    endloop
  endfacet
  facet normal 0.595733 0.803183 -0
    outer loop
      vertex 15.6935 2.55093 1.2
      vertex 15.4334 2.74385 4.6
      vertex 15.6935 2.55093 4.6
    endloop
  endfacet
  facet normal 0.595733 0.803183 0
    outer loop
      vertex 15.4334 2.74385 4.6
      vertex 15.6935 2.55093 1.2
      vertex 15.4334 2.74385 1.2
    endloop
  endfacet
  facet normal 0.514064 0.857752 -0
    outer loop
      vertex 15.4334 2.74385 1.2
      vertex 15.1556 2.91034 4.6
      vertex 15.4334 2.74385 4.6
    endloop
  endfacet
  facet normal 0.514064 0.857752 0
    outer loop
      vertex 15.1556 2.91034 4.6
      vertex 15.4334 2.74385 1.2
      vertex 15.1556 2.91034 1.2
    endloop
  endfacet
  facet normal -0.998794 0.0490973 0
    outer loop
      vertex 10.3 0 1.2
      vertex 10.3159 0.323456 4.6
      vertex 10.3159 0.323456 1.2
    endloop
  endfacet
  facet normal -0.998794 0.0490973 0
    outer loop
      vertex 10.3159 0.323456 4.6
      vertex 10.3 0 1.2
      vertex 10.3 0 4.6
    endloop
  endfacet
  facet normal -0.970023 0.243014 0
    outer loop
      vertex 10.3634 0.643798 1.2
      vertex 10.4421 0.957939 4.6
      vertex 10.4421 0.957939 1.2
    endloop
  endfacet
  facet normal -0.970023 0.243014 0
    outer loop
      vertex 10.4421 0.957939 4.6
      vertex 10.3634 0.643798 1.2
      vertex 10.3634 0.643798 4.6
    endloop
  endfacet
  facet normal -0.741071 0.671427 0
    outer loop
      vertex 11.0491 2.0935 1.2
      vertex 11.2665 2.33345 4.6
      vertex 11.2665 2.33345 1.2
    endloop
  endfacet
  facet normal -0.741071 0.671427 0
    outer loop
      vertex 11.2665 2.33345 4.6
      vertex 11.0491 2.0935 1.2
      vertex 11.0491 2.0935 4.6
    endloop
  endfacet
  facet normal -0.803234 0.595663 0
    outer loop
      vertex 10.8562 1.83338 1.2
      vertex 11.0491 2.0935 4.6
      vertex 11.0491 2.0935 1.2
    endloop
  endfacet
  facet normal -0.803234 0.595663 0
    outer loop
      vertex 11.0491 2.0935 4.6
      vertex 10.8562 1.83338 1.2
      vertex 10.8562 1.83338 4.6
    endloop
  endfacet
  facet normal -0.427614 0.903962 0
    outer loop
      vertex 12.3371 3.0488 1.2
      vertex 12.0444 2.91034 4.6
      vertex 12.3371 3.0488 4.6
    endloop
  endfacet
  facet normal -0.427614 0.903962 0
    outer loop
      vertex 12.0444 2.91034 4.6
      vertex 12.3371 3.0488 1.2
      vertex 12.0444 2.91034 1.2
    endloop
  endfacet
  facet normal -0.514064 0.857752 0
    outer loop
      vertex 12.0444 2.91034 1.2
      vertex 11.7666 2.74385 4.6
      vertex 12.0444 2.91034 4.6
    endloop
  endfacet
  facet normal -0.514064 0.857752 0
    outer loop
      vertex 11.7666 2.74385 4.6
      vertex 12.0444 2.91034 1.2
      vertex 11.7666 2.74385 1.2
    endloop
  endfacet
  facet normal -0.671486 0.741018 0
    outer loop
      vertex 11.5065 2.55093 1.2
      vertex 11.2665 2.33345 4.6
      vertex 11.5065 2.55093 4.6
    endloop
  endfacet
  facet normal -0.671486 0.741018 0
    outer loop
      vertex 11.2665 2.33345 4.6
      vertex 11.5065 2.55093 1.2
      vertex 11.2665 2.33345 1.2
    endloop
  endfacet
  facet normal 0.998794 0.0490973 0
    outer loop
      vertex 16.9 0 4.6
      vertex 16.8841 0.323456 1.2
      vertex 16.8841 0.323456 4.6
    endloop
  endfacet
  facet normal 0.998794 0.0490973 0
    outer loop
      vertex 16.8841 0.323456 1.2
      vertex 16.9 0 4.6
      vertex 16.9 0 1.2
    endloop
  endfacet
  facet normal 0.857714 -0.514128 0
    outer loop
      vertex 16.3438 -1.83338 4.6
      vertex 16.5103 -1.55561 1.2
      vertex 16.5103 -1.55561 4.6
    endloop
  endfacet
  facet normal 0.857714 -0.514128 0
    outer loop
      vertex 16.5103 -1.55561 1.2
      vertex 16.3438 -1.83338 4.6
      vertex 16.3438 -1.83338 1.2
    endloop
  endfacet
  facet normal -0.803234 -0.595663 0
    outer loop
      vertex 11.0491 -2.0935 1.2
      vertex 10.8562 -1.83338 4.6
      vertex 10.8562 -1.83338 1.2
    endloop
  endfacet
  facet normal -0.803234 -0.595663 0
    outer loop
      vertex 10.8562 -1.83338 4.6
      vertex 11.0491 -2.0935 1.2
      vertex 11.0491 -2.0935 4.6
    endloop
  endfacet
  facet normal -0.970023 -0.243014 0
    outer loop
      vertex 10.4421 -0.957939 1.2
      vertex 10.3634 -0.643798 4.6
      vertex 10.3634 -0.643798 1.2
    endloop
  endfacet
  facet normal -0.970023 -0.243014 0
    outer loop
      vertex 10.3634 -0.643798 4.6
      vertex 10.4421 -0.957939 1.2
      vertex 10.4421 -0.957939 4.6
    endloop
  endfacet
  facet normal 0.146755 -0.989173 0
    outer loop
      vertex 13.9235 -3.28411 1.2
      vertex 14.2438 -3.23659 4.6
      vertex 13.9235 -3.28411 4.6
    endloop
  endfacet
  facet normal 0.146755 -0.989173 0
    outer loop
      vertex 14.2438 -3.23659 4.6
      vertex 13.9235 -3.28411 1.2
      vertex 14.2438 -3.23659 1.2
    endloop
  endfacet
  facet normal 0.903948 0.427643 0
    outer loop
      vertex 16.6488 1.26285 4.6
      vertex 16.5103 1.55561 1.2
      vertex 16.5103 1.55561 4.6
    endloop
  endfacet
  facet normal 0.903948 0.427643 0
    outer loop
      vertex 16.5103 1.55561 1.2
      vertex 16.6488 1.26285 4.6
      vertex 16.6488 1.26285 1.2
    endloop
  endfacet
  facet normal 0.941543 0.336893 0
    outer loop
      vertex 16.7579 0.957939 4.6
      vertex 16.6488 1.26285 1.2
      vertex 16.6488 1.26285 4.6
    endloop
  endfacet
  facet normal 0.941543 0.336893 0
    outer loop
      vertex 16.6488 1.26285 1.2
      vertex 16.7579 0.957939 4.6
      vertex 16.7579 0.957939 1.2
    endloop
  endfacet
  facet normal 0.970023 0.243014 0
    outer loop
      vertex 16.8366 0.643798 4.6
      vertex 16.7579 0.957939 1.2
      vertex 16.7579 0.957939 4.6
    endloop
  endfacet
  facet normal 0.970023 0.243014 0
    outer loop
      vertex 16.7579 0.957939 1.2
      vertex 16.8366 0.643798 4.6
      vertex 16.8366 0.643798 1.2
    endloop
  endfacet
  facet normal 0.243015 0.970022 -0
    outer loop
      vertex 14.5579 3.1579 1.2
      vertex 14.2438 3.23659 4.6
      vertex 14.5579 3.1579 4.6
    endloop
  endfacet
  facet normal 0.243015 0.970022 0
    outer loop
      vertex 14.2438 3.23659 4.6
      vertex 14.5579 3.1579 1.2
      vertex 14.2438 3.23659 1.2
    endloop
  endfacet
  facet normal 0.427614 0.903962 -0
    outer loop
      vertex 15.1556 2.91034 1.2
      vertex 14.8629 3.0488 4.6
      vertex 15.1556 2.91034 4.6
    endloop
  endfacet
  facet normal 0.427614 0.903962 0
    outer loop
      vertex 14.8629 3.0488 4.6
      vertex 15.1556 2.91034 1.2
      vertex 14.8629 3.0488 1.2
    endloop
  endfacet
  facet normal 0 0 1
    outer loop
      vertex 16.8841 0.323456 4.6
      vertex 16.8841 -0.323456 4.6
      vertex 16.9 0 4.6
    endloop
  endfacet
  facet normal 0 0 1
    outer loop
      vertex 16.8366 0.643798 4.6
      vertex 16.8841 -0.323456 4.6
      vertex 16.8841 0.323456 4.6
    endloop
  endfacet
  facet normal 0 0 1
    outer loop
      vertex 16.8366 0.643798 4.6
      vertex 16.8366 -0.643798 4.6
      vertex 16.8841 -0.323456 4.6
    endloop
  endfacet
  facet normal 0 0 1
    outer loop
      vertex 16.7579 0.957939 4.6
      vertex 16.8366 -0.643798 4.6
      vertex 16.8366 0.643798 4.6
    endloop
  endfacet
  facet normal 0 0 1
    outer loop
      vertex 16.7579 0.957939 4.6
      vertex 16.7579 -0.957939 4.6
      vertex 16.8366 -0.643798 4.6
    endloop
  endfacet
  facet normal 0 0 1
    outer loop
      vertex 16.6488 1.26285 4.6
      vertex 16.7579 -0.957939 4.6
      vertex 16.7579 0.957939 4.6
    endloop
  endfacet
  facet normal 0 0 1
    outer loop
      vertex 16.6488 1.26285 4.6
      vertex 16.6488 -1.26285 4.6
      vertex 16.7579 -0.957939 4.6
    endloop
  endfacet
  facet normal 0 0 1
    outer loop
      vertex 16.5103 1.55561 4.6
      vertex 16.6488 -1.26285 4.6
      vertex 16.6488 1.26285 4.6
    endloop
  endfacet
  facet normal 0 0 1
    outer loop
      vertex 16.5103 1.55561 4.6
      vertex 16.5103 -1.55561 4.6
      vertex 16.6488 -1.26285 4.6
    endloop
  endfacet
  facet normal 0 0 1
    outer loop
      vertex 16.3438 1.83338 4.6
      vertex 16.5103 -1.55561 4.6
      vertex 16.5103 1.55561 4.6
    endloop
  endfacet
  facet normal 0 0 1
    outer loop
      vertex 16.3438 1.83338 4.6
      vertex 16.3438 -1.83338 4.6
      vertex 16.5103 -1.55561 4.6
    endloop
  endfacet
  facet normal 0 0 1
    outer loop
      vertex 16.1509 2.0935 4.6
      vertex 16.3438 -1.83338 4.6
      vertex 16.3438 1.83338 4.6
    endloop
  endfacet
  facet normal 0 0 1
    outer loop
      vertex 16.1509 2.0935 4.6
      vertex 16.1509 -2.0935 4.6
      vertex 16.3438 -1.83338 4.6
    endloop
  endfacet
  facet normal 0 0 1
    outer loop
      vertex 15.9335 2.33345 4.6
      vertex 16.1509 -2.0935 4.6
      vertex 16.1509 2.0935 4.6
    endloop
  endfacet
  facet normal 0 0 1
    outer loop
      vertex 15.9335 2.33345 4.6
      vertex 15.9335 -2.33345 4.6
      vertex 16.1509 -2.0935 4.6
    endloop
  endfacet
  facet normal 0 0 1
    outer loop
      vertex 15.6935 2.55093 4.6
      vertex 15.9335 -2.33345 4.6
      vertex 15.9335 2.33345 4.6
    endloop
  endfacet
  facet normal 0 0 1
    outer loop
      vertex 15.6935 2.55093 4.6
      vertex 15.6935 -2.55093 4.6
      vertex 15.9335 -2.33345 4.6
    endloop
  endfacet
  facet normal 0 0 1
    outer loop
      vertex 15.4334 2.74385 4.6
      vertex 15.6935 -2.55093 4.6
      vertex 15.6935 2.55093 4.6
    endloop
  endfacet
  facet normal 0 0 1
    outer loop
      vertex 15.4334 2.74385 4.6
      vertex 15.4334 -2.74385 4.6
      vertex 15.6935 -2.55093 4.6
    endloop
  endfacet
  facet normal 0 0 1
    outer loop
      vertex 15.1556 2.91034 4.6
      vertex 15.4334 -2.74385 4.6
      vertex 15.4334 2.74385 4.6
    endloop
  endfacet
  facet normal 0 0 1
    outer loop
      vertex 15.1556 2.91034 4.6
      vertex 15.1556 -2.91034 4.6
      vertex 15.4334 -2.74385 4.6
    endloop
  endfacet
  facet normal 0 0 1
    outer loop
      vertex 14.8629 3.0488 4.6
      vertex 15.1556 -2.91034 4.6
      vertex 15.1556 2.91034 4.6
    endloop
  endfacet
  facet normal 0 0 1
    outer loop
      vertex 14.8629 3.0488 4.6
      vertex 14.8629 -3.0488 4.6
      vertex 15.1556 -2.91034 4.6
    endloop
  endfacet
  facet normal 0 0 1
    outer loop
      vertex 14.5579 3.1579 4.6
      vertex 14.8629 -3.0488 4.6
      vertex 14.8629 3.0488 4.6
    endloop
  endfacet
  facet normal 0 0 1
    outer loop
      vertex 14.5579 3.1579 4.6
      vertex 14.5579 -3.1579 4.6
      vertex 14.8629 -3.0488 4.6
    endloop
  endfacet
  facet normal 0 0 1
    outer loop
      vertex 14.2438 3.23659 4.6
      vertex 14.5579 -3.1579 4.6
      vertex 14.5579 3.1579 4.6
    endloop
  endfacet
  facet normal 0 0 1
    outer loop
      vertex 14.2438 3.23659 4.6
      vertex 14.2438 -3.23659 4.6
      vertex 14.5579 -3.1579 4.6
    endloop
  endfacet
  facet normal 0 0 1
    outer loop
      vertex 13.9235 3.28411 4.6
      vertex 14.2438 -3.23659 4.6
      vertex 14.2438 3.23659 4.6
    endloop
  endfacet
  facet normal 0 0 1
    outer loop
      vertex 13.9235 3.28411 4.6
      vertex 13.9235 -3.28411 4.6
      vertex 14.2438 -3.23659 4.6
    endloop
  endfacet
  facet normal 0 0 1
    outer loop
      vertex 13.6 3.3 4.6
      vertex 13.9235 -3.28411 4.6
      vertex 13.9235 3.28411 4.6
    endloop
  endfacet
  facet normal 0 0 1
    outer loop
      vertex 13.6 3.3 4.6
      vertex 13.6 -3.3 4.6
      vertex 13.9235 -3.28411 4.6
    endloop
  endfacet
  facet normal -0 0 1
    outer loop
      vertex 13.2765 3.28411 4.6
      vertex 13.6 -3.3 4.6
      vertex 13.6 3.3 4.6
    endloop
  endfacet
  facet normal 0 0 1
    outer loop
      vertex 13.2765 3.28411 4.6
      vertex 13.2765 -3.28411 4.6
      vertex 13.6 -3.3 4.6
    endloop
  endfacet
  facet normal -0 0 1
    outer loop
      vertex 12.9562 3.23659 4.6
      vertex 13.2765 -3.28411 4.6
      vertex 13.2765 3.28411 4.6
    endloop
  endfacet
  facet normal 0 0 1
    outer loop
      vertex 12.9562 3.23659 4.6
      vertex 12.9562 -3.23659 4.6
      vertex 13.2765 -3.28411 4.6
    endloop
  endfacet
  facet normal -0 0 1
    outer loop
      vertex 12.6421 3.1579 4.6
      vertex 12.9562 -3.23659 4.6
      vertex 12.9562 3.23659 4.6
    endloop
  endfacet
  facet normal 0 0 1
    outer loop
      vertex 12.6421 3.1579 4.6
      vertex 12.6421 -3.1579 4.6
      vertex 12.9562 -3.23659 4.6
    endloop
  endfacet
  facet normal -0 0 1
    outer loop
      vertex 12.3371 3.0488 4.6
      vertex 12.6421 -3.1579 4.6
      vertex 12.6421 3.1579 4.6
    endloop
  endfacet
  facet normal 0 0 1
    outer loop
      vertex 12.3371 3.0488 4.6
      vertex 12.3371 -3.0488 4.6
      vertex 12.6421 -3.1579 4.6
    endloop
  endfacet
  facet normal -0 0 1
    outer loop
      vertex 12.0444 2.91034 4.6
      vertex 12.3371 -3.0488 4.6
      vertex 12.3371 3.0488 4.6
    endloop
  endfacet
  facet normal 0 0 1
    outer loop
      vertex 12.0444 2.91034 4.6
      vertex 12.0444 -2.91034 4.6
      vertex 12.3371 -3.0488 4.6
    endloop
  endfacet
  facet normal -0 0 1
    outer loop
      vertex 11.7666 2.74385 4.6
      vertex 12.0444 -2.91034 4.6
      vertex 12.0444 2.91034 4.6
    endloop
  endfacet
  facet normal 0 0 1
    outer loop
      vertex 11.7666 2.74385 4.6
      vertex 11.7666 -2.74385 4.6
      vertex 12.0444 -2.91034 4.6
    endloop
  endfacet
  facet normal -0 0 1
    outer loop
      vertex 11.5065 2.55093 4.6
      vertex 11.7666 -2.74385 4.6
      vertex 11.7666 2.74385 4.6
    endloop
  endfacet
  facet normal 0 0 1
    outer loop
      vertex 11.5065 2.55093 4.6
      vertex 11.5065 -2.55093 4.6
      vertex 11.7666 -2.74385 4.6
    endloop
  endfacet
  facet normal -0 0 1
    outer loop
      vertex 11.2665 2.33345 4.6
      vertex 11.5065 -2.55093 4.6
      vertex 11.5065 2.55093 4.6
    endloop
  endfacet
  facet normal 0 0 1
    outer loop
      vertex 11.2665 2.33345 4.6
      vertex 11.2665 -2.33345 4.6
      vertex 11.5065 -2.55093 4.6
    endloop
  endfacet
  facet normal -0 0 1
    outer loop
      vertex 11.0491 2.0935 4.6
      vertex 11.2665 -2.33345 4.6
      vertex 11.2665 2.33345 4.6
    endloop
  endfacet
  facet normal 0 0 1
    outer loop
      vertex 11.0491 2.0935 4.6
      vertex 11.0491 -2.0935 4.6
      vertex 11.2665 -2.33345 4.6
    endloop
  endfacet
  facet normal -0 0 1
    outer loop
      vertex 10.8562 1.83338 4.6
      vertex 11.0491 -2.0935 4.6
      vertex 11.0491 2.0935 4.6
    endloop
  endfacet
  facet normal 0 0 1
    outer loop
      vertex 10.8562 1.83338 4.6
      vertex 10.8562 -1.83338 4.6
      vertex 11.0491 -2.0935 4.6
    endloop
  endfacet
  facet normal -0 0 1
    outer loop
      vertex 10.6897 1.55561 4.6
      vertex 10.8562 -1.83338 4.6
      vertex 10.8562 1.83338 4.6
    endloop
  endfacet
  facet normal 0 0 1
    outer loop
      vertex 10.6897 1.55561 4.6
      vertex 10.6897 -1.55561 4.6
      vertex 10.8562 -1.83338 4.6
    endloop
  endfacet
  facet normal -0 0 1
    outer loop
      vertex 10.5512 1.26285 4.6
      vertex 10.6897 -1.55561 4.6
      vertex 10.6897 1.55561 4.6
    endloop
  endfacet
  facet normal 0 0 1
    outer loop
      vertex 10.5512 1.26285 4.6
      vertex 10.5512 -1.26285 4.6
      vertex 10.6897 -1.55561 4.6
    endloop
  endfacet
  facet normal -0 0 1
    outer loop
      vertex 10.4421 0.957939 4.6
      vertex 10.5512 -1.26285 4.6
      vertex 10.5512 1.26285 4.6
    endloop
  endfacet
  facet normal 0 0 1
    outer loop
      vertex 10.4421 0.957939 4.6
      vertex 10.4421 -0.957939 4.6
      vertex 10.5512 -1.26285 4.6
    endloop
  endfacet
  facet normal -0 0 1
    outer loop
      vertex 10.3634 0.643798 4.6
      vertex 10.4421 -0.957939 4.6
      vertex 10.4421 0.957939 4.6
    endloop
  endfacet
  facet normal 0 0 1
    outer loop
      vertex 10.3634 0.643798 4.6
      vertex 10.3634 -0.643798 4.6
      vertex 10.4421 -0.957939 4.6
    endloop
  endfacet
  facet normal -0 0 1
    outer loop
      vertex 10.3159 0.323456 4.6
      vertex 10.3634 -0.643798 4.6
      vertex 10.3634 0.643798 4.6
    endloop
  endfacet
  facet normal 0 0 1
    outer loop
      vertex 10.3159 0.323456 4.6
      vertex 10.3159 -0.323456 4.6
      vertex 10.3634 -0.643798 4.6
    endloop
  endfacet
  facet normal 0 -0 1
    outer loop
      vertex 10.3159 -0.323456 4.6
      vertex 10.3159 0.323456 4.6
      vertex 10.3 0 4.6
    endloop
  endfacet
  facet normal -0.989185 0.146675 0
    outer loop
      vertex 10.3159 0.323456 1.2
      vertex 10.3634 0.643798 4.6
      vertex 10.3634 0.643798 1.2
    endloop
  endfacet
  facet normal -0.989185 0.146675 0
    outer loop
      vertex 10.3634 0.643798 4.6
      vertex 10.3159 0.323456 1.2
      vertex 10.3159 0.323456 4.6
    endloop
  endfacet
  facet normal -0.941543 0.336893 0
    outer loop
      vertex 10.4421 0.957939 1.2
      vertex 10.5512 1.26285 4.6
      vertex 10.5512 1.26285 1.2
    endloop
  endfacet
  facet normal -0.941543 0.336893 0
    outer loop
      vertex 10.5512 1.26285 4.6
      vertex 10.4421 0.957939 1.2
      vertex 10.4421 0.957939 4.6
    endloop
  endfacet
  facet normal -0.857714 0.514128 0
    outer loop
      vertex 10.6897 1.55561 1.2
      vertex 10.8562 1.83338 4.6
      vertex 10.8562 1.83338 1.2
    endloop
  endfacet
  facet normal -0.857714 0.514128 0
    outer loop
      vertex 10.8562 1.83338 4.6
      vertex 10.6897 1.55561 1.2
      vertex 10.6897 1.55561 4.6
    endloop
  endfacet
  facet normal -0.243015 0.970022 0
    outer loop
      vertex 12.9562 3.23659 1.2
      vertex 12.6421 3.1579 4.6
      vertex 12.9562 3.23659 4.6
    endloop
  endfacet
  facet normal -0.243015 0.970022 0
    outer loop
      vertex 12.6421 3.1579 4.6
      vertex 12.9562 3.23659 1.2
      vertex 12.6421 3.1579 1.2
    endloop
  endfacet
  facet normal 0.989185 -0.146675 0
    outer loop
      vertex 16.8366 -0.643798 4.6
      vertex 16.8841 -0.323456 1.2
      vertex 16.8841 -0.323456 4.6
    endloop
  endfacet
  facet normal 0.989185 -0.146675 0
    outer loop
      vertex 16.8841 -0.323456 1.2
      vertex 16.8366 -0.643798 4.6
      vertex 16.8366 -0.643798 1.2
    endloop
  endfacet
  facet normal 0.998794 -0.0490973 0
    outer loop
      vertex 16.8841 -0.323456 4.6
      vertex 16.9 0 1.2
      vertex 16.9 0 4.6
    endloop
  endfacet
  facet normal 0.998794 -0.0490973 0
    outer loop
      vertex 16.9 0 1.2
      vertex 16.8841 -0.323456 4.6
      vertex 16.8841 -0.323456 1.2
    endloop
  endfacet
  facet normal 0.514064 -0.857752 0
    outer loop
      vertex 15.1556 -2.91034 1.2
      vertex 15.4334 -2.74385 4.6
      vertex 15.1556 -2.91034 4.6
    endloop
  endfacet
  facet normal 0.514064 -0.857752 0
    outer loop
      vertex 15.4334 -2.74385 4.6
      vertex 15.1556 -2.91034 1.2
      vertex 15.4334 -2.74385 1.2
    endloop
  endfacet
  facet normal 0.741071 -0.671427 0
    outer loop
      vertex 15.9335 -2.33345 4.6
      vertex 16.1509 -2.0935 1.2
      vertex 16.1509 -2.0935 4.6
    endloop
  endfacet
  facet normal 0.741071 -0.671427 0
    outer loop
      vertex 16.1509 -2.0935 1.2
      vertex 15.9335 -2.33345 4.6
      vertex 15.9335 -2.33345 1.2
    endloop
  endfacet
  facet normal -0.671486 -0.741018 0
    outer loop
      vertex 11.2665 -2.33345 1.2
      vertex 11.5065 -2.55093 4.6
      vertex 11.2665 -2.33345 4.6
    endloop
  endfacet
  facet normal -0.671486 -0.741018 -0
    outer loop
      vertex 11.5065 -2.55093 4.6
      vertex 11.2665 -2.33345 1.2
      vertex 11.5065 -2.55093 1.2
    endloop
  endfacet
  facet normal -0.427614 -0.903962 0
    outer loop
      vertex 12.0444 -2.91034 1.2
      vertex 12.3371 -3.0488 4.6
      vertex 12.0444 -2.91034 4.6
    endloop
  endfacet
  facet normal -0.427614 -0.903962 -0
    outer loop
      vertex 12.3371 -3.0488 4.6
      vertex 12.0444 -2.91034 1.2
      vertex 12.3371 -3.0488 1.2
    endloop
  endfacet
  facet normal -0.998794 -0.0490973 0
    outer loop
      vertex 10.3159 -0.323456 1.2
      vertex 10.3 0 4.6
      vertex 10.3 0 1.2
    endloop
  endfacet
  facet normal -0.998794 -0.0490973 0
    outer loop
      vertex 10.3 0 4.6
      vertex 10.3159 -0.323456 1.2
      vertex 10.3159 -0.323456 4.6
    endloop
  endfacet
  facet normal -0.941543 -0.336893 0
    outer loop
      vertex 10.5512 -1.26285 1.2
      vertex 10.4421 -0.957939 4.6
      vertex 10.4421 -0.957939 1.2
    endloop
  endfacet
  facet normal -0.941543 -0.336893 0
    outer loop
      vertex 10.4421 -0.957939 4.6
      vertex 10.5512 -1.26285 1.2
      vertex 10.5512 -1.26285 4.6
    endloop
  endfacet
  facet normal -0.741071 -0.671427 0
    outer loop
      vertex 11.2665 -2.33345 1.2
      vertex 11.0491 -2.0935 4.6
      vertex 11.0491 -2.0935 1.2
    endloop
  endfacet
  facet normal -0.741071 -0.671427 0
    outer loop
      vertex 11.0491 -2.0935 4.6
      vertex 11.2665 -2.33345 1.2
      vertex 11.2665 -2.33345 4.6
    endloop
  endfacet
  facet normal 0.941543 -0.336893 0
    outer loop
      vertex 16.6488 -1.26285 4.6
      vertex 16.7579 -0.957939 1.2
      vertex 16.7579 -0.957939 4.6
    endloop
  endfacet
  facet normal 0.941543 -0.336893 0
    outer loop
      vertex 16.7579 -0.957939 1.2
      vertex 16.6488 -1.26285 4.6
      vertex 16.6488 -1.26285 1.2
    endloop
  endfacet
  facet normal 0.671486 -0.741018 0
    outer loop
      vertex 15.6935 -2.55093 1.2
      vertex 15.9335 -2.33345 4.6
      vertex 15.6935 -2.55093 4.6
    endloop
  endfacet
  facet normal 0.671486 -0.741018 0
    outer loop
      vertex 15.9335 -2.33345 4.6
      vertex 15.6935 -2.55093 1.2
      vertex 15.9335 -2.33345 1.2
    endloop
  endfacet
  facet normal 0.595733 -0.803183 0
    outer loop
      vertex 15.4334 -2.74385 1.2
      vertex 15.6935 -2.55093 4.6
      vertex 15.4334 -2.74385 4.6
    endloop
  endfacet
  facet normal 0.595733 -0.803183 0
    outer loop
      vertex 15.6935 -2.55093 4.6
      vertex 15.4334 -2.74385 1.2
      vertex 15.6935 -2.55093 1.2
    endloop
  endfacet
  facet normal 0.803234 -0.595663 0
    outer loop
      vertex 16.1509 -2.0935 4.6
      vertex 16.3438 -1.83338 1.2
      vertex 16.3438 -1.83338 4.6
    endloop
  endfacet
  facet normal 0.803234 -0.595663 0
    outer loop
      vertex 16.3438 -1.83338 1.2
      vertex 16.1509 -2.0935 4.6
      vertex 16.1509 -2.0935 1.2
    endloop
  endfacet
  facet normal -0.0490599 -0.998796 0
    outer loop
      vertex 13.2765 -3.28411 1.2
      vertex 13.6 -3.3 4.6
      vertex 13.2765 -3.28411 4.6
    endloop
  endfacet
  facet normal -0.0490599 -0.998796 -0
    outer loop
      vertex 13.6 -3.3 4.6
      vertex 13.2765 -3.28411 1.2
      vertex 13.6 -3.3 1.2
    endloop
  endfacet
  facet normal -0.336806 -0.941574 0
    outer loop
      vertex 12.3371 -3.0488 1.2
      vertex 12.6421 -3.1579 4.6
      vertex 12.3371 -3.0488 4.6
    endloop
  endfacet
  facet normal -0.336806 -0.941574 -0
    outer loop
      vertex 12.6421 -3.1579 4.6
      vertex 12.3371 -3.0488 1.2
      vertex 12.6421 -3.1579 1.2
    endloop
  endfacet
  facet normal -0.514064 -0.857752 0
    outer loop
      vertex 11.7666 -2.74385 1.2
      vertex 12.0444 -2.91034 4.6
      vertex 11.7666 -2.74385 4.6
    endloop
  endfacet
  facet normal -0.514064 -0.857752 -0
    outer loop
      vertex 12.0444 -2.91034 4.6
      vertex 11.7666 -2.74385 1.2
      vertex 12.0444 -2.91034 1.2
    endloop
  endfacet
  facet normal -0.989185 -0.146675 0
    outer loop
      vertex 10.3634 -0.643798 1.2
      vertex 10.3159 -0.323456 4.6
      vertex 10.3159 -0.323456 1.2
    endloop
  endfacet
  facet normal -0.989185 -0.146675 0
    outer loop
      vertex 10.3159 -0.323456 4.6
      vertex 10.3634 -0.643798 1.2
      vertex 10.3634 -0.643798 4.6
    endloop
  endfacet
  facet normal -0.857714 -0.514128 0
    outer loop
      vertex 10.8562 -1.83338 1.2
      vertex 10.6897 -1.55561 4.6
      vertex 10.6897 -1.55561 1.2
    endloop
  endfacet
  facet normal -0.857714 -0.514128 0
    outer loop
      vertex 10.6897 -1.55561 4.6
      vertex 10.8562 -1.83338 1.2
      vertex 10.8562 -1.83338 4.6
    endloop
  endfacet
  facet normal -0.903948 -0.427643 0
    outer loop
      vertex 10.6897 -1.55561 1.2
      vertex 10.5512 -1.26285 4.6
      vertex 10.5512 -1.26285 1.2
    endloop
  endfacet
  facet normal -0.903948 -0.427643 0
    outer loop
      vertex 10.5512 -1.26285 4.6
      vertex 10.6897 -1.55561 1.2
      vertex 10.6897 -1.55561 4.6
    endloop
  endfacet
  facet normal 0.243015 -0.970022 0
    outer loop
      vertex 14.2438 -3.23659 1.2
      vertex 14.5579 -3.1579 4.6
      vertex 14.2438 -3.23659 4.6
    endloop
  endfacet
  facet normal 0.243015 -0.970022 0
    outer loop
      vertex 14.5579 -3.1579 4.6
      vertex 14.2438 -3.23659 1.2
      vertex 14.5579 -3.1579 1.2
    endloop
  endfacet
  facet normal 0.336806 -0.941574 0
    outer loop
      vertex 14.5579 -3.1579 1.2
      vertex 14.8629 -3.0488 4.6
      vertex 14.5579 -3.1579 4.6
    endloop
  endfacet
  facet normal 0.336806 -0.941574 0
    outer loop
      vertex 14.8629 -3.0488 4.6
      vertex 14.5579 -3.1579 1.2
      vertex 14.8629 -3.0488 1.2
    endloop
  endfacet
  facet normal 0.0490599 -0.998796 0
    outer loop
      vertex 13.6 -3.3 1.2
      vertex 13.9235 -3.28411 4.6
      vertex 13.6 -3.3 4.6
    endloop
  endfacet
  facet normal 0.0490599 -0.998796 0
    outer loop
      vertex 13.9235 -3.28411 4.6
      vertex 13.6 -3.3 1.2
      vertex 13.9235 -3.28411 1.2
    endloop
  endfacet
  facet normal -0.243015 -0.970022 0
    outer loop
      vertex 12.6421 -3.1579 1.2
      vertex 12.9562 -3.23659 4.6
      vertex 12.6421 -3.1579 4.6
    endloop
  endfacet
  facet normal -0.243015 -0.970022 -0
    outer loop
      vertex 12.9562 -3.23659 4.6
      vertex 12.6421 -3.1579 1.2
      vertex 12.9562 -3.23659 1.2
    endloop
  endfacet
  facet normal -0.595733 -0.803183 0
    outer loop
      vertex 11.5065 -2.55093 1.2
      vertex 11.7666 -2.74385 4.6
      vertex 11.5065 -2.55093 4.6
    endloop
  endfacet
  facet normal -0.595733 -0.803183 -0
    outer loop
      vertex 11.7666 -2.74385 4.6
      vertex 11.5065 -2.55093 1.2
      vertex 11.7666 -2.74385 1.2
    endloop
  endfacet
  facet normal 0.671388 0.741106 -0
    outer loop
      vertex 14.7314 1.13137 -1
      vertex 14.615 1.23682 0
      vertex 14.7314 1.13137 0
    endloop
  endfacet
  facet normal 0.671388 0.741106 0
    outer loop
      vertex 14.615 1.23682 0
      vertex 14.7314 1.13137 -1
      vertex 14.615 1.23682 -1
    endloop
  endfacet
  facet normal -0.336926 -0.941531 0
    outer loop
      vertex 12.9877 -1.47821 -1
      vertex 13.1355 -1.5311 0
      vertex 12.9877 -1.47821 0
    endloop
  endfacet
  facet normal -0.336926 -0.941531 -0
    outer loop
      vertex 13.1355 -1.5311 0
      vertex 12.9877 -1.47821 -1
      vertex 13.1355 -1.5311 -1
    endloop
  endfacet
  facet normal 0.595732 0.803184 -0
    outer loop
      vertex 14.615 1.23682 -1
      vertex 14.4889 1.33035 0
      vertex 14.615 1.23682 0
    endloop
  endfacet
  facet normal 0.595732 0.803184 0
    outer loop
      vertex 14.4889 1.33035 0
      vertex 14.615 1.23682 -1
      vertex 14.4889 1.33035 -1
    endloop
  endfacet
  facet normal -0.336926 0.941531 0
    outer loop
      vertex 13.1355 1.5311 -1
      vertex 12.9877 1.47821 0
      vertex 13.1355 1.5311 0
    endloop
  endfacet
  facet normal -0.336926 0.941531 0
    outer loop
      vertex 12.9877 1.47821 0
      vertex 13.1355 1.5311 -1
      vertex 12.9877 1.47821 -1
    endloop
  endfacet
  facet normal -0.904071 0.427383 0
    outer loop
      vertex 12.1218 0.612293 -1
      vertex 12.1889 0.754234 0
      vertex 12.1889 0.754234 -1
    endloop
  endfacet
  facet normal -0.904071 0.427383 0
    outer loop
      vertex 12.1889 0.754234 0
      vertex 12.1218 0.612293 -1
      vertex 12.1218 0.612293 0
    endloop
  endfacet
  facet normal -0.904071 -0.427383 0
    outer loop
      vertex 12.1889 -0.754234 -1
      vertex 12.1218 -0.612293 0
      vertex 12.1218 -0.612293 -1
    endloop
  endfacet
  facet normal -0.904071 -0.427383 0
    outer loop
      vertex 12.1218 -0.612293 0
      vertex 12.1889 -0.754234 -1
      vertex 12.1889 -0.754234 0
    endloop
  endfacet
  facet normal 0.969959 0.243268 0
    outer loop
      vertex 15.1693 0.312144 0
      vertex 15.1311 0.464455 -1
      vertex 15.1311 0.464455 0
    endloop
  endfacet
  facet normal 0.969959 0.243268 0
    outer loop
      vertex 15.1311 0.464455 -1
      vertex 15.1693 0.312144 0
      vertex 15.1693 0.312144 -1
    endloop
  endfacet
  facet normal 0.941539 0.336905 0
    outer loop
      vertex 15.1311 0.464455 0
      vertex 15.0782 0.612293 -1
      vertex 15.0782 0.612293 0
    endloop
  endfacet
  facet normal 0.941539 0.336905 0
    outer loop
      vertex 15.0782 0.612293 -1
      vertex 15.1311 0.464455 0
      vertex 15.1311 0.464455 -1
    endloop
  endfacet
  facet normal 0.741092 0.671404 0
    outer loop
      vertex 14.8368 1.01503 0
      vertex 14.7314 1.13137 -1
      vertex 14.7314 1.13137 0
    endloop
  endfacet
  facet normal 0.741092 0.671404 0
    outer loop
      vertex 14.7314 1.13137 -1
      vertex 14.8368 1.01503 0
      vertex 14.8368 1.01503 -1
    endloop
  endfacet
  facet normal 0.514027 0.857774 -0
    outer loop
      vertex 14.4889 1.33035 -1
      vertex 14.3542 1.41107 0
      vertex 14.4889 1.33035 0
    endloop
  endfacet
  facet normal 0.514027 0.857774 0
    outer loop
      vertex 14.3542 1.41107 0
      vertex 14.4889 1.33035 -1
      vertex 14.3542 1.41107 -1
    endloop
  endfacet
  facet normal -0.595732 0.803184 0
    outer loop
      vertex 12.7111 1.33035 -1
      vertex 12.585 1.23682 0
      vertex 12.7111 1.33035 0
    endloop
  endfacet
  facet normal -0.595732 0.803184 0
    outer loop
      vertex 12.585 1.23682 0
      vertex 12.7111 1.33035 -1
      vertex 12.585 1.23682 -1
    endloop
  endfacet
  facet normal 0.904071 -0.427383 0
    outer loop
      vertex 15.0111 -0.754234 0
      vertex 15.0782 -0.612293 -1
      vertex 15.0782 -0.612293 0
    endloop
  endfacet
  facet normal 0.904071 -0.427383 0
    outer loop
      vertex 15.0782 -0.612293 -1
      vertex 15.0111 -0.754234 0
      vertex 15.0111 -0.754234 -1
    endloop
  endfacet
  facet normal 0.242895 -0.970053 0
    outer loop
      vertex 13.9121 -1.56926 -1
      vertex 14.0645 -1.5311 0
      vertex 13.9121 -1.56926 0
    endloop
  endfacet
  facet normal 0.242895 -0.970053 0
    outer loop
      vertex 14.0645 -1.5311 0
      vertex 13.9121 -1.56926 -1
      vertex 14.0645 -1.5311 -1
    endloop
  endfacet
  facet normal 0.671388 -0.741106 0
    outer loop
      vertex 14.615 -1.23682 -1
      vertex 14.7314 -1.13137 0
      vertex 14.615 -1.23682 0
    endloop
  endfacet
  facet normal 0.671388 -0.741106 0
    outer loop
      vertex 14.7314 -1.13137 0
      vertex 14.615 -1.23682 -1
      vertex 14.7314 -1.13137 -1
    endloop
  endfacet
  facet normal 0.904071 0.427383 0
    outer loop
      vertex 15.0782 0.612293 0
      vertex 15.0111 0.754234 -1
      vertex 15.0111 0.754234 0
    endloop
  endfacet
  facet normal 0.904071 0.427383 0
    outer loop
      vertex 15.0111 0.754234 -1
      vertex 15.0782 0.612293 0
      vertex 15.0782 0.612293 -1
    endloop
  endfacet
  facet normal 0.857793 0.513995 0
    outer loop
      vertex 15.0111 0.754234 0
      vertex 14.9304 0.888912 -1
      vertex 14.9304 0.888912 0
    endloop
  endfacet
  facet normal 0.857793 0.513995 0
    outer loop
      vertex 14.9304 0.888912 -1
      vertex 15.0111 0.754234 0
      vertex 15.0111 0.754234 -1
    endloop
  endfacet
  facet normal 0.803011 0.595964 0
    outer loop
      vertex 14.9304 0.888912 0
      vertex 14.8368 1.01503 -1
      vertex 14.8368 1.01503 0
    endloop
  endfacet
  facet normal 0.803011 0.595964 0
    outer loop
      vertex 14.8368 1.01503 -1
      vertex 14.9304 0.888912 0
      vertex 14.9304 0.888912 -1
    endloop
  endfacet
  facet normal 0.0491116 0.998793 -0
    outer loop
      vertex 13.7568 1.59229 -1
      vertex 13.6 1.6 0
      vertex 13.7568 1.59229 0
    endloop
  endfacet
  facet normal 0.0491116 0.998793 0
    outer loop
      vertex 13.6 1.6 0
      vertex 13.7568 1.59229 -1
      vertex 13.6 1.6 -1
    endloop
  endfacet
  facet normal 0.427692 0.903925 -0
    outer loop
      vertex 14.3542 1.41107 -1
      vertex 14.2123 1.47821 0
      vertex 14.3542 1.41107 0
    endloop
  endfacet
  facet normal 0.427692 0.903925 0
    outer loop
      vertex 14.2123 1.47821 0
      vertex 14.3542 1.41107 -1
      vertex 14.2123 1.47821 -1
    endloop
  endfacet
  facet normal 0.242895 0.970053 -0
    outer loop
      vertex 14.0645 1.5311 -1
      vertex 13.9121 1.56926 0
      vertex 14.0645 1.5311 0
    endloop
  endfacet
  facet normal 0.242895 0.970053 0
    outer loop
      vertex 13.9121 1.56926 0
      vertex 14.0645 1.5311 -1
      vertex 13.9121 1.56926 -1
    endloop
  endfacet
  facet normal -0.998797 0.0490396 0
    outer loop
      vertex 12 0 -1
      vertex 12.0077 0.156827 0
      vertex 12.0077 0.156827 -1
    endloop
  endfacet
  facet normal -0.998797 0.0490396 0
    outer loop
      vertex 12.0077 0.156827 0
      vertex 12 0 -1
      vertex 12 0 0
    endloop
  endfacet
  facet normal -0.969959 0.243268 0
    outer loop
      vertex 12.0307 0.312144 -1
      vertex 12.0689 0.464455 0
      vertex 12.0689 0.464455 -1
    endloop
  endfacet
  facet normal -0.969959 0.243268 0
    outer loop
      vertex 12.0689 0.464455 0
      vertex 12.0307 0.312144 -1
      vertex 12.0307 0.312144 0
    endloop
  endfacet
  facet normal -0.989213 0.146487 0
    outer loop
      vertex 12.0077 0.156827 -1
      vertex 12.0307 0.312144 0
      vertex 12.0307 0.312144 -1
    endloop
  endfacet
  facet normal -0.989213 0.146487 0
    outer loop
      vertex 12.0307 0.312144 0
      vertex 12.0077 0.156827 -1
      vertex 12.0077 0.156827 0
    endloop
  endfacet
  facet normal -0.741092 0.671404 0
    outer loop
      vertex 12.3632 1.01503 -1
      vertex 12.4686 1.13137 0
      vertex 12.4686 1.13137 -1
    endloop
  endfacet
  facet normal -0.741092 0.671404 0
    outer loop
      vertex 12.4686 1.13137 0
      vertex 12.3632 1.01503 -1
      vertex 12.3632 1.01503 0
    endloop
  endfacet
  facet normal -0.803011 0.595964 0
    outer loop
      vertex 12.2696 0.888912 -1
      vertex 12.3632 1.01503 0
      vertex 12.3632 1.01503 -1
    endloop
  endfacet
  facet normal -0.803011 0.595964 0
    outer loop
      vertex 12.3632 1.01503 0
      vertex 12.2696 0.888912 -1
      vertex 12.2696 0.888912 0
    endloop
  endfacet
  facet normal -0.0491116 0.998793 0
    outer loop
      vertex 13.6 1.6 -1
      vertex 13.4432 1.59229 0
      vertex 13.6 1.6 0
    endloop
  endfacet
  facet normal -0.0491116 0.998793 0
    outer loop
      vertex 13.4432 1.59229 0
      vertex 13.6 1.6 -1
      vertex 13.4432 1.59229 -1
    endloop
  endfacet
  facet normal -0.146689 0.989183 0
    outer loop
      vertex 13.4432 1.59229 -1
      vertex 13.2879 1.56926 0
      vertex 13.4432 1.59229 0
    endloop
  endfacet
  facet normal -0.146689 0.989183 0
    outer loop
      vertex 13.2879 1.56926 0
      vertex 13.4432 1.59229 -1
      vertex 13.2879 1.56926 -1
    endloop
  endfacet
  facet normal -0.427692 0.903925 0
    outer loop
      vertex 12.9877 1.47821 -1
      vertex 12.8458 1.41107 0
      vertex 12.9877 1.47821 0
    endloop
  endfacet
  facet normal -0.427692 0.903925 0
    outer loop
      vertex 12.8458 1.41107 0
      vertex 12.9877 1.47821 -1
      vertex 12.8458 1.41107 -1
    endloop
  endfacet
  facet normal -0.514027 0.857774 0
    outer loop
      vertex 12.8458 1.41107 -1
      vertex 12.7111 1.33035 0
      vertex 12.8458 1.41107 0
    endloop
  endfacet
  facet normal -0.514027 0.857774 0
    outer loop
      vertex 12.7111 1.33035 0
      vertex 12.8458 1.41107 -1
      vertex 12.7111 1.33035 -1
    endloop
  endfacet
  facet normal -0.671388 0.741106 0
    outer loop
      vertex 12.585 1.23682 -1
      vertex 12.4686 1.13137 0
      vertex 12.585 1.23682 0
    endloop
  endfacet
  facet normal -0.671388 0.741106 0
    outer loop
      vertex 12.4686 1.13137 0
      vertex 12.585 1.23682 -1
      vertex 12.4686 1.13137 -1
    endloop
  endfacet
  facet normal 0.998797 0.0490396 0
    outer loop
      vertex 15.2 0 0
      vertex 15.1923 0.156827 -1
      vertex 15.1923 0.156827 0
    endloop
  endfacet
  facet normal 0.998797 0.0490396 0
    outer loop
      vertex 15.1923 0.156827 -1
      vertex 15.2 0 0
      vertex 15.2 0 -1
    endloop
  endfacet
  facet normal 0.0491116 -0.998793 0
    outer loop
      vertex 13.6 -1.6 -1
      vertex 13.7568 -1.59229 0
      vertex 13.6 -1.6 0
    endloop
  endfacet
  facet normal 0.0491116 -0.998793 0
    outer loop
      vertex 13.7568 -1.59229 0
      vertex 13.6 -1.6 -1
      vertex 13.7568 -1.59229 -1
    endloop
  endfacet
  facet normal 0.941539 -0.336905 0
    outer loop
      vertex 15.0782 -0.612293 0
      vertex 15.1311 -0.464455 -1
      vertex 15.1311 -0.464455 0
    endloop
  endfacet
  facet normal 0.941539 -0.336905 0
    outer loop
      vertex 15.1311 -0.464455 -1
      vertex 15.0782 -0.612293 0
      vertex 15.0782 -0.612293 -1
    endloop
  endfacet
  facet normal 0.146689 -0.989183 0
    outer loop
      vertex 13.7568 -1.59229 -1
      vertex 13.9121 -1.56926 0
      vertex 13.7568 -1.59229 0
    endloop
  endfacet
  facet normal 0.146689 -0.989183 0
    outer loop
      vertex 13.9121 -1.56926 0
      vertex 13.7568 -1.59229 -1
      vertex 13.9121 -1.56926 -1
    endloop
  endfacet
  facet normal 0.427692 -0.903925 0
    outer loop
      vertex 14.2123 -1.47821 -1
      vertex 14.3542 -1.41107 0
      vertex 14.2123 -1.47821 0
    endloop
  endfacet
  facet normal 0.427692 -0.903925 0
    outer loop
      vertex 14.3542 -1.41107 0
      vertex 14.2123 -1.47821 -1
      vertex 14.3542 -1.41107 -1
    endloop
  endfacet
  facet normal 0.595732 -0.803184 0
    outer loop
      vertex 14.4889 -1.33035 -1
      vertex 14.615 -1.23682 0
      vertex 14.4889 -1.33035 0
    endloop
  endfacet
  facet normal 0.595732 -0.803184 0
    outer loop
      vertex 14.615 -1.23682 0
      vertex 14.4889 -1.33035 -1
      vertex 14.615 -1.23682 -1
    endloop
  endfacet
  facet normal 0.514027 -0.857774 0
    outer loop
      vertex 14.3542 -1.41107 -1
      vertex 14.4889 -1.33035 0
      vertex 14.3542 -1.41107 0
    endloop
  endfacet
  facet normal 0.514027 -0.857774 0
    outer loop
      vertex 14.4889 -1.33035 0
      vertex 14.3542 -1.41107 -1
      vertex 14.4889 -1.33035 -1
    endloop
  endfacet
  facet normal 0.741092 -0.671404 0
    outer loop
      vertex 14.7314 -1.13137 0
      vertex 14.8368 -1.01503 -1
      vertex 14.8368 -1.01503 0
    endloop
  endfacet
  facet normal 0.741092 -0.671404 0
    outer loop
      vertex 14.8368 -1.01503 -1
      vertex 14.7314 -1.13137 0
      vertex 14.7314 -1.13137 -1
    endloop
  endfacet
  facet normal 0.857793 -0.513995 0
    outer loop
      vertex 14.9304 -0.888912 0
      vertex 15.0111 -0.754234 -1
      vertex 15.0111 -0.754234 0
    endloop
  endfacet
  facet normal 0.857793 -0.513995 0
    outer loop
      vertex 15.0111 -0.754234 -1
      vertex 14.9304 -0.888912 0
      vertex 14.9304 -0.888912 -1
    endloop
  endfacet
  facet normal 0.803011 -0.595964 0
    outer loop
      vertex 14.8368 -1.01503 0
      vertex 14.9304 -0.888912 -1
      vertex 14.9304 -0.888912 0
    endloop
  endfacet
  facet normal 0.803011 -0.595964 0
    outer loop
      vertex 14.9304 -0.888912 -1
      vertex 14.8368 -1.01503 0
      vertex 14.8368 -1.01503 -1
    endloop
  endfacet
  facet normal -0.146689 -0.989183 0
    outer loop
      vertex 13.2879 -1.56926 -1
      vertex 13.4432 -1.59229 0
      vertex 13.2879 -1.56926 0
    endloop
  endfacet
  facet normal -0.146689 -0.989183 -0
    outer loop
      vertex 13.4432 -1.59229 0
      vertex 13.2879 -1.56926 -1
      vertex 13.4432 -1.59229 -1
    endloop
  endfacet
  facet normal -0.0491116 -0.998793 0
    outer loop
      vertex 13.4432 -1.59229 -1
      vertex 13.6 -1.6 0
      vertex 13.4432 -1.59229 0
    endloop
  endfacet
  facet normal -0.0491116 -0.998793 -0
    outer loop
      vertex 13.6 -1.6 0
      vertex 13.4432 -1.59229 -1
      vertex 13.6 -1.6 -1
    endloop
  endfacet
  facet normal -0.514027 -0.857774 0
    outer loop
      vertex 12.7111 -1.33035 -1
      vertex 12.8458 -1.41107 0
      vertex 12.7111 -1.33035 0
    endloop
  endfacet
  facet normal -0.514027 -0.857774 -0
    outer loop
      vertex 12.8458 -1.41107 0
      vertex 12.7111 -1.33035 -1
      vertex 12.8458 -1.41107 -1
    endloop
  endfacet
  facet normal -0.671388 -0.741106 0
    outer loop
      vertex 12.4686 -1.13137 -1
      vertex 12.585 -1.23682 0
      vertex 12.4686 -1.13137 0
    endloop
  endfacet
  facet normal -0.671388 -0.741106 -0
    outer loop
      vertex 12.585 -1.23682 0
      vertex 12.4686 -1.13137 -1
      vertex 12.585 -1.23682 -1
    endloop
  endfacet
  facet normal -0.427692 -0.903925 0
    outer loop
      vertex 12.8458 -1.41107 -1
      vertex 12.9877 -1.47821 0
      vertex 12.8458 -1.41107 0
    endloop
  endfacet
  facet normal -0.427692 -0.903925 -0
    outer loop
      vertex 12.9877 -1.47821 0
      vertex 12.8458 -1.41107 -1
      vertex 12.9877 -1.47821 -1
    endloop
  endfacet
  facet normal -0.969959 -0.243268 0
    outer loop
      vertex 12.0689 -0.464455 -1
      vertex 12.0307 -0.312144 0
      vertex 12.0307 -0.312144 -1
    endloop
  endfacet
  facet normal -0.969959 -0.243268 0
    outer loop
      vertex 12.0307 -0.312144 0
      vertex 12.0689 -0.464455 -1
      vertex 12.0689 -0.464455 0
    endloop
  endfacet
  facet normal -0.998797 -0.0490396 0
    outer loop
      vertex 12.0077 -0.156827 -1
      vertex 12 0 0
      vertex 12 0 -1
    endloop
  endfacet
  facet normal -0.998797 -0.0490396 0
    outer loop
      vertex 12 0 0
      vertex 12.0077 -0.156827 -1
      vertex 12.0077 -0.156827 0
    endloop
  endfacet
  facet normal 0 0 -1
    outer loop
      vertex 15.1923 -0.156827 -1
      vertex 15.1923 0.156827 -1
      vertex 15.2 0 -1
    endloop
  endfacet
  facet normal 0 0 -1
    outer loop
      vertex 15.1693 -0.312144 -1
      vertex 15.1923 0.156827 -1
      vertex 15.1923 -0.156827 -1
    endloop
  endfacet
  facet normal 0 0 -1
    outer loop
      vertex 15.1693 -0.312144 -1
      vertex 15.1693 0.312144 -1
      vertex 15.1923 0.156827 -1
    endloop
  endfacet
  facet normal 0 0 -1
    outer loop
      vertex 15.1311 -0.464455 -1
      vertex 15.1693 0.312144 -1
      vertex 15.1693 -0.312144 -1
    endloop
  endfacet
  facet normal 0 0 -1
    outer loop
      vertex 15.1311 -0.464455 -1
      vertex 15.1311 0.464455 -1
      vertex 15.1693 0.312144 -1
    endloop
  endfacet
  facet normal 0 0 -1
    outer loop
      vertex 15.0782 -0.612293 -1
      vertex 15.1311 0.464455 -1
      vertex 15.1311 -0.464455 -1
    endloop
  endfacet
  facet normal 0 0 -1
    outer loop
      vertex 15.0782 -0.612293 -1
      vertex 15.0782 0.612293 -1
      vertex 15.1311 0.464455 -1
    endloop
  endfacet
  facet normal 0 0 -1
    outer loop
      vertex 15.0111 -0.754234 -1
      vertex 15.0782 0.612293 -1
      vertex 15.0782 -0.612293 -1
    endloop
  endfacet
  facet normal 0 0 -1
    outer loop
      vertex 15.0111 -0.754234 -1
      vertex 15.0111 0.754234 -1
      vertex 15.0782 0.612293 -1
    endloop
  endfacet
  facet normal 0 0 -1
    outer loop
      vertex 14.9304 -0.888912 -1
      vertex 15.0111 0.754234 -1
      vertex 15.0111 -0.754234 -1
    endloop
  endfacet
  facet normal 0 0 -1
    outer loop
      vertex 14.9304 -0.888912 -1
      vertex 14.9304 0.888912 -1
      vertex 15.0111 0.754234 -1
    endloop
  endfacet
  facet normal 0 0 -1
    outer loop
      vertex 14.8368 -1.01503 -1
      vertex 14.9304 0.888912 -1
      vertex 14.9304 -0.888912 -1
    endloop
  endfacet
  facet normal 0 0 -1
    outer loop
      vertex 14.8368 -1.01503 -1
      vertex 14.8368 1.01503 -1
      vertex 14.9304 0.888912 -1
    endloop
  endfacet
  facet normal 0 0 -1
    outer loop
      vertex 14.7314 -1.13137 -1
      vertex 14.8368 1.01503 -1
      vertex 14.8368 -1.01503 -1
    endloop
  endfacet
  facet normal 0 0 -1
    outer loop
      vertex 14.7314 -1.13137 -1
      vertex 14.7314 1.13137 -1
      vertex 14.8368 1.01503 -1
    endloop
  endfacet
  facet normal 0 0 -1
    outer loop
      vertex 14.615 -1.23682 -1
      vertex 14.7314 1.13137 -1
      vertex 14.7314 -1.13137 -1
    endloop
  endfacet
  facet normal 0 0 -1
    outer loop
      vertex 14.615 -1.23682 -1
      vertex 14.615 1.23682 -1
      vertex 14.7314 1.13137 -1
    endloop
  endfacet
  facet normal 0 0 -1
    outer loop
      vertex 14.4889 -1.33035 -1
      vertex 14.615 1.23682 -1
      vertex 14.615 -1.23682 -1
    endloop
  endfacet
  facet normal 0 0 -1
    outer loop
      vertex 14.4889 -1.33035 -1
      vertex 14.4889 1.33035 -1
      vertex 14.615 1.23682 -1
    endloop
  endfacet
  facet normal 0 0 -1
    outer loop
      vertex 14.3542 -1.41107 -1
      vertex 14.4889 1.33035 -1
      vertex 14.4889 -1.33035 -1
    endloop
  endfacet
  facet normal 0 0 -1
    outer loop
      vertex 14.3542 -1.41107 -1
      vertex 14.3542 1.41107 -1
      vertex 14.4889 1.33035 -1
    endloop
  endfacet
  facet normal 0 0 -1
    outer loop
      vertex 14.2123 -1.47821 -1
      vertex 14.3542 1.41107 -1
      vertex 14.3542 -1.41107 -1
    endloop
  endfacet
  facet normal 0 0 -1
    outer loop
      vertex 14.2123 -1.47821 -1
      vertex 14.2123 1.47821 -1
      vertex 14.3542 1.41107 -1
    endloop
  endfacet
  facet normal 0 0 -1
    outer loop
      vertex 14.0645 -1.5311 -1
      vertex 14.2123 1.47821 -1
      vertex 14.2123 -1.47821 -1
    endloop
  endfacet
  facet normal 0 0 -1
    outer loop
      vertex 14.0645 -1.5311 -1
      vertex 14.0645 1.5311 -1
      vertex 14.2123 1.47821 -1
    endloop
  endfacet
  facet normal 0 0 -1
    outer loop
      vertex 13.9121 -1.56926 -1
      vertex 14.0645 1.5311 -1
      vertex 14.0645 -1.5311 -1
    endloop
  endfacet
  facet normal 0 0 -1
    outer loop
      vertex 13.9121 -1.56926 -1
      vertex 13.9121 1.56926 -1
      vertex 14.0645 1.5311 -1
    endloop
  endfacet
  facet normal 0 0 -1
    outer loop
      vertex 13.7568 -1.59229 -1
      vertex 13.9121 1.56926 -1
      vertex 13.9121 -1.56926 -1
    endloop
  endfacet
  facet normal 0 0 -1
    outer loop
      vertex 13.7568 -1.59229 -1
      vertex 13.7568 1.59229 -1
      vertex 13.9121 1.56926 -1
    endloop
  endfacet
  facet normal 0 0 -1
    outer loop
      vertex 13.6 -1.6 -1
      vertex 13.7568 1.59229 -1
      vertex 13.7568 -1.59229 -1
    endloop
  endfacet
  facet normal 0 0 -1
    outer loop
      vertex 13.6 -1.6 -1
      vertex 13.6 1.6 -1
      vertex 13.7568 1.59229 -1
    endloop
  endfacet
  facet normal 0 0 -1
    outer loop
      vertex 13.4432 -1.59229 -1
      vertex 13.6 1.6 -1
      vertex 13.6 -1.6 -1
    endloop
  endfacet
  facet normal 0 0 -1
    outer loop
      vertex 13.4432 -1.59229 -1
      vertex 13.4432 1.59229 -1
      vertex 13.6 1.6 -1
    endloop
  endfacet
  facet normal 0 0 -1
    outer loop
      vertex 13.2879 -1.56926 -1
      vertex 13.4432 1.59229 -1
      vertex 13.4432 -1.59229 -1
    endloop
  endfacet
  facet normal 0 0 -1
    outer loop
      vertex 13.2879 -1.56926 -1
      vertex 13.2879 1.56926 -1
      vertex 13.4432 1.59229 -1
    endloop
  endfacet
  facet normal 0 0 -1
    outer loop
      vertex 13.1355 -1.5311 -1
      vertex 13.2879 1.56926 -1
      vertex 13.2879 -1.56926 -1
    endloop
  endfacet
  facet normal 0 0 -1
    outer loop
      vertex 13.1355 -1.5311 -1
      vertex 13.1355 1.5311 -1
      vertex 13.2879 1.56926 -1
    endloop
  endfacet
  facet normal 0 0 -1
    outer loop
      vertex 12.9877 -1.47821 -1
      vertex 13.1355 1.5311 -1
      vertex 13.1355 -1.5311 -1
    endloop
  endfacet
  facet normal 0 0 -1
    outer loop
      vertex 12.9877 -1.47821 -1
      vertex 12.9877 1.47821 -1
      vertex 13.1355 1.5311 -1
    endloop
  endfacet
  facet normal 0 0 -1
    outer loop
      vertex 12.8458 -1.41107 -1
      vertex 12.9877 1.47821 -1
      vertex 12.9877 -1.47821 -1
    endloop
  endfacet
  facet normal 0 0 -1
    outer loop
      vertex 12.8458 -1.41107 -1
      vertex 12.8458 1.41107 -1
      vertex 12.9877 1.47821 -1
    endloop
  endfacet
  facet normal 0 0 -1
    outer loop
      vertex 12.7111 -1.33035 -1
      vertex 12.8458 1.41107 -1
      vertex 12.8458 -1.41107 -1
    endloop
  endfacet
  facet normal 0 0 -1
    outer loop
      vertex 12.7111 -1.33035 -1
      vertex 12.7111 1.33035 -1
      vertex 12.8458 1.41107 -1
    endloop
  endfacet
  facet normal 0 0 -1
    outer loop
      vertex 12.585 -1.23682 -1
      vertex 12.7111 1.33035 -1
      vertex 12.7111 -1.33035 -1
    endloop
  endfacet
  facet normal 0 0 -1
    outer loop
      vertex 12.585 -1.23682 -1
      vertex 12.585 1.23682 -1
      vertex 12.7111 1.33035 -1
    endloop
  endfacet
  facet normal 0 0 -1
    outer loop
      vertex 12.4686 -1.13137 -1
      vertex 12.585 1.23682 -1
      vertex 12.585 -1.23682 -1
    endloop
  endfacet
  facet normal 0 0 -1
    outer loop
      vertex 12.4686 -1.13137 -1
      vertex 12.4686 1.13137 -1
      vertex 12.585 1.23682 -1
    endloop
  endfacet
  facet normal 0 0 -1
    outer loop
      vertex 12.3632 -1.01503 -1
      vertex 12.4686 1.13137 -1
      vertex 12.4686 -1.13137 -1
    endloop
  endfacet
  facet normal 0 0 -1
    outer loop
      vertex 12.3632 -1.01503 -1
      vertex 12.3632 1.01503 -1
      vertex 12.4686 1.13137 -1
    endloop
  endfacet
  facet normal 0 0 -1
    outer loop
      vertex 12.2696 -0.888912 -1
      vertex 12.3632 1.01503 -1
      vertex 12.3632 -1.01503 -1
    endloop
  endfacet
  facet normal 0 0 -1
    outer loop
      vertex 12.2696 -0.888912 -1
      vertex 12.2696 0.888912 -1
      vertex 12.3632 1.01503 -1
    endloop
  endfacet
  facet normal 0 0 -1
    outer loop
      vertex 12.1889 -0.754234 -1
      vertex 12.2696 0.888912 -1
      vertex 12.2696 -0.888912 -1
    endloop
  endfacet
  facet normal 0 0 -1
    outer loop
      vertex 12.1889 -0.754234 -1
      vertex 12.1889 0.754234 -1
      vertex 12.2696 0.888912 -1
    endloop
  endfacet
  facet normal 0 0 -1
    outer loop
      vertex 12.1218 -0.612293 -1
      vertex 12.1889 0.754234 -1
      vertex 12.1889 -0.754234 -1
    endloop
  endfacet
  facet normal 0 0 -1
    outer loop
      vertex 12.1218 -0.612293 -1
      vertex 12.1218 0.612293 -1
      vertex 12.1889 0.754234 -1
    endloop
  endfacet
  facet normal 0 0 -1
    outer loop
      vertex 12.0689 -0.464455 -1
      vertex 12.1218 0.612293 -1
      vertex 12.1218 -0.612293 -1
    endloop
  endfacet
  facet normal 0 0 -1
    outer loop
      vertex 12.0689 -0.464455 -1
      vertex 12.0689 0.464455 -1
      vertex 12.1218 0.612293 -1
    endloop
  endfacet
  facet normal 0 0 -1
    outer loop
      vertex 12.0307 -0.312144 -1
      vertex 12.0689 0.464455 -1
      vertex 12.0689 -0.464455 -1
    endloop
  endfacet
  facet normal 0 0 -1
    outer loop
      vertex 12.0307 -0.312144 -1
      vertex 12.0307 0.312144 -1
      vertex 12.0689 0.464455 -1
    endloop
  endfacet
  facet normal 0 0 -1
    outer loop
      vertex 12.0077 -0.156827 -1
      vertex 12.0307 0.312144 -1
      vertex 12.0307 -0.312144 -1
    endloop
  endfacet
  facet normal 0 0 -1
    outer loop
      vertex 12.0077 -0.156827 -1
      vertex 12.0077 0.156827 -1
      vertex 12.0307 0.312144 -1
    endloop
  endfacet
  facet normal 0 -0 -1
    outer loop
      vertex 12.0077 0.156827 -1
      vertex 12.0077 -0.156827 -1
      vertex 12 0 -1
    endloop
  endfacet
  facet normal -0.741092 -0.671404 0
    outer loop
      vertex 12.4686 -1.13137 -1
      vertex 12.3632 -1.01503 0
      vertex 12.3632 -1.01503 -1
    endloop
  endfacet
  facet normal -0.741092 -0.671404 0
    outer loop
      vertex 12.3632 -1.01503 0
      vertex 12.4686 -1.13137 -1
      vertex 12.4686 -1.13137 0
    endloop
  endfacet
  facet normal -0.803011 -0.595964 0
    outer loop
      vertex 12.3632 -1.01503 -1
      vertex 12.2696 -0.888912 0
      vertex 12.2696 -0.888912 -1
    endloop
  endfacet
  facet normal -0.803011 -0.595964 0
    outer loop
      vertex 12.2696 -0.888912 0
      vertex 12.3632 -1.01503 -1
      vertex 12.3632 -1.01503 0
    endloop
  endfacet
  facet normal 0.989213 0.146487 0
    outer loop
      vertex 15.1923 0.156827 0
      vertex 15.1693 0.312144 -1
      vertex 15.1693 0.312144 0
    endloop
  endfacet
  facet normal 0.989213 0.146487 0
    outer loop
      vertex 15.1693 0.312144 -1
      vertex 15.1923 0.156827 0
      vertex 15.1923 0.156827 -1
    endloop
  endfacet
  facet normal 0.146689 0.989183 -0
    outer loop
      vertex 13.9121 1.56926 -1
      vertex 13.7568 1.59229 0
      vertex 13.9121 1.56926 0
    endloop
  endfacet
  facet normal 0.146689 0.989183 0
    outer loop
      vertex 13.7568 1.59229 0
      vertex 13.9121 1.56926 -1
      vertex 13.7568 1.59229 -1
    endloop
  endfacet
  facet normal 0.336926 0.941531 -0
    outer loop
      vertex 14.2123 1.47821 -1
      vertex 14.0645 1.5311 0
      vertex 14.2123 1.47821 0
    endloop
  endfacet
  facet normal 0.336926 0.941531 0
    outer loop
      vertex 14.0645 1.5311 0
      vertex 14.2123 1.47821 -1
      vertex 14.0645 1.5311 -1
    endloop
  endfacet
  facet normal -0.941539 0.336905 0
    outer loop
      vertex 12.0689 0.464455 -1
      vertex 12.1218 0.612293 0
      vertex 12.1218 0.612293 -1
    endloop
  endfacet
  facet normal -0.941539 0.336905 0
    outer loop
      vertex 12.1218 0.612293 0
      vertex 12.0689 0.464455 -1
      vertex 12.0689 0.464455 0
    endloop
  endfacet
  facet normal -0.857793 0.513995 0
    outer loop
      vertex 12.1889 0.754234 -1
      vertex 12.2696 0.888912 0
      vertex 12.2696 0.888912 -1
    endloop
  endfacet
  facet normal -0.857793 0.513995 0
    outer loop
      vertex 12.2696 0.888912 0
      vertex 12.1889 0.754234 -1
      vertex 12.1889 0.754234 0
    endloop
  endfacet
  facet normal -0.242895 0.970053 0
    outer loop
      vertex 13.2879 1.56926 -1
      vertex 13.1355 1.5311 0
      vertex 13.2879 1.56926 0
    endloop
  endfacet
  facet normal -0.242895 0.970053 0
    outer loop
      vertex 13.1355 1.5311 0
      vertex 13.2879 1.56926 -1
      vertex 13.1355 1.5311 -1
    endloop
  endfacet
  facet normal 0.989213 -0.146487 0
    outer loop
      vertex 15.1693 -0.312144 0
      vertex 15.1923 -0.156827 -1
      vertex 15.1923 -0.156827 0
    endloop
  endfacet
  facet normal 0.989213 -0.146487 0
    outer loop
      vertex 15.1923 -0.156827 -1
      vertex 15.1693 -0.312144 0
      vertex 15.1693 -0.312144 -1
    endloop
  endfacet
  facet normal 0.969959 -0.243268 0
    outer loop
      vertex 15.1311 -0.464455 0
      vertex 15.1693 -0.312144 -1
      vertex 15.1693 -0.312144 0
    endloop
  endfacet
  facet normal 0.969959 -0.243268 0
    outer loop
      vertex 15.1693 -0.312144 -1
      vertex 15.1311 -0.464455 0
      vertex 15.1311 -0.464455 -1
    endloop
  endfacet
  facet normal 0.998797 -0.0490396 0
    outer loop
      vertex 15.1923 -0.156827 0
      vertex 15.2 0 -1
      vertex 15.2 0 0
    endloop
  endfacet
  facet normal 0.998797 -0.0490396 0
    outer loop
      vertex 15.2 0 -1
      vertex 15.1923 -0.156827 0
      vertex 15.1923 -0.156827 -1
    endloop
  endfacet
  facet normal 0.336926 -0.941531 0
    outer loop
      vertex 14.0645 -1.5311 -1
      vertex 14.2123 -1.47821 0
      vertex 14.0645 -1.5311 0
    endloop
  endfacet
  facet normal 0.336926 -0.941531 0
    outer loop
      vertex 14.2123 -1.47821 0
      vertex 14.0645 -1.5311 -1
      vertex 14.2123 -1.47821 -1
    endloop
  endfacet
  facet normal -0.242895 -0.970053 0
    outer loop
      vertex 13.1355 -1.5311 -1
      vertex 13.2879 -1.56926 0
      vertex 13.1355 -1.5311 0
    endloop
  endfacet
  facet normal -0.242895 -0.970053 -0
    outer loop
      vertex 13.2879 -1.56926 0
      vertex 13.1355 -1.5311 -1
      vertex 13.2879 -1.56926 -1
    endloop
  endfacet
  facet normal -0.595732 -0.803184 0
    outer loop
      vertex 12.585 -1.23682 -1
      vertex 12.7111 -1.33035 0
      vertex 12.585 -1.23682 0
    endloop
  endfacet
  facet normal -0.595732 -0.803184 -0
    outer loop
      vertex 12.7111 -1.33035 0
      vertex 12.585 -1.23682 -1
      vertex 12.7111 -1.33035 -1
    endloop
  endfacet
  facet normal -0.989213 -0.146487 0
    outer loop
      vertex 12.0307 -0.312144 -1
      vertex 12.0077 -0.156827 0
      vertex 12.0077 -0.156827 -1
    endloop
  endfacet
  facet normal -0.989213 -0.146487 0
    outer loop
      vertex 12.0077 -0.156827 0
      vertex 12.0307 -0.312144 -1
      vertex 12.0307 -0.312144 0
    endloop
  endfacet
  facet normal -0.941539 -0.336905 0
    outer loop
      vertex 12.1218 -0.612293 -1
      vertex 12.0689 -0.464455 0
      vertex 12.0689 -0.464455 -1
    endloop
  endfacet
  facet normal -0.941539 -0.336905 0
    outer loop
      vertex 12.0689 -0.464455 0
      vertex 12.1218 -0.612293 -1
      vertex 12.1218 -0.612293 0
    endloop
  endfacet
  facet normal -0.857793 -0.513995 0
    outer loop
      vertex 12.2696 -0.888912 -1
      vertex 12.1889 -0.754234 0
      vertex 12.1889 -0.754234 -1
    endloop
  endfacet
  facet normal -0.857793 -0.513995 0
    outer loop
      vertex 12.1889 -0.754234 0
      vertex 12.2696 -0.888912 -1
      vertex 12.2696 -0.888912 0
    endloop
  endfacet
endsolid OpenSCAD_Model
