ISO-10303-21;
HEADER;
FILE_DESCRIPTION(('STEP AP214'),'1');
FILE_NAME('push_switch_small.stp','2026-09-13T12:00:00',('Antigravity'),('SKR Electronics Lab'),'FlyRadar32 STEP Engine','OpenSCAD/Python','');
FILE_SCHEMA(('AUTOMOTIVE_DESIGN { 1 0 10303 214 1 1 1 1 }'));
ENDSEC;
DATA;
#1 = APPLICATION_CONTEXT('core data for automotive mechanical design processes');
#2 = APPLICATION_PROTOCOL_DEFINITION('international standard','automotive_design',2000,#1);
#3 = PRODUCT_CONTEXT('part definition',#1,'mechanical');
#4 = PRODUCT('push_switch_small','push_switch_small','',((#3)));
#5 = PRODUCT_DEFINITION_FORMATION('','',#4);
#6 = PRODUCT_DEFINITION('design','',#5,#3);
#7 = PRODUCT_DEFINITION_SHAPE('','',#6);
#8 = ( LENGTH_UNIT() NAMED_UNIT(*) SI_UNIT(.MILLI.,.METRE.) );
#9 = ( NAMED_UNIT(*) PLANE_ANGLE_UNIT() SI_UNIT($,.RADIAN.) );
#10 = ( NAMED_UNIT(*) SI_UNIT($,.STERADIAN.) SOLID_ANGLE_UNIT() );
#11 = UNCERTAINTY_MEASURE_WITH_UNIT(LENGTH_MEASURE(1.E-05),#8,'distance_accuracy_value','confusion accuracy');
#12 = ( GEOMETRIC_REPRESENTATION_CONTEXT(3) GLOBAL_UNCERTAINTY_ASSIGNED_CONTEXT((#11)) GLOBAL_UNIT_ASSIGNED_CONTEXT((#8,#9,#10)) REPRESENTATION_CONTEXT('Context #1','3D Context with UNIT and UNCERTAINTY') );
#13 = CARTESIAN_POINT('',(0.,0.,0.));
#14 = DIRECTION('',(0.,0.,1.));
#15 = DIRECTION('',(1.,0.,0.));
#16 = AXIS2_PLACEMENT_3D('',#13,#14,#15);
#17 = CARTESIAN_POINT('',(1.5000,4.7500,0.0000));
#18 = CARTESIAN_POINT('',(1.5000,6.0000,0.0000));
#19 = CARTESIAN_POINT('',(1.5000,4.7500,0.1000));
#20 = CARTESIAN_POINT('',(1.5000,6.0000,0.1000));
#21 = CARTESIAN_POINT('',(4.5000,6.0000,0.0000));
#22 = CARTESIAN_POINT('',(4.5000,4.7500,0.0000));
#23 = CARTESIAN_POINT('',(4.5000,6.0000,0.1000));
#24 = CARTESIAN_POINT('',(4.5000,4.7500,0.1000));
#25 = CARTESIAN_POINT('',(6.0000,1.7500,0.0000));
#26 = CARTESIAN_POINT('',(0.0000,1.7500,0.0000));
#27 = CARTESIAN_POINT('',(6.0000,1.7500,0.1000));
#28 = CARTESIAN_POINT('',(0.0000,1.7500,0.1000));
#29 = CARTESIAN_POINT('',(0.0000,4.2500,0.0000));
#30 = CARTESIAN_POINT('',(6.0000,4.2500,0.0000));
#31 = CARTESIAN_POINT('',(0.0000,4.2500,0.1000));
#32 = CARTESIAN_POINT('',(6.0000,4.2500,0.1000));
#33 = CARTESIAN_POINT('',(1.5000,1.2500,0.0000));
#34 = CARTESIAN_POINT('',(4.5000,1.2500,0.0000));
#35 = CARTESIAN_POINT('',(1.5000,1.2500,0.1000));
#36 = CARTESIAN_POINT('',(4.5000,1.2500,0.1000));
#37 = CARTESIAN_POINT('',(4.5000,0.0000,0.0000));
#38 = CARTESIAN_POINT('',(4.5000,0.0000,0.1000));
#39 = CARTESIAN_POINT('',(1.5000,0.0000,0.0000));
#40 = CARTESIAN_POINT('',(1.5000,0.0000,0.1000));
#41 = CARTESIAN_POINT('',(6.0000,6.0000,0.0000));
#42 = CARTESIAN_POINT('',(6.0000,6.0000,2.9000));
#43 = CARTESIAN_POINT('',(0.0000,6.0000,2.9000));
#44 = CARTESIAN_POINT('',(0.0000,6.0000,0.0000));
#45 = CARTESIAN_POINT('',(6.0000,0.0000,0.0000));
#46 = CARTESIAN_POINT('',(6.0000,0.0000,2.9000));
#47 = CARTESIAN_POINT('',(0.0000,0.0000,0.0000));
#48 = CARTESIAN_POINT('',(0.0000,0.0000,2.9000));
#49 = CARTESIAN_POINT('',(-0.1472,4.9300,-0.3647));
#50 = CARTESIAN_POINT('',(-0.1914,4.9300,-0.5600));
#51 = CARTESIAN_POINT('',(-0.2451,4.9300,-0.7528));
#52 = CARTESIAN_POINT('',(-0.3083,4.9300,-0.9428));
#53 = CARTESIAN_POINT('',(-0.5588,4.9300,-1.7046));
#54 = CARTESIAN_POINT('',(-0.5575,4.9300,-1.8063));
#55 = CARTESIAN_POINT('',(-0.5459,4.9300,-1.9073));
#56 = CARTESIAN_POINT('',(-0.5240,4.9300,-2.0066));
#57 = CARTESIAN_POINT('',(-0.2036,5.3050,-3.1887));
#58 = CARTESIAN_POINT('',(-0.2068,5.3050,-3.2144));
#59 = CARTESIAN_POINT('',(-0.3018,5.6800,-3.2894));
#60 = CARTESIAN_POINT('',(-0.2165,5.3050,-3.2385));
#61 = CARTESIAN_POINT('',(-0.2762,5.6800,-3.2856));
#62 = CARTESIAN_POINT('',(-0.2320,5.3050,-3.2592));
#63 = CARTESIAN_POINT('',(-0.2524,5.6800,-3.2753));
#64 = CARTESIAN_POINT('',(-0.2524,5.3050,-3.2753));
#65 = CARTESIAN_POINT('',(-0.2320,5.6800,-3.2592));
#66 = CARTESIAN_POINT('',(-0.2762,5.3050,-3.2856));
#67 = CARTESIAN_POINT('',(-0.2165,5.6800,-3.2385));
#68 = CARTESIAN_POINT('',(-0.2068,5.6800,-3.2144));
#69 = CARTESIAN_POINT('',(-0.2036,5.6800,-3.1887));
#70 = CARTESIAN_POINT('',(-0.2072,5.6800,-3.1630));
#71 = CARTESIAN_POINT('',(-0.2072,4.9300,-3.1630));
#72 = CARTESIAN_POINT('',(-0.2036,4.9300,-3.1887));
#73 = CARTESIAN_POINT('',(-0.2068,4.9300,-3.2144));
#74 = CARTESIAN_POINT('',(-0.2165,4.9300,-3.2385));
#75 = CARTESIAN_POINT('',(-0.2320,4.9300,-3.2592));
#76 = CARTESIAN_POINT('',(-0.2524,4.9300,-3.2753));
#77 = CARTESIAN_POINT('',(-0.2762,4.9300,-3.2856));
#78 = CARTESIAN_POINT('',(-0.3018,4.9300,-3.2894));
#79 = CARTESIAN_POINT('',(-0.5499,4.9300,-1.6034));
#80 = CARTESIAN_POINT('',(-0.5306,4.9300,-1.5036));
#81 = CARTESIAN_POINT('',(-0.3808,4.9300,-1.1295));
#82 = CARTESIAN_POINT('',(-0.5014,4.9300,-1.4062));
#83 = CARTESIAN_POINT('',(-0.4624,4.9300,-1.3123));
#84 = CARTESIAN_POINT('',(-0.1128,4.9300,-0.1674));
#85 = CARTESIAN_POINT('',(-0.1397,4.9300,0.6940));
#86 = CARTESIAN_POINT('',(-0.1076,4.9300,0.7054));
#87 = CARTESIAN_POINT('',(-0.0738,4.9300,0.7092));
#88 = CARTESIAN_POINT('',(0.0000,4.9300,0.7092));
#89 = CARTESIAN_POINT('',(0.0000,4.9300,0.2309));
#90 = CARTESIAN_POINT('',(-0.0733,4.9300,0.2309));
#91 = CARTESIAN_POINT('',(-0.0881,4.9300,0.0313));
#92 = CARTESIAN_POINT('',(-0.1684,4.9300,0.6756));
#93 = CARTESIAN_POINT('',(-0.1922,4.9300,0.6513));
#94 = CARTESIAN_POINT('',(-0.2099,4.9300,0.6222));
#95 = CARTESIAN_POINT('',(-0.2206,4.9300,0.5899));
#96 = CARTESIAN_POINT('',(-0.2237,4.9300,0.5560));
#97 = CARTESIAN_POINT('',(-0.2248,4.9300,0.3429));
#98 = CARTESIAN_POINT('',(-0.2373,4.9300,0.1301));
#99 = CARTESIAN_POINT('',(-0.2612,4.9300,-0.0816));
#100 = CARTESIAN_POINT('',(-0.2964,4.9300,-0.2918));
#101 = CARTESIAN_POINT('',(-0.3428,4.9300,-0.4998));
#102 = CARTESIAN_POINT('',(-0.4004,4.9300,-0.7050));
#103 = CARTESIAN_POINT('',(-0.4688,4.9300,-0.9068));
#104 = CARTESIAN_POINT('',(-0.5480,4.9300,-1.1046));
#105 = CARTESIAN_POINT('',(-0.7406,5.6800,-1.6890));
#106 = CARTESIAN_POINT('',(-0.6376,4.9300,-1.2980));
#107 = CARTESIAN_POINT('',(-0.7300,5.6800,-1.5878));
#108 = CARTESIAN_POINT('',(-0.6782,4.9300,-1.3913));
#109 = CARTESIAN_POINT('',(-0.7091,5.6800,-1.4882));
#110 = CARTESIAN_POINT('',(-0.7091,4.9300,-1.4882));
#111 = CARTESIAN_POINT('',(-0.6782,5.6800,-1.3913));
#112 = CARTESIAN_POINT('',(-0.7300,4.9300,-1.5878));
#113 = CARTESIAN_POINT('',(-0.6376,5.6800,-1.2980));
#114 = CARTESIAN_POINT('',(-0.7406,4.9300,-1.6890));
#115 = CARTESIAN_POINT('',(-0.4624,5.6800,-1.3123));
#116 = CARTESIAN_POINT('',(-0.7409,4.9300,-1.7907));
#117 = CARTESIAN_POINT('',(-0.5014,5.6800,-1.4062));
#118 = CARTESIAN_POINT('',(-0.5306,5.6800,-1.5036));
#119 = CARTESIAN_POINT('',(-0.3774,4.9300,-3.2908));
#120 = CARTESIAN_POINT('',(-0.5240,5.6800,-2.0066));
#121 = CARTESIAN_POINT('',(-0.7309,4.9300,-1.8920));
#122 = CARTESIAN_POINT('',(-0.5995,4.9300,-2.4247));
#123 = CARTESIAN_POINT('',(-0.4884,4.9300,-2.8577));
#124 = CARTESIAN_POINT('',(-0.7106,4.9300,-1.9917));
#125 = CARTESIAN_POINT('',(-0.5459,5.6800,-1.9073));
#126 = CARTESIAN_POINT('',(-0.5575,5.6800,-1.8063));
#127 = CARTESIAN_POINT('',(-0.5588,5.6800,-1.7046));
#128 = CARTESIAN_POINT('',(-0.5499,5.6800,-1.6034));
#129 = CARTESIAN_POINT('',(6.2320,1.0700,-3.2592));
#130 = CARTESIAN_POINT('',(6.2524,1.0700,-3.2753));
#131 = CARTESIAN_POINT('',(-0.3083,5.6800,-0.9428));
#132 = CARTESIAN_POINT('',(6.7406,0.3200,-1.6890));
#133 = CARTESIAN_POINT('',(-0.2451,5.6800,-0.7528));
#134 = CARTESIAN_POINT('',(6.7300,0.3200,-1.5878));
#135 = CARTESIAN_POINT('',(-0.1914,5.6800,-0.5600));
#136 = CARTESIAN_POINT('',(6.7091,0.3200,-1.4882));
#137 = CARTESIAN_POINT('',(-0.1472,5.6800,-0.3647));
#138 = CARTESIAN_POINT('',(6.6782,0.3200,-1.3913));
#139 = CARTESIAN_POINT('',(-0.1128,5.6800,-0.1674));
#140 = CARTESIAN_POINT('',(6.6376,0.3200,-1.2980));
#141 = CARTESIAN_POINT('',(-0.0881,5.6800,0.0313));
#142 = CARTESIAN_POINT('',(6.4884,1.0700,-2.8577));
#143 = CARTESIAN_POINT('',(-0.0733,5.6800,0.2309));
#144 = CARTESIAN_POINT('',(6.5995,1.0700,-2.4247));
#145 = CARTESIAN_POINT('',(0.0000,5.6800,0.2309));
#146 = CARTESIAN_POINT('',(6.2036,1.0700,-3.1887));
#147 = CARTESIAN_POINT('',(0.0000,5.6800,0.7092));
#148 = CARTESIAN_POINT('',(6.7106,1.0700,-1.9917));
#149 = CARTESIAN_POINT('',(-0.0738,5.6800,0.7092));
#150 = CARTESIAN_POINT('',(6.7309,1.0700,-1.8920));
#151 = CARTESIAN_POINT('',(-0.1076,5.6800,0.7054));
#152 = CARTESIAN_POINT('',(6.7409,1.0700,-1.7907));
#153 = CARTESIAN_POINT('',(-0.1397,5.6800,0.6940));
#154 = CARTESIAN_POINT('',(6.7406,1.0700,-1.6890));
#155 = CARTESIAN_POINT('',(-0.1684,5.6800,0.6756));
#156 = CARTESIAN_POINT('',(6.7300,1.0700,-1.5878));
#157 = CARTESIAN_POINT('',(-0.1922,5.6800,0.6513));
#158 = CARTESIAN_POINT('',(6.7091,1.0700,-1.4882));
#159 = CARTESIAN_POINT('',(-0.2099,5.6800,0.6222));
#160 = CARTESIAN_POINT('',(6.6782,1.0700,-1.3913));
#161 = CARTESIAN_POINT('',(-0.2206,5.6800,0.5899));
#162 = CARTESIAN_POINT('',(6.6376,1.0700,-1.2980));
#163 = CARTESIAN_POINT('',(-0.2237,5.6800,0.5560));
#164 = CARTESIAN_POINT('',(6.5480,1.0700,-1.1046));
#165 = CARTESIAN_POINT('',(-0.2248,5.6800,0.3429));
#166 = CARTESIAN_POINT('',(6.4688,1.0700,-0.9068));
#167 = CARTESIAN_POINT('',(-0.2373,5.6800,0.1301));
#168 = CARTESIAN_POINT('',(6.4004,1.0700,-0.7050));
#169 = CARTESIAN_POINT('',(-0.2612,5.6800,-0.0816));
#170 = CARTESIAN_POINT('',(6.3428,1.0700,-0.4998));
#171 = CARTESIAN_POINT('',(-0.2964,5.6800,-0.2918));
#172 = CARTESIAN_POINT('',(6.2964,1.0700,-0.2918));
#173 = CARTESIAN_POINT('',(-0.3428,5.6800,-0.4998));
#174 = CARTESIAN_POINT('',(6.2612,1.0700,-0.0816));
#175 = CARTESIAN_POINT('',(-0.4004,5.6800,-0.7050));
#176 = CARTESIAN_POINT('',(6.2072,1.0700,-3.1630));
#177 = CARTESIAN_POINT('',(-0.4688,5.6800,-0.9068));
#178 = CARTESIAN_POINT('',(6.2373,1.0700,0.1301));
#179 = CARTESIAN_POINT('',(-0.5480,5.6800,-1.1046));
#180 = CARTESIAN_POINT('',(6.2248,1.0700,0.3429));
#181 = CARTESIAN_POINT('',(-0.3774,5.6800,-3.2908));
#182 = CARTESIAN_POINT('',(6.2237,1.0700,0.5560));
#183 = CARTESIAN_POINT('',(-0.4884,5.6800,-2.8577));
#184 = CARTESIAN_POINT('',(6.2206,1.0700,0.5899));
#185 = CARTESIAN_POINT('',(-0.5995,5.6800,-2.4247));
#186 = CARTESIAN_POINT('',(6.2099,1.0700,0.6222));
#187 = CARTESIAN_POINT('',(-0.7106,5.6800,-1.9917));
#188 = CARTESIAN_POINT('',(6.1922,1.0700,0.6513));
#189 = CARTESIAN_POINT('',(-0.7309,5.6800,-1.8920));
#190 = CARTESIAN_POINT('',(6.1684,1.0700,0.6756));
#191 = CARTESIAN_POINT('',(-0.7409,5.6800,-1.7907));
#192 = CARTESIAN_POINT('',(6.1397,1.0700,0.6940));
#193 = CARTESIAN_POINT('',(6.1076,1.0700,0.7054));
#194 = CARTESIAN_POINT('',(6.0738,1.0700,0.7092));
#195 = CARTESIAN_POINT('',(6.0000,1.0700,0.7092));
#196 = CARTESIAN_POINT('',(6.0000,1.0700,0.2309));
#197 = CARTESIAN_POINT('',(6.0733,1.0700,0.2309));
#198 = CARTESIAN_POINT('',(-0.3808,5.6800,-1.1295));
#199 = CARTESIAN_POINT('',(6.0881,1.0700,0.0313));
#200 = CARTESIAN_POINT('',(6.1128,1.0700,-0.1674));
#201 = CARTESIAN_POINT('',(6.1472,1.0700,-0.3647));
#202 = CARTESIAN_POINT('',(6.1914,1.0700,-0.5600));
#203 = CARTESIAN_POINT('',(6.2451,1.0700,-0.7528));
#204 = CARTESIAN_POINT('',(6.3083,1.0700,-0.9428));
#205 = CARTESIAN_POINT('',(6.3808,1.0700,-1.1295));
#206 = CARTESIAN_POINT('',(6.4624,1.0700,-1.3123));
#207 = CARTESIAN_POINT('',(6.5014,1.0700,-1.4062));
#208 = CARTESIAN_POINT('',(6.5306,1.0700,-1.5036));
#209 = CARTESIAN_POINT('',(6.5499,1.0700,-1.6034));
#210 = CARTESIAN_POINT('',(6.5588,1.0700,-1.7046));
#211 = CARTESIAN_POINT('',(6.5575,1.0700,-1.8063));
#212 = CARTESIAN_POINT('',(6.2165,1.0700,-3.2385));
#213 = CARTESIAN_POINT('',(6.5459,1.0700,-1.9073));
#214 = CARTESIAN_POINT('',(6.5240,1.0700,-2.0066));
#215 = CARTESIAN_POINT('',(6.3774,0.3200,-3.2908));
#216 = CARTESIAN_POINT('',(6.3774,1.0700,-3.2908));
#217 = CARTESIAN_POINT('',(6.2762,0.6950,-3.2856));
#218 = CARTESIAN_POINT('',(6.2524,0.6950,-3.2753));
#219 = CARTESIAN_POINT('',(6.2320,0.6950,-3.2592));
#220 = CARTESIAN_POINT('',(6.2165,0.6950,-3.2385));
#221 = CARTESIAN_POINT('',(6.2068,0.6950,-3.2144));
#222 = CARTESIAN_POINT('',(6.2036,0.6950,-3.1887));
#223 = CARTESIAN_POINT('',(6.2072,0.3200,-3.1630));
#224 = CARTESIAN_POINT('',(6.2036,0.3200,-3.1887));
#225 = CARTESIAN_POINT('',(6.2068,0.3200,-3.2144));
#226 = CARTESIAN_POINT('',(6.2165,0.3200,-3.2385));
#227 = CARTESIAN_POINT('',(6.2068,1.0700,-3.2144));
#228 = CARTESIAN_POINT('',(6.2320,0.3200,-3.2592));
#229 = CARTESIAN_POINT('',(6.2524,0.3200,-3.2753));
#230 = CARTESIAN_POINT('',(6.2762,0.3200,-3.2856));
#231 = CARTESIAN_POINT('',(6.3018,0.3200,-3.2894));
#232 = CARTESIAN_POINT('',(6.3018,1.0700,-3.2894));
#233 = CARTESIAN_POINT('',(6.2762,1.0700,-3.2856));
#234 = CARTESIAN_POINT('',(6.7409,0.3200,-1.7907));
#235 = CARTESIAN_POINT('',(6.7309,0.3200,-1.8920));
#236 = CARTESIAN_POINT('',(6.5995,0.3200,-2.4247));
#237 = CARTESIAN_POINT('',(6.7106,0.3200,-1.9917));
#238 = CARTESIAN_POINT('',(6.4884,0.3200,-2.8577));
#239 = CARTESIAN_POINT('',(6.5480,0.3200,-1.1046));
#240 = CARTESIAN_POINT('',(6.4688,0.3200,-0.9068));
#241 = CARTESIAN_POINT('',(6.4004,0.3200,-0.7050));
#242 = POLY_LOOP('',(#17,#18,#19));
#243 = FACE_OUTER_BOUND('',#242,.T.);
#244 = DIRECTION('',(0.000000,0.000000,1.000000));
#245 = DIRECTION('',(1.000000,0.000000,0.000000));
#246 = AXIS2_PLACEMENT_3D('',#17,#244,#245);
#247 = PLANE('',#246);
#248 = FACE_SURFACE('',(#243),#247,.T.);
#249 = POLY_LOOP('',(#19,#18,#20));
#250 = FACE_OUTER_BOUND('',#249,.T.);
#251 = DIRECTION('',(0.000000,0.000000,1.000000));
#252 = DIRECTION('',(1.000000,0.000000,0.000000));
#253 = AXIS2_PLACEMENT_3D('',#19,#251,#252);
#254 = PLANE('',#253);
#255 = FACE_SURFACE('',(#250),#254,.T.);
#256 = POLY_LOOP('',(#21,#22,#23));
#257 = FACE_OUTER_BOUND('',#256,.T.);
#258 = DIRECTION('',(0.000000,0.000000,1.000000));
#259 = DIRECTION('',(1.000000,0.000000,0.000000));
#260 = AXIS2_PLACEMENT_3D('',#21,#258,#259);
#261 = PLANE('',#260);
#262 = FACE_SURFACE('',(#257),#261,.T.);
#263 = POLY_LOOP('',(#23,#22,#24));
#264 = FACE_OUTER_BOUND('',#263,.T.);
#265 = DIRECTION('',(0.000000,0.000000,1.000000));
#266 = DIRECTION('',(1.000000,0.000000,0.000000));
#267 = AXIS2_PLACEMENT_3D('',#23,#265,#266);
#268 = PLANE('',#267);
#269 = FACE_SURFACE('',(#264),#268,.T.);
#270 = POLY_LOOP('',(#22,#17,#24));
#271 = FACE_OUTER_BOUND('',#270,.T.);
#272 = DIRECTION('',(0.000000,0.000000,1.000000));
#273 = DIRECTION('',(1.000000,0.000000,0.000000));
#274 = AXIS2_PLACEMENT_3D('',#22,#272,#273);
#275 = PLANE('',#274);
#276 = FACE_SURFACE('',(#271),#275,.T.);
#277 = POLY_LOOP('',(#24,#17,#19));
#278 = FACE_OUTER_BOUND('',#277,.T.);
#279 = DIRECTION('',(0.000000,0.000000,1.000000));
#280 = DIRECTION('',(1.000000,0.000000,0.000000));
#281 = AXIS2_PLACEMENT_3D('',#24,#279,#280);
#282 = PLANE('',#281);
#283 = FACE_SURFACE('',(#278),#282,.T.);
#284 = POLY_LOOP('',(#24,#19,#23));
#285 = FACE_OUTER_BOUND('',#284,.T.);
#286 = DIRECTION('',(0.000000,0.000000,1.000000));
#287 = DIRECTION('',(1.000000,0.000000,0.000000));
#288 = AXIS2_PLACEMENT_3D('',#24,#286,#287);
#289 = PLANE('',#288);
#290 = FACE_SURFACE('',(#285),#289,.T.);
#291 = POLY_LOOP('',(#23,#19,#20));
#292 = FACE_OUTER_BOUND('',#291,.T.);
#293 = DIRECTION('',(0.000000,0.000000,1.000000));
#294 = DIRECTION('',(1.000000,0.000000,0.000000));
#295 = AXIS2_PLACEMENT_3D('',#23,#293,#294);
#296 = PLANE('',#295);
#297 = FACE_SURFACE('',(#292),#296,.T.);
#298 = POLY_LOOP('',(#25,#26,#27));
#299 = FACE_OUTER_BOUND('',#298,.T.);
#300 = DIRECTION('',(0.000000,0.000000,1.000000));
#301 = DIRECTION('',(1.000000,0.000000,0.000000));
#302 = AXIS2_PLACEMENT_3D('',#25,#300,#301);
#303 = PLANE('',#302);
#304 = FACE_SURFACE('',(#299),#303,.T.);
#305 = POLY_LOOP('',(#27,#26,#28));
#306 = FACE_OUTER_BOUND('',#305,.T.);
#307 = DIRECTION('',(0.000000,0.000000,1.000000));
#308 = DIRECTION('',(1.000000,0.000000,0.000000));
#309 = AXIS2_PLACEMENT_3D('',#27,#307,#308);
#310 = PLANE('',#309);
#311 = FACE_SURFACE('',(#306),#310,.T.);
#312 = POLY_LOOP('',(#29,#30,#31));
#313 = FACE_OUTER_BOUND('',#312,.T.);
#314 = DIRECTION('',(0.000000,0.000000,1.000000));
#315 = DIRECTION('',(1.000000,0.000000,0.000000));
#316 = AXIS2_PLACEMENT_3D('',#29,#314,#315);
#317 = PLANE('',#316);
#318 = FACE_SURFACE('',(#313),#317,.T.);
#319 = POLY_LOOP('',(#31,#30,#32));
#320 = FACE_OUTER_BOUND('',#319,.T.);
#321 = DIRECTION('',(0.000000,0.000000,1.000000));
#322 = DIRECTION('',(1.000000,0.000000,0.000000));
#323 = AXIS2_PLACEMENT_3D('',#31,#321,#322);
#324 = PLANE('',#323);
#325 = FACE_SURFACE('',(#320),#324,.T.);
#326 = POLY_LOOP('',(#27,#28,#32));
#327 = FACE_OUTER_BOUND('',#326,.T.);
#328 = DIRECTION('',(0.000000,0.000000,1.000000));
#329 = DIRECTION('',(1.000000,0.000000,0.000000));
#330 = AXIS2_PLACEMENT_3D('',#27,#328,#329);
#331 = PLANE('',#330);
#332 = FACE_SURFACE('',(#327),#331,.T.);
#333 = POLY_LOOP('',(#32,#28,#31));
#334 = FACE_OUTER_BOUND('',#333,.T.);
#335 = DIRECTION('',(0.000000,0.000000,1.000000));
#336 = DIRECTION('',(1.000000,0.000000,0.000000));
#337 = AXIS2_PLACEMENT_3D('',#32,#335,#336);
#338 = PLANE('',#337);
#339 = FACE_SURFACE('',(#334),#338,.T.);
#340 = POLY_LOOP('',(#33,#34,#35));
#341 = FACE_OUTER_BOUND('',#340,.T.);
#342 = DIRECTION('',(0.000000,0.000000,1.000000));
#343 = DIRECTION('',(1.000000,0.000000,0.000000));
#344 = AXIS2_PLACEMENT_3D('',#33,#342,#343);
#345 = PLANE('',#344);
#346 = FACE_SURFACE('',(#341),#345,.T.);
#347 = POLY_LOOP('',(#35,#34,#36));
#348 = FACE_OUTER_BOUND('',#347,.T.);
#349 = DIRECTION('',(0.000000,0.000000,1.000000));
#350 = DIRECTION('',(1.000000,0.000000,0.000000));
#351 = AXIS2_PLACEMENT_3D('',#35,#349,#350);
#352 = PLANE('',#351);
#353 = FACE_SURFACE('',(#348),#352,.T.);
#354 = POLY_LOOP('',(#34,#37,#36));
#355 = FACE_OUTER_BOUND('',#354,.T.);
#356 = DIRECTION('',(0.000000,0.000000,1.000000));
#357 = DIRECTION('',(1.000000,0.000000,0.000000));
#358 = AXIS2_PLACEMENT_3D('',#34,#356,#357);
#359 = PLANE('',#358);
#360 = FACE_SURFACE('',(#355),#359,.T.);
#361 = POLY_LOOP('',(#36,#37,#38));
#362 = FACE_OUTER_BOUND('',#361,.T.);
#363 = DIRECTION('',(0.000000,0.000000,1.000000));
#364 = DIRECTION('',(1.000000,0.000000,0.000000));
#365 = AXIS2_PLACEMENT_3D('',#36,#363,#364);
#366 = PLANE('',#365);
#367 = FACE_SURFACE('',(#362),#366,.T.);
#368 = POLY_LOOP('',(#39,#33,#40));
#369 = FACE_OUTER_BOUND('',#368,.T.);
#370 = DIRECTION('',(0.000000,0.000000,1.000000));
#371 = DIRECTION('',(1.000000,0.000000,0.000000));
#372 = AXIS2_PLACEMENT_3D('',#39,#370,#371);
#373 = PLANE('',#372);
#374 = FACE_SURFACE('',(#369),#373,.T.);
#375 = POLY_LOOP('',(#40,#33,#35));
#376 = FACE_OUTER_BOUND('',#375,.T.);
#377 = DIRECTION('',(0.000000,0.000000,1.000000));
#378 = DIRECTION('',(1.000000,0.000000,0.000000));
#379 = AXIS2_PLACEMENT_3D('',#40,#377,#378);
#380 = PLANE('',#379);
#381 = FACE_SURFACE('',(#376),#380,.T.);
#382 = POLY_LOOP('',(#35,#36,#40));
#383 = FACE_OUTER_BOUND('',#382,.T.);
#384 = DIRECTION('',(0.000000,0.000000,1.000000));
#385 = DIRECTION('',(1.000000,0.000000,0.000000));
#386 = AXIS2_PLACEMENT_3D('',#35,#384,#385);
#387 = PLANE('',#386);
#388 = FACE_SURFACE('',(#383),#387,.T.);
#389 = POLY_LOOP('',(#40,#36,#38));
#390 = FACE_OUTER_BOUND('',#389,.T.);
#391 = DIRECTION('',(0.000000,0.000000,1.000000));
#392 = DIRECTION('',(1.000000,0.000000,0.000000));
#393 = AXIS2_PLACEMENT_3D('',#40,#391,#392);
#394 = PLANE('',#393);
#395 = FACE_SURFACE('',(#390),#394,.T.);
#396 = POLY_LOOP('',(#21,#23,#41));
#397 = FACE_OUTER_BOUND('',#396,.T.);
#398 = DIRECTION('',(0.000000,0.000000,1.000000));
#399 = DIRECTION('',(1.000000,0.000000,0.000000));
#400 = AXIS2_PLACEMENT_3D('',#21,#398,#399);
#401 = PLANE('',#400);
#402 = FACE_SURFACE('',(#397),#401,.T.);
#403 = POLY_LOOP('',(#41,#23,#42));
#404 = FACE_OUTER_BOUND('',#403,.T.);
#405 = DIRECTION('',(0.000000,0.000000,1.000000));
#406 = DIRECTION('',(1.000000,0.000000,0.000000));
#407 = AXIS2_PLACEMENT_3D('',#41,#405,#406);
#408 = PLANE('',#407);
#409 = FACE_SURFACE('',(#404),#408,.T.);
#410 = POLY_LOOP('',(#42,#23,#20));
#411 = FACE_OUTER_BOUND('',#410,.T.);
#412 = DIRECTION('',(0.000000,0.000000,1.000000));
#413 = DIRECTION('',(1.000000,0.000000,0.000000));
#414 = AXIS2_PLACEMENT_3D('',#42,#412,#413);
#415 = PLANE('',#414);
#416 = FACE_SURFACE('',(#411),#415,.T.);
#417 = POLY_LOOP('',(#42,#20,#43));
#418 = FACE_OUTER_BOUND('',#417,.T.);
#419 = DIRECTION('',(0.000000,0.000000,1.000000));
#420 = DIRECTION('',(1.000000,0.000000,0.000000));
#421 = AXIS2_PLACEMENT_3D('',#42,#419,#420);
#422 = PLANE('',#421);
#423 = FACE_SURFACE('',(#418),#422,.T.);
#424 = POLY_LOOP('',(#43,#20,#44));
#425 = FACE_OUTER_BOUND('',#424,.T.);
#426 = DIRECTION('',(0.000000,0.000000,1.000000));
#427 = DIRECTION('',(1.000000,0.000000,0.000000));
#428 = AXIS2_PLACEMENT_3D('',#43,#426,#427);
#429 = PLANE('',#428);
#430 = FACE_SURFACE('',(#425),#429,.T.);
#431 = POLY_LOOP('',(#44,#20,#18));
#432 = FACE_OUTER_BOUND('',#431,.T.);
#433 = DIRECTION('',(0.000000,0.000000,1.000000));
#434 = DIRECTION('',(1.000000,0.000000,0.000000));
#435 = AXIS2_PLACEMENT_3D('',#44,#433,#434);
#436 = PLANE('',#435);
#437 = FACE_SURFACE('',(#432),#436,.T.);
#438 = POLY_LOOP('',(#25,#27,#45));
#439 = FACE_OUTER_BOUND('',#438,.T.);
#440 = DIRECTION('',(0.000000,0.000000,1.000000));
#441 = DIRECTION('',(1.000000,0.000000,0.000000));
#442 = AXIS2_PLACEMENT_3D('',#25,#440,#441);
#443 = PLANE('',#442);
#444 = FACE_SURFACE('',(#439),#443,.T.);
#445 = POLY_LOOP('',(#45,#27,#46));
#446 = FACE_OUTER_BOUND('',#445,.T.);
#447 = DIRECTION('',(0.000000,0.000000,1.000000));
#448 = DIRECTION('',(1.000000,0.000000,0.000000));
#449 = AXIS2_PLACEMENT_3D('',#45,#447,#448);
#450 = PLANE('',#449);
#451 = FACE_SURFACE('',(#446),#450,.T.);
#452 = POLY_LOOP('',(#46,#27,#32));
#453 = FACE_OUTER_BOUND('',#452,.T.);
#454 = DIRECTION('',(0.000000,0.000000,1.000000));
#455 = DIRECTION('',(1.000000,0.000000,0.000000));
#456 = AXIS2_PLACEMENT_3D('',#46,#454,#455);
#457 = PLANE('',#456);
#458 = FACE_SURFACE('',(#453),#457,.T.);
#459 = POLY_LOOP('',(#46,#32,#42));
#460 = FACE_OUTER_BOUND('',#459,.T.);
#461 = DIRECTION('',(0.000000,0.000000,1.000000));
#462 = DIRECTION('',(1.000000,0.000000,0.000000));
#463 = AXIS2_PLACEMENT_3D('',#46,#461,#462);
#464 = PLANE('',#463);
#465 = FACE_SURFACE('',(#460),#464,.T.);
#466 = POLY_LOOP('',(#42,#32,#41));
#467 = FACE_OUTER_BOUND('',#466,.T.);
#468 = DIRECTION('',(0.000000,0.000000,1.000000));
#469 = DIRECTION('',(1.000000,0.000000,0.000000));
#470 = AXIS2_PLACEMENT_3D('',#42,#468,#469);
#471 = PLANE('',#470);
#472 = FACE_SURFACE('',(#467),#471,.T.);
#473 = POLY_LOOP('',(#41,#32,#30));
#474 = FACE_OUTER_BOUND('',#473,.T.);
#475 = DIRECTION('',(0.000000,0.000000,1.000000));
#476 = DIRECTION('',(1.000000,0.000000,0.000000));
#477 = AXIS2_PLACEMENT_3D('',#41,#475,#476);
#478 = PLANE('',#477);
#479 = FACE_SURFACE('',(#474),#478,.T.);
#480 = POLY_LOOP('',(#39,#40,#47));
#481 = FACE_OUTER_BOUND('',#480,.T.);
#482 = DIRECTION('',(0.000000,0.000000,1.000000));
#483 = DIRECTION('',(1.000000,0.000000,0.000000));
#484 = AXIS2_PLACEMENT_3D('',#39,#482,#483);
#485 = PLANE('',#484);
#486 = FACE_SURFACE('',(#481),#485,.T.);
#487 = POLY_LOOP('',(#47,#40,#48));
#488 = FACE_OUTER_BOUND('',#487,.T.);
#489 = DIRECTION('',(0.000000,0.000000,1.000000));
#490 = DIRECTION('',(1.000000,0.000000,0.000000));
#491 = AXIS2_PLACEMENT_3D('',#47,#489,#490);
#492 = PLANE('',#491);
#493 = FACE_SURFACE('',(#488),#492,.T.);
#494 = POLY_LOOP('',(#48,#40,#38));
#495 = FACE_OUTER_BOUND('',#494,.T.);
#496 = DIRECTION('',(0.000000,0.000000,1.000000));
#497 = DIRECTION('',(1.000000,0.000000,0.000000));
#498 = AXIS2_PLACEMENT_3D('',#48,#496,#497);
#499 = PLANE('',#498);
#500 = FACE_SURFACE('',(#495),#499,.T.);
#501 = POLY_LOOP('',(#48,#38,#46));
#502 = FACE_OUTER_BOUND('',#501,.T.);
#503 = DIRECTION('',(0.000000,0.000000,1.000000));
#504 = DIRECTION('',(1.000000,0.000000,0.000000));
#505 = AXIS2_PLACEMENT_3D('',#48,#503,#504);
#506 = PLANE('',#505);
#507 = FACE_SURFACE('',(#502),#506,.T.);
#508 = POLY_LOOP('',(#46,#38,#45));
#509 = FACE_OUTER_BOUND('',#508,.T.);
#510 = DIRECTION('',(0.000000,0.000000,1.000000));
#511 = DIRECTION('',(1.000000,0.000000,0.000000));
#512 = AXIS2_PLACEMENT_3D('',#46,#510,#511);
#513 = PLANE('',#512);
#514 = FACE_SURFACE('',(#509),#513,.T.);
#515 = POLY_LOOP('',(#45,#38,#37));
#516 = FACE_OUTER_BOUND('',#515,.T.);
#517 = DIRECTION('',(0.000000,0.000000,1.000000));
#518 = DIRECTION('',(1.000000,0.000000,0.000000));
#519 = AXIS2_PLACEMENT_3D('',#45,#517,#518);
#520 = PLANE('',#519);
#521 = FACE_SURFACE('',(#516),#520,.T.);
#522 = POLY_LOOP('',(#47,#26,#33));
#523 = FACE_OUTER_BOUND('',#522,.T.);
#524 = DIRECTION('',(0.000000,0.000000,1.000000));
#525 = DIRECTION('',(1.000000,0.000000,0.000000));
#526 = AXIS2_PLACEMENT_3D('',#47,#524,#525);
#527 = PLANE('',#526);
#528 = FACE_SURFACE('',(#523),#527,.T.);
#529 = POLY_LOOP('',(#33,#26,#25));
#530 = FACE_OUTER_BOUND('',#529,.T.);
#531 = DIRECTION('',(0.000000,0.000000,1.000000));
#532 = DIRECTION('',(1.000000,0.000000,0.000000));
#533 = AXIS2_PLACEMENT_3D('',#33,#531,#532);
#534 = PLANE('',#533);
#535 = FACE_SURFACE('',(#530),#534,.T.);
#536 = POLY_LOOP('',(#33,#25,#34));
#537 = FACE_OUTER_BOUND('',#536,.T.);
#538 = DIRECTION('',(0.000000,0.000000,1.000000));
#539 = DIRECTION('',(1.000000,0.000000,0.000000));
#540 = AXIS2_PLACEMENT_3D('',#33,#538,#539);
#541 = PLANE('',#540);
#542 = FACE_SURFACE('',(#537),#541,.T.);
#543 = POLY_LOOP('',(#34,#25,#45));
#544 = FACE_OUTER_BOUND('',#543,.T.);
#545 = DIRECTION('',(0.000000,0.000000,1.000000));
#546 = DIRECTION('',(1.000000,0.000000,0.000000));
#547 = AXIS2_PLACEMENT_3D('',#34,#545,#546);
#548 = PLANE('',#547);
#549 = FACE_SURFACE('',(#544),#548,.T.);
#550 = POLY_LOOP('',(#34,#45,#37));
#551 = FACE_OUTER_BOUND('',#550,.T.);
#552 = DIRECTION('',(0.000000,0.000000,1.000000));
#553 = DIRECTION('',(1.000000,0.000000,0.000000));
#554 = AXIS2_PLACEMENT_3D('',#34,#552,#553);
#555 = PLANE('',#554);
#556 = FACE_SURFACE('',(#551),#555,.T.);
#557 = POLY_LOOP('',(#33,#39,#47));
#558 = FACE_OUTER_BOUND('',#557,.T.);
#559 = DIRECTION('',(0.000000,0.000000,1.000000));
#560 = DIRECTION('',(1.000000,0.000000,0.000000));
#561 = AXIS2_PLACEMENT_3D('',#33,#559,#560);
#562 = PLANE('',#561);
#563 = FACE_SURFACE('',(#558),#562,.T.);
#564 = POLY_LOOP('',(#26,#47,#28));
#565 = FACE_OUTER_BOUND('',#564,.T.);
#566 = DIRECTION('',(0.000000,0.000000,1.000000));
#567 = DIRECTION('',(1.000000,0.000000,0.000000));
#568 = AXIS2_PLACEMENT_3D('',#26,#566,#567);
#569 = PLANE('',#568);
#570 = FACE_SURFACE('',(#565),#569,.T.);
#571 = POLY_LOOP('',(#28,#47,#48));
#572 = FACE_OUTER_BOUND('',#571,.T.);
#573 = DIRECTION('',(0.000000,0.000000,1.000000));
#574 = DIRECTION('',(1.000000,0.000000,0.000000));
#575 = AXIS2_PLACEMENT_3D('',#28,#573,#574);
#576 = PLANE('',#575);
#577 = FACE_SURFACE('',(#572),#576,.T.);
#578 = POLY_LOOP('',(#28,#48,#43));
#579 = FACE_OUTER_BOUND('',#578,.T.);
#580 = DIRECTION('',(0.000000,0.000000,1.000000));
#581 = DIRECTION('',(1.000000,0.000000,0.000000));
#582 = AXIS2_PLACEMENT_3D('',#28,#580,#581);
#583 = PLANE('',#582);
#584 = FACE_SURFACE('',(#579),#583,.T.);
#585 = POLY_LOOP('',(#28,#43,#31));
#586 = FACE_OUTER_BOUND('',#585,.T.);
#587 = DIRECTION('',(0.000000,0.000000,1.000000));
#588 = DIRECTION('',(1.000000,0.000000,0.000000));
#589 = AXIS2_PLACEMENT_3D('',#28,#587,#588);
#590 = PLANE('',#589);
#591 = FACE_SURFACE('',(#586),#590,.T.);
#592 = POLY_LOOP('',(#31,#43,#44));
#593 = FACE_OUTER_BOUND('',#592,.T.);
#594 = DIRECTION('',(0.000000,0.000000,1.000000));
#595 = DIRECTION('',(1.000000,0.000000,0.000000));
#596 = AXIS2_PLACEMENT_3D('',#31,#594,#595);
#597 = PLANE('',#596);
#598 = FACE_SURFACE('',(#593),#597,.T.);
#599 = POLY_LOOP('',(#31,#44,#29));
#600 = FACE_OUTER_BOUND('',#599,.T.);
#601 = DIRECTION('',(0.000000,0.000000,1.000000));
#602 = DIRECTION('',(1.000000,0.000000,0.000000));
#603 = AXIS2_PLACEMENT_3D('',#31,#601,#602);
#604 = PLANE('',#603);
#605 = FACE_SURFACE('',(#600),#604,.T.);
#606 = POLY_LOOP('',(#48,#46,#43));
#607 = FACE_OUTER_BOUND('',#606,.T.);
#608 = DIRECTION('',(0.000000,0.000000,1.000000));
#609 = DIRECTION('',(1.000000,0.000000,0.000000));
#610 = AXIS2_PLACEMENT_3D('',#48,#608,#609);
#611 = PLANE('',#610);
#612 = FACE_SURFACE('',(#607),#611,.T.);
#613 = POLY_LOOP('',(#43,#46,#42));
#614 = FACE_OUTER_BOUND('',#613,.T.);
#615 = DIRECTION('',(0.000000,0.000000,1.000000));
#616 = DIRECTION('',(1.000000,0.000000,0.000000));
#617 = AXIS2_PLACEMENT_3D('',#43,#615,#616);
#618 = PLANE('',#617);
#619 = FACE_SURFACE('',(#614),#618,.T.);
#620 = POLY_LOOP('',(#21,#41,#22));
#621 = FACE_OUTER_BOUND('',#620,.T.);
#622 = DIRECTION('',(0.000000,0.000000,1.000000));
#623 = DIRECTION('',(1.000000,0.000000,0.000000));
#624 = AXIS2_PLACEMENT_3D('',#21,#622,#623);
#625 = PLANE('',#624);
#626 = FACE_SURFACE('',(#621),#625,.T.);
#627 = POLY_LOOP('',(#22,#41,#30));
#628 = FACE_OUTER_BOUND('',#627,.T.);
#629 = DIRECTION('',(0.000000,0.000000,1.000000));
#630 = DIRECTION('',(1.000000,0.000000,0.000000));
#631 = AXIS2_PLACEMENT_3D('',#22,#629,#630);
#632 = PLANE('',#631);
#633 = FACE_SURFACE('',(#628),#632,.T.);
#634 = POLY_LOOP('',(#22,#30,#29));
#635 = FACE_OUTER_BOUND('',#634,.T.);
#636 = DIRECTION('',(0.000000,0.000000,1.000000));
#637 = DIRECTION('',(1.000000,0.000000,0.000000));
#638 = AXIS2_PLACEMENT_3D('',#22,#636,#637);
#639 = PLANE('',#638);
#640 = FACE_SURFACE('',(#635),#639,.T.);
#641 = POLY_LOOP('',(#22,#29,#17));
#642 = FACE_OUTER_BOUND('',#641,.T.);
#643 = DIRECTION('',(0.000000,0.000000,1.000000));
#644 = DIRECTION('',(1.000000,0.000000,0.000000));
#645 = AXIS2_PLACEMENT_3D('',#22,#643,#644);
#646 = PLANE('',#645);
#647 = FACE_SURFACE('',(#642),#646,.T.);
#648 = POLY_LOOP('',(#17,#29,#44));
#649 = FACE_OUTER_BOUND('',#648,.T.);
#650 = DIRECTION('',(0.000000,0.000000,1.000000));
#651 = DIRECTION('',(1.000000,0.000000,0.000000));
#652 = AXIS2_PLACEMENT_3D('',#17,#650,#651);
#653 = PLANE('',#652);
#654 = FACE_SURFACE('',(#649),#653,.T.);
#655 = POLY_LOOP('',(#17,#44,#18));
#656 = FACE_OUTER_BOUND('',#655,.T.);
#657 = DIRECTION('',(0.000000,0.000000,1.000000));
#658 = DIRECTION('',(1.000000,0.000000,0.000000));
#659 = AXIS2_PLACEMENT_3D('',#17,#657,#658);
#660 = PLANE('',#659);
#661 = FACE_SURFACE('',(#656),#660,.T.);
#662 = POLY_LOOP('',(#31,#17,#33));
#663 = FACE_OUTER_BOUND('',#662,.T.);
#664 = DIRECTION('',(0.000000,0.000000,1.000000));
#665 = DIRECTION('',(1.000000,0.000000,0.000000));
#666 = AXIS2_PLACEMENT_3D('',#31,#664,#665);
#667 = PLANE('',#666);
#668 = FACE_SURFACE('',(#663),#667,.T.);
#669 = POLY_LOOP('',(#33,#17,#18));
#670 = FACE_OUTER_BOUND('',#669,.T.);
#671 = DIRECTION('',(0.000000,0.000000,1.000000));
#672 = DIRECTION('',(1.000000,0.000000,0.000000));
#673 = AXIS2_PLACEMENT_3D('',#33,#671,#672);
#674 = PLANE('',#673);
#675 = FACE_SURFACE('',(#670),#674,.T.);
#676 = POLY_LOOP('',(#33,#18,#34));
#677 = FACE_OUTER_BOUND('',#676,.T.);
#678 = DIRECTION('',(0.000000,0.000000,1.000000));
#679 = DIRECTION('',(1.000000,0.000000,0.000000));
#680 = AXIS2_PLACEMENT_3D('',#33,#678,#679);
#681 = PLANE('',#680);
#682 = FACE_SURFACE('',(#677),#681,.T.);
#683 = POLY_LOOP('',(#34,#18,#20));
#684 = FACE_OUTER_BOUND('',#683,.T.);
#685 = DIRECTION('',(0.000000,0.000000,1.000000));
#686 = DIRECTION('',(1.000000,0.000000,0.000000));
#687 = AXIS2_PLACEMENT_3D('',#34,#685,#686);
#688 = PLANE('',#687);
#689 = FACE_SURFACE('',(#684),#688,.T.);
#690 = POLY_LOOP('',(#34,#20,#36));
#691 = FACE_OUTER_BOUND('',#690,.T.);
#692 = DIRECTION('',(0.000000,0.000000,1.000000));
#693 = DIRECTION('',(1.000000,0.000000,0.000000));
#694 = AXIS2_PLACEMENT_3D('',#34,#692,#693);
#695 = PLANE('',#694);
#696 = FACE_SURFACE('',(#691),#695,.T.);
#697 = POLY_LOOP('',(#36,#20,#19));
#698 = FACE_OUTER_BOUND('',#697,.T.);
#699 = DIRECTION('',(0.000000,0.000000,1.000000));
#700 = DIRECTION('',(1.000000,0.000000,0.000000));
#701 = AXIS2_PLACEMENT_3D('',#36,#699,#700);
#702 = PLANE('',#701);
#703 = FACE_SURFACE('',(#698),#702,.T.);
#704 = POLY_LOOP('',(#36,#19,#35));
#705 = FACE_OUTER_BOUND('',#704,.T.);
#706 = DIRECTION('',(0.000000,0.000000,1.000000));
#707 = DIRECTION('',(1.000000,0.000000,0.000000));
#708 = AXIS2_PLACEMENT_3D('',#36,#706,#707);
#709 = PLANE('',#708);
#710 = FACE_SURFACE('',(#705),#709,.T.);
#711 = POLY_LOOP('',(#35,#19,#21));
#712 = FACE_OUTER_BOUND('',#711,.T.);
#713 = DIRECTION('',(0.000000,0.000000,1.000000));
#714 = DIRECTION('',(1.000000,0.000000,0.000000));
#715 = AXIS2_PLACEMENT_3D('',#35,#713,#714);
#716 = PLANE('',#715);
#717 = FACE_SURFACE('',(#712),#716,.T.);
#718 = POLY_LOOP('',(#35,#21,#37));
#719 = FACE_OUTER_BOUND('',#718,.T.);
#720 = DIRECTION('',(0.000000,0.000000,1.000000));
#721 = DIRECTION('',(1.000000,0.000000,0.000000));
#722 = AXIS2_PLACEMENT_3D('',#35,#720,#721);
#723 = PLANE('',#722);
#724 = FACE_SURFACE('',(#719),#723,.T.);
#725 = POLY_LOOP('',(#37,#21,#22));
#726 = FACE_OUTER_BOUND('',#725,.T.);
#727 = DIRECTION('',(0.000000,0.000000,1.000000));
#728 = DIRECTION('',(1.000000,0.000000,0.000000));
#729 = AXIS2_PLACEMENT_3D('',#37,#727,#728);
#730 = PLANE('',#729);
#731 = FACE_SURFACE('',(#726),#730,.T.);
#732 = POLY_LOOP('',(#37,#22,#38));
#733 = FACE_OUTER_BOUND('',#732,.T.);
#734 = DIRECTION('',(0.000000,0.000000,1.000000));
#735 = DIRECTION('',(1.000000,0.000000,0.000000));
#736 = AXIS2_PLACEMENT_3D('',#37,#734,#735);
#737 = PLANE('',#736);
#738 = FACE_SURFACE('',(#733),#737,.T.);
#739 = POLY_LOOP('',(#38,#22,#24));
#740 = FACE_OUTER_BOUND('',#739,.T.);
#741 = DIRECTION('',(0.000000,0.000000,1.000000));
#742 = DIRECTION('',(1.000000,0.000000,0.000000));
#743 = AXIS2_PLACEMENT_3D('',#38,#741,#742);
#744 = PLANE('',#743);
#745 = FACE_SURFACE('',(#740),#744,.T.);
#746 = POLY_LOOP('',(#38,#24,#23));
#747 = FACE_OUTER_BOUND('',#746,.T.);
#748 = DIRECTION('',(0.000000,0.000000,1.000000));
#749 = DIRECTION('',(1.000000,0.000000,0.000000));
#750 = AXIS2_PLACEMENT_3D('',#38,#748,#749);
#751 = PLANE('',#750);
#752 = FACE_SURFACE('',(#747),#751,.T.);
#753 = POLY_LOOP('',(#23,#25,#38));
#754 = FACE_OUTER_BOUND('',#753,.T.);
#755 = DIRECTION('',(0.000000,0.000000,1.000000));
#756 = DIRECTION('',(1.000000,0.000000,0.000000));
#757 = AXIS2_PLACEMENT_3D('',#23,#755,#756);
#758 = PLANE('',#757);
#759 = FACE_SURFACE('',(#754),#758,.T.);
#760 = POLY_LOOP('',(#38,#25,#26));
#761 = FACE_OUTER_BOUND('',#760,.T.);
#762 = DIRECTION('',(0.000000,0.000000,1.000000));
#763 = DIRECTION('',(1.000000,0.000000,0.000000));
#764 = AXIS2_PLACEMENT_3D('',#38,#762,#763);
#765 = PLANE('',#764);
#766 = FACE_SURFACE('',(#761),#765,.T.);
#767 = POLY_LOOP('',(#38,#26,#37));
#768 = FACE_OUTER_BOUND('',#767,.T.);
#769 = DIRECTION('',(0.000000,0.000000,1.000000));
#770 = DIRECTION('',(1.000000,0.000000,0.000000));
#771 = AXIS2_PLACEMENT_3D('',#38,#769,#770);
#772 = PLANE('',#771);
#773 = FACE_SURFACE('',(#768),#772,.T.);
#774 = POLY_LOOP('',(#37,#26,#28));
#775 = FACE_OUTER_BOUND('',#774,.T.);
#776 = DIRECTION('',(0.000000,0.000000,1.000000));
#777 = DIRECTION('',(1.000000,0.000000,0.000000));
#778 = AXIS2_PLACEMENT_3D('',#37,#776,#777);
#779 = PLANE('',#778);
#780 = FACE_SURFACE('',(#775),#779,.T.);
#781 = POLY_LOOP('',(#37,#28,#35));
#782 = FACE_OUTER_BOUND('',#781,.T.);
#783 = DIRECTION('',(0.000000,0.000000,1.000000));
#784 = DIRECTION('',(1.000000,0.000000,0.000000));
#785 = AXIS2_PLACEMENT_3D('',#37,#783,#784);
#786 = PLANE('',#785);
#787 = FACE_SURFACE('',(#782),#786,.T.);
#788 = POLY_LOOP('',(#35,#28,#27));
#789 = FACE_OUTER_BOUND('',#788,.T.);
#790 = DIRECTION('',(0.000000,0.000000,1.000000));
#791 = DIRECTION('',(1.000000,0.000000,0.000000));
#792 = AXIS2_PLACEMENT_3D('',#35,#790,#791);
#793 = PLANE('',#792);
#794 = FACE_SURFACE('',(#789),#793,.T.);
#795 = POLY_LOOP('',(#35,#27,#36));
#796 = FACE_OUTER_BOUND('',#795,.T.);
#797 = DIRECTION('',(0.000000,0.000000,1.000000));
#798 = DIRECTION('',(1.000000,0.000000,0.000000));
#799 = AXIS2_PLACEMENT_3D('',#35,#797,#798);
#800 = PLANE('',#799);
#801 = FACE_SURFACE('',(#796),#800,.T.);
#802 = POLY_LOOP('',(#36,#27,#29));
#803 = FACE_OUTER_BOUND('',#802,.T.);
#804 = DIRECTION('',(0.000000,0.000000,1.000000));
#805 = DIRECTION('',(1.000000,0.000000,0.000000));
#806 = AXIS2_PLACEMENT_3D('',#36,#804,#805);
#807 = PLANE('',#806);
#808 = FACE_SURFACE('',(#803),#807,.T.);
#809 = POLY_LOOP('',(#36,#29,#34));
#810 = FACE_OUTER_BOUND('',#809,.T.);
#811 = DIRECTION('',(0.000000,0.000000,1.000000));
#812 = DIRECTION('',(1.000000,0.000000,0.000000));
#813 = AXIS2_PLACEMENT_3D('',#36,#811,#812);
#814 = PLANE('',#813);
#815 = FACE_SURFACE('',(#810),#814,.T.);
#816 = POLY_LOOP('',(#34,#29,#30));
#817 = FACE_OUTER_BOUND('',#816,.T.);
#818 = DIRECTION('',(0.000000,0.000000,1.000000));
#819 = DIRECTION('',(1.000000,0.000000,0.000000));
#820 = AXIS2_PLACEMENT_3D('',#34,#818,#819);
#821 = PLANE('',#820);
#822 = FACE_SURFACE('',(#817),#821,.T.);
#823 = POLY_LOOP('',(#34,#30,#33));
#824 = FACE_OUTER_BOUND('',#823,.T.);
#825 = DIRECTION('',(0.000000,0.000000,1.000000));
#826 = DIRECTION('',(1.000000,0.000000,0.000000));
#827 = AXIS2_PLACEMENT_3D('',#34,#825,#826);
#828 = PLANE('',#827);
#829 = FACE_SURFACE('',(#824),#828,.T.);
#830 = POLY_LOOP('',(#33,#30,#32));
#831 = FACE_OUTER_BOUND('',#830,.T.);
#832 = DIRECTION('',(0.000000,0.000000,1.000000));
#833 = DIRECTION('',(1.000000,0.000000,0.000000));
#834 = AXIS2_PLACEMENT_3D('',#33,#832,#833);
#835 = PLANE('',#834);
#836 = FACE_SURFACE('',(#831),#835,.T.);
#837 = POLY_LOOP('',(#33,#32,#31));
#838 = FACE_OUTER_BOUND('',#837,.T.);
#839 = DIRECTION('',(0.000000,0.000000,1.000000));
#840 = DIRECTION('',(1.000000,0.000000,0.000000));
#841 = AXIS2_PLACEMENT_3D('',#33,#839,#840);
#842 = PLANE('',#841);
#843 = FACE_SURFACE('',(#838),#842,.T.);
#844 = POLY_LOOP('',(#32,#25,#31));
#845 = FACE_OUTER_BOUND('',#844,.T.);
#846 = DIRECTION('',(0.000000,0.000000,1.000000));
#847 = DIRECTION('',(1.000000,0.000000,0.000000));
#848 = AXIS2_PLACEMENT_3D('',#32,#846,#847);
#849 = PLANE('',#848);
#850 = FACE_SURFACE('',(#845),#849,.T.);
#851 = POLY_LOOP('',(#31,#25,#39));
#852 = FACE_OUTER_BOUND('',#851,.T.);
#853 = DIRECTION('',(0.000000,0.000000,1.000000));
#854 = DIRECTION('',(1.000000,0.000000,0.000000));
#855 = AXIS2_PLACEMENT_3D('',#31,#853,#854);
#856 = PLANE('',#855);
#857 = FACE_SURFACE('',(#852),#856,.T.);
#858 = POLY_LOOP('',(#31,#39,#49));
#859 = FACE_OUTER_BOUND('',#858,.T.);
#860 = DIRECTION('',(0.000000,0.000000,1.000000));
#861 = DIRECTION('',(1.000000,0.000000,0.000000));
#862 = AXIS2_PLACEMENT_3D('',#31,#860,#861);
#863 = PLANE('',#862);
#864 = FACE_SURFACE('',(#859),#863,.T.);
#865 = POLY_LOOP('',(#49,#39,#50));
#866 = FACE_OUTER_BOUND('',#865,.T.);
#867 = DIRECTION('',(0.000000,0.000000,1.000000));
#868 = DIRECTION('',(1.000000,0.000000,0.000000));
#869 = AXIS2_PLACEMENT_3D('',#49,#867,#868);
#870 = PLANE('',#869);
#871 = FACE_SURFACE('',(#866),#870,.T.);
#872 = POLY_LOOP('',(#50,#39,#51));
#873 = FACE_OUTER_BOUND('',#872,.T.);
#874 = DIRECTION('',(0.000000,0.000000,1.000000));
#875 = DIRECTION('',(1.000000,0.000000,0.000000));
#876 = AXIS2_PLACEMENT_3D('',#50,#874,#875);
#877 = PLANE('',#876);
#878 = FACE_SURFACE('',(#873),#877,.T.);
#879 = POLY_LOOP('',(#51,#39,#40));
#880 = FACE_OUTER_BOUND('',#879,.T.);
#881 = DIRECTION('',(0.000000,0.000000,1.000000));
#882 = DIRECTION('',(1.000000,0.000000,0.000000));
#883 = AXIS2_PLACEMENT_3D('',#51,#881,#882);
#884 = PLANE('',#883);
#885 = FACE_SURFACE('',(#880),#884,.T.);
#886 = POLY_LOOP('',(#51,#40,#44));
#887 = FACE_OUTER_BOUND('',#886,.T.);
#888 = DIRECTION('',(0.000000,0.000000,1.000000));
#889 = DIRECTION('',(1.000000,0.000000,0.000000));
#890 = AXIS2_PLACEMENT_3D('',#51,#888,#889);
#891 = PLANE('',#890);
#892 = FACE_SURFACE('',(#887),#891,.T.);
#893 = POLY_LOOP('',(#32,#30,#25));
#894 = FACE_OUTER_BOUND('',#893,.T.);
#895 = DIRECTION('',(0.000000,0.000000,1.000000));
#896 = DIRECTION('',(1.000000,0.000000,0.000000));
#897 = AXIS2_PLACEMENT_3D('',#32,#895,#896);
#898 = PLANE('',#897);
#899 = FACE_SURFACE('',(#894),#898,.T.);
#900 = POLY_LOOP('',(#25,#30,#29));
#901 = FACE_OUTER_BOUND('',#900,.T.);
#902 = DIRECTION('',(0.000000,0.000000,1.000000));
#903 = DIRECTION('',(1.000000,0.000000,0.000000));
#904 = AXIS2_PLACEMENT_3D('',#25,#902,#903);
#905 = PLANE('',#904);
#906 = FACE_SURFACE('',(#901),#905,.T.);
#907 = POLY_LOOP('',(#25,#29,#27));
#908 = FACE_OUTER_BOUND('',#907,.T.);
#909 = DIRECTION('',(0.000000,0.000000,1.000000));
#910 = DIRECTION('',(1.000000,0.000000,0.000000));
#911 = AXIS2_PLACEMENT_3D('',#25,#909,#910);
#912 = PLANE('',#911);
#913 = FACE_SURFACE('',(#908),#912,.T.);
#914 = POLY_LOOP('',(#27,#28,#25));
#915 = FACE_OUTER_BOUND('',#914,.T.);
#916 = DIRECTION('',(0.000000,0.000000,1.000000));
#917 = DIRECTION('',(1.000000,0.000000,0.000000));
#918 = AXIS2_PLACEMENT_3D('',#27,#916,#917);
#919 = PLANE('',#918);
#920 = FACE_SURFACE('',(#915),#919,.T.);
#921 = POLY_LOOP('',(#25,#28,#26));
#922 = FACE_OUTER_BOUND('',#921,.T.);
#923 = DIRECTION('',(0.000000,0.000000,1.000000));
#924 = DIRECTION('',(1.000000,0.000000,0.000000));
#925 = AXIS2_PLACEMENT_3D('',#25,#923,#924);
#926 = PLANE('',#925);
#927 = FACE_SURFACE('',(#922),#926,.T.);
#928 = POLY_LOOP('',(#51,#44,#52));
#929 = FACE_OUTER_BOUND('',#928,.T.);
#930 = DIRECTION('',(0.000000,0.000000,1.000000));
#931 = DIRECTION('',(1.000000,0.000000,0.000000));
#932 = AXIS2_PLACEMENT_3D('',#51,#930,#931);
#933 = PLANE('',#932);
#934 = FACE_SURFACE('',(#929),#933,.T.);
#935 = POLY_LOOP('',(#52,#44,#43));
#936 = FACE_OUTER_BOUND('',#935,.T.);
#937 = DIRECTION('',(0.000000,0.000000,1.000000));
#938 = DIRECTION('',(1.000000,0.000000,0.000000));
#939 = AXIS2_PLACEMENT_3D('',#52,#937,#938);
#940 = PLANE('',#939);
#941 = FACE_SURFACE('',(#936),#940,.T.);
#942 = POLY_LOOP('',(#52,#43,#53));
#943 = FACE_OUTER_BOUND('',#942,.T.);
#944 = DIRECTION('',(0.000000,0.000000,1.000000));
#945 = DIRECTION('',(1.000000,0.000000,0.000000));
#946 = AXIS2_PLACEMENT_3D('',#52,#944,#945);
#947 = PLANE('',#946);
#948 = FACE_SURFACE('',(#943),#947,.T.);
#949 = POLY_LOOP('',(#53,#43,#54));
#950 = FACE_OUTER_BOUND('',#949,.T.);
#951 = DIRECTION('',(0.000000,0.000000,1.000000));
#952 = DIRECTION('',(1.000000,0.000000,0.000000));
#953 = AXIS2_PLACEMENT_3D('',#53,#951,#952);
#954 = PLANE('',#953);
#955 = FACE_SURFACE('',(#950),#954,.T.);
#956 = POLY_LOOP('',(#54,#43,#42));
#957 = FACE_OUTER_BOUND('',#956,.T.);
#958 = DIRECTION('',(0.000000,0.000000,1.000000));
#959 = DIRECTION('',(1.000000,0.000000,0.000000));
#960 = AXIS2_PLACEMENT_3D('',#54,#958,#959);
#961 = PLANE('',#960);
#962 = FACE_SURFACE('',(#957),#961,.T.);
#963 = POLY_LOOP('',(#54,#42,#55));
#964 = FACE_OUTER_BOUND('',#963,.T.);
#965 = DIRECTION('',(0.000000,0.000000,1.000000));
#966 = DIRECTION('',(1.000000,0.000000,0.000000));
#967 = AXIS2_PLACEMENT_3D('',#54,#965,#966);
#968 = PLANE('',#967);
#969 = FACE_SURFACE('',(#964),#968,.T.);
#970 = POLY_LOOP('',(#55,#42,#41));
#971 = FACE_OUTER_BOUND('',#970,.T.);
#972 = DIRECTION('',(0.000000,0.000000,1.000000));
#973 = DIRECTION('',(1.000000,0.000000,0.000000));
#974 = AXIS2_PLACEMENT_3D('',#55,#972,#973);
#975 = PLANE('',#974);
#976 = FACE_SURFACE('',(#971),#975,.T.);
#977 = POLY_LOOP('',(#55,#41,#46));
#978 = FACE_OUTER_BOUND('',#977,.T.);
#979 = DIRECTION('',(0.000000,0.000000,1.000000));
#980 = DIRECTION('',(1.000000,0.000000,0.000000));
#981 = AXIS2_PLACEMENT_3D('',#55,#979,#980);
#982 = PLANE('',#981);
#983 = FACE_SURFACE('',(#978),#982,.T.);
#984 = POLY_LOOP('',(#46,#45,#55));
#985 = FACE_OUTER_BOUND('',#984,.T.);
#986 = DIRECTION('',(0.000000,0.000000,1.000000));
#987 = DIRECTION('',(1.000000,0.000000,0.000000));
#988 = AXIS2_PLACEMENT_3D('',#46,#986,#987);
#989 = PLANE('',#988);
#990 = FACE_SURFACE('',(#985),#989,.T.);
#991 = POLY_LOOP('',(#55,#45,#56));
#992 = FACE_OUTER_BOUND('',#991,.T.);
#993 = DIRECTION('',(0.000000,0.000000,1.000000));
#994 = DIRECTION('',(1.000000,0.000000,0.000000));
#995 = AXIS2_PLACEMENT_3D('',#55,#993,#994);
#996 = PLANE('',#995);
#997 = FACE_SURFACE('',(#992),#996,.T.);
#998 = POLY_LOOP('',(#56,#45,#48));
#999 = FACE_OUTER_BOUND('',#998,.T.);
#1000 = DIRECTION('',(0.000000,0.000000,1.000000));
#1001 = DIRECTION('',(1.000000,0.000000,0.000000));
#1002 = AXIS2_PLACEMENT_3D('',#56,#1000,#1001);
#1003 = PLANE('',#1002);
#1004 = FACE_SURFACE('',(#999),#1003,.T.);
#1005 = POLY_LOOP('',(#56,#48,#57));
#1006 = FACE_OUTER_BOUND('',#1005,.T.);
#1007 = DIRECTION('',(0.000000,0.000000,1.000000));
#1008 = DIRECTION('',(1.000000,0.000000,0.000000));
#1009 = AXIS2_PLACEMENT_3D('',#56,#1007,#1008);
#1010 = PLANE('',#1009);
#1011 = FACE_SURFACE('',(#1006),#1010,.T.);
#1012 = POLY_LOOP('',(#57,#48,#47));
#1013 = FACE_OUTER_BOUND('',#1012,.T.);
#1014 = DIRECTION('',(0.000000,0.000000,1.000000));
#1015 = DIRECTION('',(1.000000,0.000000,0.000000));
#1016 = AXIS2_PLACEMENT_3D('',#57,#1014,#1015);
#1017 = PLANE('',#1016);
#1018 = FACE_SURFACE('',(#1013),#1017,.T.);
#1019 = POLY_LOOP('',(#57,#47,#58));
#1020 = FACE_OUTER_BOUND('',#1019,.T.);
#1021 = DIRECTION('',(0.000000,0.000000,1.000000));
#1022 = DIRECTION('',(1.000000,0.000000,0.000000));
#1023 = AXIS2_PLACEMENT_3D('',#57,#1021,#1022);
#1024 = PLANE('',#1023);
#1025 = FACE_SURFACE('',(#1020),#1024,.T.);
#1026 = POLY_LOOP('',(#58,#47,#59));
#1027 = FACE_OUTER_BOUND('',#1026,.T.);
#1028 = DIRECTION('',(0.000000,0.000000,1.000000));
#1029 = DIRECTION('',(1.000000,0.000000,0.000000));
#1030 = AXIS2_PLACEMENT_3D('',#58,#1028,#1029);
#1031 = PLANE('',#1030);
#1032 = FACE_SURFACE('',(#1027),#1031,.T.);
#1033 = POLY_LOOP('',(#58,#59,#60));
#1034 = FACE_OUTER_BOUND('',#1033,.T.);
#1035 = DIRECTION('',(0.000000,0.000000,1.000000));
#1036 = DIRECTION('',(1.000000,0.000000,0.000000));
#1037 = AXIS2_PLACEMENT_3D('',#58,#1035,#1036);
#1038 = PLANE('',#1037);
#1039 = FACE_SURFACE('',(#1034),#1038,.T.);
#1040 = POLY_LOOP('',(#60,#59,#61));
#1041 = FACE_OUTER_BOUND('',#1040,.T.);
#1042 = DIRECTION('',(0.000000,0.000000,1.000000));
#1043 = DIRECTION('',(1.000000,0.000000,0.000000));
#1044 = AXIS2_PLACEMENT_3D('',#60,#1042,#1043);
#1045 = PLANE('',#1044);
#1046 = FACE_SURFACE('',(#1041),#1045,.T.);
#1047 = POLY_LOOP('',(#60,#61,#62));
#1048 = FACE_OUTER_BOUND('',#1047,.T.);
#1049 = DIRECTION('',(0.000000,0.000000,1.000000));
#1050 = DIRECTION('',(1.000000,0.000000,0.000000));
#1051 = AXIS2_PLACEMENT_3D('',#60,#1049,#1050);
#1052 = PLANE('',#1051);
#1053 = FACE_SURFACE('',(#1048),#1052,.T.);
#1054 = POLY_LOOP('',(#62,#61,#63));
#1055 = FACE_OUTER_BOUND('',#1054,.T.);
#1056 = DIRECTION('',(0.000000,0.000000,1.000000));
#1057 = DIRECTION('',(1.000000,0.000000,0.000000));
#1058 = AXIS2_PLACEMENT_3D('',#62,#1056,#1057);
#1059 = PLANE('',#1058);
#1060 = FACE_SURFACE('',(#1055),#1059,.T.);
#1061 = POLY_LOOP('',(#62,#63,#64));
#1062 = FACE_OUTER_BOUND('',#1061,.T.);
#1063 = DIRECTION('',(0.000000,0.000000,1.000000));
#1064 = DIRECTION('',(1.000000,0.000000,0.000000));
#1065 = AXIS2_PLACEMENT_3D('',#62,#1063,#1064);
#1066 = PLANE('',#1065);
#1067 = FACE_SURFACE('',(#1062),#1066,.T.);
#1068 = POLY_LOOP('',(#64,#63,#65));
#1069 = FACE_OUTER_BOUND('',#1068,.T.);
#1070 = DIRECTION('',(0.000000,0.000000,1.000000));
#1071 = DIRECTION('',(1.000000,0.000000,0.000000));
#1072 = AXIS2_PLACEMENT_3D('',#64,#1070,#1071);
#1073 = PLANE('',#1072);
#1074 = FACE_SURFACE('',(#1069),#1073,.T.);
#1075 = POLY_LOOP('',(#64,#65,#66));
#1076 = FACE_OUTER_BOUND('',#1075,.T.);
#1077 = DIRECTION('',(0.000000,0.000000,1.000000));
#1078 = DIRECTION('',(1.000000,0.000000,0.000000));
#1079 = AXIS2_PLACEMENT_3D('',#64,#1077,#1078);
#1080 = PLANE('',#1079);
#1081 = FACE_SURFACE('',(#1076),#1080,.T.);
#1082 = POLY_LOOP('',(#66,#65,#67));
#1083 = FACE_OUTER_BOUND('',#1082,.T.);
#1084 = DIRECTION('',(0.000000,0.000000,1.000000));
#1085 = DIRECTION('',(1.000000,0.000000,0.000000));
#1086 = AXIS2_PLACEMENT_3D('',#66,#1084,#1085);
#1087 = PLANE('',#1086);
#1088 = FACE_SURFACE('',(#1083),#1087,.T.);
#1089 = POLY_LOOP('',(#66,#67,#68));
#1090 = FACE_OUTER_BOUND('',#1089,.T.);
#1091 = DIRECTION('',(0.000000,0.000000,1.000000));
#1092 = DIRECTION('',(1.000000,0.000000,0.000000));
#1093 = AXIS2_PLACEMENT_3D('',#66,#1091,#1092);
#1094 = PLANE('',#1093);
#1095 = FACE_SURFACE('',(#1090),#1094,.T.);
#1096 = POLY_LOOP('',(#69,#70,#68));
#1097 = FACE_OUTER_BOUND('',#1096,.T.);
#1098 = DIRECTION('',(0.000000,0.000000,1.000000));
#1099 = DIRECTION('',(1.000000,0.000000,0.000000));
#1100 = AXIS2_PLACEMENT_3D('',#69,#1098,#1099);
#1101 = PLANE('',#1100);
#1102 = FACE_SURFACE('',(#1097),#1101,.T.);
#1103 = POLY_LOOP('',(#68,#70,#71));
#1104 = FACE_OUTER_BOUND('',#1103,.T.);
#1105 = DIRECTION('',(0.000000,0.000000,1.000000));
#1106 = DIRECTION('',(1.000000,0.000000,0.000000));
#1107 = AXIS2_PLACEMENT_3D('',#68,#1105,#1106);
#1108 = PLANE('',#1107);
#1109 = FACE_SURFACE('',(#1104),#1108,.T.);
#1110 = POLY_LOOP('',(#68,#71,#72));
#1111 = FACE_OUTER_BOUND('',#1110,.T.);
#1112 = DIRECTION('',(0.000000,0.000000,1.000000));
#1113 = DIRECTION('',(1.000000,0.000000,0.000000));
#1114 = AXIS2_PLACEMENT_3D('',#68,#1112,#1113);
#1115 = PLANE('',#1114);
#1116 = FACE_SURFACE('',(#1111),#1115,.T.);
#1117 = POLY_LOOP('',(#72,#73,#68));
#1118 = FACE_OUTER_BOUND('',#1117,.T.);
#1119 = DIRECTION('',(0.000000,0.000000,1.000000));
#1120 = DIRECTION('',(1.000000,0.000000,0.000000));
#1121 = AXIS2_PLACEMENT_3D('',#72,#1119,#1120);
#1122 = PLANE('',#1121);
#1123 = FACE_SURFACE('',(#1118),#1122,.T.);
#1124 = POLY_LOOP('',(#68,#73,#74));
#1125 = FACE_OUTER_BOUND('',#1124,.T.);
#1126 = DIRECTION('',(0.000000,0.000000,1.000000));
#1127 = DIRECTION('',(1.000000,0.000000,0.000000));
#1128 = AXIS2_PLACEMENT_3D('',#68,#1126,#1127);
#1129 = PLANE('',#1128);
#1130 = FACE_SURFACE('',(#1125),#1129,.T.);
#1131 = POLY_LOOP('',(#68,#74,#66));
#1132 = FACE_OUTER_BOUND('',#1131,.T.);
#1133 = DIRECTION('',(0.000000,0.000000,1.000000));
#1134 = DIRECTION('',(1.000000,0.000000,0.000000));
#1135 = AXIS2_PLACEMENT_3D('',#68,#1133,#1134);
#1136 = PLANE('',#1135);
#1137 = FACE_SURFACE('',(#1132),#1136,.T.);
#1138 = POLY_LOOP('',(#66,#74,#75));
#1139 = FACE_OUTER_BOUND('',#1138,.T.);
#1140 = DIRECTION('',(0.000000,0.000000,1.000000));
#1141 = DIRECTION('',(1.000000,0.000000,0.000000));
#1142 = AXIS2_PLACEMENT_3D('',#66,#1140,#1141);
#1143 = PLANE('',#1142);
#1144 = FACE_SURFACE('',(#1139),#1143,.T.);
#1145 = POLY_LOOP('',(#66,#75,#76));
#1146 = FACE_OUTER_BOUND('',#1145,.T.);
#1147 = DIRECTION('',(0.000000,0.000000,1.000000));
#1148 = DIRECTION('',(1.000000,0.000000,0.000000));
#1149 = AXIS2_PLACEMENT_3D('',#66,#1147,#1148);
#1150 = PLANE('',#1149);
#1151 = FACE_SURFACE('',(#1146),#1150,.T.);
#1152 = POLY_LOOP('',(#77,#78,#76));
#1153 = FACE_OUTER_BOUND('',#1152,.T.);
#1154 = DIRECTION('',(0.000000,0.000000,1.000000));
#1155 = DIRECTION('',(1.000000,0.000000,0.000000));
#1156 = AXIS2_PLACEMENT_3D('',#77,#1154,#1155);
#1157 = PLANE('',#1156);
#1158 = FACE_SURFACE('',(#1153),#1157,.T.);
#1159 = POLY_LOOP('',(#76,#78,#66));
#1160 = FACE_OUTER_BOUND('',#1159,.T.);
#1161 = DIRECTION('',(0.000000,0.000000,1.000000));
#1162 = DIRECTION('',(1.000000,0.000000,0.000000));
#1163 = AXIS2_PLACEMENT_3D('',#76,#1161,#1162);
#1164 = PLANE('',#1163);
#1165 = FACE_SURFACE('',(#1160),#1164,.T.);
#1166 = POLY_LOOP('',(#53,#79,#52));
#1167 = FACE_OUTER_BOUND('',#1166,.T.);
#1168 = DIRECTION('',(0.000000,0.000000,1.000000));
#1169 = DIRECTION('',(1.000000,0.000000,0.000000));
#1170 = AXIS2_PLACEMENT_3D('',#53,#1168,#1169);
#1171 = PLANE('',#1170);
#1172 = FACE_SURFACE('',(#1167),#1171,.T.);
#1173 = POLY_LOOP('',(#52,#79,#80));
#1174 = FACE_OUTER_BOUND('',#1173,.T.);
#1175 = DIRECTION('',(0.000000,0.000000,1.000000));
#1176 = DIRECTION('',(1.000000,0.000000,0.000000));
#1177 = AXIS2_PLACEMENT_3D('',#52,#1175,#1176);
#1178 = PLANE('',#1177);
#1179 = FACE_SURFACE('',(#1174),#1178,.T.);
#1180 = POLY_LOOP('',(#52,#80,#81));
#1181 = FACE_OUTER_BOUND('',#1180,.T.);
#1182 = DIRECTION('',(0.000000,0.000000,1.000000));
#1183 = DIRECTION('',(1.000000,0.000000,0.000000));
#1184 = AXIS2_PLACEMENT_3D('',#52,#1182,#1183);
#1185 = PLANE('',#1184);
#1186 = FACE_SURFACE('',(#1181),#1185,.T.);
#1187 = POLY_LOOP('',(#81,#80,#82));
#1188 = FACE_OUTER_BOUND('',#1187,.T.);
#1189 = DIRECTION('',(0.000000,0.000000,1.000000));
#1190 = DIRECTION('',(1.000000,0.000000,0.000000));
#1191 = AXIS2_PLACEMENT_3D('',#81,#1189,#1190);
#1192 = PLANE('',#1191);
#1193 = FACE_SURFACE('',(#1188),#1192,.T.);
#1194 = POLY_LOOP('',(#81,#82,#83));
#1195 = FACE_OUTER_BOUND('',#1194,.T.);
#1196 = DIRECTION('',(0.000000,0.000000,1.000000));
#1197 = DIRECTION('',(1.000000,0.000000,0.000000));
#1198 = AXIS2_PLACEMENT_3D('',#81,#1196,#1197);
#1199 = PLANE('',#1198);
#1200 = FACE_SURFACE('',(#1195),#1199,.T.);
#1201 = POLY_LOOP('',(#23,#84,#25));
#1202 = FACE_OUTER_BOUND('',#1201,.T.);
#1203 = DIRECTION('',(0.000000,0.000000,1.000000));
#1204 = DIRECTION('',(1.000000,0.000000,0.000000));
#1205 = AXIS2_PLACEMENT_3D('',#23,#1203,#1204);
#1206 = PLANE('',#1205);
#1207 = FACE_SURFACE('',(#1202),#1206,.T.);
#1208 = POLY_LOOP('',(#25,#84,#39));
#1209 = FACE_OUTER_BOUND('',#1208,.T.);
#1210 = DIRECTION('',(0.000000,0.000000,1.000000));
#1211 = DIRECTION('',(1.000000,0.000000,0.000000));
#1212 = AXIS2_PLACEMENT_3D('',#25,#1210,#1211);
#1213 = PLANE('',#1212);
#1214 = FACE_SURFACE('',(#1209),#1213,.T.);
#1215 = POLY_LOOP('',(#85,#45,#86));
#1216 = FACE_OUTER_BOUND('',#1215,.T.);
#1217 = DIRECTION('',(0.000000,0.000000,1.000000));
#1218 = DIRECTION('',(1.000000,0.000000,0.000000));
#1219 = AXIS2_PLACEMENT_3D('',#85,#1217,#1218);
#1220 = PLANE('',#1219);
#1221 = FACE_SURFACE('',(#1216),#1220,.T.);
#1222 = POLY_LOOP('',(#86,#45,#46));
#1223 = FACE_OUTER_BOUND('',#1222,.T.);
#1224 = DIRECTION('',(0.000000,0.000000,1.000000));
#1225 = DIRECTION('',(1.000000,0.000000,0.000000));
#1226 = AXIS2_PLACEMENT_3D('',#86,#1224,#1225);
#1227 = PLANE('',#1226);
#1228 = FACE_SURFACE('',(#1223),#1227,.T.);
#1229 = POLY_LOOP('',(#86,#46,#87));
#1230 = FACE_OUTER_BOUND('',#1229,.T.);
#1231 = DIRECTION('',(0.000000,0.000000,1.000000));
#1232 = DIRECTION('',(1.000000,0.000000,0.000000));
#1233 = AXIS2_PLACEMENT_3D('',#86,#1231,#1232);
#1234 = PLANE('',#1233);
#1235 = FACE_SURFACE('',(#1230),#1234,.T.);
#1236 = POLY_LOOP('',(#87,#46,#41));
#1237 = FACE_OUTER_BOUND('',#1236,.T.);
#1238 = DIRECTION('',(0.000000,0.000000,1.000000));
#1239 = DIRECTION('',(1.000000,0.000000,0.000000));
#1240 = AXIS2_PLACEMENT_3D('',#87,#1238,#1239);
#1241 = PLANE('',#1240);
#1242 = FACE_SURFACE('',(#1237),#1241,.T.);
#1243 = POLY_LOOP('',(#87,#41,#88));
#1244 = FACE_OUTER_BOUND('',#1243,.T.);
#1245 = DIRECTION('',(0.000000,0.000000,1.000000));
#1246 = DIRECTION('',(1.000000,0.000000,0.000000));
#1247 = AXIS2_PLACEMENT_3D('',#87,#1245,#1246);
#1248 = PLANE('',#1247);
#1249 = FACE_SURFACE('',(#1244),#1248,.T.);
#1250 = POLY_LOOP('',(#88,#41,#42));
#1251 = FACE_OUTER_BOUND('',#1250,.T.);
#1252 = DIRECTION('',(0.000000,0.000000,1.000000));
#1253 = DIRECTION('',(1.000000,0.000000,0.000000));
#1254 = AXIS2_PLACEMENT_3D('',#88,#1252,#1253);
#1255 = PLANE('',#1254);
#1256 = FACE_SURFACE('',(#1251),#1255,.T.);
#1257 = POLY_LOOP('',(#88,#42,#89));
#1258 = FACE_OUTER_BOUND('',#1257,.T.);
#1259 = DIRECTION('',(0.000000,0.000000,1.000000));
#1260 = DIRECTION('',(1.000000,0.000000,0.000000));
#1261 = AXIS2_PLACEMENT_3D('',#88,#1259,#1260);
#1262 = PLANE('',#1261);
#1263 = FACE_SURFACE('',(#1258),#1262,.T.);
#1264 = POLY_LOOP('',(#89,#42,#43));
#1265 = FACE_OUTER_BOUND('',#1264,.T.);
#1266 = DIRECTION('',(0.000000,0.000000,1.000000));
#1267 = DIRECTION('',(1.000000,0.000000,0.000000));
#1268 = AXIS2_PLACEMENT_3D('',#89,#1266,#1267);
#1269 = PLANE('',#1268);
#1270 = FACE_SURFACE('',(#1265),#1269,.T.);
#1271 = POLY_LOOP('',(#89,#43,#90));
#1272 = FACE_OUTER_BOUND('',#1271,.T.);
#1273 = DIRECTION('',(0.000000,0.000000,1.000000));
#1274 = DIRECTION('',(1.000000,0.000000,0.000000));
#1275 = AXIS2_PLACEMENT_3D('',#89,#1273,#1274);
#1276 = PLANE('',#1275);
#1277 = FACE_SURFACE('',(#1272),#1276,.T.);
#1278 = POLY_LOOP('',(#90,#43,#44));
#1279 = FACE_OUTER_BOUND('',#1278,.T.);
#1280 = DIRECTION('',(0.000000,0.000000,1.000000));
#1281 = DIRECTION('',(1.000000,0.000000,0.000000));
#1282 = AXIS2_PLACEMENT_3D('',#90,#1280,#1281);
#1283 = PLANE('',#1282);
#1284 = FACE_SURFACE('',(#1279),#1283,.T.);
#1285 = POLY_LOOP('',(#90,#44,#91));
#1286 = FACE_OUTER_BOUND('',#1285,.T.);
#1287 = DIRECTION('',(0.000000,0.000000,1.000000));
#1288 = DIRECTION('',(1.000000,0.000000,0.000000));
#1289 = AXIS2_PLACEMENT_3D('',#90,#1287,#1288);
#1290 = PLANE('',#1289);
#1291 = FACE_SURFACE('',(#1286),#1290,.T.);
#1292 = POLY_LOOP('',(#91,#44,#40));
#1293 = FACE_OUTER_BOUND('',#1292,.T.);
#1294 = DIRECTION('',(0.000000,0.000000,1.000000));
#1295 = DIRECTION('',(1.000000,0.000000,0.000000));
#1296 = AXIS2_PLACEMENT_3D('',#91,#1294,#1295);
#1297 = PLANE('',#1296);
#1298 = FACE_SURFACE('',(#1293),#1297,.T.);
#1299 = POLY_LOOP('',(#91,#40,#84));
#1300 = FACE_OUTER_BOUND('',#1299,.T.);
#1301 = DIRECTION('',(0.000000,0.000000,1.000000));
#1302 = DIRECTION('',(1.000000,0.000000,0.000000));
#1303 = AXIS2_PLACEMENT_3D('',#91,#1301,#1302);
#1304 = PLANE('',#1303);
#1305 = FACE_SURFACE('',(#1300),#1304,.T.);
#1306 = POLY_LOOP('',(#84,#40,#39));
#1307 = FACE_OUTER_BOUND('',#1306,.T.);
#1308 = DIRECTION('',(0.000000,0.000000,1.000000));
#1309 = DIRECTION('',(1.000000,0.000000,0.000000));
#1310 = AXIS2_PLACEMENT_3D('',#84,#1308,#1309);
#1311 = PLANE('',#1310);
#1312 = FACE_SURFACE('',(#1307),#1311,.T.);
#1313 = POLY_LOOP('',(#54,#92,#53));
#1314 = FACE_OUTER_BOUND('',#1313,.T.);
#1315 = DIRECTION('',(0.000000,0.000000,1.000000));
#1316 = DIRECTION('',(1.000000,0.000000,0.000000));
#1317 = AXIS2_PLACEMENT_3D('',#54,#1315,#1316);
#1318 = PLANE('',#1317);
#1319 = FACE_SURFACE('',(#1314),#1318,.T.);
#1320 = POLY_LOOP('',(#53,#92,#93));
#1321 = FACE_OUTER_BOUND('',#1320,.T.);
#1322 = DIRECTION('',(0.000000,0.000000,1.000000));
#1323 = DIRECTION('',(1.000000,0.000000,0.000000));
#1324 = AXIS2_PLACEMENT_3D('',#53,#1322,#1323);
#1325 = PLANE('',#1324);
#1326 = FACE_SURFACE('',(#1321),#1325,.T.);
#1327 = POLY_LOOP('',(#53,#93,#79));
#1328 = FACE_OUTER_BOUND('',#1327,.T.);
#1329 = DIRECTION('',(0.000000,0.000000,1.000000));
#1330 = DIRECTION('',(1.000000,0.000000,0.000000));
#1331 = AXIS2_PLACEMENT_3D('',#53,#1329,#1330);
#1332 = PLANE('',#1331);
#1333 = FACE_SURFACE('',(#1328),#1332,.T.);
#1334 = POLY_LOOP('',(#79,#93,#94));
#1335 = FACE_OUTER_BOUND('',#1334,.T.);
#1336 = DIRECTION('',(0.000000,0.000000,1.000000));
#1337 = DIRECTION('',(1.000000,0.000000,0.000000));
#1338 = AXIS2_PLACEMENT_3D('',#79,#1336,#1337);
#1339 = PLANE('',#1338);
#1340 = FACE_SURFACE('',(#1335),#1339,.T.);
#1341 = POLY_LOOP('',(#79,#94,#80));
#1342 = FACE_OUTER_BOUND('',#1341,.T.);
#1343 = DIRECTION('',(0.000000,0.000000,1.000000));
#1344 = DIRECTION('',(1.000000,0.000000,0.000000));
#1345 = AXIS2_PLACEMENT_3D('',#79,#1343,#1344);
#1346 = PLANE('',#1345);
#1347 = FACE_SURFACE('',(#1342),#1346,.T.);
#1348 = POLY_LOOP('',(#80,#94,#95));
#1349 = FACE_OUTER_BOUND('',#1348,.T.);
#1350 = DIRECTION('',(0.000000,0.000000,1.000000));
#1351 = DIRECTION('',(1.000000,0.000000,0.000000));
#1352 = AXIS2_PLACEMENT_3D('',#80,#1350,#1351);
#1353 = PLANE('',#1352);
#1354 = FACE_SURFACE('',(#1349),#1353,.T.);
#1355 = POLY_LOOP('',(#80,#95,#82));
#1356 = FACE_OUTER_BOUND('',#1355,.T.);
#1357 = DIRECTION('',(0.000000,0.000000,1.000000));
#1358 = DIRECTION('',(1.000000,0.000000,0.000000));
#1359 = AXIS2_PLACEMENT_3D('',#80,#1357,#1358);
#1360 = PLANE('',#1359);
#1361 = FACE_SURFACE('',(#1356),#1360,.T.);
#1362 = POLY_LOOP('',(#82,#95,#96));
#1363 = FACE_OUTER_BOUND('',#1362,.T.);
#1364 = DIRECTION('',(0.000000,0.000000,1.000000));
#1365 = DIRECTION('',(1.000000,0.000000,0.000000));
#1366 = AXIS2_PLACEMENT_3D('',#82,#1364,#1365);
#1367 = PLANE('',#1366);
#1368 = FACE_SURFACE('',(#1363),#1367,.T.);
#1369 = POLY_LOOP('',(#82,#96,#83));
#1370 = FACE_OUTER_BOUND('',#1369,.T.);
#1371 = DIRECTION('',(0.000000,0.000000,1.000000));
#1372 = DIRECTION('',(1.000000,0.000000,0.000000));
#1373 = AXIS2_PLACEMENT_3D('',#82,#1371,#1372);
#1374 = PLANE('',#1373);
#1375 = FACE_SURFACE('',(#1370),#1374,.T.);
#1376 = POLY_LOOP('',(#83,#96,#97));
#1377 = FACE_OUTER_BOUND('',#1376,.T.);
#1378 = DIRECTION('',(0.000000,0.000000,1.000000));
#1379 = DIRECTION('',(1.000000,0.000000,0.000000));
#1380 = AXIS2_PLACEMENT_3D('',#83,#1378,#1379);
#1381 = PLANE('',#1380);
#1382 = FACE_SURFACE('',(#1377),#1381,.T.);
#1383 = POLY_LOOP('',(#83,#97,#81));
#1384 = FACE_OUTER_BOUND('',#1383,.T.);
#1385 = DIRECTION('',(0.000000,0.000000,1.000000));
#1386 = DIRECTION('',(1.000000,0.000000,0.000000));
#1387 = AXIS2_PLACEMENT_3D('',#83,#1385,#1386);
#1388 = PLANE('',#1387);
#1389 = FACE_SURFACE('',(#1384),#1388,.T.);
#1390 = POLY_LOOP('',(#81,#97,#98));
#1391 = FACE_OUTER_BOUND('',#1390,.T.);
#1392 = DIRECTION('',(0.000000,0.000000,1.000000));
#1393 = DIRECTION('',(1.000000,0.000000,0.000000));
#1394 = AXIS2_PLACEMENT_3D('',#81,#1392,#1393);
#1395 = PLANE('',#1394);
#1396 = FACE_SURFACE('',(#1391),#1395,.T.);
#1397 = POLY_LOOP('',(#81,#98,#52));
#1398 = FACE_OUTER_BOUND('',#1397,.T.);
#1399 = DIRECTION('',(0.000000,0.000000,1.000000));
#1400 = DIRECTION('',(1.000000,0.000000,0.000000));
#1401 = AXIS2_PLACEMENT_3D('',#81,#1399,#1400);
#1402 = PLANE('',#1401);
#1403 = FACE_SURFACE('',(#1398),#1402,.T.);
#1404 = POLY_LOOP('',(#52,#98,#99));
#1405 = FACE_OUTER_BOUND('',#1404,.T.);
#1406 = DIRECTION('',(0.000000,0.000000,1.000000));
#1407 = DIRECTION('',(1.000000,0.000000,0.000000));
#1408 = AXIS2_PLACEMENT_3D('',#52,#1406,#1407);
#1409 = PLANE('',#1408);
#1410 = FACE_SURFACE('',(#1405),#1409,.T.);
#1411 = POLY_LOOP('',(#52,#99,#51));
#1412 = FACE_OUTER_BOUND('',#1411,.T.);
#1413 = DIRECTION('',(0.000000,0.000000,1.000000));
#1414 = DIRECTION('',(1.000000,0.000000,0.000000));
#1415 = AXIS2_PLACEMENT_3D('',#52,#1413,#1414);
#1416 = PLANE('',#1415);
#1417 = FACE_SURFACE('',(#1412),#1416,.T.);
#1418 = POLY_LOOP('',(#51,#99,#100));
#1419 = FACE_OUTER_BOUND('',#1418,.T.);
#1420 = DIRECTION('',(0.000000,0.000000,1.000000));
#1421 = DIRECTION('',(1.000000,0.000000,0.000000));
#1422 = AXIS2_PLACEMENT_3D('',#51,#1420,#1421);
#1423 = PLANE('',#1422);
#1424 = FACE_SURFACE('',(#1419),#1423,.T.);
#1425 = POLY_LOOP('',(#51,#100,#50));
#1426 = FACE_OUTER_BOUND('',#1425,.T.);
#1427 = DIRECTION('',(0.000000,0.000000,1.000000));
#1428 = DIRECTION('',(1.000000,0.000000,0.000000));
#1429 = AXIS2_PLACEMENT_3D('',#51,#1427,#1428);
#1430 = PLANE('',#1429);
#1431 = FACE_SURFACE('',(#1426),#1430,.T.);
#1432 = POLY_LOOP('',(#50,#100,#101));
#1433 = FACE_OUTER_BOUND('',#1432,.T.);
#1434 = DIRECTION('',(0.000000,0.000000,1.000000));
#1435 = DIRECTION('',(1.000000,0.000000,0.000000));
#1436 = AXIS2_PLACEMENT_3D('',#50,#1434,#1435);
#1437 = PLANE('',#1436);
#1438 = FACE_SURFACE('',(#1433),#1437,.T.);
#1439 = POLY_LOOP('',(#50,#101,#49));
#1440 = FACE_OUTER_BOUND('',#1439,.T.);
#1441 = DIRECTION('',(0.000000,0.000000,1.000000));
#1442 = DIRECTION('',(1.000000,0.000000,0.000000));
#1443 = AXIS2_PLACEMENT_3D('',#50,#1441,#1442);
#1444 = PLANE('',#1443);
#1445 = FACE_SURFACE('',(#1440),#1444,.T.);
#1446 = POLY_LOOP('',(#49,#101,#102));
#1447 = FACE_OUTER_BOUND('',#1446,.T.);
#1448 = DIRECTION('',(0.000000,0.000000,1.000000));
#1449 = DIRECTION('',(1.000000,0.000000,0.000000));
#1450 = AXIS2_PLACEMENT_3D('',#49,#1448,#1449);
#1451 = PLANE('',#1450);
#1452 = FACE_SURFACE('',(#1447),#1451,.T.);
#1453 = POLY_LOOP('',(#24,#22,#23));
#1454 = FACE_OUTER_BOUND('',#1453,.T.);
#1455 = DIRECTION('',(0.000000,0.000000,1.000000));
#1456 = DIRECTION('',(1.000000,0.000000,0.000000));
#1457 = AXIS2_PLACEMENT_3D('',#24,#1455,#1456);
#1458 = PLANE('',#1457);
#1459 = FACE_SURFACE('',(#1454),#1458,.T.);
#1460 = POLY_LOOP('',(#23,#22,#21));
#1461 = FACE_OUTER_BOUND('',#1460,.T.);
#1462 = DIRECTION('',(0.000000,0.000000,1.000000));
#1463 = DIRECTION('',(1.000000,0.000000,0.000000));
#1464 = AXIS2_PLACEMENT_3D('',#23,#1462,#1463);
#1465 = PLANE('',#1464);
#1466 = FACE_SURFACE('',(#1461),#1465,.T.);
#1467 = POLY_LOOP('',(#23,#21,#19));
#1468 = FACE_OUTER_BOUND('',#1467,.T.);
#1469 = DIRECTION('',(0.000000,0.000000,1.000000));
#1470 = DIRECTION('',(1.000000,0.000000,0.000000));
#1471 = AXIS2_PLACEMENT_3D('',#23,#1469,#1470);
#1472 = PLANE('',#1471);
#1473 = FACE_SURFACE('',(#1468),#1472,.T.);
#1474 = POLY_LOOP('',(#19,#20,#23));
#1475 = FACE_OUTER_BOUND('',#1474,.T.);
#1476 = DIRECTION('',(0.000000,0.000000,1.000000));
#1477 = DIRECTION('',(1.000000,0.000000,0.000000));
#1478 = AXIS2_PLACEMENT_3D('',#19,#1476,#1477);
#1479 = PLANE('',#1478);
#1480 = FACE_SURFACE('',(#1475),#1479,.T.);
#1481 = POLY_LOOP('',(#23,#20,#18));
#1482 = FACE_OUTER_BOUND('',#1481,.T.);
#1483 = DIRECTION('',(0.000000,0.000000,1.000000));
#1484 = DIRECTION('',(1.000000,0.000000,0.000000));
#1485 = AXIS2_PLACEMENT_3D('',#23,#1483,#1484);
#1486 = PLANE('',#1485);
#1487 = FACE_SURFACE('',(#1482),#1486,.T.);
#1488 = POLY_LOOP('',(#23,#18,#17));
#1489 = FACE_OUTER_BOUND('',#1488,.T.);
#1490 = DIRECTION('',(0.000000,0.000000,1.000000));
#1491 = DIRECTION('',(1.000000,0.000000,0.000000));
#1492 = AXIS2_PLACEMENT_3D('',#23,#1490,#1491);
#1493 = PLANE('',#1492);
#1494 = FACE_SURFACE('',(#1489),#1493,.T.);
#1495 = POLY_LOOP('',(#23,#17,#84));
#1496 = FACE_OUTER_BOUND('',#1495,.T.);
#1497 = DIRECTION('',(0.000000,0.000000,1.000000));
#1498 = DIRECTION('',(1.000000,0.000000,0.000000));
#1499 = AXIS2_PLACEMENT_3D('',#23,#1497,#1498);
#1500 = PLANE('',#1499);
#1501 = FACE_SURFACE('',(#1496),#1500,.T.);
#1502 = POLY_LOOP('',(#84,#17,#102));
#1503 = FACE_OUTER_BOUND('',#1502,.T.);
#1504 = DIRECTION('',(0.000000,0.000000,1.000000));
#1505 = DIRECTION('',(1.000000,0.000000,0.000000));
#1506 = AXIS2_PLACEMENT_3D('',#84,#1504,#1505);
#1507 = PLANE('',#1506);
#1508 = FACE_SURFACE('',(#1503),#1507,.T.);
#1509 = POLY_LOOP('',(#84,#102,#101));
#1510 = FACE_OUTER_BOUND('',#1509,.T.);
#1511 = DIRECTION('',(0.000000,0.000000,1.000000));
#1512 = DIRECTION('',(1.000000,0.000000,0.000000));
#1513 = AXIS2_PLACEMENT_3D('',#84,#1511,#1512);
#1514 = PLANE('',#1513);
#1515 = FACE_SURFACE('',(#1510),#1514,.T.);
#1516 = POLY_LOOP('',(#101,#100,#84));
#1517 = FACE_OUTER_BOUND('',#1516,.T.);
#1518 = DIRECTION('',(0.000000,0.000000,1.000000));
#1519 = DIRECTION('',(1.000000,0.000000,0.000000));
#1520 = AXIS2_PLACEMENT_3D('',#101,#1518,#1519);
#1521 = PLANE('',#1520);
#1522 = FACE_SURFACE('',(#1517),#1521,.T.);
#1523 = POLY_LOOP('',(#84,#100,#91));
#1524 = FACE_OUTER_BOUND('',#1523,.T.);
#1525 = DIRECTION('',(0.000000,0.000000,1.000000));
#1526 = DIRECTION('',(1.000000,0.000000,0.000000));
#1527 = AXIS2_PLACEMENT_3D('',#84,#1525,#1526);
#1528 = PLANE('',#1527);
#1529 = FACE_SURFACE('',(#1524),#1528,.T.);
#1530 = POLY_LOOP('',(#91,#100,#90));
#1531 = FACE_OUTER_BOUND('',#1530,.T.);
#1532 = DIRECTION('',(0.000000,0.000000,1.000000));
#1533 = DIRECTION('',(1.000000,0.000000,0.000000));
#1534 = AXIS2_PLACEMENT_3D('',#91,#1532,#1533);
#1535 = PLANE('',#1534);
#1536 = FACE_SURFACE('',(#1531),#1535,.T.);
#1537 = POLY_LOOP('',(#90,#100,#99));
#1538 = FACE_OUTER_BOUND('',#1537,.T.);
#1539 = DIRECTION('',(0.000000,0.000000,1.000000));
#1540 = DIRECTION('',(1.000000,0.000000,0.000000));
#1541 = AXIS2_PLACEMENT_3D('',#90,#1539,#1540);
#1542 = PLANE('',#1541);
#1543 = FACE_SURFACE('',(#1538),#1542,.T.);
#1544 = POLY_LOOP('',(#90,#99,#89));
#1545 = FACE_OUTER_BOUND('',#1544,.T.);
#1546 = DIRECTION('',(0.000000,0.000000,1.000000));
#1547 = DIRECTION('',(1.000000,0.000000,0.000000));
#1548 = AXIS2_PLACEMENT_3D('',#90,#1546,#1547);
#1549 = PLANE('',#1548);
#1550 = FACE_SURFACE('',(#1545),#1549,.T.);
#1551 = POLY_LOOP('',(#89,#99,#93));
#1552 = FACE_OUTER_BOUND('',#1551,.T.);
#1553 = DIRECTION('',(0.000000,0.000000,1.000000));
#1554 = DIRECTION('',(1.000000,0.000000,0.000000));
#1555 = AXIS2_PLACEMENT_3D('',#89,#1553,#1554);
#1556 = PLANE('',#1555);
#1557 = FACE_SURFACE('',(#1552),#1556,.T.);
#1558 = POLY_LOOP('',(#89,#93,#92));
#1559 = FACE_OUTER_BOUND('',#1558,.T.);
#1560 = DIRECTION('',(0.000000,0.000000,1.000000));
#1561 = DIRECTION('',(1.000000,0.000000,0.000000));
#1562 = AXIS2_PLACEMENT_3D('',#89,#1560,#1561);
#1563 = PLANE('',#1562);
#1564 = FACE_SURFACE('',(#1559),#1563,.T.);
#1565 = POLY_LOOP('',(#98,#95,#99));
#1566 = FACE_OUTER_BOUND('',#1565,.T.);
#1567 = DIRECTION('',(0.000000,0.000000,1.000000));
#1568 = DIRECTION('',(1.000000,0.000000,0.000000));
#1569 = AXIS2_PLACEMENT_3D('',#98,#1567,#1568);
#1570 = PLANE('',#1569);
#1571 = FACE_SURFACE('',(#1566),#1570,.T.);
#1572 = POLY_LOOP('',(#99,#95,#94));
#1573 = FACE_OUTER_BOUND('',#1572,.T.);
#1574 = DIRECTION('',(0.000000,0.000000,1.000000));
#1575 = DIRECTION('',(1.000000,0.000000,0.000000));
#1576 = AXIS2_PLACEMENT_3D('',#99,#1574,#1575);
#1577 = PLANE('',#1576);
#1578 = FACE_SURFACE('',(#1573),#1577,.T.);
#1579 = POLY_LOOP('',(#99,#94,#93));
#1580 = FACE_OUTER_BOUND('',#1579,.T.);
#1581 = DIRECTION('',(0.000000,0.000000,1.000000));
#1582 = DIRECTION('',(1.000000,0.000000,0.000000));
#1583 = AXIS2_PLACEMENT_3D('',#99,#1581,#1582);
#1584 = PLANE('',#1583);
#1585 = FACE_SURFACE('',(#1580),#1584,.T.);
#1586 = POLY_LOOP('',(#97,#96,#98));
#1587 = FACE_OUTER_BOUND('',#1586,.T.);
#1588 = DIRECTION('',(0.000000,0.000000,1.000000));
#1589 = DIRECTION('',(1.000000,0.000000,0.000000));
#1590 = AXIS2_PLACEMENT_3D('',#97,#1588,#1589);
#1591 = PLANE('',#1590);
#1592 = FACE_SURFACE('',(#1587),#1591,.T.);
#1593 = POLY_LOOP('',(#98,#96,#95));
#1594 = FACE_OUTER_BOUND('',#1593,.T.);
#1595 = DIRECTION('',(0.000000,0.000000,1.000000));
#1596 = DIRECTION('',(1.000000,0.000000,0.000000));
#1597 = AXIS2_PLACEMENT_3D('',#98,#1595,#1596);
#1598 = PLANE('',#1597);
#1599 = FACE_SURFACE('',(#1594),#1598,.T.);
#1600 = POLY_LOOP('',(#89,#92,#88));
#1601 = FACE_OUTER_BOUND('',#1600,.T.);
#1602 = DIRECTION('',(0.000000,0.000000,1.000000));
#1603 = DIRECTION('',(1.000000,0.000000,0.000000));
#1604 = AXIS2_PLACEMENT_3D('',#89,#1602,#1603);
#1605 = PLANE('',#1604);
#1606 = FACE_SURFACE('',(#1601),#1605,.T.);
#1607 = POLY_LOOP('',(#88,#92,#103));
#1608 = FACE_OUTER_BOUND('',#1607,.T.);
#1609 = DIRECTION('',(0.000000,0.000000,1.000000));
#1610 = DIRECTION('',(1.000000,0.000000,0.000000));
#1611 = AXIS2_PLACEMENT_3D('',#88,#1609,#1610);
#1612 = PLANE('',#1611);
#1613 = FACE_SURFACE('',(#1608),#1612,.T.);
#1614 = POLY_LOOP('',(#88,#103,#87));
#1615 = FACE_OUTER_BOUND('',#1614,.T.);
#1616 = DIRECTION('',(0.000000,0.000000,1.000000));
#1617 = DIRECTION('',(1.000000,0.000000,0.000000));
#1618 = AXIS2_PLACEMENT_3D('',#88,#1616,#1617);
#1619 = PLANE('',#1618);
#1620 = FACE_SURFACE('',(#1615),#1619,.T.);
#1621 = POLY_LOOP('',(#87,#103,#86));
#1622 = FACE_OUTER_BOUND('',#1621,.T.);
#1623 = DIRECTION('',(0.000000,0.000000,1.000000));
#1624 = DIRECTION('',(1.000000,0.000000,0.000000));
#1625 = AXIS2_PLACEMENT_3D('',#87,#1623,#1624);
#1626 = PLANE('',#1625);
#1627 = FACE_SURFACE('',(#1622),#1626,.T.);
#1628 = POLY_LOOP('',(#86,#103,#85));
#1629 = FACE_OUTER_BOUND('',#1628,.T.);
#1630 = DIRECTION('',(0.000000,0.000000,1.000000));
#1631 = DIRECTION('',(1.000000,0.000000,0.000000));
#1632 = AXIS2_PLACEMENT_3D('',#86,#1630,#1631);
#1633 = PLANE('',#1632);
#1634 = FACE_SURFACE('',(#1629),#1633,.T.);
#1635 = POLY_LOOP('',(#85,#103,#104));
#1636 = FACE_OUTER_BOUND('',#1635,.T.);
#1637 = DIRECTION('',(0.000000,0.000000,1.000000));
#1638 = DIRECTION('',(1.000000,0.000000,0.000000));
#1639 = AXIS2_PLACEMENT_3D('',#85,#1637,#1638);
#1640 = PLANE('',#1639);
#1641 = FACE_SURFACE('',(#1636),#1640,.T.);
#1642 = POLY_LOOP('',(#85,#104,#105));
#1643 = FACE_OUTER_BOUND('',#1642,.T.);
#1644 = DIRECTION('',(0.000000,0.000000,1.000000));
#1645 = DIRECTION('',(1.000000,0.000000,0.000000));
#1646 = AXIS2_PLACEMENT_3D('',#85,#1644,#1645);
#1647 = PLANE('',#1646);
#1648 = FACE_SURFACE('',(#1643),#1647,.T.);
#1649 = POLY_LOOP('',(#105,#104,#106));
#1650 = FACE_OUTER_BOUND('',#1649,.T.);
#1651 = DIRECTION('',(0.000000,0.000000,1.000000));
#1652 = DIRECTION('',(1.000000,0.000000,0.000000));
#1653 = AXIS2_PLACEMENT_3D('',#105,#1651,#1652);
#1654 = PLANE('',#1653);
#1655 = FACE_SURFACE('',(#1650),#1654,.T.);
#1656 = POLY_LOOP('',(#105,#106,#107));
#1657 = FACE_OUTER_BOUND('',#1656,.T.);
#1658 = DIRECTION('',(0.000000,0.000000,1.000000));
#1659 = DIRECTION('',(1.000000,0.000000,0.000000));
#1660 = AXIS2_PLACEMENT_3D('',#105,#1658,#1659);
#1661 = PLANE('',#1660);
#1662 = FACE_SURFACE('',(#1657),#1661,.T.);
#1663 = POLY_LOOP('',(#107,#106,#108));
#1664 = FACE_OUTER_BOUND('',#1663,.T.);
#1665 = DIRECTION('',(0.000000,0.000000,1.000000));
#1666 = DIRECTION('',(1.000000,0.000000,0.000000));
#1667 = AXIS2_PLACEMENT_3D('',#107,#1665,#1666);
#1668 = PLANE('',#1667);
#1669 = FACE_SURFACE('',(#1664),#1668,.T.);
#1670 = POLY_LOOP('',(#107,#108,#109));
#1671 = FACE_OUTER_BOUND('',#1670,.T.);
#1672 = DIRECTION('',(0.000000,0.000000,1.000000));
#1673 = DIRECTION('',(1.000000,0.000000,0.000000));
#1674 = AXIS2_PLACEMENT_3D('',#107,#1672,#1673);
#1675 = PLANE('',#1674);
#1676 = FACE_SURFACE('',(#1671),#1675,.T.);
#1677 = POLY_LOOP('',(#109,#108,#110));
#1678 = FACE_OUTER_BOUND('',#1677,.T.);
#1679 = DIRECTION('',(0.000000,0.000000,1.000000));
#1680 = DIRECTION('',(1.000000,0.000000,0.000000));
#1681 = AXIS2_PLACEMENT_3D('',#109,#1679,#1680);
#1682 = PLANE('',#1681);
#1683 = FACE_SURFACE('',(#1678),#1682,.T.);
#1684 = POLY_LOOP('',(#109,#110,#111));
#1685 = FACE_OUTER_BOUND('',#1684,.T.);
#1686 = DIRECTION('',(0.000000,0.000000,1.000000));
#1687 = DIRECTION('',(1.000000,0.000000,0.000000));
#1688 = AXIS2_PLACEMENT_3D('',#109,#1686,#1687);
#1689 = PLANE('',#1688);
#1690 = FACE_SURFACE('',(#1685),#1689,.T.);
#1691 = POLY_LOOP('',(#111,#110,#112));
#1692 = FACE_OUTER_BOUND('',#1691,.T.);
#1693 = DIRECTION('',(0.000000,0.000000,1.000000));
#1694 = DIRECTION('',(1.000000,0.000000,0.000000));
#1695 = AXIS2_PLACEMENT_3D('',#111,#1693,#1694);
#1696 = PLANE('',#1695);
#1697 = FACE_SURFACE('',(#1692),#1696,.T.);
#1698 = POLY_LOOP('',(#111,#112,#113));
#1699 = FACE_OUTER_BOUND('',#1698,.T.);
#1700 = DIRECTION('',(0.000000,0.000000,1.000000));
#1701 = DIRECTION('',(1.000000,0.000000,0.000000));
#1702 = AXIS2_PLACEMENT_3D('',#111,#1700,#1701);
#1703 = PLANE('',#1702);
#1704 = FACE_SURFACE('',(#1699),#1703,.T.);
#1705 = POLY_LOOP('',(#113,#112,#114));
#1706 = FACE_OUTER_BOUND('',#1705,.T.);
#1707 = DIRECTION('',(0.000000,0.000000,1.000000));
#1708 = DIRECTION('',(1.000000,0.000000,0.000000));
#1709 = AXIS2_PLACEMENT_3D('',#113,#1707,#1708);
#1710 = PLANE('',#1709);
#1711 = FACE_SURFACE('',(#1706),#1710,.T.);
#1712 = POLY_LOOP('',(#113,#114,#115));
#1713 = FACE_OUTER_BOUND('',#1712,.T.);
#1714 = DIRECTION('',(0.000000,0.000000,1.000000));
#1715 = DIRECTION('',(1.000000,0.000000,0.000000));
#1716 = AXIS2_PLACEMENT_3D('',#113,#1714,#1715);
#1717 = PLANE('',#1716);
#1718 = FACE_SURFACE('',(#1713),#1717,.T.);
#1719 = POLY_LOOP('',(#115,#114,#116));
#1720 = FACE_OUTER_BOUND('',#1719,.T.);
#1721 = DIRECTION('',(0.000000,0.000000,1.000000));
#1722 = DIRECTION('',(1.000000,0.000000,0.000000));
#1723 = AXIS2_PLACEMENT_3D('',#115,#1721,#1722);
#1724 = PLANE('',#1723);
#1725 = FACE_SURFACE('',(#1720),#1724,.T.);
#1726 = POLY_LOOP('',(#115,#116,#117));
#1727 = FACE_OUTER_BOUND('',#1726,.T.);
#1728 = DIRECTION('',(0.000000,0.000000,1.000000));
#1729 = DIRECTION('',(1.000000,0.000000,0.000000));
#1730 = AXIS2_PLACEMENT_3D('',#115,#1728,#1729);
#1731 = PLANE('',#1730);
#1732 = FACE_SURFACE('',(#1727),#1731,.T.);
#1733 = POLY_LOOP('',(#117,#116,#118));
#1734 = FACE_OUTER_BOUND('',#1733,.T.);
#1735 = DIRECTION('',(0.000000,0.000000,1.000000));
#1736 = DIRECTION('',(1.000000,0.000000,0.000000));
#1737 = AXIS2_PLACEMENT_3D('',#117,#1735,#1736);
#1738 = PLANE('',#1737);
#1739 = FACE_SURFACE('',(#1734),#1738,.T.);
#1740 = POLY_LOOP('',(#118,#116,#119));
#1741 = FACE_OUTER_BOUND('',#1740,.T.);
#1742 = DIRECTION('',(0.000000,0.000000,1.000000));
#1743 = DIRECTION('',(1.000000,0.000000,0.000000));
#1744 = AXIS2_PLACEMENT_3D('',#118,#1742,#1743);
#1745 = PLANE('',#1744);
#1746 = FACE_SURFACE('',(#1741),#1745,.T.);
#1747 = POLY_LOOP('',(#118,#119,#120));
#1748 = FACE_OUTER_BOUND('',#1747,.T.);
#1749 = DIRECTION('',(0.000000,0.000000,1.000000));
#1750 = DIRECTION('',(1.000000,0.000000,0.000000));
#1751 = AXIS2_PLACEMENT_3D('',#118,#1749,#1750);
#1752 = PLANE('',#1751);
#1753 = FACE_SURFACE('',(#1748),#1752,.T.);
#1754 = POLY_LOOP('',(#121,#122,#116));
#1755 = FACE_OUTER_BOUND('',#1754,.T.);
#1756 = DIRECTION('',(0.000000,0.000000,1.000000));
#1757 = DIRECTION('',(1.000000,0.000000,0.000000));
#1758 = AXIS2_PLACEMENT_3D('',#121,#1756,#1757);
#1759 = PLANE('',#1758);
#1760 = FACE_SURFACE('',(#1755),#1759,.T.);
#1761 = POLY_LOOP('',(#116,#122,#123));
#1762 = FACE_OUTER_BOUND('',#1761,.T.);
#1763 = DIRECTION('',(0.000000,0.000000,1.000000));
#1764 = DIRECTION('',(1.000000,0.000000,0.000000));
#1765 = AXIS2_PLACEMENT_3D('',#116,#1763,#1764);
#1766 = PLANE('',#1765);
#1767 = FACE_SURFACE('',(#1762),#1766,.T.);
#1768 = POLY_LOOP('',(#116,#123,#119));
#1769 = FACE_OUTER_BOUND('',#1768,.T.);
#1770 = DIRECTION('',(0.000000,0.000000,1.000000));
#1771 = DIRECTION('',(1.000000,0.000000,0.000000));
#1772 = AXIS2_PLACEMENT_3D('',#116,#1770,#1771);
#1773 = PLANE('',#1772);
#1774 = FACE_SURFACE('',(#1769),#1773,.T.);
#1775 = POLY_LOOP('',(#121,#124,#122));
#1776 = FACE_OUTER_BOUND('',#1775,.T.);
#1777 = DIRECTION('',(0.000000,0.000000,1.000000));
#1778 = DIRECTION('',(1.000000,0.000000,0.000000));
#1779 = AXIS2_PLACEMENT_3D('',#121,#1777,#1778);
#1780 = PLANE('',#1779);
#1781 = FACE_SURFACE('',(#1776),#1780,.T.);
#1782 = POLY_LOOP('',(#120,#125,#118));
#1783 = FACE_OUTER_BOUND('',#1782,.T.);
#1784 = DIRECTION('',(0.000000,0.000000,1.000000));
#1785 = DIRECTION('',(1.000000,0.000000,0.000000));
#1786 = AXIS2_PLACEMENT_3D('',#120,#1784,#1785);
#1787 = PLANE('',#1786);
#1788 = FACE_SURFACE('',(#1783),#1787,.T.);
#1789 = POLY_LOOP('',(#118,#125,#126));
#1790 = FACE_OUTER_BOUND('',#1789,.T.);
#1791 = DIRECTION('',(0.000000,0.000000,1.000000));
#1792 = DIRECTION('',(1.000000,0.000000,0.000000));
#1793 = AXIS2_PLACEMENT_3D('',#118,#1791,#1792);
#1794 = PLANE('',#1793);
#1795 = FACE_SURFACE('',(#1790),#1794,.T.);
#1796 = POLY_LOOP('',(#118,#126,#127));
#1797 = FACE_OUTER_BOUND('',#1796,.T.);
#1798 = DIRECTION('',(0.000000,0.000000,1.000000));
#1799 = DIRECTION('',(1.000000,0.000000,0.000000));
#1800 = AXIS2_PLACEMENT_3D('',#118,#1798,#1799);
#1801 = PLANE('',#1800);
#1802 = FACE_SURFACE('',(#1797),#1801,.T.);
#1803 = POLY_LOOP('',(#127,#128,#118));
#1804 = FACE_OUTER_BOUND('',#1803,.T.);
#1805 = DIRECTION('',(0.000000,0.000000,1.000000));
#1806 = DIRECTION('',(1.000000,0.000000,0.000000));
#1807 = AXIS2_PLACEMENT_3D('',#127,#1805,#1806);
#1808 = PLANE('',#1807);
#1809 = FACE_SURFACE('',(#1804),#1808,.T.);
#1810 = POLY_LOOP('',(#71,#126,#72));
#1811 = FACE_OUTER_BOUND('',#1810,.T.);
#1812 = DIRECTION('',(0.000000,0.000000,1.000000));
#1813 = DIRECTION('',(1.000000,0.000000,0.000000));
#1814 = AXIS2_PLACEMENT_3D('',#71,#1812,#1813);
#1815 = PLANE('',#1814);
#1816 = FACE_SURFACE('',(#1811),#1815,.T.);
#1817 = POLY_LOOP('',(#72,#126,#125));
#1818 = FACE_OUTER_BOUND('',#1817,.T.);
#1819 = DIRECTION('',(0.000000,0.000000,1.000000));
#1820 = DIRECTION('',(1.000000,0.000000,0.000000));
#1821 = AXIS2_PLACEMENT_3D('',#72,#1819,#1820);
#1822 = PLANE('',#1821);
#1823 = FACE_SURFACE('',(#1818),#1822,.T.);
#1824 = POLY_LOOP('',(#72,#125,#120));
#1825 = FACE_OUTER_BOUND('',#1824,.T.);
#1826 = DIRECTION('',(0.000000,0.000000,1.000000));
#1827 = DIRECTION('',(1.000000,0.000000,0.000000));
#1828 = AXIS2_PLACEMENT_3D('',#72,#1826,#1827);
#1829 = PLANE('',#1828);
#1830 = FACE_SURFACE('',(#1825),#1829,.T.);
#1831 = POLY_LOOP('',(#72,#120,#73));
#1832 = FACE_OUTER_BOUND('',#1831,.T.);
#1833 = DIRECTION('',(0.000000,0.000000,1.000000));
#1834 = DIRECTION('',(1.000000,0.000000,0.000000));
#1835 = AXIS2_PLACEMENT_3D('',#72,#1833,#1834);
#1836 = PLANE('',#1835);
#1837 = FACE_SURFACE('',(#1832),#1836,.T.);
#1838 = POLY_LOOP('',(#73,#120,#119));
#1839 = FACE_OUTER_BOUND('',#1838,.T.);
#1840 = DIRECTION('',(0.000000,0.000000,1.000000));
#1841 = DIRECTION('',(1.000000,0.000000,0.000000));
#1842 = AXIS2_PLACEMENT_3D('',#73,#1840,#1841);
#1843 = PLANE('',#1842);
#1844 = FACE_SURFACE('',(#1839),#1843,.T.);
#1845 = POLY_LOOP('',(#73,#119,#74));
#1846 = FACE_OUTER_BOUND('',#1845,.T.);
#1847 = DIRECTION('',(0.000000,0.000000,1.000000));
#1848 = DIRECTION('',(1.000000,0.000000,0.000000));
#1849 = AXIS2_PLACEMENT_3D('',#73,#1847,#1848);
#1850 = PLANE('',#1849);
#1851 = FACE_SURFACE('',(#1846),#1850,.T.);
#1852 = POLY_LOOP('',(#74,#119,#123));
#1853 = FACE_OUTER_BOUND('',#1852,.T.);
#1854 = DIRECTION('',(0.000000,0.000000,1.000000));
#1855 = DIRECTION('',(1.000000,0.000000,0.000000));
#1856 = AXIS2_PLACEMENT_3D('',#74,#1854,#1855);
#1857 = PLANE('',#1856);
#1858 = FACE_SURFACE('',(#1853),#1857,.T.);
#1859 = POLY_LOOP('',(#74,#123,#75));
#1860 = FACE_OUTER_BOUND('',#1859,.T.);
#1861 = DIRECTION('',(0.000000,0.000000,1.000000));
#1862 = DIRECTION('',(1.000000,0.000000,0.000000));
#1863 = AXIS2_PLACEMENT_3D('',#74,#1861,#1862);
#1864 = PLANE('',#1863);
#1865 = FACE_SURFACE('',(#1860),#1864,.T.);
#1866 = POLY_LOOP('',(#75,#123,#122));
#1867 = FACE_OUTER_BOUND('',#1866,.T.);
#1868 = DIRECTION('',(0.000000,0.000000,1.000000));
#1869 = DIRECTION('',(1.000000,0.000000,0.000000));
#1870 = AXIS2_PLACEMENT_3D('',#75,#1868,#1869);
#1871 = PLANE('',#1870);
#1872 = FACE_SURFACE('',(#1867),#1871,.T.);
#1873 = POLY_LOOP('',(#75,#122,#76));
#1874 = FACE_OUTER_BOUND('',#1873,.T.);
#1875 = DIRECTION('',(0.000000,0.000000,1.000000));
#1876 = DIRECTION('',(1.000000,0.000000,0.000000));
#1877 = AXIS2_PLACEMENT_3D('',#75,#1875,#1876);
#1878 = PLANE('',#1877);
#1879 = FACE_SURFACE('',(#1874),#1878,.T.);
#1880 = POLY_LOOP('',(#76,#122,#124));
#1881 = FACE_OUTER_BOUND('',#1880,.T.);
#1882 = DIRECTION('',(0.000000,0.000000,1.000000));
#1883 = DIRECTION('',(1.000000,0.000000,0.000000));
#1884 = AXIS2_PLACEMENT_3D('',#76,#1882,#1883);
#1885 = PLANE('',#1884);
#1886 = FACE_SURFACE('',(#1881),#1885,.T.);
#1887 = POLY_LOOP('',(#76,#124,#77));
#1888 = FACE_OUTER_BOUND('',#1887,.T.);
#1889 = DIRECTION('',(0.000000,0.000000,1.000000));
#1890 = DIRECTION('',(1.000000,0.000000,0.000000));
#1891 = AXIS2_PLACEMENT_3D('',#76,#1889,#1890);
#1892 = PLANE('',#1891);
#1893 = FACE_SURFACE('',(#1888),#1892,.T.);
#1894 = POLY_LOOP('',(#77,#124,#78));
#1895 = FACE_OUTER_BOUND('',#1894,.T.);
#1896 = DIRECTION('',(0.000000,0.000000,1.000000));
#1897 = DIRECTION('',(1.000000,0.000000,0.000000));
#1898 = AXIS2_PLACEMENT_3D('',#77,#1896,#1897);
#1899 = PLANE('',#1898);
#1900 = FACE_SURFACE('',(#1895),#1899,.T.);
#1901 = POLY_LOOP('',(#78,#124,#121));
#1902 = FACE_OUTER_BOUND('',#1901,.T.);
#1903 = DIRECTION('',(0.000000,0.000000,1.000000));
#1904 = DIRECTION('',(1.000000,0.000000,0.000000));
#1905 = AXIS2_PLACEMENT_3D('',#78,#1903,#1904);
#1906 = PLANE('',#1905);
#1907 = FACE_SURFACE('',(#1902),#1906,.T.);
#1908 = POLY_LOOP('',(#71,#70,#126));
#1909 = FACE_OUTER_BOUND('',#1908,.T.);
#1910 = DIRECTION('',(0.000000,0.000000,1.000000));
#1911 = DIRECTION('',(1.000000,0.000000,0.000000));
#1912 = AXIS2_PLACEMENT_3D('',#71,#1910,#1911);
#1913 = PLANE('',#1912);
#1914 = FACE_SURFACE('',(#1909),#1913,.T.);
#1915 = POLY_LOOP('',(#126,#70,#127));
#1916 = FACE_OUTER_BOUND('',#1915,.T.);
#1917 = DIRECTION('',(0.000000,0.000000,1.000000));
#1918 = DIRECTION('',(1.000000,0.000000,0.000000));
#1919 = AXIS2_PLACEMENT_3D('',#126,#1917,#1918);
#1920 = PLANE('',#1919);
#1921 = FACE_SURFACE('',(#1916),#1920,.T.);
#1922 = POLY_LOOP('',(#118,#128,#68));
#1923 = FACE_OUTER_BOUND('',#1922,.T.);
#1924 = DIRECTION('',(0.000000,0.000000,1.000000));
#1925 = DIRECTION('',(1.000000,0.000000,0.000000));
#1926 = AXIS2_PLACEMENT_3D('',#118,#1924,#1925);
#1927 = PLANE('',#1926);
#1928 = FACE_SURFACE('',(#1923),#1927,.T.);
#1929 = POLY_LOOP('',(#68,#128,#69));
#1930 = FACE_OUTER_BOUND('',#1929,.T.);
#1931 = DIRECTION('',(0.000000,0.000000,1.000000));
#1932 = DIRECTION('',(1.000000,0.000000,0.000000));
#1933 = AXIS2_PLACEMENT_3D('',#68,#1931,#1932);
#1934 = PLANE('',#1933);
#1935 = FACE_SURFACE('',(#1930),#1934,.T.);
#1936 = POLY_LOOP('',(#45,#85,#48));
#1937 = FACE_OUTER_BOUND('',#1936,.T.);
#1938 = DIRECTION('',(0.000000,0.000000,1.000000));
#1939 = DIRECTION('',(1.000000,0.000000,0.000000));
#1940 = AXIS2_PLACEMENT_3D('',#45,#1938,#1939);
#1941 = PLANE('',#1940);
#1942 = FACE_SURFACE('',(#1937),#1941,.T.);
#1943 = POLY_LOOP('',(#48,#85,#105));
#1944 = FACE_OUTER_BOUND('',#1943,.T.);
#1945 = DIRECTION('',(0.000000,0.000000,1.000000));
#1946 = DIRECTION('',(1.000000,0.000000,0.000000));
#1947 = AXIS2_PLACEMENT_3D('',#48,#1945,#1946);
#1948 = PLANE('',#1947);
#1949 = FACE_SURFACE('',(#1944),#1948,.T.);
#1950 = POLY_LOOP('',(#48,#105,#107));
#1951 = FACE_OUTER_BOUND('',#1950,.T.);
#1952 = DIRECTION('',(0.000000,0.000000,1.000000));
#1953 = DIRECTION('',(1.000000,0.000000,0.000000));
#1954 = AXIS2_PLACEMENT_3D('',#48,#1952,#1953);
#1955 = PLANE('',#1954);
#1956 = FACE_SURFACE('',(#1951),#1955,.T.);
#1957 = POLY_LOOP('',(#48,#107,#47));
#1958 = FACE_OUTER_BOUND('',#1957,.T.);
#1959 = DIRECTION('',(0.000000,0.000000,1.000000));
#1960 = DIRECTION('',(1.000000,0.000000,0.000000));
#1961 = AXIS2_PLACEMENT_3D('',#48,#1959,#1960);
#1962 = PLANE('',#1961);
#1963 = FACE_SURFACE('',(#1958),#1962,.T.);
#1964 = POLY_LOOP('',(#47,#107,#109));
#1965 = FACE_OUTER_BOUND('',#1964,.T.);
#1966 = DIRECTION('',(0.000000,0.000000,1.000000));
#1967 = DIRECTION('',(1.000000,0.000000,0.000000));
#1968 = AXIS2_PLACEMENT_3D('',#47,#1966,#1967);
#1969 = PLANE('',#1968);
#1970 = FACE_SURFACE('',(#1965),#1969,.T.);
#1971 = POLY_LOOP('',(#47,#109,#59));
#1972 = FACE_OUTER_BOUND('',#1971,.T.);
#1973 = DIRECTION('',(0.000000,0.000000,1.000000));
#1974 = DIRECTION('',(1.000000,0.000000,0.000000));
#1975 = AXIS2_PLACEMENT_3D('',#47,#1973,#1974);
#1976 = PLANE('',#1975);
#1977 = FACE_SURFACE('',(#1972),#1976,.T.);
#1978 = POLY_LOOP('',(#59,#109,#111));
#1979 = FACE_OUTER_BOUND('',#1978,.T.);
#1980 = DIRECTION('',(0.000000,0.000000,1.000000));
#1981 = DIRECTION('',(1.000000,0.000000,0.000000));
#1982 = AXIS2_PLACEMENT_3D('',#59,#1980,#1981);
#1983 = PLANE('',#1982);
#1984 = FACE_SURFACE('',(#1979),#1983,.T.);
#1985 = POLY_LOOP('',(#59,#111,#61));
#1986 = FACE_OUTER_BOUND('',#1985,.T.);
#1987 = DIRECTION('',(0.000000,0.000000,1.000000));
#1988 = DIRECTION('',(1.000000,0.000000,0.000000));
#1989 = AXIS2_PLACEMENT_3D('',#59,#1987,#1988);
#1990 = PLANE('',#1989);
#1991 = FACE_SURFACE('',(#1986),#1990,.T.);
#1992 = POLY_LOOP('',(#61,#111,#113));
#1993 = FACE_OUTER_BOUND('',#1992,.T.);
#1994 = DIRECTION('',(0.000000,0.000000,1.000000));
#1995 = DIRECTION('',(1.000000,0.000000,0.000000));
#1996 = AXIS2_PLACEMENT_3D('',#61,#1994,#1995);
#1997 = PLANE('',#1996);
#1998 = FACE_SURFACE('',(#1993),#1997,.T.);
#1999 = POLY_LOOP('',(#61,#113,#63));
#2000 = FACE_OUTER_BOUND('',#1999,.T.);
#2001 = DIRECTION('',(0.000000,0.000000,1.000000));
#2002 = DIRECTION('',(1.000000,0.000000,0.000000));
#2003 = AXIS2_PLACEMENT_3D('',#61,#2001,#2002);
#2004 = PLANE('',#2003);
#2005 = FACE_SURFACE('',(#2000),#2004,.T.);
#2006 = POLY_LOOP('',(#63,#113,#115));
#2007 = FACE_OUTER_BOUND('',#2006,.T.);
#2008 = DIRECTION('',(0.000000,0.000000,1.000000));
#2009 = DIRECTION('',(1.000000,0.000000,0.000000));
#2010 = AXIS2_PLACEMENT_3D('',#63,#2008,#2009);
#2011 = PLANE('',#2010);
#2012 = FACE_SURFACE('',(#2007),#2011,.T.);
#2013 = POLY_LOOP('',(#63,#115,#65));
#2014 = FACE_OUTER_BOUND('',#2013,.T.);
#2015 = DIRECTION('',(0.000000,0.000000,1.000000));
#2016 = DIRECTION('',(1.000000,0.000000,0.000000));
#2017 = AXIS2_PLACEMENT_3D('',#63,#2015,#2016);
#2018 = PLANE('',#2017);
#2019 = FACE_SURFACE('',(#2014),#2018,.T.);
#2020 = POLY_LOOP('',(#65,#115,#117));
#2021 = FACE_OUTER_BOUND('',#2020,.T.);
#2022 = DIRECTION('',(0.000000,0.000000,1.000000));
#2023 = DIRECTION('',(1.000000,0.000000,0.000000));
#2024 = AXIS2_PLACEMENT_3D('',#65,#2022,#2023);
#2025 = PLANE('',#2024);
#2026 = FACE_SURFACE('',(#2021),#2025,.T.);
#2027 = POLY_LOOP('',(#65,#117,#67));
#2028 = FACE_OUTER_BOUND('',#2027,.T.);
#2029 = DIRECTION('',(0.000000,0.000000,1.000000));
#2030 = DIRECTION('',(1.000000,0.000000,0.000000));
#2031 = AXIS2_PLACEMENT_3D('',#65,#2029,#2030);
#2032 = PLANE('',#2031);
#2033 = FACE_SURFACE('',(#2028),#2032,.T.);
#2034 = POLY_LOOP('',(#67,#117,#68));
#2035 = FACE_OUTER_BOUND('',#2034,.T.);
#2036 = DIRECTION('',(0.000000,0.000000,1.000000));
#2037 = DIRECTION('',(1.000000,0.000000,0.000000));
#2038 = AXIS2_PLACEMENT_3D('',#67,#2036,#2037);
#2039 = PLANE('',#2038);
#2040 = FACE_SURFACE('',(#2035),#2039,.T.);
#2041 = POLY_LOOP('',(#68,#117,#118));
#2042 = FACE_OUTER_BOUND('',#2041,.T.);
#2043 = DIRECTION('',(0.000000,0.000000,1.000000));
#2044 = DIRECTION('',(1.000000,0.000000,0.000000));
#2045 = AXIS2_PLACEMENT_3D('',#68,#2043,#2044);
#2046 = PLANE('',#2045);
#2047 = FACE_SURFACE('',(#2042),#2046,.T.);
#2048 = POLY_LOOP('',(#128,#127,#69));
#2049 = FACE_OUTER_BOUND('',#2048,.T.);
#2050 = DIRECTION('',(0.000000,0.000000,1.000000));
#2051 = DIRECTION('',(1.000000,0.000000,0.000000));
#2052 = AXIS2_PLACEMENT_3D('',#128,#2050,#2051);
#2053 = PLANE('',#2052);
#2054 = FACE_SURFACE('',(#2049),#2053,.T.);
#2055 = POLY_LOOP('',(#69,#127,#70));
#2056 = FACE_OUTER_BOUND('',#2055,.T.);
#2057 = DIRECTION('',(0.000000,0.000000,1.000000));
#2058 = DIRECTION('',(1.000000,0.000000,0.000000));
#2059 = AXIS2_PLACEMENT_3D('',#69,#2057,#2058);
#2060 = PLANE('',#2059);
#2061 = FACE_SURFACE('',(#2056),#2060,.T.);
#2062 = POLY_LOOP('',(#92,#54,#103));
#2063 = FACE_OUTER_BOUND('',#2062,.T.);
#2064 = DIRECTION('',(0.000000,0.000000,1.000000));
#2065 = DIRECTION('',(1.000000,0.000000,0.000000));
#2066 = AXIS2_PLACEMENT_3D('',#92,#2064,#2065);
#2067 = PLANE('',#2066);
#2068 = FACE_SURFACE('',(#2063),#2067,.T.);
#2069 = POLY_LOOP('',(#103,#54,#55));
#2070 = FACE_OUTER_BOUND('',#2069,.T.);
#2071 = DIRECTION('',(0.000000,0.000000,1.000000));
#2072 = DIRECTION('',(1.000000,0.000000,0.000000));
#2073 = AXIS2_PLACEMENT_3D('',#103,#2071,#2072);
#2074 = PLANE('',#2073);
#2075 = FACE_SURFACE('',(#2070),#2074,.T.);
#2076 = POLY_LOOP('',(#103,#55,#104));
#2077 = FACE_OUTER_BOUND('',#2076,.T.);
#2078 = DIRECTION('',(0.000000,0.000000,1.000000));
#2079 = DIRECTION('',(1.000000,0.000000,0.000000));
#2080 = AXIS2_PLACEMENT_3D('',#103,#2078,#2079);
#2081 = PLANE('',#2080);
#2082 = FACE_SURFACE('',(#2077),#2081,.T.);
#2083 = POLY_LOOP('',(#104,#55,#56));
#2084 = FACE_OUTER_BOUND('',#2083,.T.);
#2085 = DIRECTION('',(0.000000,0.000000,1.000000));
#2086 = DIRECTION('',(1.000000,0.000000,0.000000));
#2087 = AXIS2_PLACEMENT_3D('',#104,#2085,#2086);
#2088 = PLANE('',#2087);
#2089 = FACE_SURFACE('',(#2084),#2088,.T.);
#2090 = POLY_LOOP('',(#104,#56,#106));
#2091 = FACE_OUTER_BOUND('',#2090,.T.);
#2092 = DIRECTION('',(0.000000,0.000000,1.000000));
#2093 = DIRECTION('',(1.000000,0.000000,0.000000));
#2094 = AXIS2_PLACEMENT_3D('',#104,#2092,#2093);
#2095 = PLANE('',#2094);
#2096 = FACE_SURFACE('',(#2091),#2095,.T.);
#2097 = POLY_LOOP('',(#106,#56,#57));
#2098 = FACE_OUTER_BOUND('',#2097,.T.);
#2099 = DIRECTION('',(0.000000,0.000000,1.000000));
#2100 = DIRECTION('',(1.000000,0.000000,0.000000));
#2101 = AXIS2_PLACEMENT_3D('',#106,#2099,#2100);
#2102 = PLANE('',#2101);
#2103 = FACE_SURFACE('',(#2098),#2102,.T.);
#2104 = POLY_LOOP('',(#106,#57,#108));
#2105 = FACE_OUTER_BOUND('',#2104,.T.);
#2106 = DIRECTION('',(0.000000,0.000000,1.000000));
#2107 = DIRECTION('',(1.000000,0.000000,0.000000));
#2108 = AXIS2_PLACEMENT_3D('',#106,#2106,#2107);
#2109 = PLANE('',#2108);
#2110 = FACE_SURFACE('',(#2105),#2109,.T.);
#2111 = POLY_LOOP('',(#108,#57,#58));
#2112 = FACE_OUTER_BOUND('',#2111,.T.);
#2113 = DIRECTION('',(0.000000,0.000000,1.000000));
#2114 = DIRECTION('',(1.000000,0.000000,0.000000));
#2115 = AXIS2_PLACEMENT_3D('',#108,#2113,#2114);
#2116 = PLANE('',#2115);
#2117 = FACE_SURFACE('',(#2112),#2116,.T.);
#2118 = POLY_LOOP('',(#108,#58,#110));
#2119 = FACE_OUTER_BOUND('',#2118,.T.);
#2120 = DIRECTION('',(0.000000,0.000000,1.000000));
#2121 = DIRECTION('',(1.000000,0.000000,0.000000));
#2122 = AXIS2_PLACEMENT_3D('',#108,#2120,#2121);
#2123 = PLANE('',#2122);
#2124 = FACE_SURFACE('',(#2119),#2123,.T.);
#2125 = POLY_LOOP('',(#110,#58,#60));
#2126 = FACE_OUTER_BOUND('',#2125,.T.);
#2127 = DIRECTION('',(0.000000,0.000000,1.000000));
#2128 = DIRECTION('',(1.000000,0.000000,0.000000));
#2129 = AXIS2_PLACEMENT_3D('',#110,#2127,#2128);
#2130 = PLANE('',#2129);
#2131 = FACE_SURFACE('',(#2126),#2130,.T.);
#2132 = POLY_LOOP('',(#110,#60,#112));
#2133 = FACE_OUTER_BOUND('',#2132,.T.);
#2134 = DIRECTION('',(0.000000,0.000000,1.000000));
#2135 = DIRECTION('',(1.000000,0.000000,0.000000));
#2136 = AXIS2_PLACEMENT_3D('',#110,#2134,#2135);
#2137 = PLANE('',#2136);
#2138 = FACE_SURFACE('',(#2133),#2137,.T.);
#2139 = POLY_LOOP('',(#112,#60,#62));
#2140 = FACE_OUTER_BOUND('',#2139,.T.);
#2141 = DIRECTION('',(0.000000,0.000000,1.000000));
#2142 = DIRECTION('',(1.000000,0.000000,0.000000));
#2143 = AXIS2_PLACEMENT_3D('',#112,#2141,#2142);
#2144 = PLANE('',#2143);
#2145 = FACE_SURFACE('',(#2140),#2144,.T.);
#2146 = POLY_LOOP('',(#112,#62,#114));
#2147 = FACE_OUTER_BOUND('',#2146,.T.);
#2148 = DIRECTION('',(0.000000,0.000000,1.000000));
#2149 = DIRECTION('',(1.000000,0.000000,0.000000));
#2150 = AXIS2_PLACEMENT_3D('',#112,#2148,#2149);
#2151 = PLANE('',#2150);
#2152 = FACE_SURFACE('',(#2147),#2151,.T.);
#2153 = POLY_LOOP('',(#114,#62,#64));
#2154 = FACE_OUTER_BOUND('',#2153,.T.);
#2155 = DIRECTION('',(0.000000,0.000000,1.000000));
#2156 = DIRECTION('',(1.000000,0.000000,0.000000));
#2157 = AXIS2_PLACEMENT_3D('',#114,#2155,#2156);
#2158 = PLANE('',#2157);
#2159 = FACE_SURFACE('',(#2154),#2158,.T.);
#2160 = POLY_LOOP('',(#114,#64,#116));
#2161 = FACE_OUTER_BOUND('',#2160,.T.);
#2162 = DIRECTION('',(0.000000,0.000000,1.000000));
#2163 = DIRECTION('',(1.000000,0.000000,0.000000));
#2164 = AXIS2_PLACEMENT_3D('',#114,#2162,#2163);
#2165 = PLANE('',#2164);
#2166 = FACE_SURFACE('',(#2161),#2165,.T.);
#2167 = POLY_LOOP('',(#116,#64,#66));
#2168 = FACE_OUTER_BOUND('',#2167,.T.);
#2169 = DIRECTION('',(0.000000,0.000000,1.000000));
#2170 = DIRECTION('',(1.000000,0.000000,0.000000));
#2171 = AXIS2_PLACEMENT_3D('',#116,#2169,#2170);
#2172 = PLANE('',#2171);
#2173 = FACE_SURFACE('',(#2168),#2172,.T.);
#2174 = POLY_LOOP('',(#116,#66,#121));
#2175 = FACE_OUTER_BOUND('',#2174,.T.);
#2176 = DIRECTION('',(0.000000,0.000000,1.000000));
#2177 = DIRECTION('',(1.000000,0.000000,0.000000));
#2178 = AXIS2_PLACEMENT_3D('',#116,#2176,#2177);
#2179 = PLANE('',#2178);
#2180 = FACE_SURFACE('',(#2175),#2179,.T.);
#2181 = POLY_LOOP('',(#121,#66,#78));
#2182 = FACE_OUTER_BOUND('',#2181,.T.);
#2183 = DIRECTION('',(0.000000,0.000000,1.000000));
#2184 = DIRECTION('',(1.000000,0.000000,0.000000));
#2185 = AXIS2_PLACEMENT_3D('',#121,#2183,#2184);
#2186 = PLANE('',#2185);
#2187 = FACE_SURFACE('',(#2182),#2186,.T.);
#2188 = POLY_LOOP('',(#31,#49,#17));
#2189 = FACE_OUTER_BOUND('',#2188,.T.);
#2190 = DIRECTION('',(0.000000,0.000000,1.000000));
#2191 = DIRECTION('',(1.000000,0.000000,0.000000));
#2192 = AXIS2_PLACEMENT_3D('',#31,#2190,#2191);
#2193 = PLANE('',#2192);
#2194 = FACE_SURFACE('',(#2189),#2193,.T.);
#2195 = POLY_LOOP('',(#17,#49,#102));
#2196 = FACE_OUTER_BOUND('',#2195,.T.);
#2197 = DIRECTION('',(0.000000,0.000000,1.000000));
#2198 = DIRECTION('',(1.000000,0.000000,0.000000));
#2199 = AXIS2_PLACEMENT_3D('',#17,#2197,#2198);
#2200 = PLANE('',#2199);
#2201 = FACE_SURFACE('',(#2196),#2200,.T.);
#2202 = POLY_LOOP('',(#31,#17,#33));
#2203 = FACE_OUTER_BOUND('',#2202,.T.);
#2204 = DIRECTION('',(0.000000,0.000000,1.000000));
#2205 = DIRECTION('',(1.000000,0.000000,0.000000));
#2206 = AXIS2_PLACEMENT_3D('',#31,#2204,#2205);
#2207 = PLANE('',#2206);
#2208 = FACE_SURFACE('',(#2203),#2207,.T.);
#2209 = POLY_LOOP('',(#33,#17,#18));
#2210 = FACE_OUTER_BOUND('',#2209,.T.);
#2211 = DIRECTION('',(0.000000,0.000000,1.000000));
#2212 = DIRECTION('',(1.000000,0.000000,0.000000));
#2213 = AXIS2_PLACEMENT_3D('',#33,#2211,#2212);
#2214 = PLANE('',#2213);
#2215 = FACE_SURFACE('',(#2210),#2214,.T.);
#2216 = POLY_LOOP('',(#33,#18,#34));
#2217 = FACE_OUTER_BOUND('',#2216,.T.);
#2218 = DIRECTION('',(0.000000,0.000000,1.000000));
#2219 = DIRECTION('',(1.000000,0.000000,0.000000));
#2220 = AXIS2_PLACEMENT_3D('',#33,#2218,#2219);
#2221 = PLANE('',#2220);
#2222 = FACE_SURFACE('',(#2217),#2221,.T.);
#2223 = POLY_LOOP('',(#34,#18,#20));
#2224 = FACE_OUTER_BOUND('',#2223,.T.);
#2225 = DIRECTION('',(0.000000,0.000000,1.000000));
#2226 = DIRECTION('',(1.000000,0.000000,0.000000));
#2227 = AXIS2_PLACEMENT_3D('',#34,#2225,#2226);
#2228 = PLANE('',#2227);
#2229 = FACE_SURFACE('',(#2224),#2228,.T.);
#2230 = POLY_LOOP('',(#34,#20,#36));
#2231 = FACE_OUTER_BOUND('',#2230,.T.);
#2232 = DIRECTION('',(0.000000,0.000000,1.000000));
#2233 = DIRECTION('',(1.000000,0.000000,0.000000));
#2234 = AXIS2_PLACEMENT_3D('',#34,#2232,#2233);
#2235 = PLANE('',#2234);
#2236 = FACE_SURFACE('',(#2231),#2235,.T.);
#2237 = POLY_LOOP('',(#36,#20,#19));
#2238 = FACE_OUTER_BOUND('',#2237,.T.);
#2239 = DIRECTION('',(0.000000,0.000000,1.000000));
#2240 = DIRECTION('',(1.000000,0.000000,0.000000));
#2241 = AXIS2_PLACEMENT_3D('',#36,#2239,#2240);
#2242 = PLANE('',#2241);
#2243 = FACE_SURFACE('',(#2238),#2242,.T.);
#2244 = POLY_LOOP('',(#36,#19,#35));
#2245 = FACE_OUTER_BOUND('',#2244,.T.);
#2246 = DIRECTION('',(0.000000,0.000000,1.000000));
#2247 = DIRECTION('',(1.000000,0.000000,0.000000));
#2248 = AXIS2_PLACEMENT_3D('',#36,#2246,#2247);
#2249 = PLANE('',#2248);
#2250 = FACE_SURFACE('',(#2245),#2249,.T.);
#2251 = POLY_LOOP('',(#35,#19,#21));
#2252 = FACE_OUTER_BOUND('',#2251,.T.);
#2253 = DIRECTION('',(0.000000,0.000000,1.000000));
#2254 = DIRECTION('',(1.000000,0.000000,0.000000));
#2255 = AXIS2_PLACEMENT_3D('',#35,#2253,#2254);
#2256 = PLANE('',#2255);
#2257 = FACE_SURFACE('',(#2252),#2256,.T.);
#2258 = POLY_LOOP('',(#35,#21,#37));
#2259 = FACE_OUTER_BOUND('',#2258,.T.);
#2260 = DIRECTION('',(0.000000,0.000000,1.000000));
#2261 = DIRECTION('',(1.000000,0.000000,0.000000));
#2262 = AXIS2_PLACEMENT_3D('',#35,#2260,#2261);
#2263 = PLANE('',#2262);
#2264 = FACE_SURFACE('',(#2259),#2263,.T.);
#2265 = POLY_LOOP('',(#37,#21,#22));
#2266 = FACE_OUTER_BOUND('',#2265,.T.);
#2267 = DIRECTION('',(0.000000,0.000000,1.000000));
#2268 = DIRECTION('',(1.000000,0.000000,0.000000));
#2269 = AXIS2_PLACEMENT_3D('',#37,#2267,#2268);
#2270 = PLANE('',#2269);
#2271 = FACE_SURFACE('',(#2266),#2270,.T.);
#2272 = POLY_LOOP('',(#37,#22,#38));
#2273 = FACE_OUTER_BOUND('',#2272,.T.);
#2274 = DIRECTION('',(0.000000,0.000000,1.000000));
#2275 = DIRECTION('',(1.000000,0.000000,0.000000));
#2276 = AXIS2_PLACEMENT_3D('',#37,#2274,#2275);
#2277 = PLANE('',#2276);
#2278 = FACE_SURFACE('',(#2273),#2277,.T.);
#2279 = POLY_LOOP('',(#38,#22,#24));
#2280 = FACE_OUTER_BOUND('',#2279,.T.);
#2281 = DIRECTION('',(0.000000,0.000000,1.000000));
#2282 = DIRECTION('',(1.000000,0.000000,0.000000));
#2283 = AXIS2_PLACEMENT_3D('',#38,#2281,#2282);
#2284 = PLANE('',#2283);
#2285 = FACE_SURFACE('',(#2280),#2284,.T.);
#2286 = POLY_LOOP('',(#38,#24,#23));
#2287 = FACE_OUTER_BOUND('',#2286,.T.);
#2288 = DIRECTION('',(0.000000,0.000000,1.000000));
#2289 = DIRECTION('',(1.000000,0.000000,0.000000));
#2290 = AXIS2_PLACEMENT_3D('',#38,#2288,#2289);
#2291 = PLANE('',#2290);
#2292 = FACE_SURFACE('',(#2287),#2291,.T.);
#2293 = POLY_LOOP('',(#23,#25,#38));
#2294 = FACE_OUTER_BOUND('',#2293,.T.);
#2295 = DIRECTION('',(0.000000,0.000000,1.000000));
#2296 = DIRECTION('',(1.000000,0.000000,0.000000));
#2297 = AXIS2_PLACEMENT_3D('',#23,#2295,#2296);
#2298 = PLANE('',#2297);
#2299 = FACE_SURFACE('',(#2294),#2298,.T.);
#2300 = POLY_LOOP('',(#38,#25,#26));
#2301 = FACE_OUTER_BOUND('',#2300,.T.);
#2302 = DIRECTION('',(0.000000,0.000000,1.000000));
#2303 = DIRECTION('',(1.000000,0.000000,0.000000));
#2304 = AXIS2_PLACEMENT_3D('',#38,#2302,#2303);
#2305 = PLANE('',#2304);
#2306 = FACE_SURFACE('',(#2301),#2305,.T.);
#2307 = POLY_LOOP('',(#38,#26,#37));
#2308 = FACE_OUTER_BOUND('',#2307,.T.);
#2309 = DIRECTION('',(0.000000,0.000000,1.000000));
#2310 = DIRECTION('',(1.000000,0.000000,0.000000));
#2311 = AXIS2_PLACEMENT_3D('',#38,#2309,#2310);
#2312 = PLANE('',#2311);
#2313 = FACE_SURFACE('',(#2308),#2312,.T.);
#2314 = POLY_LOOP('',(#37,#26,#28));
#2315 = FACE_OUTER_BOUND('',#2314,.T.);
#2316 = DIRECTION('',(0.000000,0.000000,1.000000));
#2317 = DIRECTION('',(1.000000,0.000000,0.000000));
#2318 = AXIS2_PLACEMENT_3D('',#37,#2316,#2317);
#2319 = PLANE('',#2318);
#2320 = FACE_SURFACE('',(#2315),#2319,.T.);
#2321 = POLY_LOOP('',(#37,#28,#35));
#2322 = FACE_OUTER_BOUND('',#2321,.T.);
#2323 = DIRECTION('',(0.000000,0.000000,1.000000));
#2324 = DIRECTION('',(1.000000,0.000000,0.000000));
#2325 = AXIS2_PLACEMENT_3D('',#37,#2323,#2324);
#2326 = PLANE('',#2325);
#2327 = FACE_SURFACE('',(#2322),#2326,.T.);
#2328 = POLY_LOOP('',(#35,#28,#27));
#2329 = FACE_OUTER_BOUND('',#2328,.T.);
#2330 = DIRECTION('',(0.000000,0.000000,1.000000));
#2331 = DIRECTION('',(1.000000,0.000000,0.000000));
#2332 = AXIS2_PLACEMENT_3D('',#35,#2330,#2331);
#2333 = PLANE('',#2332);
#2334 = FACE_SURFACE('',(#2329),#2333,.T.);
#2335 = POLY_LOOP('',(#35,#27,#36));
#2336 = FACE_OUTER_BOUND('',#2335,.T.);
#2337 = DIRECTION('',(0.000000,0.000000,1.000000));
#2338 = DIRECTION('',(1.000000,0.000000,0.000000));
#2339 = AXIS2_PLACEMENT_3D('',#35,#2337,#2338);
#2340 = PLANE('',#2339);
#2341 = FACE_SURFACE('',(#2336),#2340,.T.);
#2342 = POLY_LOOP('',(#36,#27,#29));
#2343 = FACE_OUTER_BOUND('',#2342,.T.);
#2344 = DIRECTION('',(0.000000,0.000000,1.000000));
#2345 = DIRECTION('',(1.000000,0.000000,0.000000));
#2346 = AXIS2_PLACEMENT_3D('',#36,#2344,#2345);
#2347 = PLANE('',#2346);
#2348 = FACE_SURFACE('',(#2343),#2347,.T.);
#2349 = POLY_LOOP('',(#36,#29,#34));
#2350 = FACE_OUTER_BOUND('',#2349,.T.);
#2351 = DIRECTION('',(0.000000,0.000000,1.000000));
#2352 = DIRECTION('',(1.000000,0.000000,0.000000));
#2353 = AXIS2_PLACEMENT_3D('',#36,#2351,#2352);
#2354 = PLANE('',#2353);
#2355 = FACE_SURFACE('',(#2350),#2354,.T.);
#2356 = POLY_LOOP('',(#34,#29,#30));
#2357 = FACE_OUTER_BOUND('',#2356,.T.);
#2358 = DIRECTION('',(0.000000,0.000000,1.000000));
#2359 = DIRECTION('',(1.000000,0.000000,0.000000));
#2360 = AXIS2_PLACEMENT_3D('',#34,#2358,#2359);
#2361 = PLANE('',#2360);
#2362 = FACE_SURFACE('',(#2357),#2361,.T.);
#2363 = POLY_LOOP('',(#34,#30,#33));
#2364 = FACE_OUTER_BOUND('',#2363,.T.);
#2365 = DIRECTION('',(0.000000,0.000000,1.000000));
#2366 = DIRECTION('',(1.000000,0.000000,0.000000));
#2367 = AXIS2_PLACEMENT_3D('',#34,#2365,#2366);
#2368 = PLANE('',#2367);
#2369 = FACE_SURFACE('',(#2364),#2368,.T.);
#2370 = POLY_LOOP('',(#33,#30,#32));
#2371 = FACE_OUTER_BOUND('',#2370,.T.);
#2372 = DIRECTION('',(0.000000,0.000000,1.000000));
#2373 = DIRECTION('',(1.000000,0.000000,0.000000));
#2374 = AXIS2_PLACEMENT_3D('',#33,#2372,#2373);
#2375 = PLANE('',#2374);
#2376 = FACE_SURFACE('',(#2371),#2375,.T.);
#2377 = POLY_LOOP('',(#33,#32,#31));
#2378 = FACE_OUTER_BOUND('',#2377,.T.);
#2379 = DIRECTION('',(0.000000,0.000000,1.000000));
#2380 = DIRECTION('',(1.000000,0.000000,0.000000));
#2381 = AXIS2_PLACEMENT_3D('',#33,#2379,#2380);
#2382 = PLANE('',#2381);
#2383 = FACE_SURFACE('',(#2378),#2382,.T.);
#2384 = POLY_LOOP('',(#23,#39,#25));
#2385 = FACE_OUTER_BOUND('',#2384,.T.);
#2386 = DIRECTION('',(0.000000,0.000000,1.000000));
#2387 = DIRECTION('',(1.000000,0.000000,0.000000));
#2388 = AXIS2_PLACEMENT_3D('',#23,#2386,#2387);
#2389 = PLANE('',#2388);
#2390 = FACE_SURFACE('',(#2385),#2389,.T.);
#2391 = POLY_LOOP('',(#25,#39,#40));
#2392 = FACE_OUTER_BOUND('',#2391,.T.);
#2393 = DIRECTION('',(0.000000,0.000000,1.000000));
#2394 = DIRECTION('',(1.000000,0.000000,0.000000));
#2395 = AXIS2_PLACEMENT_3D('',#25,#2393,#2394);
#2396 = PLANE('',#2395);
#2397 = FACE_SURFACE('',(#2392),#2396,.T.);
#2398 = POLY_LOOP('',(#24,#17,#23));
#2399 = FACE_OUTER_BOUND('',#2398,.T.);
#2400 = DIRECTION('',(0.000000,0.000000,1.000000));
#2401 = DIRECTION('',(1.000000,0.000000,0.000000));
#2402 = AXIS2_PLACEMENT_3D('',#24,#2400,#2401);
#2403 = PLANE('',#2402);
#2404 = FACE_SURFACE('',(#2399),#2403,.T.);
#2405 = POLY_LOOP('',(#23,#17,#44));
#2406 = FACE_OUTER_BOUND('',#2405,.T.);
#2407 = DIRECTION('',(0.000000,0.000000,1.000000));
#2408 = DIRECTION('',(1.000000,0.000000,0.000000));
#2409 = AXIS2_PLACEMENT_3D('',#23,#2407,#2408);
#2410 = PLANE('',#2409);
#2411 = FACE_SURFACE('',(#2406),#2410,.T.);
#2412 = POLY_LOOP('',(#23,#44,#39));
#2413 = FACE_OUTER_BOUND('',#2412,.T.);
#2414 = DIRECTION('',(0.000000,0.000000,1.000000));
#2415 = DIRECTION('',(1.000000,0.000000,0.000000));
#2416 = AXIS2_PLACEMENT_3D('',#23,#2414,#2415);
#2417 = PLANE('',#2416);
#2418 = FACE_SURFACE('',(#2413),#2417,.T.);
#2419 = POLY_LOOP('',(#39,#44,#84));
#2420 = FACE_OUTER_BOUND('',#2419,.T.);
#2421 = DIRECTION('',(0.000000,0.000000,1.000000));
#2422 = DIRECTION('',(1.000000,0.000000,0.000000));
#2423 = AXIS2_PLACEMENT_3D('',#39,#2421,#2422);
#2424 = PLANE('',#2423);
#2425 = FACE_SURFACE('',(#2420),#2424,.T.);
#2426 = POLY_LOOP('',(#84,#44,#49));
#2427 = FACE_OUTER_BOUND('',#2426,.T.);
#2428 = DIRECTION('',(0.000000,0.000000,1.000000));
#2429 = DIRECTION('',(1.000000,0.000000,0.000000));
#2430 = AXIS2_PLACEMENT_3D('',#84,#2428,#2429);
#2431 = PLANE('',#2430);
#2432 = FACE_SURFACE('',(#2427),#2431,.T.);
#2433 = POLY_LOOP('',(#49,#44,#43));
#2434 = FACE_OUTER_BOUND('',#2433,.T.);
#2435 = DIRECTION('',(0.000000,0.000000,1.000000));
#2436 = DIRECTION('',(1.000000,0.000000,0.000000));
#2437 = AXIS2_PLACEMENT_3D('',#49,#2435,#2436);
#2438 = PLANE('',#2437);
#2439 = FACE_SURFACE('',(#2434),#2438,.T.);
#2440 = POLY_LOOP('',(#49,#43,#42));
#2441 = FACE_OUTER_BOUND('',#2440,.T.);
#2442 = DIRECTION('',(0.000000,0.000000,1.000000));
#2443 = DIRECTION('',(1.000000,0.000000,0.000000));
#2444 = AXIS2_PLACEMENT_3D('',#49,#2442,#2443);
#2445 = PLANE('',#2444);
#2446 = FACE_SURFACE('',(#2441),#2445,.T.);
#2447 = POLY_LOOP('',(#24,#22,#17));
#2448 = FACE_OUTER_BOUND('',#2447,.T.);
#2449 = DIRECTION('',(0.000000,0.000000,1.000000));
#2450 = DIRECTION('',(1.000000,0.000000,0.000000));
#2451 = AXIS2_PLACEMENT_3D('',#24,#2449,#2450);
#2452 = PLANE('',#2451);
#2453 = FACE_SURFACE('',(#2448),#2452,.T.);
#2454 = POLY_LOOP('',(#17,#22,#21));
#2455 = FACE_OUTER_BOUND('',#2454,.T.);
#2456 = DIRECTION('',(0.000000,0.000000,1.000000));
#2457 = DIRECTION('',(1.000000,0.000000,0.000000));
#2458 = AXIS2_PLACEMENT_3D('',#17,#2456,#2457);
#2459 = PLANE('',#2458);
#2460 = FACE_SURFACE('',(#2455),#2459,.T.);
#2461 = POLY_LOOP('',(#17,#21,#19));
#2462 = FACE_OUTER_BOUND('',#2461,.T.);
#2463 = DIRECTION('',(0.000000,0.000000,1.000000));
#2464 = DIRECTION('',(1.000000,0.000000,0.000000));
#2465 = AXIS2_PLACEMENT_3D('',#17,#2463,#2464);
#2466 = PLANE('',#2465);
#2467 = FACE_SURFACE('',(#2462),#2466,.T.);
#2468 = POLY_LOOP('',(#19,#20,#17));
#2469 = FACE_OUTER_BOUND('',#2468,.T.);
#2470 = DIRECTION('',(0.000000,0.000000,1.000000));
#2471 = DIRECTION('',(1.000000,0.000000,0.000000));
#2472 = AXIS2_PLACEMENT_3D('',#19,#2470,#2471);
#2473 = PLANE('',#2472);
#2474 = FACE_SURFACE('',(#2469),#2473,.T.);
#2475 = POLY_LOOP('',(#17,#20,#18));
#2476 = FACE_OUTER_BOUND('',#2475,.T.);
#2477 = DIRECTION('',(0.000000,0.000000,1.000000));
#2478 = DIRECTION('',(1.000000,0.000000,0.000000));
#2479 = AXIS2_PLACEMENT_3D('',#17,#2477,#2478);
#2480 = PLANE('',#2479);
#2481 = FACE_SURFACE('',(#2476),#2480,.T.);
#2482 = POLY_LOOP('',(#49,#42,#50));
#2483 = FACE_OUTER_BOUND('',#2482,.T.);
#2484 = DIRECTION('',(0.000000,0.000000,1.000000));
#2485 = DIRECTION('',(1.000000,0.000000,0.000000));
#2486 = AXIS2_PLACEMENT_3D('',#49,#2484,#2485);
#2487 = PLANE('',#2486);
#2488 = FACE_SURFACE('',(#2483),#2487,.T.);
#2489 = POLY_LOOP('',(#50,#42,#41));
#2490 = FACE_OUTER_BOUND('',#2489,.T.);
#2491 = DIRECTION('',(0.000000,0.000000,1.000000));
#2492 = DIRECTION('',(1.000000,0.000000,0.000000));
#2493 = AXIS2_PLACEMENT_3D('',#50,#2491,#2492);
#2494 = PLANE('',#2493);
#2495 = FACE_SURFACE('',(#2490),#2494,.T.);
#2496 = POLY_LOOP('',(#50,#41,#80));
#2497 = FACE_OUTER_BOUND('',#2496,.T.);
#2498 = DIRECTION('',(0.000000,0.000000,1.000000));
#2499 = DIRECTION('',(1.000000,0.000000,0.000000));
#2500 = AXIS2_PLACEMENT_3D('',#50,#2498,#2499);
#2501 = PLANE('',#2500);
#2502 = FACE_SURFACE('',(#2497),#2501,.T.);
#2503 = POLY_LOOP('',(#80,#41,#79));
#2504 = FACE_OUTER_BOUND('',#2503,.T.);
#2505 = DIRECTION('',(0.000000,0.000000,1.000000));
#2506 = DIRECTION('',(1.000000,0.000000,0.000000));
#2507 = AXIS2_PLACEMENT_3D('',#80,#2505,#2506);
#2508 = PLANE('',#2507);
#2509 = FACE_SURFACE('',(#2504),#2508,.T.);
#2510 = POLY_LOOP('',(#79,#41,#46));
#2511 = FACE_OUTER_BOUND('',#2510,.T.);
#2512 = DIRECTION('',(0.000000,0.000000,1.000000));
#2513 = DIRECTION('',(1.000000,0.000000,0.000000));
#2514 = AXIS2_PLACEMENT_3D('',#79,#2512,#2513);
#2515 = PLANE('',#2514);
#2516 = FACE_SURFACE('',(#2511),#2515,.T.);
#2517 = POLY_LOOP('',(#79,#46,#53));
#2518 = FACE_OUTER_BOUND('',#2517,.T.);
#2519 = DIRECTION('',(0.000000,0.000000,1.000000));
#2520 = DIRECTION('',(1.000000,0.000000,0.000000));
#2521 = AXIS2_PLACEMENT_3D('',#79,#2519,#2520);
#2522 = PLANE('',#2521);
#2523 = FACE_SURFACE('',(#2518),#2522,.T.);
#2524 = POLY_LOOP('',(#53,#46,#45));
#2525 = FACE_OUTER_BOUND('',#2524,.T.);
#2526 = DIRECTION('',(0.000000,0.000000,1.000000));
#2527 = DIRECTION('',(1.000000,0.000000,0.000000));
#2528 = AXIS2_PLACEMENT_3D('',#53,#2526,#2527);
#2529 = PLANE('',#2528);
#2530 = FACE_SURFACE('',(#2525),#2529,.T.);
#2531 = POLY_LOOP('',(#53,#45,#48));
#2532 = FACE_OUTER_BOUND('',#2531,.T.);
#2533 = DIRECTION('',(0.000000,0.000000,1.000000));
#2534 = DIRECTION('',(1.000000,0.000000,0.000000));
#2535 = AXIS2_PLACEMENT_3D('',#53,#2533,#2534);
#2536 = PLANE('',#2535);
#2537 = FACE_SURFACE('',(#2532),#2536,.T.);
#2538 = POLY_LOOP('',(#48,#47,#53));
#2539 = FACE_OUTER_BOUND('',#2538,.T.);
#2540 = DIRECTION('',(0.000000,0.000000,1.000000));
#2541 = DIRECTION('',(1.000000,0.000000,0.000000));
#2542 = AXIS2_PLACEMENT_3D('',#48,#2540,#2541);
#2543 = PLANE('',#2542);
#2544 = FACE_SURFACE('',(#2539),#2543,.T.);
#2545 = POLY_LOOP('',(#53,#47,#54));
#2546 = FACE_OUTER_BOUND('',#2545,.T.);
#2547 = DIRECTION('',(0.000000,0.000000,1.000000));
#2548 = DIRECTION('',(1.000000,0.000000,0.000000));
#2549 = AXIS2_PLACEMENT_3D('',#53,#2547,#2548);
#2550 = PLANE('',#2549);
#2551 = FACE_SURFACE('',(#2546),#2550,.T.);
#2552 = POLY_LOOP('',(#54,#47,#59));
#2553 = FACE_OUTER_BOUND('',#2552,.T.);
#2554 = DIRECTION('',(0.000000,0.000000,1.000000));
#2555 = DIRECTION('',(1.000000,0.000000,0.000000));
#2556 = AXIS2_PLACEMENT_3D('',#54,#2554,#2555);
#2557 = PLANE('',#2556);
#2558 = FACE_SURFACE('',(#2553),#2557,.T.);
#2559 = POLY_LOOP('',(#54,#59,#55));
#2560 = FACE_OUTER_BOUND('',#2559,.T.);
#2561 = DIRECTION('',(0.000000,0.000000,1.000000));
#2562 = DIRECTION('',(1.000000,0.000000,0.000000));
#2563 = AXIS2_PLACEMENT_3D('',#54,#2561,#2562);
#2564 = PLANE('',#2563);
#2565 = FACE_SURFACE('',(#2560),#2564,.T.);
#2566 = POLY_LOOP('',(#55,#59,#61));
#2567 = FACE_OUTER_BOUND('',#2566,.T.);
#2568 = DIRECTION('',(0.000000,0.000000,1.000000));
#2569 = DIRECTION('',(1.000000,0.000000,0.000000));
#2570 = AXIS2_PLACEMENT_3D('',#55,#2568,#2569);
#2571 = PLANE('',#2570);
#2572 = FACE_SURFACE('',(#2567),#2571,.T.);
#2573 = POLY_LOOP('',(#55,#61,#56));
#2574 = FACE_OUTER_BOUND('',#2573,.T.);
#2575 = DIRECTION('',(0.000000,0.000000,1.000000));
#2576 = DIRECTION('',(1.000000,0.000000,0.000000));
#2577 = AXIS2_PLACEMENT_3D('',#55,#2575,#2576);
#2578 = PLANE('',#2577);
#2579 = FACE_SURFACE('',(#2574),#2578,.T.);
#2580 = POLY_LOOP('',(#56,#61,#63));
#2581 = FACE_OUTER_BOUND('',#2580,.T.);
#2582 = DIRECTION('',(0.000000,0.000000,1.000000));
#2583 = DIRECTION('',(1.000000,0.000000,0.000000));
#2584 = AXIS2_PLACEMENT_3D('',#56,#2582,#2583);
#2585 = PLANE('',#2584);
#2586 = FACE_SURFACE('',(#2581),#2585,.T.);
#2587 = POLY_LOOP('',(#56,#63,#57));
#2588 = FACE_OUTER_BOUND('',#2587,.T.);
#2589 = DIRECTION('',(0.000000,0.000000,1.000000));
#2590 = DIRECTION('',(1.000000,0.000000,0.000000));
#2591 = AXIS2_PLACEMENT_3D('',#56,#2589,#2590);
#2592 = PLANE('',#2591);
#2593 = FACE_SURFACE('',(#2588),#2592,.T.);
#2594 = POLY_LOOP('',(#57,#63,#65));
#2595 = FACE_OUTER_BOUND('',#2594,.T.);
#2596 = DIRECTION('',(0.000000,0.000000,1.000000));
#2597 = DIRECTION('',(1.000000,0.000000,0.000000));
#2598 = AXIS2_PLACEMENT_3D('',#57,#2596,#2597);
#2599 = PLANE('',#2598);
#2600 = FACE_SURFACE('',(#2595),#2599,.T.);
#2601 = POLY_LOOP('',(#57,#65,#58));
#2602 = FACE_OUTER_BOUND('',#2601,.T.);
#2603 = DIRECTION('',(0.000000,0.000000,1.000000));
#2604 = DIRECTION('',(1.000000,0.000000,0.000000));
#2605 = AXIS2_PLACEMENT_3D('',#57,#2603,#2604);
#2606 = PLANE('',#2605);
#2607 = FACE_SURFACE('',(#2602),#2606,.T.);
#2608 = POLY_LOOP('',(#58,#65,#67));
#2609 = FACE_OUTER_BOUND('',#2608,.T.);
#2610 = DIRECTION('',(0.000000,0.000000,1.000000));
#2611 = DIRECTION('',(1.000000,0.000000,0.000000));
#2612 = AXIS2_PLACEMENT_3D('',#58,#2610,#2611);
#2613 = PLANE('',#2612);
#2614 = FACE_SURFACE('',(#2609),#2613,.T.);
#2615 = POLY_LOOP('',(#58,#67,#60));
#2616 = FACE_OUTER_BOUND('',#2615,.T.);
#2617 = DIRECTION('',(0.000000,0.000000,1.000000));
#2618 = DIRECTION('',(1.000000,0.000000,0.000000));
#2619 = AXIS2_PLACEMENT_3D('',#58,#2617,#2618);
#2620 = PLANE('',#2619);
#2621 = FACE_SURFACE('',(#2616),#2620,.T.);
#2622 = POLY_LOOP('',(#60,#67,#68));
#2623 = FACE_OUTER_BOUND('',#2622,.T.);
#2624 = DIRECTION('',(0.000000,0.000000,1.000000));
#2625 = DIRECTION('',(1.000000,0.000000,0.000000));
#2626 = AXIS2_PLACEMENT_3D('',#60,#2624,#2625);
#2627 = PLANE('',#2626);
#2628 = FACE_SURFACE('',(#2623),#2627,.T.);
#2629 = POLY_LOOP('',(#60,#68,#62));
#2630 = FACE_OUTER_BOUND('',#2629,.T.);
#2631 = DIRECTION('',(0.000000,0.000000,1.000000));
#2632 = DIRECTION('',(1.000000,0.000000,0.000000));
#2633 = AXIS2_PLACEMENT_3D('',#60,#2631,#2632);
#2634 = PLANE('',#2633);
#2635 = FACE_SURFACE('',(#2630),#2634,.T.);
#2636 = POLY_LOOP('',(#62,#68,#69));
#2637 = FACE_OUTER_BOUND('',#2636,.T.);
#2638 = DIRECTION('',(0.000000,0.000000,1.000000));
#2639 = DIRECTION('',(1.000000,0.000000,0.000000));
#2640 = AXIS2_PLACEMENT_3D('',#62,#2638,#2639);
#2641 = PLANE('',#2640);
#2642 = FACE_SURFACE('',(#2637),#2641,.T.);
#2643 = POLY_LOOP('',(#62,#69,#70));
#2644 = FACE_OUTER_BOUND('',#2643,.T.);
#2645 = DIRECTION('',(0.000000,0.000000,1.000000));
#2646 = DIRECTION('',(1.000000,0.000000,0.000000));
#2647 = AXIS2_PLACEMENT_3D('',#62,#2645,#2646);
#2648 = PLANE('',#2647);
#2649 = FACE_SURFACE('',(#2644),#2648,.T.);
#2650 = POLY_LOOP('',(#71,#72,#70));
#2651 = FACE_OUTER_BOUND('',#2650,.T.);
#2652 = DIRECTION('',(0.000000,0.000000,1.000000));
#2653 = DIRECTION('',(1.000000,0.000000,0.000000));
#2654 = AXIS2_PLACEMENT_3D('',#71,#2652,#2653);
#2655 = PLANE('',#2654);
#2656 = FACE_SURFACE('',(#2651),#2655,.T.);
#2657 = POLY_LOOP('',(#70,#72,#73));
#2658 = FACE_OUTER_BOUND('',#2657,.T.);
#2659 = DIRECTION('',(0.000000,0.000000,1.000000));
#2660 = DIRECTION('',(1.000000,0.000000,0.000000));
#2661 = AXIS2_PLACEMENT_3D('',#70,#2659,#2660);
#2662 = PLANE('',#2661);
#2663 = FACE_SURFACE('',(#2658),#2662,.T.);
#2664 = POLY_LOOP('',(#70,#73,#74));
#2665 = FACE_OUTER_BOUND('',#2664,.T.);
#2666 = DIRECTION('',(0.000000,0.000000,1.000000));
#2667 = DIRECTION('',(1.000000,0.000000,0.000000));
#2668 = AXIS2_PLACEMENT_3D('',#70,#2666,#2667);
#2669 = PLANE('',#2668);
#2670 = FACE_SURFACE('',(#2665),#2669,.T.);
#2671 = POLY_LOOP('',(#74,#75,#70));
#2672 = FACE_OUTER_BOUND('',#2671,.T.);
#2673 = DIRECTION('',(0.000000,0.000000,1.000000));
#2674 = DIRECTION('',(1.000000,0.000000,0.000000));
#2675 = AXIS2_PLACEMENT_3D('',#74,#2673,#2674);
#2676 = PLANE('',#2675);
#2677 = FACE_SURFACE('',(#2672),#2676,.T.);
#2678 = POLY_LOOP('',(#70,#75,#76));
#2679 = FACE_OUTER_BOUND('',#2678,.T.);
#2680 = DIRECTION('',(0.000000,0.000000,1.000000));
#2681 = DIRECTION('',(1.000000,0.000000,0.000000));
#2682 = AXIS2_PLACEMENT_3D('',#70,#2680,#2681);
#2683 = PLANE('',#2682);
#2684 = FACE_SURFACE('',(#2679),#2683,.T.);
#2685 = POLY_LOOP('',(#70,#76,#62));
#2686 = FACE_OUTER_BOUND('',#2685,.T.);
#2687 = DIRECTION('',(0.000000,0.000000,1.000000));
#2688 = DIRECTION('',(1.000000,0.000000,0.000000));
#2689 = AXIS2_PLACEMENT_3D('',#70,#2687,#2688);
#2690 = PLANE('',#2689);
#2691 = FACE_SURFACE('',(#2686),#2690,.T.);
#2692 = POLY_LOOP('',(#62,#76,#77));
#2693 = FACE_OUTER_BOUND('',#2692,.T.);
#2694 = DIRECTION('',(0.000000,0.000000,1.000000));
#2695 = DIRECTION('',(1.000000,0.000000,0.000000));
#2696 = AXIS2_PLACEMENT_3D('',#62,#2694,#2695);
#2697 = PLANE('',#2696);
#2698 = FACE_SURFACE('',(#2693),#2697,.T.);
#2699 = POLY_LOOP('',(#62,#77,#78));
#2700 = FACE_OUTER_BOUND('',#2699,.T.);
#2701 = DIRECTION('',(0.000000,0.000000,1.000000));
#2702 = DIRECTION('',(1.000000,0.000000,0.000000));
#2703 = AXIS2_PLACEMENT_3D('',#62,#2701,#2702);
#2704 = PLANE('',#2703);
#2705 = FACE_SURFACE('',(#2700),#2704,.T.);
#2706 = POLY_LOOP('',(#66,#64,#78));
#2707 = FACE_OUTER_BOUND('',#2706,.T.);
#2708 = DIRECTION('',(0.000000,0.000000,1.000000));
#2709 = DIRECTION('',(1.000000,0.000000,0.000000));
#2710 = AXIS2_PLACEMENT_3D('',#66,#2708,#2709);
#2711 = PLANE('',#2710);
#2712 = FACE_SURFACE('',(#2707),#2711,.T.);
#2713 = POLY_LOOP('',(#78,#64,#62));
#2714 = FACE_OUTER_BOUND('',#2713,.T.);
#2715 = DIRECTION('',(0.000000,0.000000,1.000000));
#2716 = DIRECTION('',(1.000000,0.000000,0.000000));
#2717 = AXIS2_PLACEMENT_3D('',#78,#2715,#2716);
#2718 = PLANE('',#2717);
#2719 = FACE_SURFACE('',(#2714),#2718,.T.);
#2720 = POLY_LOOP('',(#80,#82,#50));
#2721 = FACE_OUTER_BOUND('',#2720,.T.);
#2722 = DIRECTION('',(0.000000,0.000000,1.000000));
#2723 = DIRECTION('',(1.000000,0.000000,0.000000));
#2724 = AXIS2_PLACEMENT_3D('',#80,#2722,#2723);
#2725 = PLANE('',#2724);
#2726 = FACE_SURFACE('',(#2721),#2725,.T.);
#2727 = POLY_LOOP('',(#50,#82,#83));
#2728 = FACE_OUTER_BOUND('',#2727,.T.);
#2729 = DIRECTION('',(0.000000,0.000000,1.000000));
#2730 = DIRECTION('',(1.000000,0.000000,0.000000));
#2731 = AXIS2_PLACEMENT_3D('',#50,#2729,#2730);
#2732 = PLANE('',#2731);
#2733 = FACE_SURFACE('',(#2728),#2732,.T.);
#2734 = POLY_LOOP('',(#50,#83,#51));
#2735 = FACE_OUTER_BOUND('',#2734,.T.);
#2736 = DIRECTION('',(0.000000,0.000000,1.000000));
#2737 = DIRECTION('',(1.000000,0.000000,0.000000));
#2738 = AXIS2_PLACEMENT_3D('',#50,#2736,#2737);
#2739 = PLANE('',#2738);
#2740 = FACE_SURFACE('',(#2735),#2739,.T.);
#2741 = POLY_LOOP('',(#51,#83,#81));
#2742 = FACE_OUTER_BOUND('',#2741,.T.);
#2743 = DIRECTION('',(0.000000,0.000000,1.000000));
#2744 = DIRECTION('',(1.000000,0.000000,0.000000));
#2745 = AXIS2_PLACEMENT_3D('',#51,#2743,#2744);
#2746 = PLANE('',#2745);
#2747 = FACE_SURFACE('',(#2742),#2746,.T.);
#2748 = POLY_LOOP('',(#51,#81,#52));
#2749 = FACE_OUTER_BOUND('',#2748,.T.);
#2750 = DIRECTION('',(0.000000,0.000000,1.000000));
#2751 = DIRECTION('',(1.000000,0.000000,0.000000));
#2752 = AXIS2_PLACEMENT_3D('',#51,#2750,#2751);
#2753 = PLANE('',#2752);
#2754 = FACE_SURFACE('',(#2749),#2753,.T.);
#2755 = POLY_LOOP('',(#92,#50,#85));
#2756 = FACE_OUTER_BOUND('',#2755,.T.);
#2757 = DIRECTION('',(0.000000,0.000000,1.000000));
#2758 = DIRECTION('',(1.000000,0.000000,0.000000));
#2759 = AXIS2_PLACEMENT_3D('',#92,#2757,#2758);
#2760 = PLANE('',#2759);
#2761 = FACE_SURFACE('',(#2756),#2760,.T.);
#2762 = POLY_LOOP('',(#85,#50,#51));
#2763 = FACE_OUTER_BOUND('',#2762,.T.);
#2764 = DIRECTION('',(0.000000,0.000000,1.000000));
#2765 = DIRECTION('',(1.000000,0.000000,0.000000));
#2766 = AXIS2_PLACEMENT_3D('',#85,#2764,#2765);
#2767 = PLANE('',#2766);
#2768 = FACE_SURFACE('',(#2763),#2767,.T.);
#2769 = POLY_LOOP('',(#85,#51,#86));
#2770 = FACE_OUTER_BOUND('',#2769,.T.);
#2771 = DIRECTION('',(0.000000,0.000000,1.000000));
#2772 = DIRECTION('',(1.000000,0.000000,0.000000));
#2773 = AXIS2_PLACEMENT_3D('',#85,#2771,#2772);
#2774 = PLANE('',#2773);
#2775 = FACE_SURFACE('',(#2770),#2774,.T.);
#2776 = POLY_LOOP('',(#86,#51,#52));
#2777 = FACE_OUTER_BOUND('',#2776,.T.);
#2778 = DIRECTION('',(0.000000,0.000000,1.000000));
#2779 = DIRECTION('',(1.000000,0.000000,0.000000));
#2780 = AXIS2_PLACEMENT_3D('',#86,#2778,#2779);
#2781 = PLANE('',#2780);
#2782 = FACE_SURFACE('',(#2777),#2781,.T.);
#2783 = POLY_LOOP('',(#86,#52,#87));
#2784 = FACE_OUTER_BOUND('',#2783,.T.);
#2785 = DIRECTION('',(0.000000,0.000000,1.000000));
#2786 = DIRECTION('',(1.000000,0.000000,0.000000));
#2787 = AXIS2_PLACEMENT_3D('',#86,#2785,#2786);
#2788 = PLANE('',#2787);
#2789 = FACE_SURFACE('',(#2784),#2788,.T.);
#2790 = POLY_LOOP('',(#87,#52,#81));
#2791 = FACE_OUTER_BOUND('',#2790,.T.);
#2792 = DIRECTION('',(0.000000,0.000000,1.000000));
#2793 = DIRECTION('',(1.000000,0.000000,0.000000));
#2794 = AXIS2_PLACEMENT_3D('',#87,#2792,#2793);
#2795 = PLANE('',#2794);
#2796 = FACE_SURFACE('',(#2791),#2795,.T.);
#2797 = POLY_LOOP('',(#87,#81,#88));
#2798 = FACE_OUTER_BOUND('',#2797,.T.);
#2799 = DIRECTION('',(0.000000,0.000000,1.000000));
#2800 = DIRECTION('',(1.000000,0.000000,0.000000));
#2801 = AXIS2_PLACEMENT_3D('',#87,#2799,#2800);
#2802 = PLANE('',#2801);
#2803 = FACE_SURFACE('',(#2798),#2802,.T.);
#2804 = POLY_LOOP('',(#88,#81,#83));
#2805 = FACE_OUTER_BOUND('',#2804,.T.);
#2806 = DIRECTION('',(0.000000,0.000000,1.000000));
#2807 = DIRECTION('',(1.000000,0.000000,0.000000));
#2808 = AXIS2_PLACEMENT_3D('',#88,#2806,#2807);
#2809 = PLANE('',#2808);
#2810 = FACE_SURFACE('',(#2805),#2809,.T.);
#2811 = POLY_LOOP('',(#88,#83,#89));
#2812 = FACE_OUTER_BOUND('',#2811,.T.);
#2813 = DIRECTION('',(0.000000,0.000000,1.000000));
#2814 = DIRECTION('',(1.000000,0.000000,0.000000));
#2815 = AXIS2_PLACEMENT_3D('',#88,#2813,#2814);
#2816 = PLANE('',#2815);
#2817 = FACE_SURFACE('',(#2812),#2816,.T.);
#2818 = POLY_LOOP('',(#89,#83,#82));
#2819 = FACE_OUTER_BOUND('',#2818,.T.);
#2820 = DIRECTION('',(0.000000,0.000000,1.000000));
#2821 = DIRECTION('',(1.000000,0.000000,0.000000));
#2822 = AXIS2_PLACEMENT_3D('',#89,#2820,#2821);
#2823 = PLANE('',#2822);
#2824 = FACE_SURFACE('',(#2819),#2823,.T.);
#2825 = POLY_LOOP('',(#89,#82,#90));
#2826 = FACE_OUTER_BOUND('',#2825,.T.);
#2827 = DIRECTION('',(0.000000,0.000000,1.000000));
#2828 = DIRECTION('',(1.000000,0.000000,0.000000));
#2829 = AXIS2_PLACEMENT_3D('',#89,#2827,#2828);
#2830 = PLANE('',#2829);
#2831 = FACE_SURFACE('',(#2826),#2830,.T.);
#2832 = POLY_LOOP('',(#90,#82,#80));
#2833 = FACE_OUTER_BOUND('',#2832,.T.);
#2834 = DIRECTION('',(0.000000,0.000000,1.000000));
#2835 = DIRECTION('',(1.000000,0.000000,0.000000));
#2836 = AXIS2_PLACEMENT_3D('',#90,#2834,#2835);
#2837 = PLANE('',#2836);
#2838 = FACE_SURFACE('',(#2833),#2837,.T.);
#2839 = POLY_LOOP('',(#90,#80,#91));
#2840 = FACE_OUTER_BOUND('',#2839,.T.);
#2841 = DIRECTION('',(0.000000,0.000000,1.000000));
#2842 = DIRECTION('',(1.000000,0.000000,0.000000));
#2843 = AXIS2_PLACEMENT_3D('',#90,#2841,#2842);
#2844 = PLANE('',#2843);
#2845 = FACE_SURFACE('',(#2840),#2844,.T.);
#2846 = POLY_LOOP('',(#91,#80,#79));
#2847 = FACE_OUTER_BOUND('',#2846,.T.);
#2848 = DIRECTION('',(0.000000,0.000000,1.000000));
#2849 = DIRECTION('',(1.000000,0.000000,0.000000));
#2850 = AXIS2_PLACEMENT_3D('',#91,#2848,#2849);
#2851 = PLANE('',#2850);
#2852 = FACE_SURFACE('',(#2847),#2851,.T.);
#2853 = POLY_LOOP('',(#50,#92,#49));
#2854 = FACE_OUTER_BOUND('',#2853,.T.);
#2855 = DIRECTION('',(0.000000,0.000000,1.000000));
#2856 = DIRECTION('',(1.000000,0.000000,0.000000));
#2857 = AXIS2_PLACEMENT_3D('',#50,#2855,#2856);
#2858 = PLANE('',#2857);
#2859 = FACE_SURFACE('',(#2854),#2858,.T.);
#2860 = POLY_LOOP('',(#49,#92,#93));
#2861 = FACE_OUTER_BOUND('',#2860,.T.);
#2862 = DIRECTION('',(0.000000,0.000000,1.000000));
#2863 = DIRECTION('',(1.000000,0.000000,0.000000));
#2864 = AXIS2_PLACEMENT_3D('',#49,#2862,#2863);
#2865 = PLANE('',#2864);
#2866 = FACE_SURFACE('',(#2861),#2865,.T.);
#2867 = POLY_LOOP('',(#49,#93,#84));
#2868 = FACE_OUTER_BOUND('',#2867,.T.);
#2869 = DIRECTION('',(0.000000,0.000000,1.000000));
#2870 = DIRECTION('',(1.000000,0.000000,0.000000));
#2871 = AXIS2_PLACEMENT_3D('',#49,#2869,#2870);
#2872 = PLANE('',#2871);
#2873 = FACE_SURFACE('',(#2868),#2872,.T.);
#2874 = POLY_LOOP('',(#84,#93,#94));
#2875 = FACE_OUTER_BOUND('',#2874,.T.);
#2876 = DIRECTION('',(0.000000,0.000000,1.000000));
#2877 = DIRECTION('',(1.000000,0.000000,0.000000));
#2878 = AXIS2_PLACEMENT_3D('',#84,#2876,#2877);
#2879 = PLANE('',#2878);
#2880 = FACE_SURFACE('',(#2875),#2879,.T.);
#2881 = POLY_LOOP('',(#84,#94,#39));
#2882 = FACE_OUTER_BOUND('',#2881,.T.);
#2883 = DIRECTION('',(0.000000,0.000000,1.000000));
#2884 = DIRECTION('',(1.000000,0.000000,0.000000));
#2885 = AXIS2_PLACEMENT_3D('',#84,#2883,#2884);
#2886 = PLANE('',#2885);
#2887 = FACE_SURFACE('',(#2882),#2886,.T.);
#2888 = POLY_LOOP('',(#39,#94,#40));
#2889 = FACE_OUTER_BOUND('',#2888,.T.);
#2890 = DIRECTION('',(0.000000,0.000000,1.000000));
#2891 = DIRECTION('',(1.000000,0.000000,0.000000));
#2892 = AXIS2_PLACEMENT_3D('',#39,#2890,#2891);
#2893 = PLANE('',#2892);
#2894 = FACE_SURFACE('',(#2889),#2893,.T.);
#2895 = POLY_LOOP('',(#32,#30,#31));
#2896 = FACE_OUTER_BOUND('',#2895,.T.);
#2897 = DIRECTION('',(0.000000,0.000000,1.000000));
#2898 = DIRECTION('',(1.000000,0.000000,0.000000));
#2899 = AXIS2_PLACEMENT_3D('',#32,#2897,#2898);
#2900 = PLANE('',#2899);
#2901 = FACE_SURFACE('',(#2896),#2900,.T.);
#2902 = POLY_LOOP('',(#31,#30,#29));
#2903 = FACE_OUTER_BOUND('',#2902,.T.);
#2904 = DIRECTION('',(0.000000,0.000000,1.000000));
#2905 = DIRECTION('',(1.000000,0.000000,0.000000));
#2906 = AXIS2_PLACEMENT_3D('',#31,#2904,#2905);
#2907 = PLANE('',#2906);
#2908 = FACE_SURFACE('',(#2903),#2907,.T.);
#2909 = POLY_LOOP('',(#31,#29,#27));
#2910 = FACE_OUTER_BOUND('',#2909,.T.);
#2911 = DIRECTION('',(0.000000,0.000000,1.000000));
#2912 = DIRECTION('',(1.000000,0.000000,0.000000));
#2913 = AXIS2_PLACEMENT_3D('',#31,#2911,#2912);
#2914 = PLANE('',#2913);
#2915 = FACE_SURFACE('',(#2910),#2914,.T.);
#2916 = POLY_LOOP('',(#27,#28,#31));
#2917 = FACE_OUTER_BOUND('',#2916,.T.);
#2918 = DIRECTION('',(0.000000,0.000000,1.000000));
#2919 = DIRECTION('',(1.000000,0.000000,0.000000));
#2920 = AXIS2_PLACEMENT_3D('',#27,#2918,#2919);
#2921 = PLANE('',#2920);
#2922 = FACE_SURFACE('',(#2917),#2921,.T.);
#2923 = POLY_LOOP('',(#31,#28,#26));
#2924 = FACE_OUTER_BOUND('',#2923,.T.);
#2925 = DIRECTION('',(0.000000,0.000000,1.000000));
#2926 = DIRECTION('',(1.000000,0.000000,0.000000));
#2927 = AXIS2_PLACEMENT_3D('',#31,#2925,#2926);
#2928 = PLANE('',#2927);
#2929 = FACE_SURFACE('',(#2924),#2928,.T.);
#2930 = POLY_LOOP('',(#31,#26,#25));
#2931 = FACE_OUTER_BOUND('',#2930,.T.);
#2932 = DIRECTION('',(0.000000,0.000000,1.000000));
#2933 = DIRECTION('',(1.000000,0.000000,0.000000));
#2934 = AXIS2_PLACEMENT_3D('',#31,#2932,#2933);
#2935 = PLANE('',#2934);
#2936 = FACE_SURFACE('',(#2931),#2935,.T.);
#2937 = POLY_LOOP('',(#31,#25,#105));
#2938 = FACE_OUTER_BOUND('',#2937,.T.);
#2939 = DIRECTION('',(0.000000,0.000000,1.000000));
#2940 = DIRECTION('',(1.000000,0.000000,0.000000));
#2941 = AXIS2_PLACEMENT_3D('',#31,#2939,#2940);
#2942 = PLANE('',#2941);
#2943 = FACE_SURFACE('',(#2938),#2942,.T.);
#2944 = POLY_LOOP('',(#105,#25,#40));
#2945 = FACE_OUTER_BOUND('',#2944,.T.);
#2946 = DIRECTION('',(0.000000,0.000000,1.000000));
#2947 = DIRECTION('',(1.000000,0.000000,0.000000));
#2948 = AXIS2_PLACEMENT_3D('',#105,#2946,#2947);
#2949 = PLANE('',#2948);
#2950 = FACE_SURFACE('',(#2945),#2949,.T.);
#2951 = POLY_LOOP('',(#105,#40,#94));
#2952 = FACE_OUTER_BOUND('',#2951,.T.);
#2953 = DIRECTION('',(0.000000,0.000000,1.000000));
#2954 = DIRECTION('',(1.000000,0.000000,0.000000));
#2955 = AXIS2_PLACEMENT_3D('',#105,#2953,#2954);
#2956 = PLANE('',#2955);
#2957 = FACE_SURFACE('',(#2952),#2956,.T.);
#2958 = POLY_LOOP('',(#94,#93,#105));
#2959 = FACE_OUTER_BOUND('',#2958,.T.);
#2960 = DIRECTION('',(0.000000,0.000000,1.000000));
#2961 = DIRECTION('',(1.000000,0.000000,0.000000));
#2962 = AXIS2_PLACEMENT_3D('',#94,#2960,#2961);
#2963 = PLANE('',#2962);
#2964 = FACE_SURFACE('',(#2959),#2963,.T.);
#2965 = POLY_LOOP('',(#105,#93,#107));
#2966 = FACE_OUTER_BOUND('',#2965,.T.);
#2967 = DIRECTION('',(0.000000,0.000000,1.000000));
#2968 = DIRECTION('',(1.000000,0.000000,0.000000));
#2969 = AXIS2_PLACEMENT_3D('',#105,#2967,#2968);
#2970 = PLANE('',#2969);
#2971 = FACE_SURFACE('',(#2966),#2970,.T.);
#2972 = POLY_LOOP('',(#107,#93,#109));
#2973 = FACE_OUTER_BOUND('',#2972,.T.);
#2974 = DIRECTION('',(0.000000,0.000000,1.000000));
#2975 = DIRECTION('',(1.000000,0.000000,0.000000));
#2976 = AXIS2_PLACEMENT_3D('',#107,#2974,#2975);
#2977 = PLANE('',#2976);
#2978 = FACE_SURFACE('',(#2973),#2977,.T.);
#2979 = POLY_LOOP('',(#109,#93,#92));
#2980 = FACE_OUTER_BOUND('',#2979,.T.);
#2981 = DIRECTION('',(0.000000,0.000000,1.000000));
#2982 = DIRECTION('',(1.000000,0.000000,0.000000));
#2983 = AXIS2_PLACEMENT_3D('',#109,#2981,#2982);
#2984 = PLANE('',#2983);
#2985 = FACE_SURFACE('',(#2980),#2984,.T.);
#2986 = POLY_LOOP('',(#109,#92,#111));
#2987 = FACE_OUTER_BOUND('',#2986,.T.);
#2988 = DIRECTION('',(0.000000,0.000000,1.000000));
#2989 = DIRECTION('',(1.000000,0.000000,0.000000));
#2990 = AXIS2_PLACEMENT_3D('',#109,#2988,#2989);
#2991 = PLANE('',#2990);
#2992 = FACE_SURFACE('',(#2987),#2991,.T.);
#2993 = POLY_LOOP('',(#111,#92,#90));
#2994 = FACE_OUTER_BOUND('',#2993,.T.);
#2995 = DIRECTION('',(0.000000,0.000000,1.000000));
#2996 = DIRECTION('',(1.000000,0.000000,0.000000));
#2997 = AXIS2_PLACEMENT_3D('',#111,#2995,#2996);
#2998 = PLANE('',#2997);
#2999 = FACE_SURFACE('',(#2994),#2998,.T.);
#3000 = POLY_LOOP('',(#111,#90,#91));
#3001 = FACE_OUTER_BOUND('',#3000,.T.);
#3002 = DIRECTION('',(0.000000,0.000000,1.000000));
#3003 = DIRECTION('',(1.000000,0.000000,0.000000));
#3004 = AXIS2_PLACEMENT_3D('',#111,#3002,#3003);
#3005 = PLANE('',#3004);
#3006 = FACE_SURFACE('',(#3001),#3005,.T.);
#3007 = POLY_LOOP('',(#85,#88,#92));
#3008 = FACE_OUTER_BOUND('',#3007,.T.);
#3009 = DIRECTION('',(0.000000,0.000000,1.000000));
#3010 = DIRECTION('',(1.000000,0.000000,0.000000));
#3011 = AXIS2_PLACEMENT_3D('',#85,#3009,#3010);
#3012 = PLANE('',#3011);
#3013 = FACE_SURFACE('',(#3008),#3012,.T.);
#3014 = POLY_LOOP('',(#92,#88,#89));
#3015 = FACE_OUTER_BOUND('',#3014,.T.);
#3016 = DIRECTION('',(0.000000,0.000000,1.000000));
#3017 = DIRECTION('',(1.000000,0.000000,0.000000));
#3018 = AXIS2_PLACEMENT_3D('',#92,#3016,#3017);
#3019 = PLANE('',#3018);
#3020 = FACE_SURFACE('',(#3015),#3019,.T.);
#3021 = POLY_LOOP('',(#92,#89,#90));
#3022 = FACE_OUTER_BOUND('',#3021,.T.);
#3023 = DIRECTION('',(0.000000,0.000000,1.000000));
#3024 = DIRECTION('',(1.000000,0.000000,0.000000));
#3025 = AXIS2_PLACEMENT_3D('',#92,#3023,#3024);
#3026 = PLANE('',#3025);
#3027 = FACE_SURFACE('',(#3022),#3026,.T.);
#3028 = POLY_LOOP('',(#86,#87,#85));
#3029 = FACE_OUTER_BOUND('',#3028,.T.);
#3030 = DIRECTION('',(0.000000,0.000000,1.000000));
#3031 = DIRECTION('',(1.000000,0.000000,0.000000));
#3032 = AXIS2_PLACEMENT_3D('',#86,#3030,#3031);
#3033 = PLANE('',#3032);
#3034 = FACE_SURFACE('',(#3029),#3033,.T.);
#3035 = POLY_LOOP('',(#85,#87,#88));
#3036 = FACE_OUTER_BOUND('',#3035,.T.);
#3037 = DIRECTION('',(0.000000,0.000000,1.000000));
#3038 = DIRECTION('',(1.000000,0.000000,0.000000));
#3039 = AXIS2_PLACEMENT_3D('',#85,#3037,#3038);
#3040 = PLANE('',#3039);
#3041 = FACE_SURFACE('',(#3036),#3040,.T.);
#3042 = POLY_LOOP('',(#111,#91,#113));
#3043 = FACE_OUTER_BOUND('',#3042,.T.);
#3044 = DIRECTION('',(0.000000,0.000000,1.000000));
#3045 = DIRECTION('',(1.000000,0.000000,0.000000));
#3046 = AXIS2_PLACEMENT_3D('',#111,#3044,#3045);
#3047 = PLANE('',#3046);
#3048 = FACE_SURFACE('',(#3043),#3047,.T.);
#3049 = POLY_LOOP('',(#113,#91,#95));
#3050 = FACE_OUTER_BOUND('',#3049,.T.);
#3051 = DIRECTION('',(0.000000,0.000000,1.000000));
#3052 = DIRECTION('',(1.000000,0.000000,0.000000));
#3053 = AXIS2_PLACEMENT_3D('',#113,#3051,#3052);
#3054 = PLANE('',#3053);
#3055 = FACE_SURFACE('',(#3050),#3054,.T.);
#3056 = POLY_LOOP('',(#113,#95,#115));
#3057 = FACE_OUTER_BOUND('',#3056,.T.);
#3058 = DIRECTION('',(0.000000,0.000000,1.000000));
#3059 = DIRECTION('',(1.000000,0.000000,0.000000));
#3060 = AXIS2_PLACEMENT_3D('',#113,#3058,#3059);
#3061 = PLANE('',#3060);
#3062 = FACE_SURFACE('',(#3057),#3061,.T.);
#3063 = POLY_LOOP('',(#115,#95,#117));
#3064 = FACE_OUTER_BOUND('',#3063,.T.);
#3065 = DIRECTION('',(0.000000,0.000000,1.000000));
#3066 = DIRECTION('',(1.000000,0.000000,0.000000));
#3067 = AXIS2_PLACEMENT_3D('',#115,#3065,#3066);
#3068 = PLANE('',#3067);
#3069 = FACE_SURFACE('',(#3064),#3068,.T.);
#3070 = POLY_LOOP('',(#117,#95,#118));
#3071 = FACE_OUTER_BOUND('',#3070,.T.);
#3072 = DIRECTION('',(0.000000,0.000000,1.000000));
#3073 = DIRECTION('',(1.000000,0.000000,0.000000));
#3074 = AXIS2_PLACEMENT_3D('',#117,#3072,#3073);
#3075 = PLANE('',#3074);
#3076 = FACE_SURFACE('',(#3071),#3075,.T.);
#3077 = POLY_LOOP('',(#118,#95,#96));
#3078 = FACE_OUTER_BOUND('',#3077,.T.);
#3079 = DIRECTION('',(0.000000,0.000000,1.000000));
#3080 = DIRECTION('',(1.000000,0.000000,0.000000));
#3081 = AXIS2_PLACEMENT_3D('',#118,#3079,#3080);
#3082 = PLANE('',#3081);
#3083 = FACE_SURFACE('',(#3078),#3082,.T.);
#3084 = POLY_LOOP('',(#118,#96,#128));
#3085 = FACE_OUTER_BOUND('',#3084,.T.);
#3086 = DIRECTION('',(0.000000,0.000000,1.000000));
#3087 = DIRECTION('',(1.000000,0.000000,0.000000));
#3088 = AXIS2_PLACEMENT_3D('',#118,#3086,#3087);
#3089 = PLANE('',#3088);
#3090 = FACE_SURFACE('',(#3085),#3089,.T.);
#3091 = POLY_LOOP('',(#128,#96,#97));
#3092 = FACE_OUTER_BOUND('',#3091,.T.);
#3093 = DIRECTION('',(0.000000,0.000000,1.000000));
#3094 = DIRECTION('',(1.000000,0.000000,0.000000));
#3095 = AXIS2_PLACEMENT_3D('',#128,#3093,#3094);
#3096 = PLANE('',#3095);
#3097 = FACE_SURFACE('',(#3092),#3096,.T.);
#3098 = POLY_LOOP('',(#128,#97,#127));
#3099 = FACE_OUTER_BOUND('',#3098,.T.);
#3100 = DIRECTION('',(0.000000,0.000000,1.000000));
#3101 = DIRECTION('',(1.000000,0.000000,0.000000));
#3102 = AXIS2_PLACEMENT_3D('',#128,#3100,#3101);
#3103 = PLANE('',#3102);
#3104 = FACE_SURFACE('',(#3099),#3103,.T.);
#3105 = POLY_LOOP('',(#127,#97,#98));
#3106 = FACE_OUTER_BOUND('',#3105,.T.);
#3107 = DIRECTION('',(0.000000,0.000000,1.000000));
#3108 = DIRECTION('',(1.000000,0.000000,0.000000));
#3109 = AXIS2_PLACEMENT_3D('',#127,#3107,#3108);
#3110 = PLANE('',#3109);
#3111 = FACE_SURFACE('',(#3106),#3110,.T.);
#3112 = POLY_LOOP('',(#127,#98,#126));
#3113 = FACE_OUTER_BOUND('',#3112,.T.);
#3114 = DIRECTION('',(0.000000,0.000000,1.000000));
#3115 = DIRECTION('',(1.000000,0.000000,0.000000));
#3116 = AXIS2_PLACEMENT_3D('',#127,#3114,#3115);
#3117 = PLANE('',#3116);
#3118 = FACE_SURFACE('',(#3113),#3117,.T.);
#3119 = POLY_LOOP('',(#126,#98,#99));
#3120 = FACE_OUTER_BOUND('',#3119,.T.);
#3121 = DIRECTION('',(0.000000,0.000000,1.000000));
#3122 = DIRECTION('',(1.000000,0.000000,0.000000));
#3123 = AXIS2_PLACEMENT_3D('',#126,#3121,#3122);
#3124 = PLANE('',#3123);
#3125 = FACE_SURFACE('',(#3120),#3124,.T.);
#3126 = POLY_LOOP('',(#126,#99,#125));
#3127 = FACE_OUTER_BOUND('',#3126,.T.);
#3128 = DIRECTION('',(0.000000,0.000000,1.000000));
#3129 = DIRECTION('',(1.000000,0.000000,0.000000));
#3130 = AXIS2_PLACEMENT_3D('',#126,#3128,#3129);
#3131 = PLANE('',#3130);
#3132 = FACE_SURFACE('',(#3127),#3131,.T.);
#3133 = POLY_LOOP('',(#125,#99,#100));
#3134 = FACE_OUTER_BOUND('',#3133,.T.);
#3135 = DIRECTION('',(0.000000,0.000000,1.000000));
#3136 = DIRECTION('',(1.000000,0.000000,0.000000));
#3137 = AXIS2_PLACEMENT_3D('',#125,#3135,#3136);
#3138 = PLANE('',#3137);
#3139 = FACE_SURFACE('',(#3134),#3138,.T.);
#3140 = POLY_LOOP('',(#125,#100,#120));
#3141 = FACE_OUTER_BOUND('',#3140,.T.);
#3142 = DIRECTION('',(0.000000,0.000000,1.000000));
#3143 = DIRECTION('',(1.000000,0.000000,0.000000));
#3144 = AXIS2_PLACEMENT_3D('',#125,#3142,#3143);
#3145 = PLANE('',#3144);
#3146 = FACE_SURFACE('',(#3141),#3145,.T.);
#3147 = POLY_LOOP('',(#120,#100,#101));
#3148 = FACE_OUTER_BOUND('',#3147,.T.);
#3149 = DIRECTION('',(0.000000,0.000000,1.000000));
#3150 = DIRECTION('',(1.000000,0.000000,0.000000));
#3151 = AXIS2_PLACEMENT_3D('',#120,#3149,#3150);
#3152 = PLANE('',#3151);
#3153 = FACE_SURFACE('',(#3148),#3152,.T.);
#3154 = POLY_LOOP('',(#120,#101,#119));
#3155 = FACE_OUTER_BOUND('',#3154,.T.);
#3156 = DIRECTION('',(0.000000,0.000000,1.000000));
#3157 = DIRECTION('',(1.000000,0.000000,0.000000));
#3158 = AXIS2_PLACEMENT_3D('',#120,#3156,#3157);
#3159 = PLANE('',#3158);
#3160 = FACE_SURFACE('',(#3155),#3159,.T.);
#3161 = POLY_LOOP('',(#119,#101,#102));
#3162 = FACE_OUTER_BOUND('',#3161,.T.);
#3163 = DIRECTION('',(0.000000,0.000000,1.000000));
#3164 = DIRECTION('',(1.000000,0.000000,0.000000));
#3165 = AXIS2_PLACEMENT_3D('',#119,#3163,#3164);
#3166 = PLANE('',#3165);
#3167 = FACE_SURFACE('',(#3162),#3166,.T.);
#3168 = POLY_LOOP('',(#119,#102,#123));
#3169 = FACE_OUTER_BOUND('',#3168,.T.);
#3170 = DIRECTION('',(0.000000,0.000000,1.000000));
#3171 = DIRECTION('',(1.000000,0.000000,0.000000));
#3172 = AXIS2_PLACEMENT_3D('',#119,#3170,#3171);
#3173 = PLANE('',#3172);
#3174 = FACE_SURFACE('',(#3169),#3173,.T.);
#3175 = POLY_LOOP('',(#123,#102,#122));
#3176 = FACE_OUTER_BOUND('',#3175,.T.);
#3177 = DIRECTION('',(0.000000,0.000000,1.000000));
#3178 = DIRECTION('',(1.000000,0.000000,0.000000));
#3179 = AXIS2_PLACEMENT_3D('',#123,#3177,#3178);
#3180 = PLANE('',#3179);
#3181 = FACE_SURFACE('',(#3176),#3180,.T.);
#3182 = POLY_LOOP('',(#122,#102,#110));
#3183 = FACE_OUTER_BOUND('',#3182,.T.);
#3184 = DIRECTION('',(0.000000,0.000000,1.000000));
#3185 = DIRECTION('',(1.000000,0.000000,0.000000));
#3186 = AXIS2_PLACEMENT_3D('',#122,#3184,#3185);
#3187 = PLANE('',#3186);
#3188 = FACE_SURFACE('',(#3183),#3187,.T.);
#3189 = POLY_LOOP('',(#122,#110,#112));
#3190 = FACE_OUTER_BOUND('',#3189,.T.);
#3191 = DIRECTION('',(0.000000,0.000000,1.000000));
#3192 = DIRECTION('',(1.000000,0.000000,0.000000));
#3193 = AXIS2_PLACEMENT_3D('',#122,#3191,#3192);
#3194 = PLANE('',#3193);
#3195 = FACE_SURFACE('',(#3190),#3194,.T.);
#3196 = POLY_LOOP('',(#103,#106,#102));
#3197 = FACE_OUTER_BOUND('',#3196,.T.);
#3198 = DIRECTION('',(0.000000,0.000000,1.000000));
#3199 = DIRECTION('',(1.000000,0.000000,0.000000));
#3200 = AXIS2_PLACEMENT_3D('',#103,#3198,#3199);
#3201 = PLANE('',#3200);
#3202 = FACE_SURFACE('',(#3197),#3201,.T.);
#3203 = POLY_LOOP('',(#102,#106,#108));
#3204 = FACE_OUTER_BOUND('',#3203,.T.);
#3205 = DIRECTION('',(0.000000,0.000000,1.000000));
#3206 = DIRECTION('',(1.000000,0.000000,0.000000));
#3207 = AXIS2_PLACEMENT_3D('',#102,#3205,#3206);
#3208 = PLANE('',#3207);
#3209 = FACE_SURFACE('',(#3204),#3208,.T.);
#3210 = POLY_LOOP('',(#102,#108,#110));
#3211 = FACE_OUTER_BOUND('',#3210,.T.);
#3212 = DIRECTION('',(0.000000,0.000000,1.000000));
#3213 = DIRECTION('',(1.000000,0.000000,0.000000));
#3214 = AXIS2_PLACEMENT_3D('',#102,#3212,#3213);
#3215 = PLANE('',#3214);
#3216 = FACE_SURFACE('',(#3211),#3215,.T.);
#3217 = POLY_LOOP('',(#103,#104,#106));
#3218 = FACE_OUTER_BOUND('',#3217,.T.);
#3219 = DIRECTION('',(0.000000,0.000000,1.000000));
#3220 = DIRECTION('',(1.000000,0.000000,0.000000));
#3221 = AXIS2_PLACEMENT_3D('',#103,#3219,#3220);
#3222 = PLANE('',#3221);
#3223 = FACE_SURFACE('',(#3218),#3222,.T.);
#3224 = POLY_LOOP('',(#112,#114,#122));
#3225 = FACE_OUTER_BOUND('',#3224,.T.);
#3226 = DIRECTION('',(0.000000,0.000000,1.000000));
#3227 = DIRECTION('',(1.000000,0.000000,0.000000));
#3228 = AXIS2_PLACEMENT_3D('',#112,#3226,#3227);
#3229 = PLANE('',#3228);
#3230 = FACE_SURFACE('',(#3225),#3229,.T.);
#3231 = POLY_LOOP('',(#122,#114,#116));
#3232 = FACE_OUTER_BOUND('',#3231,.T.);
#3233 = DIRECTION('',(0.000000,0.000000,1.000000));
#3234 = DIRECTION('',(1.000000,0.000000,0.000000));
#3235 = AXIS2_PLACEMENT_3D('',#122,#3233,#3234);
#3236 = PLANE('',#3235);
#3237 = FACE_SURFACE('',(#3232),#3236,.T.);
#3238 = POLY_LOOP('',(#122,#116,#121));
#3239 = FACE_OUTER_BOUND('',#3238,.T.);
#3240 = DIRECTION('',(0.000000,0.000000,1.000000));
#3241 = DIRECTION('',(1.000000,0.000000,0.000000));
#3242 = AXIS2_PLACEMENT_3D('',#122,#3240,#3241);
#3243 = PLANE('',#3242);
#3244 = FACE_SURFACE('',(#3239),#3243,.T.);
#3245 = POLY_LOOP('',(#121,#124,#122));
#3246 = FACE_OUTER_BOUND('',#3245,.T.);
#3247 = DIRECTION('',(0.000000,0.000000,1.000000));
#3248 = DIRECTION('',(1.000000,0.000000,0.000000));
#3249 = AXIS2_PLACEMENT_3D('',#121,#3247,#3248);
#3250 = PLANE('',#3249);
#3251 = FACE_SURFACE('',(#3246),#3250,.T.);
#3252 = POLY_LOOP('',(#44,#105,#43));
#3253 = FACE_OUTER_BOUND('',#3252,.T.);
#3254 = DIRECTION('',(0.000000,0.000000,1.000000));
#3255 = DIRECTION('',(1.000000,0.000000,0.000000));
#3256 = AXIS2_PLACEMENT_3D('',#44,#3254,#3255);
#3257 = PLANE('',#3256);
#3258 = FACE_SURFACE('',(#3253),#3257,.T.);
#3259 = POLY_LOOP('',(#43,#105,#107));
#3260 = FACE_OUTER_BOUND('',#3259,.T.);
#3261 = DIRECTION('',(0.000000,0.000000,1.000000));
#3262 = DIRECTION('',(1.000000,0.000000,0.000000));
#3263 = AXIS2_PLACEMENT_3D('',#43,#3261,#3262);
#3264 = PLANE('',#3263);
#3265 = FACE_SURFACE('',(#3260),#3264,.T.);
#3266 = POLY_LOOP('',(#43,#107,#42));
#3267 = FACE_OUTER_BOUND('',#3266,.T.);
#3268 = DIRECTION('',(0.000000,0.000000,1.000000));
#3269 = DIRECTION('',(1.000000,0.000000,0.000000));
#3270 = AXIS2_PLACEMENT_3D('',#43,#3268,#3269);
#3271 = PLANE('',#3270);
#3272 = FACE_SURFACE('',(#3267),#3271,.T.);
#3273 = POLY_LOOP('',(#42,#107,#109));
#3274 = FACE_OUTER_BOUND('',#3273,.T.);
#3275 = DIRECTION('',(0.000000,0.000000,1.000000));
#3276 = DIRECTION('',(1.000000,0.000000,0.000000));
#3277 = AXIS2_PLACEMENT_3D('',#42,#3275,#3276);
#3278 = PLANE('',#3277);
#3279 = FACE_SURFACE('',(#3274),#3278,.T.);
#3280 = POLY_LOOP('',(#42,#109,#41));
#3281 = FACE_OUTER_BOUND('',#3280,.T.);
#3282 = DIRECTION('',(0.000000,0.000000,1.000000));
#3283 = DIRECTION('',(1.000000,0.000000,0.000000));
#3284 = AXIS2_PLACEMENT_3D('',#42,#3282,#3283);
#3285 = PLANE('',#3284);
#3286 = FACE_SURFACE('',(#3281),#3285,.T.);
#3287 = POLY_LOOP('',(#41,#109,#111));
#3288 = FACE_OUTER_BOUND('',#3287,.T.);
#3289 = DIRECTION('',(0.000000,0.000000,1.000000));
#3290 = DIRECTION('',(1.000000,0.000000,0.000000));
#3291 = AXIS2_PLACEMENT_3D('',#41,#3289,#3290);
#3292 = PLANE('',#3291);
#3293 = FACE_SURFACE('',(#3288),#3292,.T.);
#3294 = POLY_LOOP('',(#41,#111,#46));
#3295 = FACE_OUTER_BOUND('',#3294,.T.);
#3296 = DIRECTION('',(0.000000,0.000000,1.000000));
#3297 = DIRECTION('',(1.000000,0.000000,0.000000));
#3298 = AXIS2_PLACEMENT_3D('',#41,#3296,#3297);
#3299 = PLANE('',#3298);
#3300 = FACE_SURFACE('',(#3295),#3299,.T.);
#3301 = POLY_LOOP('',(#46,#111,#113));
#3302 = FACE_OUTER_BOUND('',#3301,.T.);
#3303 = DIRECTION('',(0.000000,0.000000,1.000000));
#3304 = DIRECTION('',(1.000000,0.000000,0.000000));
#3305 = AXIS2_PLACEMENT_3D('',#46,#3303,#3304);
#3306 = PLANE('',#3305);
#3307 = FACE_SURFACE('',(#3302),#3306,.T.);
#3308 = POLY_LOOP('',(#46,#113,#45));
#3309 = FACE_OUTER_BOUND('',#3308,.T.);
#3310 = DIRECTION('',(0.000000,0.000000,1.000000));
#3311 = DIRECTION('',(1.000000,0.000000,0.000000));
#3312 = AXIS2_PLACEMENT_3D('',#46,#3310,#3311);
#3313 = PLANE('',#3312);
#3314 = FACE_SURFACE('',(#3309),#3313,.T.);
#3315 = POLY_LOOP('',(#45,#113,#115));
#3316 = FACE_OUTER_BOUND('',#3315,.T.);
#3317 = DIRECTION('',(0.000000,0.000000,1.000000));
#3318 = DIRECTION('',(1.000000,0.000000,0.000000));
#3319 = AXIS2_PLACEMENT_3D('',#45,#3317,#3318);
#3320 = PLANE('',#3319);
#3321 = FACE_SURFACE('',(#3316),#3320,.T.);
#3322 = POLY_LOOP('',(#45,#115,#48));
#3323 = FACE_OUTER_BOUND('',#3322,.T.);
#3324 = DIRECTION('',(0.000000,0.000000,1.000000));
#3325 = DIRECTION('',(1.000000,0.000000,0.000000));
#3326 = AXIS2_PLACEMENT_3D('',#45,#3324,#3325);
#3327 = PLANE('',#3326);
#3328 = FACE_SURFACE('',(#3323),#3327,.T.);
#3329 = POLY_LOOP('',(#48,#115,#117));
#3330 = FACE_OUTER_BOUND('',#3329,.T.);
#3331 = DIRECTION('',(0.000000,0.000000,1.000000));
#3332 = DIRECTION('',(1.000000,0.000000,0.000000));
#3333 = AXIS2_PLACEMENT_3D('',#48,#3331,#3332);
#3334 = PLANE('',#3333);
#3335 = FACE_SURFACE('',(#3330),#3334,.T.);
#3336 = POLY_LOOP('',(#48,#117,#47));
#3337 = FACE_OUTER_BOUND('',#3336,.T.);
#3338 = DIRECTION('',(0.000000,0.000000,1.000000));
#3339 = DIRECTION('',(1.000000,0.000000,0.000000));
#3340 = AXIS2_PLACEMENT_3D('',#48,#3338,#3339);
#3341 = PLANE('',#3340);
#3342 = FACE_SURFACE('',(#3337),#3341,.T.);
#3343 = POLY_LOOP('',(#47,#117,#118));
#3344 = FACE_OUTER_BOUND('',#3343,.T.);
#3345 = DIRECTION('',(0.000000,0.000000,1.000000));
#3346 = DIRECTION('',(1.000000,0.000000,0.000000));
#3347 = AXIS2_PLACEMENT_3D('',#47,#3345,#3346);
#3348 = PLANE('',#3347);
#3349 = FACE_SURFACE('',(#3344),#3348,.T.);
#3350 = POLY_LOOP('',(#47,#118,#59));
#3351 = FACE_OUTER_BOUND('',#3350,.T.);
#3352 = DIRECTION('',(0.000000,0.000000,1.000000));
#3353 = DIRECTION('',(1.000000,0.000000,0.000000));
#3354 = AXIS2_PLACEMENT_3D('',#47,#3352,#3353);
#3355 = PLANE('',#3354);
#3356 = FACE_SURFACE('',(#3351),#3355,.T.);
#3357 = POLY_LOOP('',(#59,#118,#128));
#3358 = FACE_OUTER_BOUND('',#3357,.T.);
#3359 = DIRECTION('',(0.000000,0.000000,1.000000));
#3360 = DIRECTION('',(1.000000,0.000000,0.000000));
#3361 = AXIS2_PLACEMENT_3D('',#59,#3359,#3360);
#3362 = PLANE('',#3361);
#3363 = FACE_SURFACE('',(#3358),#3362,.T.);
#3364 = POLY_LOOP('',(#59,#128,#127));
#3365 = FACE_OUTER_BOUND('',#3364,.T.);
#3366 = DIRECTION('',(0.000000,0.000000,1.000000));
#3367 = DIRECTION('',(1.000000,0.000000,0.000000));
#3368 = AXIS2_PLACEMENT_3D('',#59,#3366,#3367);
#3369 = PLANE('',#3368);
#3370 = FACE_SURFACE('',(#3365),#3369,.T.);
#3371 = POLY_LOOP('',(#59,#127,#61));
#3372 = FACE_OUTER_BOUND('',#3371,.T.);
#3373 = DIRECTION('',(0.000000,0.000000,1.000000));
#3374 = DIRECTION('',(1.000000,0.000000,0.000000));
#3375 = AXIS2_PLACEMENT_3D('',#59,#3373,#3374);
#3376 = PLANE('',#3375);
#3377 = FACE_SURFACE('',(#3372),#3376,.T.);
#3378 = POLY_LOOP('',(#61,#127,#126));
#3379 = FACE_OUTER_BOUND('',#3378,.T.);
#3380 = DIRECTION('',(0.000000,0.000000,1.000000));
#3381 = DIRECTION('',(1.000000,0.000000,0.000000));
#3382 = AXIS2_PLACEMENT_3D('',#61,#3380,#3381);
#3383 = PLANE('',#3382);
#3384 = FACE_SURFACE('',(#3379),#3383,.T.);
#3385 = POLY_LOOP('',(#61,#126,#63));
#3386 = FACE_OUTER_BOUND('',#3385,.T.);
#3387 = DIRECTION('',(0.000000,0.000000,1.000000));
#3388 = DIRECTION('',(1.000000,0.000000,0.000000));
#3389 = AXIS2_PLACEMENT_3D('',#61,#3387,#3388);
#3390 = PLANE('',#3389);
#3391 = FACE_SURFACE('',(#3386),#3390,.T.);
#3392 = POLY_LOOP('',(#63,#126,#125));
#3393 = FACE_OUTER_BOUND('',#3392,.T.);
#3394 = DIRECTION('',(0.000000,0.000000,1.000000));
#3395 = DIRECTION('',(1.000000,0.000000,0.000000));
#3396 = AXIS2_PLACEMENT_3D('',#63,#3394,#3395);
#3397 = PLANE('',#3396);
#3398 = FACE_SURFACE('',(#3393),#3397,.T.);
#3399 = POLY_LOOP('',(#63,#125,#65));
#3400 = FACE_OUTER_BOUND('',#3399,.T.);
#3401 = DIRECTION('',(0.000000,0.000000,1.000000));
#3402 = DIRECTION('',(1.000000,0.000000,0.000000));
#3403 = AXIS2_PLACEMENT_3D('',#63,#3401,#3402);
#3404 = PLANE('',#3403);
#3405 = FACE_SURFACE('',(#3400),#3404,.T.);
#3406 = POLY_LOOP('',(#65,#125,#120));
#3407 = FACE_OUTER_BOUND('',#3406,.T.);
#3408 = DIRECTION('',(0.000000,0.000000,1.000000));
#3409 = DIRECTION('',(1.000000,0.000000,0.000000));
#3410 = AXIS2_PLACEMENT_3D('',#65,#3408,#3409);
#3411 = PLANE('',#3410);
#3412 = FACE_SURFACE('',(#3407),#3411,.T.);
#3413 = POLY_LOOP('',(#65,#120,#67));
#3414 = FACE_OUTER_BOUND('',#3413,.T.);
#3415 = DIRECTION('',(0.000000,0.000000,1.000000));
#3416 = DIRECTION('',(1.000000,0.000000,0.000000));
#3417 = AXIS2_PLACEMENT_3D('',#65,#3415,#3416);
#3418 = PLANE('',#3417);
#3419 = FACE_SURFACE('',(#3414),#3418,.T.);
#3420 = POLY_LOOP('',(#67,#120,#119));
#3421 = FACE_OUTER_BOUND('',#3420,.T.);
#3422 = DIRECTION('',(0.000000,0.000000,1.000000));
#3423 = DIRECTION('',(1.000000,0.000000,0.000000));
#3424 = AXIS2_PLACEMENT_3D('',#67,#3422,#3423);
#3425 = PLANE('',#3424);
#3426 = FACE_SURFACE('',(#3421),#3425,.T.);
#3427 = POLY_LOOP('',(#67,#119,#68));
#3428 = FACE_OUTER_BOUND('',#3427,.T.);
#3429 = DIRECTION('',(0.000000,0.000000,1.000000));
#3430 = DIRECTION('',(1.000000,0.000000,0.000000));
#3431 = AXIS2_PLACEMENT_3D('',#67,#3429,#3430);
#3432 = PLANE('',#3431);
#3433 = FACE_SURFACE('',(#3428),#3432,.T.);
#3434 = POLY_LOOP('',(#68,#119,#123));
#3435 = FACE_OUTER_BOUND('',#3434,.T.);
#3436 = DIRECTION('',(0.000000,0.000000,1.000000));
#3437 = DIRECTION('',(1.000000,0.000000,0.000000));
#3438 = AXIS2_PLACEMENT_3D('',#68,#3436,#3437);
#3439 = PLANE('',#3438);
#3440 = FACE_SURFACE('',(#3435),#3439,.T.);
#3441 = POLY_LOOP('',(#68,#123,#69));
#3442 = FACE_OUTER_BOUND('',#3441,.T.);
#3443 = DIRECTION('',(0.000000,0.000000,1.000000));
#3444 = DIRECTION('',(1.000000,0.000000,0.000000));
#3445 = AXIS2_PLACEMENT_3D('',#68,#3443,#3444);
#3446 = PLANE('',#3445);
#3447 = FACE_SURFACE('',(#3442),#3446,.T.);
#3448 = POLY_LOOP('',(#69,#123,#70));
#3449 = FACE_OUTER_BOUND('',#3448,.T.);
#3450 = DIRECTION('',(0.000000,0.000000,1.000000));
#3451 = DIRECTION('',(1.000000,0.000000,0.000000));
#3452 = AXIS2_PLACEMENT_3D('',#69,#3450,#3451);
#3453 = PLANE('',#3452);
#3454 = FACE_SURFACE('',(#3449),#3453,.T.);
#3455 = POLY_LOOP('',(#70,#123,#122));
#3456 = FACE_OUTER_BOUND('',#3455,.T.);
#3457 = DIRECTION('',(0.000000,0.000000,1.000000));
#3458 = DIRECTION('',(1.000000,0.000000,0.000000));
#3459 = AXIS2_PLACEMENT_3D('',#70,#3457,#3458);
#3460 = PLANE('',#3459);
#3461 = FACE_SURFACE('',(#3456),#3460,.T.);
#3462 = POLY_LOOP('',(#103,#64,#104));
#3463 = FACE_OUTER_BOUND('',#3462,.T.);
#3464 = DIRECTION('',(0.000000,0.000000,1.000000));
#3465 = DIRECTION('',(1.000000,0.000000,0.000000));
#3466 = AXIS2_PLACEMENT_3D('',#103,#3464,#3465);
#3467 = PLANE('',#3466);
#3468 = FACE_SURFACE('',(#3463),#3467,.T.);
#3469 = POLY_LOOP('',(#104,#64,#66));
#3470 = FACE_OUTER_BOUND('',#3469,.T.);
#3471 = DIRECTION('',(0.000000,0.000000,1.000000));
#3472 = DIRECTION('',(1.000000,0.000000,0.000000));
#3473 = AXIS2_PLACEMENT_3D('',#104,#3471,#3472);
#3474 = PLANE('',#3473);
#3475 = FACE_SURFACE('',(#3470),#3474,.T.);
#3476 = POLY_LOOP('',(#104,#66,#78));
#3477 = FACE_OUTER_BOUND('',#3476,.T.);
#3478 = DIRECTION('',(0.000000,0.000000,1.000000));
#3479 = DIRECTION('',(1.000000,0.000000,0.000000));
#3480 = AXIS2_PLACEMENT_3D('',#104,#3478,#3479);
#3481 = PLANE('',#3480);
#3482 = FACE_SURFACE('',(#3477),#3481,.T.);
#3483 = POLY_LOOP('',(#104,#78,#106));
#3484 = FACE_OUTER_BOUND('',#3483,.T.);
#3485 = DIRECTION('',(0.000000,0.000000,1.000000));
#3486 = DIRECTION('',(1.000000,0.000000,0.000000));
#3487 = AXIS2_PLACEMENT_3D('',#104,#3485,#3486);
#3488 = PLANE('',#3487);
#3489 = FACE_SURFACE('',(#3484),#3488,.T.);
#3490 = POLY_LOOP('',(#106,#78,#77));
#3491 = FACE_OUTER_BOUND('',#3490,.T.);
#3492 = DIRECTION('',(0.000000,0.000000,1.000000));
#3493 = DIRECTION('',(1.000000,0.000000,0.000000));
#3494 = AXIS2_PLACEMENT_3D('',#106,#3492,#3493);
#3495 = PLANE('',#3494);
#3496 = FACE_SURFACE('',(#3491),#3495,.T.);
#3497 = POLY_LOOP('',(#106,#77,#108));
#3498 = FACE_OUTER_BOUND('',#3497,.T.);
#3499 = DIRECTION('',(0.000000,0.000000,1.000000));
#3500 = DIRECTION('',(1.000000,0.000000,0.000000));
#3501 = AXIS2_PLACEMENT_3D('',#106,#3499,#3500);
#3502 = PLANE('',#3501);
#3503 = FACE_SURFACE('',(#3498),#3502,.T.);
#3504 = POLY_LOOP('',(#108,#77,#76));
#3505 = FACE_OUTER_BOUND('',#3504,.T.);
#3506 = DIRECTION('',(0.000000,0.000000,1.000000));
#3507 = DIRECTION('',(1.000000,0.000000,0.000000));
#3508 = AXIS2_PLACEMENT_3D('',#108,#3506,#3507);
#3509 = PLANE('',#3508);
#3510 = FACE_SURFACE('',(#3505),#3509,.T.);
#3511 = POLY_LOOP('',(#108,#76,#110));
#3512 = FACE_OUTER_BOUND('',#3511,.T.);
#3513 = DIRECTION('',(0.000000,0.000000,1.000000));
#3514 = DIRECTION('',(1.000000,0.000000,0.000000));
#3515 = AXIS2_PLACEMENT_3D('',#108,#3513,#3514);
#3516 = PLANE('',#3515);
#3517 = FACE_SURFACE('',(#3512),#3516,.T.);
#3518 = POLY_LOOP('',(#110,#76,#75));
#3519 = FACE_OUTER_BOUND('',#3518,.T.);
#3520 = DIRECTION('',(0.000000,0.000000,1.000000));
#3521 = DIRECTION('',(1.000000,0.000000,0.000000));
#3522 = AXIS2_PLACEMENT_3D('',#110,#3520,#3521);
#3523 = PLANE('',#3522);
#3524 = FACE_SURFACE('',(#3519),#3523,.T.);
#3525 = POLY_LOOP('',(#110,#75,#112));
#3526 = FACE_OUTER_BOUND('',#3525,.T.);
#3527 = DIRECTION('',(0.000000,0.000000,1.000000));
#3528 = DIRECTION('',(1.000000,0.000000,0.000000));
#3529 = AXIS2_PLACEMENT_3D('',#110,#3527,#3528);
#3530 = PLANE('',#3529);
#3531 = FACE_SURFACE('',(#3526),#3530,.T.);
#3532 = POLY_LOOP('',(#112,#75,#74));
#3533 = FACE_OUTER_BOUND('',#3532,.T.);
#3534 = DIRECTION('',(0.000000,0.000000,1.000000));
#3535 = DIRECTION('',(1.000000,0.000000,0.000000));
#3536 = AXIS2_PLACEMENT_3D('',#112,#3534,#3535);
#3537 = PLANE('',#3536);
#3538 = FACE_SURFACE('',(#3533),#3537,.T.);
#3539 = POLY_LOOP('',(#112,#74,#114));
#3540 = FACE_OUTER_BOUND('',#3539,.T.);
#3541 = DIRECTION('',(0.000000,0.000000,1.000000));
#3542 = DIRECTION('',(1.000000,0.000000,0.000000));
#3543 = AXIS2_PLACEMENT_3D('',#112,#3541,#3542);
#3544 = PLANE('',#3543);
#3545 = FACE_SURFACE('',(#3540),#3544,.T.);
#3546 = POLY_LOOP('',(#114,#74,#116));
#3547 = FACE_OUTER_BOUND('',#3546,.T.);
#3548 = DIRECTION('',(0.000000,0.000000,1.000000));
#3549 = DIRECTION('',(1.000000,0.000000,0.000000));
#3550 = AXIS2_PLACEMENT_3D('',#114,#3548,#3549);
#3551 = PLANE('',#3550);
#3552 = FACE_SURFACE('',(#3547),#3551,.T.);
#3553 = POLY_LOOP('',(#116,#74,#73));
#3554 = FACE_OUTER_BOUND('',#3553,.T.);
#3555 = DIRECTION('',(0.000000,0.000000,1.000000));
#3556 = DIRECTION('',(1.000000,0.000000,0.000000));
#3557 = AXIS2_PLACEMENT_3D('',#116,#3555,#3556);
#3558 = PLANE('',#3557);
#3559 = FACE_SURFACE('',(#3554),#3558,.T.);
#3560 = POLY_LOOP('',(#73,#72,#116));
#3561 = FACE_OUTER_BOUND('',#3560,.T.);
#3562 = DIRECTION('',(0.000000,0.000000,1.000000));
#3563 = DIRECTION('',(1.000000,0.000000,0.000000));
#3564 = AXIS2_PLACEMENT_3D('',#73,#3562,#3563);
#3565 = PLANE('',#3564);
#3566 = FACE_SURFACE('',(#3561),#3565,.T.);
#3567 = POLY_LOOP('',(#116,#72,#121));
#3568 = FACE_OUTER_BOUND('',#3567,.T.);
#3569 = DIRECTION('',(0.000000,0.000000,1.000000));
#3570 = DIRECTION('',(1.000000,0.000000,0.000000));
#3571 = AXIS2_PLACEMENT_3D('',#116,#3569,#3570);
#3572 = PLANE('',#3571);
#3573 = FACE_SURFACE('',(#3568),#3572,.T.);
#3574 = POLY_LOOP('',(#122,#124,#70));
#3575 = FACE_OUTER_BOUND('',#3574,.T.);
#3576 = DIRECTION('',(0.000000,0.000000,1.000000));
#3577 = DIRECTION('',(1.000000,0.000000,0.000000));
#3578 = AXIS2_PLACEMENT_3D('',#122,#3576,#3577);
#3579 = PLANE('',#3578);
#3580 = FACE_SURFACE('',(#3575),#3579,.T.);
#3581 = POLY_LOOP('',(#70,#124,#71));
#3582 = FACE_OUTER_BOUND('',#3581,.T.);
#3583 = DIRECTION('',(0.000000,0.000000,1.000000));
#3584 = DIRECTION('',(1.000000,0.000000,0.000000));
#3585 = AXIS2_PLACEMENT_3D('',#70,#3583,#3584);
#3586 = PLANE('',#3585);
#3587 = FACE_SURFACE('',(#3582),#3586,.T.);
#3588 = POLY_LOOP('',(#31,#105,#17));
#3589 = FACE_OUTER_BOUND('',#3588,.T.);
#3590 = DIRECTION('',(0.000000,0.000000,1.000000));
#3591 = DIRECTION('',(1.000000,0.000000,0.000000));
#3592 = AXIS2_PLACEMENT_3D('',#31,#3590,#3591);
#3593 = PLANE('',#3592);
#3594 = FACE_SURFACE('',(#3589),#3593,.T.);
#3595 = POLY_LOOP('',(#17,#105,#44));
#3596 = FACE_OUTER_BOUND('',#3595,.T.);
#3597 = DIRECTION('',(0.000000,0.000000,1.000000));
#3598 = DIRECTION('',(1.000000,0.000000,0.000000));
#3599 = AXIS2_PLACEMENT_3D('',#17,#3597,#3598);
#3600 = PLANE('',#3599);
#3601 = FACE_SURFACE('',(#3596),#3600,.T.);
#3602 = POLY_LOOP('',(#124,#121,#71));
#3603 = FACE_OUTER_BOUND('',#3602,.T.);
#3604 = DIRECTION('',(0.000000,0.000000,1.000000));
#3605 = DIRECTION('',(1.000000,0.000000,0.000000));
#3606 = AXIS2_PLACEMENT_3D('',#124,#3604,#3605);
#3607 = PLANE('',#3606);
#3608 = FACE_SURFACE('',(#3603),#3607,.T.);
#3609 = POLY_LOOP('',(#71,#121,#72));
#3610 = FACE_OUTER_BOUND('',#3609,.T.);
#3611 = DIRECTION('',(0.000000,0.000000,1.000000));
#3612 = DIRECTION('',(1.000000,0.000000,0.000000));
#3613 = AXIS2_PLACEMENT_3D('',#71,#3611,#3612);
#3614 = PLANE('',#3613);
#3615 = FACE_SURFACE('',(#3610),#3614,.T.);
#3616 = POLY_LOOP('',(#91,#79,#95));
#3617 = FACE_OUTER_BOUND('',#3616,.T.);
#3618 = DIRECTION('',(0.000000,0.000000,1.000000));
#3619 = DIRECTION('',(1.000000,0.000000,0.000000));
#3620 = AXIS2_PLACEMENT_3D('',#91,#3618,#3619);
#3621 = PLANE('',#3620);
#3622 = FACE_SURFACE('',(#3617),#3621,.T.);
#3623 = POLY_LOOP('',(#95,#79,#53));
#3624 = FACE_OUTER_BOUND('',#3623,.T.);
#3625 = DIRECTION('',(0.000000,0.000000,1.000000));
#3626 = DIRECTION('',(1.000000,0.000000,0.000000));
#3627 = AXIS2_PLACEMENT_3D('',#95,#3625,#3626);
#3628 = PLANE('',#3627);
#3629 = FACE_SURFACE('',(#3624),#3628,.T.);
#3630 = POLY_LOOP('',(#95,#53,#96));
#3631 = FACE_OUTER_BOUND('',#3630,.T.);
#3632 = DIRECTION('',(0.000000,0.000000,1.000000));
#3633 = DIRECTION('',(1.000000,0.000000,0.000000));
#3634 = AXIS2_PLACEMENT_3D('',#95,#3632,#3633);
#3635 = PLANE('',#3634);
#3636 = FACE_SURFACE('',(#3631),#3635,.T.);
#3637 = POLY_LOOP('',(#96,#53,#54));
#3638 = FACE_OUTER_BOUND('',#3637,.T.);
#3639 = DIRECTION('',(0.000000,0.000000,1.000000));
#3640 = DIRECTION('',(1.000000,0.000000,0.000000));
#3641 = AXIS2_PLACEMENT_3D('',#96,#3639,#3640);
#3642 = PLANE('',#3641);
#3643 = FACE_SURFACE('',(#3638),#3642,.T.);
#3644 = POLY_LOOP('',(#96,#54,#97));
#3645 = FACE_OUTER_BOUND('',#3644,.T.);
#3646 = DIRECTION('',(0.000000,0.000000,1.000000));
#3647 = DIRECTION('',(1.000000,0.000000,0.000000));
#3648 = AXIS2_PLACEMENT_3D('',#96,#3646,#3647);
#3649 = PLANE('',#3648);
#3650 = FACE_SURFACE('',(#3645),#3649,.T.);
#3651 = POLY_LOOP('',(#97,#54,#55));
#3652 = FACE_OUTER_BOUND('',#3651,.T.);
#3653 = DIRECTION('',(0.000000,0.000000,1.000000));
#3654 = DIRECTION('',(1.000000,0.000000,0.000000));
#3655 = AXIS2_PLACEMENT_3D('',#97,#3653,#3654);
#3656 = PLANE('',#3655);
#3657 = FACE_SURFACE('',(#3652),#3656,.T.);
#3658 = POLY_LOOP('',(#97,#55,#98));
#3659 = FACE_OUTER_BOUND('',#3658,.T.);
#3660 = DIRECTION('',(0.000000,0.000000,1.000000));
#3661 = DIRECTION('',(1.000000,0.000000,0.000000));
#3662 = AXIS2_PLACEMENT_3D('',#97,#3660,#3661);
#3663 = PLANE('',#3662);
#3664 = FACE_SURFACE('',(#3659),#3663,.T.);
#3665 = POLY_LOOP('',(#98,#55,#56));
#3666 = FACE_OUTER_BOUND('',#3665,.T.);
#3667 = DIRECTION('',(0.000000,0.000000,1.000000));
#3668 = DIRECTION('',(1.000000,0.000000,0.000000));
#3669 = AXIS2_PLACEMENT_3D('',#98,#3667,#3668);
#3670 = PLANE('',#3669);
#3671 = FACE_SURFACE('',(#3666),#3670,.T.);
#3672 = POLY_LOOP('',(#98,#56,#99));
#3673 = FACE_OUTER_BOUND('',#3672,.T.);
#3674 = DIRECTION('',(0.000000,0.000000,1.000000));
#3675 = DIRECTION('',(1.000000,0.000000,0.000000));
#3676 = AXIS2_PLACEMENT_3D('',#98,#3674,#3675);
#3677 = PLANE('',#3676);
#3678 = FACE_SURFACE('',(#3673),#3677,.T.);
#3679 = POLY_LOOP('',(#99,#56,#57));
#3680 = FACE_OUTER_BOUND('',#3679,.T.);
#3681 = DIRECTION('',(0.000000,0.000000,1.000000));
#3682 = DIRECTION('',(1.000000,0.000000,0.000000));
#3683 = AXIS2_PLACEMENT_3D('',#99,#3681,#3682);
#3684 = PLANE('',#3683);
#3685 = FACE_SURFACE('',(#3680),#3684,.T.);
#3686 = POLY_LOOP('',(#99,#57,#100));
#3687 = FACE_OUTER_BOUND('',#3686,.T.);
#3688 = DIRECTION('',(0.000000,0.000000,1.000000));
#3689 = DIRECTION('',(1.000000,0.000000,0.000000));
#3690 = AXIS2_PLACEMENT_3D('',#99,#3688,#3689);
#3691 = PLANE('',#3690);
#3692 = FACE_SURFACE('',(#3687),#3691,.T.);
#3693 = POLY_LOOP('',(#100,#57,#58));
#3694 = FACE_OUTER_BOUND('',#3693,.T.);
#3695 = DIRECTION('',(0.000000,0.000000,1.000000));
#3696 = DIRECTION('',(1.000000,0.000000,0.000000));
#3697 = AXIS2_PLACEMENT_3D('',#100,#3695,#3696);
#3698 = PLANE('',#3697);
#3699 = FACE_SURFACE('',(#3694),#3698,.T.);
#3700 = POLY_LOOP('',(#100,#58,#101));
#3701 = FACE_OUTER_BOUND('',#3700,.T.);
#3702 = DIRECTION('',(0.000000,0.000000,1.000000));
#3703 = DIRECTION('',(1.000000,0.000000,0.000000));
#3704 = AXIS2_PLACEMENT_3D('',#100,#3702,#3703);
#3705 = PLANE('',#3704);
#3706 = FACE_SURFACE('',(#3701),#3705,.T.);
#3707 = POLY_LOOP('',(#101,#58,#60));
#3708 = FACE_OUTER_BOUND('',#3707,.T.);
#3709 = DIRECTION('',(0.000000,0.000000,1.000000));
#3710 = DIRECTION('',(1.000000,0.000000,0.000000));
#3711 = AXIS2_PLACEMENT_3D('',#101,#3709,#3710);
#3712 = PLANE('',#3711);
#3713 = FACE_SURFACE('',(#3708),#3712,.T.);
#3714 = POLY_LOOP('',(#101,#60,#102));
#3715 = FACE_OUTER_BOUND('',#3714,.T.);
#3716 = DIRECTION('',(0.000000,0.000000,1.000000));
#3717 = DIRECTION('',(1.000000,0.000000,0.000000));
#3718 = AXIS2_PLACEMENT_3D('',#101,#3716,#3717);
#3719 = PLANE('',#3718);
#3720 = FACE_SURFACE('',(#3715),#3719,.T.);
#3721 = POLY_LOOP('',(#102,#60,#62));
#3722 = FACE_OUTER_BOUND('',#3721,.T.);
#3723 = DIRECTION('',(0.000000,0.000000,1.000000));
#3724 = DIRECTION('',(1.000000,0.000000,0.000000));
#3725 = AXIS2_PLACEMENT_3D('',#102,#3723,#3724);
#3726 = PLANE('',#3725);
#3727 = FACE_SURFACE('',(#3722),#3726,.T.);
#3728 = POLY_LOOP('',(#102,#62,#103));
#3729 = FACE_OUTER_BOUND('',#3728,.T.);
#3730 = DIRECTION('',(0.000000,0.000000,1.000000));
#3731 = DIRECTION('',(1.000000,0.000000,0.000000));
#3732 = AXIS2_PLACEMENT_3D('',#102,#3730,#3731);
#3733 = PLANE('',#3732);
#3734 = FACE_SURFACE('',(#3729),#3733,.T.);
#3735 = POLY_LOOP('',(#103,#62,#64));
#3736 = FACE_OUTER_BOUND('',#3735,.T.);
#3737 = DIRECTION('',(0.000000,0.000000,1.000000));
#3738 = DIRECTION('',(1.000000,0.000000,0.000000));
#3739 = AXIS2_PLACEMENT_3D('',#103,#3737,#3738);
#3740 = PLANE('',#3739);
#3741 = FACE_SURFACE('',(#3736),#3740,.T.);
#3742 = POLY_LOOP('',(#31,#17,#33));
#3743 = FACE_OUTER_BOUND('',#3742,.T.);
#3744 = DIRECTION('',(0.000000,0.000000,1.000000));
#3745 = DIRECTION('',(1.000000,0.000000,0.000000));
#3746 = AXIS2_PLACEMENT_3D('',#31,#3744,#3745);
#3747 = PLANE('',#3746);
#3748 = FACE_SURFACE('',(#3743),#3747,.T.);
#3749 = POLY_LOOP('',(#33,#17,#18));
#3750 = FACE_OUTER_BOUND('',#3749,.T.);
#3751 = DIRECTION('',(0.000000,0.000000,1.000000));
#3752 = DIRECTION('',(1.000000,0.000000,0.000000));
#3753 = AXIS2_PLACEMENT_3D('',#33,#3751,#3752);
#3754 = PLANE('',#3753);
#3755 = FACE_SURFACE('',(#3750),#3754,.T.);
#3756 = POLY_LOOP('',(#33,#18,#34));
#3757 = FACE_OUTER_BOUND('',#3756,.T.);
#3758 = DIRECTION('',(0.000000,0.000000,1.000000));
#3759 = DIRECTION('',(1.000000,0.000000,0.000000));
#3760 = AXIS2_PLACEMENT_3D('',#33,#3758,#3759);
#3761 = PLANE('',#3760);
#3762 = FACE_SURFACE('',(#3757),#3761,.T.);
#3763 = POLY_LOOP('',(#34,#18,#20));
#3764 = FACE_OUTER_BOUND('',#3763,.T.);
#3765 = DIRECTION('',(0.000000,0.000000,1.000000));
#3766 = DIRECTION('',(1.000000,0.000000,0.000000));
#3767 = AXIS2_PLACEMENT_3D('',#34,#3765,#3766);
#3768 = PLANE('',#3767);
#3769 = FACE_SURFACE('',(#3764),#3768,.T.);
#3770 = POLY_LOOP('',(#34,#20,#36));
#3771 = FACE_OUTER_BOUND('',#3770,.T.);
#3772 = DIRECTION('',(0.000000,0.000000,1.000000));
#3773 = DIRECTION('',(1.000000,0.000000,0.000000));
#3774 = AXIS2_PLACEMENT_3D('',#34,#3772,#3773);
#3775 = PLANE('',#3774);
#3776 = FACE_SURFACE('',(#3771),#3775,.T.);
#3777 = POLY_LOOP('',(#36,#20,#19));
#3778 = FACE_OUTER_BOUND('',#3777,.T.);
#3779 = DIRECTION('',(0.000000,0.000000,1.000000));
#3780 = DIRECTION('',(1.000000,0.000000,0.000000));
#3781 = AXIS2_PLACEMENT_3D('',#36,#3779,#3780);
#3782 = PLANE('',#3781);
#3783 = FACE_SURFACE('',(#3778),#3782,.T.);
#3784 = POLY_LOOP('',(#36,#19,#35));
#3785 = FACE_OUTER_BOUND('',#3784,.T.);
#3786 = DIRECTION('',(0.000000,0.000000,1.000000));
#3787 = DIRECTION('',(1.000000,0.000000,0.000000));
#3788 = AXIS2_PLACEMENT_3D('',#36,#3786,#3787);
#3789 = PLANE('',#3788);
#3790 = FACE_SURFACE('',(#3785),#3789,.T.);
#3791 = POLY_LOOP('',(#35,#19,#21));
#3792 = FACE_OUTER_BOUND('',#3791,.T.);
#3793 = DIRECTION('',(0.000000,0.000000,1.000000));
#3794 = DIRECTION('',(1.000000,0.000000,0.000000));
#3795 = AXIS2_PLACEMENT_3D('',#35,#3793,#3794);
#3796 = PLANE('',#3795);
#3797 = FACE_SURFACE('',(#3792),#3796,.T.);
#3798 = POLY_LOOP('',(#35,#21,#37));
#3799 = FACE_OUTER_BOUND('',#3798,.T.);
#3800 = DIRECTION('',(0.000000,0.000000,1.000000));
#3801 = DIRECTION('',(1.000000,0.000000,0.000000));
#3802 = AXIS2_PLACEMENT_3D('',#35,#3800,#3801);
#3803 = PLANE('',#3802);
#3804 = FACE_SURFACE('',(#3799),#3803,.T.);
#3805 = POLY_LOOP('',(#37,#21,#22));
#3806 = FACE_OUTER_BOUND('',#3805,.T.);
#3807 = DIRECTION('',(0.000000,0.000000,1.000000));
#3808 = DIRECTION('',(1.000000,0.000000,0.000000));
#3809 = AXIS2_PLACEMENT_3D('',#37,#3807,#3808);
#3810 = PLANE('',#3809);
#3811 = FACE_SURFACE('',(#3806),#3810,.T.);
#3812 = POLY_LOOP('',(#37,#22,#38));
#3813 = FACE_OUTER_BOUND('',#3812,.T.);
#3814 = DIRECTION('',(0.000000,0.000000,1.000000));
#3815 = DIRECTION('',(1.000000,0.000000,0.000000));
#3816 = AXIS2_PLACEMENT_3D('',#37,#3814,#3815);
#3817 = PLANE('',#3816);
#3818 = FACE_SURFACE('',(#3813),#3817,.T.);
#3819 = POLY_LOOP('',(#38,#22,#24));
#3820 = FACE_OUTER_BOUND('',#3819,.T.);
#3821 = DIRECTION('',(0.000000,0.000000,1.000000));
#3822 = DIRECTION('',(1.000000,0.000000,0.000000));
#3823 = AXIS2_PLACEMENT_3D('',#38,#3821,#3822);
#3824 = PLANE('',#3823);
#3825 = FACE_SURFACE('',(#3820),#3824,.T.);
#3826 = POLY_LOOP('',(#38,#24,#23));
#3827 = FACE_OUTER_BOUND('',#3826,.T.);
#3828 = DIRECTION('',(0.000000,0.000000,1.000000));
#3829 = DIRECTION('',(1.000000,0.000000,0.000000));
#3830 = AXIS2_PLACEMENT_3D('',#38,#3828,#3829);
#3831 = PLANE('',#3830);
#3832 = FACE_SURFACE('',(#3827),#3831,.T.);
#3833 = POLY_LOOP('',(#23,#25,#38));
#3834 = FACE_OUTER_BOUND('',#3833,.T.);
#3835 = DIRECTION('',(0.000000,0.000000,1.000000));
#3836 = DIRECTION('',(1.000000,0.000000,0.000000));
#3837 = AXIS2_PLACEMENT_3D('',#23,#3835,#3836);
#3838 = PLANE('',#3837);
#3839 = FACE_SURFACE('',(#3834),#3838,.T.);
#3840 = POLY_LOOP('',(#38,#25,#26));
#3841 = FACE_OUTER_BOUND('',#3840,.T.);
#3842 = DIRECTION('',(0.000000,0.000000,1.000000));
#3843 = DIRECTION('',(1.000000,0.000000,0.000000));
#3844 = AXIS2_PLACEMENT_3D('',#38,#3842,#3843);
#3845 = PLANE('',#3844);
#3846 = FACE_SURFACE('',(#3841),#3845,.T.);
#3847 = POLY_LOOP('',(#38,#26,#37));
#3848 = FACE_OUTER_BOUND('',#3847,.T.);
#3849 = DIRECTION('',(0.000000,0.000000,1.000000));
#3850 = DIRECTION('',(1.000000,0.000000,0.000000));
#3851 = AXIS2_PLACEMENT_3D('',#38,#3849,#3850);
#3852 = PLANE('',#3851);
#3853 = FACE_SURFACE('',(#3848),#3852,.T.);
#3854 = POLY_LOOP('',(#37,#26,#28));
#3855 = FACE_OUTER_BOUND('',#3854,.T.);
#3856 = DIRECTION('',(0.000000,0.000000,1.000000));
#3857 = DIRECTION('',(1.000000,0.000000,0.000000));
#3858 = AXIS2_PLACEMENT_3D('',#37,#3856,#3857);
#3859 = PLANE('',#3858);
#3860 = FACE_SURFACE('',(#3855),#3859,.T.);
#3861 = POLY_LOOP('',(#37,#28,#35));
#3862 = FACE_OUTER_BOUND('',#3861,.T.);
#3863 = DIRECTION('',(0.000000,0.000000,1.000000));
#3864 = DIRECTION('',(1.000000,0.000000,0.000000));
#3865 = AXIS2_PLACEMENT_3D('',#37,#3863,#3864);
#3866 = PLANE('',#3865);
#3867 = FACE_SURFACE('',(#3862),#3866,.T.);
#3868 = POLY_LOOP('',(#35,#28,#27));
#3869 = FACE_OUTER_BOUND('',#3868,.T.);
#3870 = DIRECTION('',(0.000000,0.000000,1.000000));
#3871 = DIRECTION('',(1.000000,0.000000,0.000000));
#3872 = AXIS2_PLACEMENT_3D('',#35,#3870,#3871);
#3873 = PLANE('',#3872);
#3874 = FACE_SURFACE('',(#3869),#3873,.T.);
#3875 = POLY_LOOP('',(#35,#27,#36));
#3876 = FACE_OUTER_BOUND('',#3875,.T.);
#3877 = DIRECTION('',(0.000000,0.000000,1.000000));
#3878 = DIRECTION('',(1.000000,0.000000,0.000000));
#3879 = AXIS2_PLACEMENT_3D('',#35,#3877,#3878);
#3880 = PLANE('',#3879);
#3881 = FACE_SURFACE('',(#3876),#3880,.T.);
#3882 = POLY_LOOP('',(#36,#27,#29));
#3883 = FACE_OUTER_BOUND('',#3882,.T.);
#3884 = DIRECTION('',(0.000000,0.000000,1.000000));
#3885 = DIRECTION('',(1.000000,0.000000,0.000000));
#3886 = AXIS2_PLACEMENT_3D('',#36,#3884,#3885);
#3887 = PLANE('',#3886);
#3888 = FACE_SURFACE('',(#3883),#3887,.T.);
#3889 = POLY_LOOP('',(#36,#29,#34));
#3890 = FACE_OUTER_BOUND('',#3889,.T.);
#3891 = DIRECTION('',(0.000000,0.000000,1.000000));
#3892 = DIRECTION('',(1.000000,0.000000,0.000000));
#3893 = AXIS2_PLACEMENT_3D('',#36,#3891,#3892);
#3894 = PLANE('',#3893);
#3895 = FACE_SURFACE('',(#3890),#3894,.T.);
#3896 = POLY_LOOP('',(#34,#29,#30));
#3897 = FACE_OUTER_BOUND('',#3896,.T.);
#3898 = DIRECTION('',(0.000000,0.000000,1.000000));
#3899 = DIRECTION('',(1.000000,0.000000,0.000000));
#3900 = AXIS2_PLACEMENT_3D('',#34,#3898,#3899);
#3901 = PLANE('',#3900);
#3902 = FACE_SURFACE('',(#3897),#3901,.T.);
#3903 = POLY_LOOP('',(#34,#30,#33));
#3904 = FACE_OUTER_BOUND('',#3903,.T.);
#3905 = DIRECTION('',(0.000000,0.000000,1.000000));
#3906 = DIRECTION('',(1.000000,0.000000,0.000000));
#3907 = AXIS2_PLACEMENT_3D('',#34,#3905,#3906);
#3908 = PLANE('',#3907);
#3909 = FACE_SURFACE('',(#3904),#3908,.T.);
#3910 = POLY_LOOP('',(#33,#30,#32));
#3911 = FACE_OUTER_BOUND('',#3910,.T.);
#3912 = DIRECTION('',(0.000000,0.000000,1.000000));
#3913 = DIRECTION('',(1.000000,0.000000,0.000000));
#3914 = AXIS2_PLACEMENT_3D('',#33,#3912,#3913);
#3915 = PLANE('',#3914);
#3916 = FACE_SURFACE('',(#3911),#3915,.T.);
#3917 = POLY_LOOP('',(#33,#32,#31));
#3918 = FACE_OUTER_BOUND('',#3917,.T.);
#3919 = DIRECTION('',(0.000000,0.000000,1.000000));
#3920 = DIRECTION('',(1.000000,0.000000,0.000000));
#3921 = AXIS2_PLACEMENT_3D('',#33,#3919,#3920);
#3922 = PLANE('',#3921);
#3923 = FACE_SURFACE('',(#3918),#3922,.T.);
#3924 = POLY_LOOP('',(#32,#25,#31));
#3925 = FACE_OUTER_BOUND('',#3924,.T.);
#3926 = DIRECTION('',(0.000000,0.000000,1.000000));
#3927 = DIRECTION('',(1.000000,0.000000,0.000000));
#3928 = AXIS2_PLACEMENT_3D('',#32,#3926,#3927);
#3929 = PLANE('',#3928);
#3930 = FACE_SURFACE('',(#3925),#3929,.T.);
#3931 = POLY_LOOP('',(#31,#25,#39));
#3932 = FACE_OUTER_BOUND('',#3931,.T.);
#3933 = DIRECTION('',(0.000000,0.000000,1.000000));
#3934 = DIRECTION('',(1.000000,0.000000,0.000000));
#3935 = AXIS2_PLACEMENT_3D('',#31,#3933,#3934);
#3936 = PLANE('',#3935);
#3937 = FACE_SURFACE('',(#3932),#3936,.T.);
#3938 = POLY_LOOP('',(#31,#39,#49));
#3939 = FACE_OUTER_BOUND('',#3938,.T.);
#3940 = DIRECTION('',(0.000000,0.000000,1.000000));
#3941 = DIRECTION('',(1.000000,0.000000,0.000000));
#3942 = AXIS2_PLACEMENT_3D('',#31,#3940,#3941);
#3943 = PLANE('',#3942);
#3944 = FACE_SURFACE('',(#3939),#3943,.T.);
#3945 = POLY_LOOP('',(#49,#39,#50));
#3946 = FACE_OUTER_BOUND('',#3945,.T.);
#3947 = DIRECTION('',(0.000000,0.000000,1.000000));
#3948 = DIRECTION('',(1.000000,0.000000,0.000000));
#3949 = AXIS2_PLACEMENT_3D('',#49,#3947,#3948);
#3950 = PLANE('',#3949);
#3951 = FACE_SURFACE('',(#3946),#3950,.T.);
#3952 = POLY_LOOP('',(#50,#39,#51));
#3953 = FACE_OUTER_BOUND('',#3952,.T.);
#3954 = DIRECTION('',(0.000000,0.000000,1.000000));
#3955 = DIRECTION('',(1.000000,0.000000,0.000000));
#3956 = AXIS2_PLACEMENT_3D('',#50,#3954,#3955);
#3957 = PLANE('',#3956);
#3958 = FACE_SURFACE('',(#3953),#3957,.T.);
#3959 = POLY_LOOP('',(#51,#39,#40));
#3960 = FACE_OUTER_BOUND('',#3959,.T.);
#3961 = DIRECTION('',(0.000000,0.000000,1.000000));
#3962 = DIRECTION('',(1.000000,0.000000,0.000000));
#3963 = AXIS2_PLACEMENT_3D('',#51,#3961,#3962);
#3964 = PLANE('',#3963);
#3965 = FACE_SURFACE('',(#3960),#3964,.T.);
#3966 = POLY_LOOP('',(#51,#40,#44));
#3967 = FACE_OUTER_BOUND('',#3966,.T.);
#3968 = DIRECTION('',(0.000000,0.000000,1.000000));
#3969 = DIRECTION('',(1.000000,0.000000,0.000000));
#3970 = AXIS2_PLACEMENT_3D('',#51,#3968,#3969);
#3971 = PLANE('',#3970);
#3972 = FACE_SURFACE('',(#3967),#3971,.T.);
#3973 = POLY_LOOP('',(#32,#30,#25));
#3974 = FACE_OUTER_BOUND('',#3973,.T.);
#3975 = DIRECTION('',(0.000000,0.000000,1.000000));
#3976 = DIRECTION('',(1.000000,0.000000,0.000000));
#3977 = AXIS2_PLACEMENT_3D('',#32,#3975,#3976);
#3978 = PLANE('',#3977);
#3979 = FACE_SURFACE('',(#3974),#3978,.T.);
#3980 = POLY_LOOP('',(#25,#30,#29));
#3981 = FACE_OUTER_BOUND('',#3980,.T.);
#3982 = DIRECTION('',(0.000000,0.000000,1.000000));
#3983 = DIRECTION('',(1.000000,0.000000,0.000000));
#3984 = AXIS2_PLACEMENT_3D('',#25,#3982,#3983);
#3985 = PLANE('',#3984);
#3986 = FACE_SURFACE('',(#3981),#3985,.T.);
#3987 = POLY_LOOP('',(#25,#29,#27));
#3988 = FACE_OUTER_BOUND('',#3987,.T.);
#3989 = DIRECTION('',(0.000000,0.000000,1.000000));
#3990 = DIRECTION('',(1.000000,0.000000,0.000000));
#3991 = AXIS2_PLACEMENT_3D('',#25,#3989,#3990);
#3992 = PLANE('',#3991);
#3993 = FACE_SURFACE('',(#3988),#3992,.T.);
#3994 = POLY_LOOP('',(#27,#28,#25));
#3995 = FACE_OUTER_BOUND('',#3994,.T.);
#3996 = DIRECTION('',(0.000000,0.000000,1.000000));
#3997 = DIRECTION('',(1.000000,0.000000,0.000000));
#3998 = AXIS2_PLACEMENT_3D('',#27,#3996,#3997);
#3999 = PLANE('',#3998);
#4000 = FACE_SURFACE('',(#3995),#3999,.T.);
#4001 = POLY_LOOP('',(#25,#28,#26));
#4002 = FACE_OUTER_BOUND('',#4001,.T.);
#4003 = DIRECTION('',(0.000000,0.000000,1.000000));
#4004 = DIRECTION('',(1.000000,0.000000,0.000000));
#4005 = AXIS2_PLACEMENT_3D('',#25,#4003,#4004);
#4006 = PLANE('',#4005);
#4007 = FACE_SURFACE('',(#4002),#4006,.T.);
#4008 = POLY_LOOP('',(#51,#44,#52));
#4009 = FACE_OUTER_BOUND('',#4008,.T.);
#4010 = DIRECTION('',(0.000000,0.000000,1.000000));
#4011 = DIRECTION('',(1.000000,0.000000,0.000000));
#4012 = AXIS2_PLACEMENT_3D('',#51,#4010,#4011);
#4013 = PLANE('',#4012);
#4014 = FACE_SURFACE('',(#4009),#4013,.T.);
#4015 = POLY_LOOP('',(#52,#44,#43));
#4016 = FACE_OUTER_BOUND('',#4015,.T.);
#4017 = DIRECTION('',(0.000000,0.000000,1.000000));
#4018 = DIRECTION('',(1.000000,0.000000,0.000000));
#4019 = AXIS2_PLACEMENT_3D('',#52,#4017,#4018);
#4020 = PLANE('',#4019);
#4021 = FACE_SURFACE('',(#4016),#4020,.T.);
#4022 = POLY_LOOP('',(#52,#43,#53));
#4023 = FACE_OUTER_BOUND('',#4022,.T.);
#4024 = DIRECTION('',(0.000000,0.000000,1.000000));
#4025 = DIRECTION('',(1.000000,0.000000,0.000000));
#4026 = AXIS2_PLACEMENT_3D('',#52,#4024,#4025);
#4027 = PLANE('',#4026);
#4028 = FACE_SURFACE('',(#4023),#4027,.T.);
#4029 = POLY_LOOP('',(#53,#43,#54));
#4030 = FACE_OUTER_BOUND('',#4029,.T.);
#4031 = DIRECTION('',(0.000000,0.000000,1.000000));
#4032 = DIRECTION('',(1.000000,0.000000,0.000000));
#4033 = AXIS2_PLACEMENT_3D('',#53,#4031,#4032);
#4034 = PLANE('',#4033);
#4035 = FACE_SURFACE('',(#4030),#4034,.T.);
#4036 = POLY_LOOP('',(#54,#43,#42));
#4037 = FACE_OUTER_BOUND('',#4036,.T.);
#4038 = DIRECTION('',(0.000000,0.000000,1.000000));
#4039 = DIRECTION('',(1.000000,0.000000,0.000000));
#4040 = AXIS2_PLACEMENT_3D('',#54,#4038,#4039);
#4041 = PLANE('',#4040);
#4042 = FACE_SURFACE('',(#4037),#4041,.T.);
#4043 = POLY_LOOP('',(#54,#42,#55));
#4044 = FACE_OUTER_BOUND('',#4043,.T.);
#4045 = DIRECTION('',(0.000000,0.000000,1.000000));
#4046 = DIRECTION('',(1.000000,0.000000,0.000000));
#4047 = AXIS2_PLACEMENT_3D('',#54,#4045,#4046);
#4048 = PLANE('',#4047);
#4049 = FACE_SURFACE('',(#4044),#4048,.T.);
#4050 = POLY_LOOP('',(#55,#42,#41));
#4051 = FACE_OUTER_BOUND('',#4050,.T.);
#4052 = DIRECTION('',(0.000000,0.000000,1.000000));
#4053 = DIRECTION('',(1.000000,0.000000,0.000000));
#4054 = AXIS2_PLACEMENT_3D('',#55,#4052,#4053);
#4055 = PLANE('',#4054);
#4056 = FACE_SURFACE('',(#4051),#4055,.T.);
#4057 = POLY_LOOP('',(#55,#41,#46));
#4058 = FACE_OUTER_BOUND('',#4057,.T.);
#4059 = DIRECTION('',(0.000000,0.000000,1.000000));
#4060 = DIRECTION('',(1.000000,0.000000,0.000000));
#4061 = AXIS2_PLACEMENT_3D('',#55,#4059,#4060);
#4062 = PLANE('',#4061);
#4063 = FACE_SURFACE('',(#4058),#4062,.T.);
#4064 = POLY_LOOP('',(#46,#45,#55));
#4065 = FACE_OUTER_BOUND('',#4064,.T.);
#4066 = DIRECTION('',(0.000000,0.000000,1.000000));
#4067 = DIRECTION('',(1.000000,0.000000,0.000000));
#4068 = AXIS2_PLACEMENT_3D('',#46,#4066,#4067);
#4069 = PLANE('',#4068);
#4070 = FACE_SURFACE('',(#4065),#4069,.T.);
#4071 = POLY_LOOP('',(#55,#45,#56));
#4072 = FACE_OUTER_BOUND('',#4071,.T.);
#4073 = DIRECTION('',(0.000000,0.000000,1.000000));
#4074 = DIRECTION('',(1.000000,0.000000,0.000000));
#4075 = AXIS2_PLACEMENT_3D('',#55,#4073,#4074);
#4076 = PLANE('',#4075);
#4077 = FACE_SURFACE('',(#4072),#4076,.T.);
#4078 = POLY_LOOP('',(#56,#45,#48));
#4079 = FACE_OUTER_BOUND('',#4078,.T.);
#4080 = DIRECTION('',(0.000000,0.000000,1.000000));
#4081 = DIRECTION('',(1.000000,0.000000,0.000000));
#4082 = AXIS2_PLACEMENT_3D('',#56,#4080,#4081);
#4083 = PLANE('',#4082);
#4084 = FACE_SURFACE('',(#4079),#4083,.T.);
#4085 = POLY_LOOP('',(#56,#48,#57));
#4086 = FACE_OUTER_BOUND('',#4085,.T.);
#4087 = DIRECTION('',(0.000000,0.000000,1.000000));
#4088 = DIRECTION('',(1.000000,0.000000,0.000000));
#4089 = AXIS2_PLACEMENT_3D('',#56,#4087,#4088);
#4090 = PLANE('',#4089);
#4091 = FACE_SURFACE('',(#4086),#4090,.T.);
#4092 = POLY_LOOP('',(#57,#48,#47));
#4093 = FACE_OUTER_BOUND('',#4092,.T.);
#4094 = DIRECTION('',(0.000000,0.000000,1.000000));
#4095 = DIRECTION('',(1.000000,0.000000,0.000000));
#4096 = AXIS2_PLACEMENT_3D('',#57,#4094,#4095);
#4097 = PLANE('',#4096);
#4098 = FACE_SURFACE('',(#4093),#4097,.T.);
#4099 = POLY_LOOP('',(#57,#47,#58));
#4100 = FACE_OUTER_BOUND('',#4099,.T.);
#4101 = DIRECTION('',(0.000000,0.000000,1.000000));
#4102 = DIRECTION('',(1.000000,0.000000,0.000000));
#4103 = AXIS2_PLACEMENT_3D('',#57,#4101,#4102);
#4104 = PLANE('',#4103);
#4105 = FACE_SURFACE('',(#4100),#4104,.T.);
#4106 = POLY_LOOP('',(#58,#47,#59));
#4107 = FACE_OUTER_BOUND('',#4106,.T.);
#4108 = DIRECTION('',(0.000000,0.000000,1.000000));
#4109 = DIRECTION('',(1.000000,0.000000,0.000000));
#4110 = AXIS2_PLACEMENT_3D('',#58,#4108,#4109);
#4111 = PLANE('',#4110);
#4112 = FACE_SURFACE('',(#4107),#4111,.T.);
#4113 = POLY_LOOP('',(#58,#59,#60));
#4114 = FACE_OUTER_BOUND('',#4113,.T.);
#4115 = DIRECTION('',(0.000000,0.000000,1.000000));
#4116 = DIRECTION('',(1.000000,0.000000,0.000000));
#4117 = AXIS2_PLACEMENT_3D('',#58,#4115,#4116);
#4118 = PLANE('',#4117);
#4119 = FACE_SURFACE('',(#4114),#4118,.T.);
#4120 = POLY_LOOP('',(#60,#59,#61));
#4121 = FACE_OUTER_BOUND('',#4120,.T.);
#4122 = DIRECTION('',(0.000000,0.000000,1.000000));
#4123 = DIRECTION('',(1.000000,0.000000,0.000000));
#4124 = AXIS2_PLACEMENT_3D('',#60,#4122,#4123);
#4125 = PLANE('',#4124);
#4126 = FACE_SURFACE('',(#4121),#4125,.T.);
#4127 = POLY_LOOP('',(#60,#61,#62));
#4128 = FACE_OUTER_BOUND('',#4127,.T.);
#4129 = DIRECTION('',(0.000000,0.000000,1.000000));
#4130 = DIRECTION('',(1.000000,0.000000,0.000000));
#4131 = AXIS2_PLACEMENT_3D('',#60,#4129,#4130);
#4132 = PLANE('',#4131);
#4133 = FACE_SURFACE('',(#4128),#4132,.T.);
#4134 = POLY_LOOP('',(#62,#61,#63));
#4135 = FACE_OUTER_BOUND('',#4134,.T.);
#4136 = DIRECTION('',(0.000000,0.000000,1.000000));
#4137 = DIRECTION('',(1.000000,0.000000,0.000000));
#4138 = AXIS2_PLACEMENT_3D('',#62,#4136,#4137);
#4139 = PLANE('',#4138);
#4140 = FACE_SURFACE('',(#4135),#4139,.T.);
#4141 = POLY_LOOP('',(#62,#63,#64));
#4142 = FACE_OUTER_BOUND('',#4141,.T.);
#4143 = DIRECTION('',(0.000000,0.000000,1.000000));
#4144 = DIRECTION('',(1.000000,0.000000,0.000000));
#4145 = AXIS2_PLACEMENT_3D('',#62,#4143,#4144);
#4146 = PLANE('',#4145);
#4147 = FACE_SURFACE('',(#4142),#4146,.T.);
#4148 = POLY_LOOP('',(#64,#63,#65));
#4149 = FACE_OUTER_BOUND('',#4148,.T.);
#4150 = DIRECTION('',(0.000000,0.000000,1.000000));
#4151 = DIRECTION('',(1.000000,0.000000,0.000000));
#4152 = AXIS2_PLACEMENT_3D('',#64,#4150,#4151);
#4153 = PLANE('',#4152);
#4154 = FACE_SURFACE('',(#4149),#4153,.T.);
#4155 = POLY_LOOP('',(#64,#65,#66));
#4156 = FACE_OUTER_BOUND('',#4155,.T.);
#4157 = DIRECTION('',(0.000000,0.000000,1.000000));
#4158 = DIRECTION('',(1.000000,0.000000,0.000000));
#4159 = AXIS2_PLACEMENT_3D('',#64,#4157,#4158);
#4160 = PLANE('',#4159);
#4161 = FACE_SURFACE('',(#4156),#4160,.T.);
#4162 = POLY_LOOP('',(#66,#65,#67));
#4163 = FACE_OUTER_BOUND('',#4162,.T.);
#4164 = DIRECTION('',(0.000000,0.000000,1.000000));
#4165 = DIRECTION('',(1.000000,0.000000,0.000000));
#4166 = AXIS2_PLACEMENT_3D('',#66,#4164,#4165);
#4167 = PLANE('',#4166);
#4168 = FACE_SURFACE('',(#4163),#4167,.T.);
#4169 = POLY_LOOP('',(#66,#67,#68));
#4170 = FACE_OUTER_BOUND('',#4169,.T.);
#4171 = DIRECTION('',(0.000000,0.000000,1.000000));
#4172 = DIRECTION('',(1.000000,0.000000,0.000000));
#4173 = AXIS2_PLACEMENT_3D('',#66,#4171,#4172);
#4174 = PLANE('',#4173);
#4175 = FACE_SURFACE('',(#4170),#4174,.T.);
#4176 = POLY_LOOP('',(#69,#70,#68));
#4177 = FACE_OUTER_BOUND('',#4176,.T.);
#4178 = DIRECTION('',(0.000000,0.000000,1.000000));
#4179 = DIRECTION('',(1.000000,0.000000,0.000000));
#4180 = AXIS2_PLACEMENT_3D('',#69,#4178,#4179);
#4181 = PLANE('',#4180);
#4182 = FACE_SURFACE('',(#4177),#4181,.T.);
#4183 = POLY_LOOP('',(#68,#70,#71));
#4184 = FACE_OUTER_BOUND('',#4183,.T.);
#4185 = DIRECTION('',(0.000000,0.000000,1.000000));
#4186 = DIRECTION('',(1.000000,0.000000,0.000000));
#4187 = AXIS2_PLACEMENT_3D('',#68,#4185,#4186);
#4188 = PLANE('',#4187);
#4189 = FACE_SURFACE('',(#4184),#4188,.T.);
#4190 = POLY_LOOP('',(#68,#71,#72));
#4191 = FACE_OUTER_BOUND('',#4190,.T.);
#4192 = DIRECTION('',(0.000000,0.000000,1.000000));
#4193 = DIRECTION('',(1.000000,0.000000,0.000000));
#4194 = AXIS2_PLACEMENT_3D('',#68,#4192,#4193);
#4195 = PLANE('',#4194);
#4196 = FACE_SURFACE('',(#4191),#4195,.T.);
#4197 = POLY_LOOP('',(#72,#73,#68));
#4198 = FACE_OUTER_BOUND('',#4197,.T.);
#4199 = DIRECTION('',(0.000000,0.000000,1.000000));
#4200 = DIRECTION('',(1.000000,0.000000,0.000000));
#4201 = AXIS2_PLACEMENT_3D('',#72,#4199,#4200);
#4202 = PLANE('',#4201);
#4203 = FACE_SURFACE('',(#4198),#4202,.T.);
#4204 = POLY_LOOP('',(#68,#73,#74));
#4205 = FACE_OUTER_BOUND('',#4204,.T.);
#4206 = DIRECTION('',(0.000000,0.000000,1.000000));
#4207 = DIRECTION('',(1.000000,0.000000,0.000000));
#4208 = AXIS2_PLACEMENT_3D('',#68,#4206,#4207);
#4209 = PLANE('',#4208);
#4210 = FACE_SURFACE('',(#4205),#4209,.T.);
#4211 = POLY_LOOP('',(#68,#74,#66));
#4212 = FACE_OUTER_BOUND('',#4211,.T.);
#4213 = DIRECTION('',(0.000000,0.000000,1.000000));
#4214 = DIRECTION('',(1.000000,0.000000,0.000000));
#4215 = AXIS2_PLACEMENT_3D('',#68,#4213,#4214);
#4216 = PLANE('',#4215);
#4217 = FACE_SURFACE('',(#4212),#4216,.T.);
#4218 = POLY_LOOP('',(#66,#74,#75));
#4219 = FACE_OUTER_BOUND('',#4218,.T.);
#4220 = DIRECTION('',(0.000000,0.000000,1.000000));
#4221 = DIRECTION('',(1.000000,0.000000,0.000000));
#4222 = AXIS2_PLACEMENT_3D('',#66,#4220,#4221);
#4223 = PLANE('',#4222);
#4224 = FACE_SURFACE('',(#4219),#4223,.T.);
#4225 = POLY_LOOP('',(#66,#75,#76));
#4226 = FACE_OUTER_BOUND('',#4225,.T.);
#4227 = DIRECTION('',(0.000000,0.000000,1.000000));
#4228 = DIRECTION('',(1.000000,0.000000,0.000000));
#4229 = AXIS2_PLACEMENT_3D('',#66,#4227,#4228);
#4230 = PLANE('',#4229);
#4231 = FACE_SURFACE('',(#4226),#4230,.T.);
#4232 = POLY_LOOP('',(#77,#78,#76));
#4233 = FACE_OUTER_BOUND('',#4232,.T.);
#4234 = DIRECTION('',(0.000000,0.000000,1.000000));
#4235 = DIRECTION('',(1.000000,0.000000,0.000000));
#4236 = AXIS2_PLACEMENT_3D('',#77,#4234,#4235);
#4237 = PLANE('',#4236);
#4238 = FACE_SURFACE('',(#4233),#4237,.T.);
#4239 = POLY_LOOP('',(#76,#78,#66));
#4240 = FACE_OUTER_BOUND('',#4239,.T.);
#4241 = DIRECTION('',(0.000000,0.000000,1.000000));
#4242 = DIRECTION('',(1.000000,0.000000,0.000000));
#4243 = AXIS2_PLACEMENT_3D('',#76,#4241,#4242);
#4244 = PLANE('',#4243);
#4245 = FACE_SURFACE('',(#4240),#4244,.T.);
#4246 = POLY_LOOP('',(#53,#79,#52));
#4247 = FACE_OUTER_BOUND('',#4246,.T.);
#4248 = DIRECTION('',(0.000000,0.000000,1.000000));
#4249 = DIRECTION('',(1.000000,0.000000,0.000000));
#4250 = AXIS2_PLACEMENT_3D('',#53,#4248,#4249);
#4251 = PLANE('',#4250);
#4252 = FACE_SURFACE('',(#4247),#4251,.T.);
#4253 = POLY_LOOP('',(#52,#79,#80));
#4254 = FACE_OUTER_BOUND('',#4253,.T.);
#4255 = DIRECTION('',(0.000000,0.000000,1.000000));
#4256 = DIRECTION('',(1.000000,0.000000,0.000000));
#4257 = AXIS2_PLACEMENT_3D('',#52,#4255,#4256);
#4258 = PLANE('',#4257);
#4259 = FACE_SURFACE('',(#4254),#4258,.T.);
#4260 = POLY_LOOP('',(#52,#80,#81));
#4261 = FACE_OUTER_BOUND('',#4260,.T.);
#4262 = DIRECTION('',(0.000000,0.000000,1.000000));
#4263 = DIRECTION('',(1.000000,0.000000,0.000000));
#4264 = AXIS2_PLACEMENT_3D('',#52,#4262,#4263);
#4265 = PLANE('',#4264);
#4266 = FACE_SURFACE('',(#4261),#4265,.T.);
#4267 = POLY_LOOP('',(#81,#80,#82));
#4268 = FACE_OUTER_BOUND('',#4267,.T.);
#4269 = DIRECTION('',(0.000000,0.000000,1.000000));
#4270 = DIRECTION('',(1.000000,0.000000,0.000000));
#4271 = AXIS2_PLACEMENT_3D('',#81,#4269,#4270);
#4272 = PLANE('',#4271);
#4273 = FACE_SURFACE('',(#4268),#4272,.T.);
#4274 = POLY_LOOP('',(#81,#82,#83));
#4275 = FACE_OUTER_BOUND('',#4274,.T.);
#4276 = DIRECTION('',(0.000000,0.000000,1.000000));
#4277 = DIRECTION('',(1.000000,0.000000,0.000000));
#4278 = AXIS2_PLACEMENT_3D('',#81,#4276,#4277);
#4279 = PLANE('',#4278);
#4280 = FACE_SURFACE('',(#4275),#4279,.T.);
#4281 = POLY_LOOP('',(#23,#84,#25));
#4282 = FACE_OUTER_BOUND('',#4281,.T.);
#4283 = DIRECTION('',(0.000000,0.000000,1.000000));
#4284 = DIRECTION('',(1.000000,0.000000,0.000000));
#4285 = AXIS2_PLACEMENT_3D('',#23,#4283,#4284);
#4286 = PLANE('',#4285);
#4287 = FACE_SURFACE('',(#4282),#4286,.T.);
#4288 = POLY_LOOP('',(#25,#84,#39));
#4289 = FACE_OUTER_BOUND('',#4288,.T.);
#4290 = DIRECTION('',(0.000000,0.000000,1.000000));
#4291 = DIRECTION('',(1.000000,0.000000,0.000000));
#4292 = AXIS2_PLACEMENT_3D('',#25,#4290,#4291);
#4293 = PLANE('',#4292);
#4294 = FACE_SURFACE('',(#4289),#4293,.T.);
#4295 = POLY_LOOP('',(#85,#45,#86));
#4296 = FACE_OUTER_BOUND('',#4295,.T.);
#4297 = DIRECTION('',(0.000000,0.000000,1.000000));
#4298 = DIRECTION('',(1.000000,0.000000,0.000000));
#4299 = AXIS2_PLACEMENT_3D('',#85,#4297,#4298);
#4300 = PLANE('',#4299);
#4301 = FACE_SURFACE('',(#4296),#4300,.T.);
#4302 = POLY_LOOP('',(#86,#45,#46));
#4303 = FACE_OUTER_BOUND('',#4302,.T.);
#4304 = DIRECTION('',(0.000000,0.000000,1.000000));
#4305 = DIRECTION('',(1.000000,0.000000,0.000000));
#4306 = AXIS2_PLACEMENT_3D('',#86,#4304,#4305);
#4307 = PLANE('',#4306);
#4308 = FACE_SURFACE('',(#4303),#4307,.T.);
#4309 = POLY_LOOP('',(#86,#46,#87));
#4310 = FACE_OUTER_BOUND('',#4309,.T.);
#4311 = DIRECTION('',(0.000000,0.000000,1.000000));
#4312 = DIRECTION('',(1.000000,0.000000,0.000000));
#4313 = AXIS2_PLACEMENT_3D('',#86,#4311,#4312);
#4314 = PLANE('',#4313);
#4315 = FACE_SURFACE('',(#4310),#4314,.T.);
#4316 = POLY_LOOP('',(#87,#46,#41));
#4317 = FACE_OUTER_BOUND('',#4316,.T.);
#4318 = DIRECTION('',(0.000000,0.000000,1.000000));
#4319 = DIRECTION('',(1.000000,0.000000,0.000000));
#4320 = AXIS2_PLACEMENT_3D('',#87,#4318,#4319);
#4321 = PLANE('',#4320);
#4322 = FACE_SURFACE('',(#4317),#4321,.T.);
#4323 = POLY_LOOP('',(#87,#41,#88));
#4324 = FACE_OUTER_BOUND('',#4323,.T.);
#4325 = DIRECTION('',(0.000000,0.000000,1.000000));
#4326 = DIRECTION('',(1.000000,0.000000,0.000000));
#4327 = AXIS2_PLACEMENT_3D('',#87,#4325,#4326);
#4328 = PLANE('',#4327);
#4329 = FACE_SURFACE('',(#4324),#4328,.T.);
#4330 = POLY_LOOP('',(#88,#41,#42));
#4331 = FACE_OUTER_BOUND('',#4330,.T.);
#4332 = DIRECTION('',(0.000000,0.000000,1.000000));
#4333 = DIRECTION('',(1.000000,0.000000,0.000000));
#4334 = AXIS2_PLACEMENT_3D('',#88,#4332,#4333);
#4335 = PLANE('',#4334);
#4336 = FACE_SURFACE('',(#4331),#4335,.T.);
#4337 = POLY_LOOP('',(#88,#42,#89));
#4338 = FACE_OUTER_BOUND('',#4337,.T.);
#4339 = DIRECTION('',(0.000000,0.000000,1.000000));
#4340 = DIRECTION('',(1.000000,0.000000,0.000000));
#4341 = AXIS2_PLACEMENT_3D('',#88,#4339,#4340);
#4342 = PLANE('',#4341);
#4343 = FACE_SURFACE('',(#4338),#4342,.T.);
#4344 = POLY_LOOP('',(#89,#42,#43));
#4345 = FACE_OUTER_BOUND('',#4344,.T.);
#4346 = DIRECTION('',(0.000000,0.000000,1.000000));
#4347 = DIRECTION('',(1.000000,0.000000,0.000000));
#4348 = AXIS2_PLACEMENT_3D('',#89,#4346,#4347);
#4349 = PLANE('',#4348);
#4350 = FACE_SURFACE('',(#4345),#4349,.T.);
#4351 = POLY_LOOP('',(#89,#43,#90));
#4352 = FACE_OUTER_BOUND('',#4351,.T.);
#4353 = DIRECTION('',(0.000000,0.000000,1.000000));
#4354 = DIRECTION('',(1.000000,0.000000,0.000000));
#4355 = AXIS2_PLACEMENT_3D('',#89,#4353,#4354);
#4356 = PLANE('',#4355);
#4357 = FACE_SURFACE('',(#4352),#4356,.T.);
#4358 = POLY_LOOP('',(#90,#43,#44));
#4359 = FACE_OUTER_BOUND('',#4358,.T.);
#4360 = DIRECTION('',(0.000000,0.000000,1.000000));
#4361 = DIRECTION('',(1.000000,0.000000,0.000000));
#4362 = AXIS2_PLACEMENT_3D('',#90,#4360,#4361);
#4363 = PLANE('',#4362);
#4364 = FACE_SURFACE('',(#4359),#4363,.T.);
#4365 = POLY_LOOP('',(#90,#44,#91));
#4366 = FACE_OUTER_BOUND('',#4365,.T.);
#4367 = DIRECTION('',(0.000000,0.000000,1.000000));
#4368 = DIRECTION('',(1.000000,0.000000,0.000000));
#4369 = AXIS2_PLACEMENT_3D('',#90,#4367,#4368);
#4370 = PLANE('',#4369);
#4371 = FACE_SURFACE('',(#4366),#4370,.T.);
#4372 = POLY_LOOP('',(#91,#44,#40));
#4373 = FACE_OUTER_BOUND('',#4372,.T.);
#4374 = DIRECTION('',(0.000000,0.000000,1.000000));
#4375 = DIRECTION('',(1.000000,0.000000,0.000000));
#4376 = AXIS2_PLACEMENT_3D('',#91,#4374,#4375);
#4377 = PLANE('',#4376);
#4378 = FACE_SURFACE('',(#4373),#4377,.T.);
#4379 = POLY_LOOP('',(#91,#40,#84));
#4380 = FACE_OUTER_BOUND('',#4379,.T.);
#4381 = DIRECTION('',(0.000000,0.000000,1.000000));
#4382 = DIRECTION('',(1.000000,0.000000,0.000000));
#4383 = AXIS2_PLACEMENT_3D('',#91,#4381,#4382);
#4384 = PLANE('',#4383);
#4385 = FACE_SURFACE('',(#4380),#4384,.T.);
#4386 = POLY_LOOP('',(#84,#40,#39));
#4387 = FACE_OUTER_BOUND('',#4386,.T.);
#4388 = DIRECTION('',(0.000000,0.000000,1.000000));
#4389 = DIRECTION('',(1.000000,0.000000,0.000000));
#4390 = AXIS2_PLACEMENT_3D('',#84,#4388,#4389);
#4391 = PLANE('',#4390);
#4392 = FACE_SURFACE('',(#4387),#4391,.T.);
#4393 = POLY_LOOP('',(#54,#92,#53));
#4394 = FACE_OUTER_BOUND('',#4393,.T.);
#4395 = DIRECTION('',(0.000000,0.000000,1.000000));
#4396 = DIRECTION('',(1.000000,0.000000,0.000000));
#4397 = AXIS2_PLACEMENT_3D('',#54,#4395,#4396);
#4398 = PLANE('',#4397);
#4399 = FACE_SURFACE('',(#4394),#4398,.T.);
#4400 = POLY_LOOP('',(#53,#92,#93));
#4401 = FACE_OUTER_BOUND('',#4400,.T.);
#4402 = DIRECTION('',(0.000000,0.000000,1.000000));
#4403 = DIRECTION('',(1.000000,0.000000,0.000000));
#4404 = AXIS2_PLACEMENT_3D('',#53,#4402,#4403);
#4405 = PLANE('',#4404);
#4406 = FACE_SURFACE('',(#4401),#4405,.T.);
#4407 = POLY_LOOP('',(#53,#93,#79));
#4408 = FACE_OUTER_BOUND('',#4407,.T.);
#4409 = DIRECTION('',(0.000000,0.000000,1.000000));
#4410 = DIRECTION('',(1.000000,0.000000,0.000000));
#4411 = AXIS2_PLACEMENT_3D('',#53,#4409,#4410);
#4412 = PLANE('',#4411);
#4413 = FACE_SURFACE('',(#4408),#4412,.T.);
#4414 = POLY_LOOP('',(#79,#93,#94));
#4415 = FACE_OUTER_BOUND('',#4414,.T.);
#4416 = DIRECTION('',(0.000000,0.000000,1.000000));
#4417 = DIRECTION('',(1.000000,0.000000,0.000000));
#4418 = AXIS2_PLACEMENT_3D('',#79,#4416,#4417);
#4419 = PLANE('',#4418);
#4420 = FACE_SURFACE('',(#4415),#4419,.T.);
#4421 = POLY_LOOP('',(#79,#94,#80));
#4422 = FACE_OUTER_BOUND('',#4421,.T.);
#4423 = DIRECTION('',(0.000000,0.000000,1.000000));
#4424 = DIRECTION('',(1.000000,0.000000,0.000000));
#4425 = AXIS2_PLACEMENT_3D('',#79,#4423,#4424);
#4426 = PLANE('',#4425);
#4427 = FACE_SURFACE('',(#4422),#4426,.T.);
#4428 = POLY_LOOP('',(#80,#94,#95));
#4429 = FACE_OUTER_BOUND('',#4428,.T.);
#4430 = DIRECTION('',(0.000000,0.000000,1.000000));
#4431 = DIRECTION('',(1.000000,0.000000,0.000000));
#4432 = AXIS2_PLACEMENT_3D('',#80,#4430,#4431);
#4433 = PLANE('',#4432);
#4434 = FACE_SURFACE('',(#4429),#4433,.T.);
#4435 = POLY_LOOP('',(#80,#95,#82));
#4436 = FACE_OUTER_BOUND('',#4435,.T.);
#4437 = DIRECTION('',(0.000000,0.000000,1.000000));
#4438 = DIRECTION('',(1.000000,0.000000,0.000000));
#4439 = AXIS2_PLACEMENT_3D('',#80,#4437,#4438);
#4440 = PLANE('',#4439);
#4441 = FACE_SURFACE('',(#4436),#4440,.T.);
#4442 = POLY_LOOP('',(#82,#95,#96));
#4443 = FACE_OUTER_BOUND('',#4442,.T.);
#4444 = DIRECTION('',(0.000000,0.000000,1.000000));
#4445 = DIRECTION('',(1.000000,0.000000,0.000000));
#4446 = AXIS2_PLACEMENT_3D('',#82,#4444,#4445);
#4447 = PLANE('',#4446);
#4448 = FACE_SURFACE('',(#4443),#4447,.T.);
#4449 = POLY_LOOP('',(#82,#96,#83));
#4450 = FACE_OUTER_BOUND('',#4449,.T.);
#4451 = DIRECTION('',(0.000000,0.000000,1.000000));
#4452 = DIRECTION('',(1.000000,0.000000,0.000000));
#4453 = AXIS2_PLACEMENT_3D('',#82,#4451,#4452);
#4454 = PLANE('',#4453);
#4455 = FACE_SURFACE('',(#4450),#4454,.T.);
#4456 = POLY_LOOP('',(#83,#96,#97));
#4457 = FACE_OUTER_BOUND('',#4456,.T.);
#4458 = DIRECTION('',(0.000000,0.000000,1.000000));
#4459 = DIRECTION('',(1.000000,0.000000,0.000000));
#4460 = AXIS2_PLACEMENT_3D('',#83,#4458,#4459);
#4461 = PLANE('',#4460);
#4462 = FACE_SURFACE('',(#4457),#4461,.T.);
#4463 = POLY_LOOP('',(#83,#97,#81));
#4464 = FACE_OUTER_BOUND('',#4463,.T.);
#4465 = DIRECTION('',(0.000000,0.000000,1.000000));
#4466 = DIRECTION('',(1.000000,0.000000,0.000000));
#4467 = AXIS2_PLACEMENT_3D('',#83,#4465,#4466);
#4468 = PLANE('',#4467);
#4469 = FACE_SURFACE('',(#4464),#4468,.T.);
#4470 = POLY_LOOP('',(#81,#97,#98));
#4471 = FACE_OUTER_BOUND('',#4470,.T.);
#4472 = DIRECTION('',(0.000000,0.000000,1.000000));
#4473 = DIRECTION('',(1.000000,0.000000,0.000000));
#4474 = AXIS2_PLACEMENT_3D('',#81,#4472,#4473);
#4475 = PLANE('',#4474);
#4476 = FACE_SURFACE('',(#4471),#4475,.T.);
#4477 = POLY_LOOP('',(#81,#98,#52));
#4478 = FACE_OUTER_BOUND('',#4477,.T.);
#4479 = DIRECTION('',(0.000000,0.000000,1.000000));
#4480 = DIRECTION('',(1.000000,0.000000,0.000000));
#4481 = AXIS2_PLACEMENT_3D('',#81,#4479,#4480);
#4482 = PLANE('',#4481);
#4483 = FACE_SURFACE('',(#4478),#4482,.T.);
#4484 = POLY_LOOP('',(#52,#98,#99));
#4485 = FACE_OUTER_BOUND('',#4484,.T.);
#4486 = DIRECTION('',(0.000000,0.000000,1.000000));
#4487 = DIRECTION('',(1.000000,0.000000,0.000000));
#4488 = AXIS2_PLACEMENT_3D('',#52,#4486,#4487);
#4489 = PLANE('',#4488);
#4490 = FACE_SURFACE('',(#4485),#4489,.T.);
#4491 = POLY_LOOP('',(#52,#99,#51));
#4492 = FACE_OUTER_BOUND('',#4491,.T.);
#4493 = DIRECTION('',(0.000000,0.000000,1.000000));
#4494 = DIRECTION('',(1.000000,0.000000,0.000000));
#4495 = AXIS2_PLACEMENT_3D('',#52,#4493,#4494);
#4496 = PLANE('',#4495);
#4497 = FACE_SURFACE('',(#4492),#4496,.T.);
#4498 = POLY_LOOP('',(#51,#99,#100));
#4499 = FACE_OUTER_BOUND('',#4498,.T.);
#4500 = DIRECTION('',(0.000000,0.000000,1.000000));
#4501 = DIRECTION('',(1.000000,0.000000,0.000000));
#4502 = AXIS2_PLACEMENT_3D('',#51,#4500,#4501);
#4503 = PLANE('',#4502);
#4504 = FACE_SURFACE('',(#4499),#4503,.T.);
#4505 = POLY_LOOP('',(#51,#100,#50));
#4506 = FACE_OUTER_BOUND('',#4505,.T.);
#4507 = DIRECTION('',(0.000000,0.000000,1.000000));
#4508 = DIRECTION('',(1.000000,0.000000,0.000000));
#4509 = AXIS2_PLACEMENT_3D('',#51,#4507,#4508);
#4510 = PLANE('',#4509);
#4511 = FACE_SURFACE('',(#4506),#4510,.T.);
#4512 = POLY_LOOP('',(#50,#100,#101));
#4513 = FACE_OUTER_BOUND('',#4512,.T.);
#4514 = DIRECTION('',(0.000000,0.000000,1.000000));
#4515 = DIRECTION('',(1.000000,0.000000,0.000000));
#4516 = AXIS2_PLACEMENT_3D('',#50,#4514,#4515);
#4517 = PLANE('',#4516);
#4518 = FACE_SURFACE('',(#4513),#4517,.T.);
#4519 = POLY_LOOP('',(#50,#101,#49));
#4520 = FACE_OUTER_BOUND('',#4519,.T.);
#4521 = DIRECTION('',(0.000000,0.000000,1.000000));
#4522 = DIRECTION('',(1.000000,0.000000,0.000000));
#4523 = AXIS2_PLACEMENT_3D('',#50,#4521,#4522);
#4524 = PLANE('',#4523);
#4525 = FACE_SURFACE('',(#4520),#4524,.T.);
#4526 = POLY_LOOP('',(#49,#101,#102));
#4527 = FACE_OUTER_BOUND('',#4526,.T.);
#4528 = DIRECTION('',(0.000000,0.000000,1.000000));
#4529 = DIRECTION('',(1.000000,0.000000,0.000000));
#4530 = AXIS2_PLACEMENT_3D('',#49,#4528,#4529);
#4531 = PLANE('',#4530);
#4532 = FACE_SURFACE('',(#4527),#4531,.T.);
#4533 = POLY_LOOP('',(#24,#22,#23));
#4534 = FACE_OUTER_BOUND('',#4533,.T.);
#4535 = DIRECTION('',(0.000000,0.000000,1.000000));
#4536 = DIRECTION('',(1.000000,0.000000,0.000000));
#4537 = AXIS2_PLACEMENT_3D('',#24,#4535,#4536);
#4538 = PLANE('',#4537);
#4539 = FACE_SURFACE('',(#4534),#4538,.T.);
#4540 = POLY_LOOP('',(#23,#22,#21));
#4541 = FACE_OUTER_BOUND('',#4540,.T.);
#4542 = DIRECTION('',(0.000000,0.000000,1.000000));
#4543 = DIRECTION('',(1.000000,0.000000,0.000000));
#4544 = AXIS2_PLACEMENT_3D('',#23,#4542,#4543);
#4545 = PLANE('',#4544);
#4546 = FACE_SURFACE('',(#4541),#4545,.T.);
#4547 = POLY_LOOP('',(#23,#21,#19));
#4548 = FACE_OUTER_BOUND('',#4547,.T.);
#4549 = DIRECTION('',(0.000000,0.000000,1.000000));
#4550 = DIRECTION('',(1.000000,0.000000,0.000000));
#4551 = AXIS2_PLACEMENT_3D('',#23,#4549,#4550);
#4552 = PLANE('',#4551);
#4553 = FACE_SURFACE('',(#4548),#4552,.T.);
#4554 = POLY_LOOP('',(#19,#20,#23));
#4555 = FACE_OUTER_BOUND('',#4554,.T.);
#4556 = DIRECTION('',(0.000000,0.000000,1.000000));
#4557 = DIRECTION('',(1.000000,0.000000,0.000000));
#4558 = AXIS2_PLACEMENT_3D('',#19,#4556,#4557);
#4559 = PLANE('',#4558);
#4560 = FACE_SURFACE('',(#4555),#4559,.T.);
#4561 = POLY_LOOP('',(#23,#20,#18));
#4562 = FACE_OUTER_BOUND('',#4561,.T.);
#4563 = DIRECTION('',(0.000000,0.000000,1.000000));
#4564 = DIRECTION('',(1.000000,0.000000,0.000000));
#4565 = AXIS2_PLACEMENT_3D('',#23,#4563,#4564);
#4566 = PLANE('',#4565);
#4567 = FACE_SURFACE('',(#4562),#4566,.T.);
#4568 = POLY_LOOP('',(#23,#18,#17));
#4569 = FACE_OUTER_BOUND('',#4568,.T.);
#4570 = DIRECTION('',(0.000000,0.000000,1.000000));
#4571 = DIRECTION('',(1.000000,0.000000,0.000000));
#4572 = AXIS2_PLACEMENT_3D('',#23,#4570,#4571);
#4573 = PLANE('',#4572);
#4574 = FACE_SURFACE('',(#4569),#4573,.T.);
#4575 = POLY_LOOP('',(#23,#17,#84));
#4576 = FACE_OUTER_BOUND('',#4575,.T.);
#4577 = DIRECTION('',(0.000000,0.000000,1.000000));
#4578 = DIRECTION('',(1.000000,0.000000,0.000000));
#4579 = AXIS2_PLACEMENT_3D('',#23,#4577,#4578);
#4580 = PLANE('',#4579);
#4581 = FACE_SURFACE('',(#4576),#4580,.T.);
#4582 = POLY_LOOP('',(#84,#17,#102));
#4583 = FACE_OUTER_BOUND('',#4582,.T.);
#4584 = DIRECTION('',(0.000000,0.000000,1.000000));
#4585 = DIRECTION('',(1.000000,0.000000,0.000000));
#4586 = AXIS2_PLACEMENT_3D('',#84,#4584,#4585);
#4587 = PLANE('',#4586);
#4588 = FACE_SURFACE('',(#4583),#4587,.T.);
#4589 = POLY_LOOP('',(#84,#102,#101));
#4590 = FACE_OUTER_BOUND('',#4589,.T.);
#4591 = DIRECTION('',(0.000000,0.000000,1.000000));
#4592 = DIRECTION('',(1.000000,0.000000,0.000000));
#4593 = AXIS2_PLACEMENT_3D('',#84,#4591,#4592);
#4594 = PLANE('',#4593);
#4595 = FACE_SURFACE('',(#4590),#4594,.T.);
#4596 = POLY_LOOP('',(#101,#100,#84));
#4597 = FACE_OUTER_BOUND('',#4596,.T.);
#4598 = DIRECTION('',(0.000000,0.000000,1.000000));
#4599 = DIRECTION('',(1.000000,0.000000,0.000000));
#4600 = AXIS2_PLACEMENT_3D('',#101,#4598,#4599);
#4601 = PLANE('',#4600);
#4602 = FACE_SURFACE('',(#4597),#4601,.T.);
#4603 = POLY_LOOP('',(#84,#100,#91));
#4604 = FACE_OUTER_BOUND('',#4603,.T.);
#4605 = DIRECTION('',(0.000000,0.000000,1.000000));
#4606 = DIRECTION('',(1.000000,0.000000,0.000000));
#4607 = AXIS2_PLACEMENT_3D('',#84,#4605,#4606);
#4608 = PLANE('',#4607);
#4609 = FACE_SURFACE('',(#4604),#4608,.T.);
#4610 = POLY_LOOP('',(#91,#100,#90));
#4611 = FACE_OUTER_BOUND('',#4610,.T.);
#4612 = DIRECTION('',(0.000000,0.000000,1.000000));
#4613 = DIRECTION('',(1.000000,0.000000,0.000000));
#4614 = AXIS2_PLACEMENT_3D('',#91,#4612,#4613);
#4615 = PLANE('',#4614);
#4616 = FACE_SURFACE('',(#4611),#4615,.T.);
#4617 = POLY_LOOP('',(#90,#100,#99));
#4618 = FACE_OUTER_BOUND('',#4617,.T.);
#4619 = DIRECTION('',(0.000000,0.000000,1.000000));
#4620 = DIRECTION('',(1.000000,0.000000,0.000000));
#4621 = AXIS2_PLACEMENT_3D('',#90,#4619,#4620);
#4622 = PLANE('',#4621);
#4623 = FACE_SURFACE('',(#4618),#4622,.T.);
#4624 = POLY_LOOP('',(#90,#99,#89));
#4625 = FACE_OUTER_BOUND('',#4624,.T.);
#4626 = DIRECTION('',(0.000000,0.000000,1.000000));
#4627 = DIRECTION('',(1.000000,0.000000,0.000000));
#4628 = AXIS2_PLACEMENT_3D('',#90,#4626,#4627);
#4629 = PLANE('',#4628);
#4630 = FACE_SURFACE('',(#4625),#4629,.T.);
#4631 = POLY_LOOP('',(#89,#99,#93));
#4632 = FACE_OUTER_BOUND('',#4631,.T.);
#4633 = DIRECTION('',(0.000000,0.000000,1.000000));
#4634 = DIRECTION('',(1.000000,0.000000,0.000000));
#4635 = AXIS2_PLACEMENT_3D('',#89,#4633,#4634);
#4636 = PLANE('',#4635);
#4637 = FACE_SURFACE('',(#4632),#4636,.T.);
#4638 = POLY_LOOP('',(#89,#93,#92));
#4639 = FACE_OUTER_BOUND('',#4638,.T.);
#4640 = DIRECTION('',(0.000000,0.000000,1.000000));
#4641 = DIRECTION('',(1.000000,0.000000,0.000000));
#4642 = AXIS2_PLACEMENT_3D('',#89,#4640,#4641);
#4643 = PLANE('',#4642);
#4644 = FACE_SURFACE('',(#4639),#4643,.T.);
#4645 = POLY_LOOP('',(#98,#95,#99));
#4646 = FACE_OUTER_BOUND('',#4645,.T.);
#4647 = DIRECTION('',(0.000000,0.000000,1.000000));
#4648 = DIRECTION('',(1.000000,0.000000,0.000000));
#4649 = AXIS2_PLACEMENT_3D('',#98,#4647,#4648);
#4650 = PLANE('',#4649);
#4651 = FACE_SURFACE('',(#4646),#4650,.T.);
#4652 = POLY_LOOP('',(#99,#95,#94));
#4653 = FACE_OUTER_BOUND('',#4652,.T.);
#4654 = DIRECTION('',(0.000000,0.000000,1.000000));
#4655 = DIRECTION('',(1.000000,0.000000,0.000000));
#4656 = AXIS2_PLACEMENT_3D('',#99,#4654,#4655);
#4657 = PLANE('',#4656);
#4658 = FACE_SURFACE('',(#4653),#4657,.T.);
#4659 = POLY_LOOP('',(#99,#94,#93));
#4660 = FACE_OUTER_BOUND('',#4659,.T.);
#4661 = DIRECTION('',(0.000000,0.000000,1.000000));
#4662 = DIRECTION('',(1.000000,0.000000,0.000000));
#4663 = AXIS2_PLACEMENT_3D('',#99,#4661,#4662);
#4664 = PLANE('',#4663);
#4665 = FACE_SURFACE('',(#4660),#4664,.T.);
#4666 = POLY_LOOP('',(#97,#96,#98));
#4667 = FACE_OUTER_BOUND('',#4666,.T.);
#4668 = DIRECTION('',(0.000000,0.000000,1.000000));
#4669 = DIRECTION('',(1.000000,0.000000,0.000000));
#4670 = AXIS2_PLACEMENT_3D('',#97,#4668,#4669);
#4671 = PLANE('',#4670);
#4672 = FACE_SURFACE('',(#4667),#4671,.T.);
#4673 = POLY_LOOP('',(#98,#96,#95));
#4674 = FACE_OUTER_BOUND('',#4673,.T.);
#4675 = DIRECTION('',(0.000000,0.000000,1.000000));
#4676 = DIRECTION('',(1.000000,0.000000,0.000000));
#4677 = AXIS2_PLACEMENT_3D('',#98,#4675,#4676);
#4678 = PLANE('',#4677);
#4679 = FACE_SURFACE('',(#4674),#4678,.T.);
#4680 = POLY_LOOP('',(#89,#92,#88));
#4681 = FACE_OUTER_BOUND('',#4680,.T.);
#4682 = DIRECTION('',(0.000000,0.000000,1.000000));
#4683 = DIRECTION('',(1.000000,0.000000,0.000000));
#4684 = AXIS2_PLACEMENT_3D('',#89,#4682,#4683);
#4685 = PLANE('',#4684);
#4686 = FACE_SURFACE('',(#4681),#4685,.T.);
#4687 = POLY_LOOP('',(#88,#92,#103));
#4688 = FACE_OUTER_BOUND('',#4687,.T.);
#4689 = DIRECTION('',(0.000000,0.000000,1.000000));
#4690 = DIRECTION('',(1.000000,0.000000,0.000000));
#4691 = AXIS2_PLACEMENT_3D('',#88,#4689,#4690);
#4692 = PLANE('',#4691);
#4693 = FACE_SURFACE('',(#4688),#4692,.T.);
#4694 = POLY_LOOP('',(#88,#103,#87));
#4695 = FACE_OUTER_BOUND('',#4694,.T.);
#4696 = DIRECTION('',(0.000000,0.000000,1.000000));
#4697 = DIRECTION('',(1.000000,0.000000,0.000000));
#4698 = AXIS2_PLACEMENT_3D('',#88,#4696,#4697);
#4699 = PLANE('',#4698);
#4700 = FACE_SURFACE('',(#4695),#4699,.T.);
#4701 = POLY_LOOP('',(#87,#103,#86));
#4702 = FACE_OUTER_BOUND('',#4701,.T.);
#4703 = DIRECTION('',(0.000000,0.000000,1.000000));
#4704 = DIRECTION('',(1.000000,0.000000,0.000000));
#4705 = AXIS2_PLACEMENT_3D('',#87,#4703,#4704);
#4706 = PLANE('',#4705);
#4707 = FACE_SURFACE('',(#4702),#4706,.T.);
#4708 = POLY_LOOP('',(#86,#103,#85));
#4709 = FACE_OUTER_BOUND('',#4708,.T.);
#4710 = DIRECTION('',(0.000000,0.000000,1.000000));
#4711 = DIRECTION('',(1.000000,0.000000,0.000000));
#4712 = AXIS2_PLACEMENT_3D('',#86,#4710,#4711);
#4713 = PLANE('',#4712);
#4714 = FACE_SURFACE('',(#4709),#4713,.T.);
#4715 = POLY_LOOP('',(#85,#103,#104));
#4716 = FACE_OUTER_BOUND('',#4715,.T.);
#4717 = DIRECTION('',(0.000000,0.000000,1.000000));
#4718 = DIRECTION('',(1.000000,0.000000,0.000000));
#4719 = AXIS2_PLACEMENT_3D('',#85,#4717,#4718);
#4720 = PLANE('',#4719);
#4721 = FACE_SURFACE('',(#4716),#4720,.T.);
#4722 = POLY_LOOP('',(#85,#104,#105));
#4723 = FACE_OUTER_BOUND('',#4722,.T.);
#4724 = DIRECTION('',(0.000000,0.000000,1.000000));
#4725 = DIRECTION('',(1.000000,0.000000,0.000000));
#4726 = AXIS2_PLACEMENT_3D('',#85,#4724,#4725);
#4727 = PLANE('',#4726);
#4728 = FACE_SURFACE('',(#4723),#4727,.T.);
#4729 = POLY_LOOP('',(#105,#104,#106));
#4730 = FACE_OUTER_BOUND('',#4729,.T.);
#4731 = DIRECTION('',(0.000000,0.000000,1.000000));
#4732 = DIRECTION('',(1.000000,0.000000,0.000000));
#4733 = AXIS2_PLACEMENT_3D('',#105,#4731,#4732);
#4734 = PLANE('',#4733);
#4735 = FACE_SURFACE('',(#4730),#4734,.T.);
#4736 = POLY_LOOP('',(#105,#106,#107));
#4737 = FACE_OUTER_BOUND('',#4736,.T.);
#4738 = DIRECTION('',(0.000000,0.000000,1.000000));
#4739 = DIRECTION('',(1.000000,0.000000,0.000000));
#4740 = AXIS2_PLACEMENT_3D('',#105,#4738,#4739);
#4741 = PLANE('',#4740);
#4742 = FACE_SURFACE('',(#4737),#4741,.T.);
#4743 = POLY_LOOP('',(#107,#106,#108));
#4744 = FACE_OUTER_BOUND('',#4743,.T.);
#4745 = DIRECTION('',(0.000000,0.000000,1.000000));
#4746 = DIRECTION('',(1.000000,0.000000,0.000000));
#4747 = AXIS2_PLACEMENT_3D('',#107,#4745,#4746);
#4748 = PLANE('',#4747);
#4749 = FACE_SURFACE('',(#4744),#4748,.T.);
#4750 = POLY_LOOP('',(#107,#108,#109));
#4751 = FACE_OUTER_BOUND('',#4750,.T.);
#4752 = DIRECTION('',(0.000000,0.000000,1.000000));
#4753 = DIRECTION('',(1.000000,0.000000,0.000000));
#4754 = AXIS2_PLACEMENT_3D('',#107,#4752,#4753);
#4755 = PLANE('',#4754);
#4756 = FACE_SURFACE('',(#4751),#4755,.T.);
#4757 = POLY_LOOP('',(#109,#108,#110));
#4758 = FACE_OUTER_BOUND('',#4757,.T.);
#4759 = DIRECTION('',(0.000000,0.000000,1.000000));
#4760 = DIRECTION('',(1.000000,0.000000,0.000000));
#4761 = AXIS2_PLACEMENT_3D('',#109,#4759,#4760);
#4762 = PLANE('',#4761);
#4763 = FACE_SURFACE('',(#4758),#4762,.T.);
#4764 = POLY_LOOP('',(#109,#110,#111));
#4765 = FACE_OUTER_BOUND('',#4764,.T.);
#4766 = DIRECTION('',(0.000000,0.000000,1.000000));
#4767 = DIRECTION('',(1.000000,0.000000,0.000000));
#4768 = AXIS2_PLACEMENT_3D('',#109,#4766,#4767);
#4769 = PLANE('',#4768);
#4770 = FACE_SURFACE('',(#4765),#4769,.T.);
#4771 = POLY_LOOP('',(#111,#110,#112));
#4772 = FACE_OUTER_BOUND('',#4771,.T.);
#4773 = DIRECTION('',(0.000000,0.000000,1.000000));
#4774 = DIRECTION('',(1.000000,0.000000,0.000000));
#4775 = AXIS2_PLACEMENT_3D('',#111,#4773,#4774);
#4776 = PLANE('',#4775);
#4777 = FACE_SURFACE('',(#4772),#4776,.T.);
#4778 = POLY_LOOP('',(#111,#112,#113));
#4779 = FACE_OUTER_BOUND('',#4778,.T.);
#4780 = DIRECTION('',(0.000000,0.000000,1.000000));
#4781 = DIRECTION('',(1.000000,0.000000,0.000000));
#4782 = AXIS2_PLACEMENT_3D('',#111,#4780,#4781);
#4783 = PLANE('',#4782);
#4784 = FACE_SURFACE('',(#4779),#4783,.T.);
#4785 = POLY_LOOP('',(#113,#112,#114));
#4786 = FACE_OUTER_BOUND('',#4785,.T.);
#4787 = DIRECTION('',(0.000000,0.000000,1.000000));
#4788 = DIRECTION('',(1.000000,0.000000,0.000000));
#4789 = AXIS2_PLACEMENT_3D('',#113,#4787,#4788);
#4790 = PLANE('',#4789);
#4791 = FACE_SURFACE('',(#4786),#4790,.T.);
#4792 = POLY_LOOP('',(#113,#114,#115));
#4793 = FACE_OUTER_BOUND('',#4792,.T.);
#4794 = DIRECTION('',(0.000000,0.000000,1.000000));
#4795 = DIRECTION('',(1.000000,0.000000,0.000000));
#4796 = AXIS2_PLACEMENT_3D('',#113,#4794,#4795);
#4797 = PLANE('',#4796);
#4798 = FACE_SURFACE('',(#4793),#4797,.T.);
#4799 = POLY_LOOP('',(#115,#114,#116));
#4800 = FACE_OUTER_BOUND('',#4799,.T.);
#4801 = DIRECTION('',(0.000000,0.000000,1.000000));
#4802 = DIRECTION('',(1.000000,0.000000,0.000000));
#4803 = AXIS2_PLACEMENT_3D('',#115,#4801,#4802);
#4804 = PLANE('',#4803);
#4805 = FACE_SURFACE('',(#4800),#4804,.T.);
#4806 = POLY_LOOP('',(#115,#116,#117));
#4807 = FACE_OUTER_BOUND('',#4806,.T.);
#4808 = DIRECTION('',(0.000000,0.000000,1.000000));
#4809 = DIRECTION('',(1.000000,0.000000,0.000000));
#4810 = AXIS2_PLACEMENT_3D('',#115,#4808,#4809);
#4811 = PLANE('',#4810);
#4812 = FACE_SURFACE('',(#4807),#4811,.T.);
#4813 = POLY_LOOP('',(#117,#116,#118));
#4814 = FACE_OUTER_BOUND('',#4813,.T.);
#4815 = DIRECTION('',(0.000000,0.000000,1.000000));
#4816 = DIRECTION('',(1.000000,0.000000,0.000000));
#4817 = AXIS2_PLACEMENT_3D('',#117,#4815,#4816);
#4818 = PLANE('',#4817);
#4819 = FACE_SURFACE('',(#4814),#4818,.T.);
#4820 = POLY_LOOP('',(#118,#116,#119));
#4821 = FACE_OUTER_BOUND('',#4820,.T.);
#4822 = DIRECTION('',(0.000000,0.000000,1.000000));
#4823 = DIRECTION('',(1.000000,0.000000,0.000000));
#4824 = AXIS2_PLACEMENT_3D('',#118,#4822,#4823);
#4825 = PLANE('',#4824);
#4826 = FACE_SURFACE('',(#4821),#4825,.T.);
#4827 = POLY_LOOP('',(#118,#119,#120));
#4828 = FACE_OUTER_BOUND('',#4827,.T.);
#4829 = DIRECTION('',(0.000000,0.000000,1.000000));
#4830 = DIRECTION('',(1.000000,0.000000,0.000000));
#4831 = AXIS2_PLACEMENT_3D('',#118,#4829,#4830);
#4832 = PLANE('',#4831);
#4833 = FACE_SURFACE('',(#4828),#4832,.T.);
#4834 = POLY_LOOP('',(#121,#122,#116));
#4835 = FACE_OUTER_BOUND('',#4834,.T.);
#4836 = DIRECTION('',(0.000000,0.000000,1.000000));
#4837 = DIRECTION('',(1.000000,0.000000,0.000000));
#4838 = AXIS2_PLACEMENT_3D('',#121,#4836,#4837);
#4839 = PLANE('',#4838);
#4840 = FACE_SURFACE('',(#4835),#4839,.T.);
#4841 = POLY_LOOP('',(#116,#122,#123));
#4842 = FACE_OUTER_BOUND('',#4841,.T.);
#4843 = DIRECTION('',(0.000000,0.000000,1.000000));
#4844 = DIRECTION('',(1.000000,0.000000,0.000000));
#4845 = AXIS2_PLACEMENT_3D('',#116,#4843,#4844);
#4846 = PLANE('',#4845);
#4847 = FACE_SURFACE('',(#4842),#4846,.T.);
#4848 = POLY_LOOP('',(#116,#123,#119));
#4849 = FACE_OUTER_BOUND('',#4848,.T.);
#4850 = DIRECTION('',(0.000000,0.000000,1.000000));
#4851 = DIRECTION('',(1.000000,0.000000,0.000000));
#4852 = AXIS2_PLACEMENT_3D('',#116,#4850,#4851);
#4853 = PLANE('',#4852);
#4854 = FACE_SURFACE('',(#4849),#4853,.T.);
#4855 = POLY_LOOP('',(#121,#124,#122));
#4856 = FACE_OUTER_BOUND('',#4855,.T.);
#4857 = DIRECTION('',(0.000000,0.000000,1.000000));
#4858 = DIRECTION('',(1.000000,0.000000,0.000000));
#4859 = AXIS2_PLACEMENT_3D('',#121,#4857,#4858);
#4860 = PLANE('',#4859);
#4861 = FACE_SURFACE('',(#4856),#4860,.T.);
#4862 = POLY_LOOP('',(#120,#125,#118));
#4863 = FACE_OUTER_BOUND('',#4862,.T.);
#4864 = DIRECTION('',(0.000000,0.000000,1.000000));
#4865 = DIRECTION('',(1.000000,0.000000,0.000000));
#4866 = AXIS2_PLACEMENT_3D('',#120,#4864,#4865);
#4867 = PLANE('',#4866);
#4868 = FACE_SURFACE('',(#4863),#4867,.T.);
#4869 = POLY_LOOP('',(#118,#125,#126));
#4870 = FACE_OUTER_BOUND('',#4869,.T.);
#4871 = DIRECTION('',(0.000000,0.000000,1.000000));
#4872 = DIRECTION('',(1.000000,0.000000,0.000000));
#4873 = AXIS2_PLACEMENT_3D('',#118,#4871,#4872);
#4874 = PLANE('',#4873);
#4875 = FACE_SURFACE('',(#4870),#4874,.T.);
#4876 = POLY_LOOP('',(#118,#126,#127));
#4877 = FACE_OUTER_BOUND('',#4876,.T.);
#4878 = DIRECTION('',(0.000000,0.000000,1.000000));
#4879 = DIRECTION('',(1.000000,0.000000,0.000000));
#4880 = AXIS2_PLACEMENT_3D('',#118,#4878,#4879);
#4881 = PLANE('',#4880);
#4882 = FACE_SURFACE('',(#4877),#4881,.T.);
#4883 = POLY_LOOP('',(#127,#128,#118));
#4884 = FACE_OUTER_BOUND('',#4883,.T.);
#4885 = DIRECTION('',(0.000000,0.000000,1.000000));
#4886 = DIRECTION('',(1.000000,0.000000,0.000000));
#4887 = AXIS2_PLACEMENT_3D('',#127,#4885,#4886);
#4888 = PLANE('',#4887);
#4889 = FACE_SURFACE('',(#4884),#4888,.T.);
#4890 = POLY_LOOP('',(#71,#126,#72));
#4891 = FACE_OUTER_BOUND('',#4890,.T.);
#4892 = DIRECTION('',(0.000000,0.000000,1.000000));
#4893 = DIRECTION('',(1.000000,0.000000,0.000000));
#4894 = AXIS2_PLACEMENT_3D('',#71,#4892,#4893);
#4895 = PLANE('',#4894);
#4896 = FACE_SURFACE('',(#4891),#4895,.T.);
#4897 = POLY_LOOP('',(#72,#126,#125));
#4898 = FACE_OUTER_BOUND('',#4897,.T.);
#4899 = DIRECTION('',(0.000000,0.000000,1.000000));
#4900 = DIRECTION('',(1.000000,0.000000,0.000000));
#4901 = AXIS2_PLACEMENT_3D('',#72,#4899,#4900);
#4902 = PLANE('',#4901);
#4903 = FACE_SURFACE('',(#4898),#4902,.T.);
#4904 = POLY_LOOP('',(#72,#125,#120));
#4905 = FACE_OUTER_BOUND('',#4904,.T.);
#4906 = DIRECTION('',(0.000000,0.000000,1.000000));
#4907 = DIRECTION('',(1.000000,0.000000,0.000000));
#4908 = AXIS2_PLACEMENT_3D('',#72,#4906,#4907);
#4909 = PLANE('',#4908);
#4910 = FACE_SURFACE('',(#4905),#4909,.T.);
#4911 = POLY_LOOP('',(#72,#120,#73));
#4912 = FACE_OUTER_BOUND('',#4911,.T.);
#4913 = DIRECTION('',(0.000000,0.000000,1.000000));
#4914 = DIRECTION('',(1.000000,0.000000,0.000000));
#4915 = AXIS2_PLACEMENT_3D('',#72,#4913,#4914);
#4916 = PLANE('',#4915);
#4917 = FACE_SURFACE('',(#4912),#4916,.T.);
#4918 = POLY_LOOP('',(#73,#120,#119));
#4919 = FACE_OUTER_BOUND('',#4918,.T.);
#4920 = DIRECTION('',(0.000000,0.000000,1.000000));
#4921 = DIRECTION('',(1.000000,0.000000,0.000000));
#4922 = AXIS2_PLACEMENT_3D('',#73,#4920,#4921);
#4923 = PLANE('',#4922);
#4924 = FACE_SURFACE('',(#4919),#4923,.T.);
#4925 = POLY_LOOP('',(#73,#119,#74));
#4926 = FACE_OUTER_BOUND('',#4925,.T.);
#4927 = DIRECTION('',(0.000000,0.000000,1.000000));
#4928 = DIRECTION('',(1.000000,0.000000,0.000000));
#4929 = AXIS2_PLACEMENT_3D('',#73,#4927,#4928);
#4930 = PLANE('',#4929);
#4931 = FACE_SURFACE('',(#4926),#4930,.T.);
#4932 = POLY_LOOP('',(#74,#119,#123));
#4933 = FACE_OUTER_BOUND('',#4932,.T.);
#4934 = DIRECTION('',(0.000000,0.000000,1.000000));
#4935 = DIRECTION('',(1.000000,0.000000,0.000000));
#4936 = AXIS2_PLACEMENT_3D('',#74,#4934,#4935);
#4937 = PLANE('',#4936);
#4938 = FACE_SURFACE('',(#4933),#4937,.T.);
#4939 = POLY_LOOP('',(#74,#123,#75));
#4940 = FACE_OUTER_BOUND('',#4939,.T.);
#4941 = DIRECTION('',(0.000000,0.000000,1.000000));
#4942 = DIRECTION('',(1.000000,0.000000,0.000000));
#4943 = AXIS2_PLACEMENT_3D('',#74,#4941,#4942);
#4944 = PLANE('',#4943);
#4945 = FACE_SURFACE('',(#4940),#4944,.T.);
#4946 = POLY_LOOP('',(#75,#123,#122));
#4947 = FACE_OUTER_BOUND('',#4946,.T.);
#4948 = DIRECTION('',(0.000000,0.000000,1.000000));
#4949 = DIRECTION('',(1.000000,0.000000,0.000000));
#4950 = AXIS2_PLACEMENT_3D('',#75,#4948,#4949);
#4951 = PLANE('',#4950);
#4952 = FACE_SURFACE('',(#4947),#4951,.T.);
#4953 = POLY_LOOP('',(#75,#122,#76));
#4954 = FACE_OUTER_BOUND('',#4953,.T.);
#4955 = DIRECTION('',(0.000000,0.000000,1.000000));
#4956 = DIRECTION('',(1.000000,0.000000,0.000000));
#4957 = AXIS2_PLACEMENT_3D('',#75,#4955,#4956);
#4958 = PLANE('',#4957);
#4959 = FACE_SURFACE('',(#4954),#4958,.T.);
#4960 = POLY_LOOP('',(#76,#122,#124));
#4961 = FACE_OUTER_BOUND('',#4960,.T.);
#4962 = DIRECTION('',(0.000000,0.000000,1.000000));
#4963 = DIRECTION('',(1.000000,0.000000,0.000000));
#4964 = AXIS2_PLACEMENT_3D('',#76,#4962,#4963);
#4965 = PLANE('',#4964);
#4966 = FACE_SURFACE('',(#4961),#4965,.T.);
#4967 = POLY_LOOP('',(#76,#124,#77));
#4968 = FACE_OUTER_BOUND('',#4967,.T.);
#4969 = DIRECTION('',(0.000000,0.000000,1.000000));
#4970 = DIRECTION('',(1.000000,0.000000,0.000000));
#4971 = AXIS2_PLACEMENT_3D('',#76,#4969,#4970);
#4972 = PLANE('',#4971);
#4973 = FACE_SURFACE('',(#4968),#4972,.T.);
#4974 = POLY_LOOP('',(#77,#124,#78));
#4975 = FACE_OUTER_BOUND('',#4974,.T.);
#4976 = DIRECTION('',(0.000000,0.000000,1.000000));
#4977 = DIRECTION('',(1.000000,0.000000,0.000000));
#4978 = AXIS2_PLACEMENT_3D('',#77,#4976,#4977);
#4979 = PLANE('',#4978);
#4980 = FACE_SURFACE('',(#4975),#4979,.T.);
#4981 = POLY_LOOP('',(#78,#124,#121));
#4982 = FACE_OUTER_BOUND('',#4981,.T.);
#4983 = DIRECTION('',(0.000000,0.000000,1.000000));
#4984 = DIRECTION('',(1.000000,0.000000,0.000000));
#4985 = AXIS2_PLACEMENT_3D('',#78,#4983,#4984);
#4986 = PLANE('',#4985);
#4987 = FACE_SURFACE('',(#4982),#4986,.T.);
#4988 = POLY_LOOP('',(#71,#70,#126));
#4989 = FACE_OUTER_BOUND('',#4988,.T.);
#4990 = DIRECTION('',(0.000000,0.000000,1.000000));
#4991 = DIRECTION('',(1.000000,0.000000,0.000000));
#4992 = AXIS2_PLACEMENT_3D('',#71,#4990,#4991);
#4993 = PLANE('',#4992);
#4994 = FACE_SURFACE('',(#4989),#4993,.T.);
#4995 = POLY_LOOP('',(#126,#70,#127));
#4996 = FACE_OUTER_BOUND('',#4995,.T.);
#4997 = DIRECTION('',(0.000000,0.000000,1.000000));
#4998 = DIRECTION('',(1.000000,0.000000,0.000000));
#4999 = AXIS2_PLACEMENT_3D('',#126,#4997,#4998);
#5000 = PLANE('',#4999);
#5001 = FACE_SURFACE('',(#4996),#5000,.T.);
#5002 = POLY_LOOP('',(#92,#54,#103));
#5003 = FACE_OUTER_BOUND('',#5002,.T.);
#5004 = DIRECTION('',(0.000000,0.000000,1.000000));
#5005 = DIRECTION('',(1.000000,0.000000,0.000000));
#5006 = AXIS2_PLACEMENT_3D('',#92,#5004,#5005);
#5007 = PLANE('',#5006);
#5008 = FACE_SURFACE('',(#5003),#5007,.T.);
#5009 = POLY_LOOP('',(#103,#54,#55));
#5010 = FACE_OUTER_BOUND('',#5009,.T.);
#5011 = DIRECTION('',(0.000000,0.000000,1.000000));
#5012 = DIRECTION('',(1.000000,0.000000,0.000000));
#5013 = AXIS2_PLACEMENT_3D('',#103,#5011,#5012);
#5014 = PLANE('',#5013);
#5015 = FACE_SURFACE('',(#5010),#5014,.T.);
#5016 = POLY_LOOP('',(#103,#55,#104));
#5017 = FACE_OUTER_BOUND('',#5016,.T.);
#5018 = DIRECTION('',(0.000000,0.000000,1.000000));
#5019 = DIRECTION('',(1.000000,0.000000,0.000000));
#5020 = AXIS2_PLACEMENT_3D('',#103,#5018,#5019);
#5021 = PLANE('',#5020);
#5022 = FACE_SURFACE('',(#5017),#5021,.T.);
#5023 = POLY_LOOP('',(#104,#55,#56));
#5024 = FACE_OUTER_BOUND('',#5023,.T.);
#5025 = DIRECTION('',(0.000000,0.000000,1.000000));
#5026 = DIRECTION('',(1.000000,0.000000,0.000000));
#5027 = AXIS2_PLACEMENT_3D('',#104,#5025,#5026);
#5028 = PLANE('',#5027);
#5029 = FACE_SURFACE('',(#5024),#5028,.T.);
#5030 = POLY_LOOP('',(#104,#56,#106));
#5031 = FACE_OUTER_BOUND('',#5030,.T.);
#5032 = DIRECTION('',(0.000000,0.000000,1.000000));
#5033 = DIRECTION('',(1.000000,0.000000,0.000000));
#5034 = AXIS2_PLACEMENT_3D('',#104,#5032,#5033);
#5035 = PLANE('',#5034);
#5036 = FACE_SURFACE('',(#5031),#5035,.T.);
#5037 = POLY_LOOP('',(#106,#56,#57));
#5038 = FACE_OUTER_BOUND('',#5037,.T.);
#5039 = DIRECTION('',(0.000000,0.000000,1.000000));
#5040 = DIRECTION('',(1.000000,0.000000,0.000000));
#5041 = AXIS2_PLACEMENT_3D('',#106,#5039,#5040);
#5042 = PLANE('',#5041);
#5043 = FACE_SURFACE('',(#5038),#5042,.T.);
#5044 = POLY_LOOP('',(#106,#57,#108));
#5045 = FACE_OUTER_BOUND('',#5044,.T.);
#5046 = DIRECTION('',(0.000000,0.000000,1.000000));
#5047 = DIRECTION('',(1.000000,0.000000,0.000000));
#5048 = AXIS2_PLACEMENT_3D('',#106,#5046,#5047);
#5049 = PLANE('',#5048);
#5050 = FACE_SURFACE('',(#5045),#5049,.T.);
#5051 = POLY_LOOP('',(#108,#57,#58));
#5052 = FACE_OUTER_BOUND('',#5051,.T.);
#5053 = DIRECTION('',(0.000000,0.000000,1.000000));
#5054 = DIRECTION('',(1.000000,0.000000,0.000000));
#5055 = AXIS2_PLACEMENT_3D('',#108,#5053,#5054);
#5056 = PLANE('',#5055);
#5057 = FACE_SURFACE('',(#5052),#5056,.T.);
#5058 = POLY_LOOP('',(#108,#58,#110));
#5059 = FACE_OUTER_BOUND('',#5058,.T.);
#5060 = DIRECTION('',(0.000000,0.000000,1.000000));
#5061 = DIRECTION('',(1.000000,0.000000,0.000000));
#5062 = AXIS2_PLACEMENT_3D('',#108,#5060,#5061);
#5063 = PLANE('',#5062);
#5064 = FACE_SURFACE('',(#5059),#5063,.T.);
#5065 = POLY_LOOP('',(#110,#58,#60));
#5066 = FACE_OUTER_BOUND('',#5065,.T.);
#5067 = DIRECTION('',(0.000000,0.000000,1.000000));
#5068 = DIRECTION('',(1.000000,0.000000,0.000000));
#5069 = AXIS2_PLACEMENT_3D('',#110,#5067,#5068);
#5070 = PLANE('',#5069);
#5071 = FACE_SURFACE('',(#5066),#5070,.T.);
#5072 = POLY_LOOP('',(#110,#60,#112));
#5073 = FACE_OUTER_BOUND('',#5072,.T.);
#5074 = DIRECTION('',(0.000000,0.000000,1.000000));
#5075 = DIRECTION('',(1.000000,0.000000,0.000000));
#5076 = AXIS2_PLACEMENT_3D('',#110,#5074,#5075);
#5077 = PLANE('',#5076);
#5078 = FACE_SURFACE('',(#5073),#5077,.T.);
#5079 = POLY_LOOP('',(#112,#60,#62));
#5080 = FACE_OUTER_BOUND('',#5079,.T.);
#5081 = DIRECTION('',(0.000000,0.000000,1.000000));
#5082 = DIRECTION('',(1.000000,0.000000,0.000000));
#5083 = AXIS2_PLACEMENT_3D('',#112,#5081,#5082);
#5084 = PLANE('',#5083);
#5085 = FACE_SURFACE('',(#5080),#5084,.T.);
#5086 = POLY_LOOP('',(#112,#62,#114));
#5087 = FACE_OUTER_BOUND('',#5086,.T.);
#5088 = DIRECTION('',(0.000000,0.000000,1.000000));
#5089 = DIRECTION('',(1.000000,0.000000,0.000000));
#5090 = AXIS2_PLACEMENT_3D('',#112,#5088,#5089);
#5091 = PLANE('',#5090);
#5092 = FACE_SURFACE('',(#5087),#5091,.T.);
#5093 = POLY_LOOP('',(#114,#62,#64));
#5094 = FACE_OUTER_BOUND('',#5093,.T.);
#5095 = DIRECTION('',(0.000000,0.000000,1.000000));
#5096 = DIRECTION('',(1.000000,0.000000,0.000000));
#5097 = AXIS2_PLACEMENT_3D('',#114,#5095,#5096);
#5098 = PLANE('',#5097);
#5099 = FACE_SURFACE('',(#5094),#5098,.T.);
#5100 = POLY_LOOP('',(#114,#64,#116));
#5101 = FACE_OUTER_BOUND('',#5100,.T.);
#5102 = DIRECTION('',(0.000000,0.000000,1.000000));
#5103 = DIRECTION('',(1.000000,0.000000,0.000000));
#5104 = AXIS2_PLACEMENT_3D('',#114,#5102,#5103);
#5105 = PLANE('',#5104);
#5106 = FACE_SURFACE('',(#5101),#5105,.T.);
#5107 = POLY_LOOP('',(#116,#64,#66));
#5108 = FACE_OUTER_BOUND('',#5107,.T.);
#5109 = DIRECTION('',(0.000000,0.000000,1.000000));
#5110 = DIRECTION('',(1.000000,0.000000,0.000000));
#5111 = AXIS2_PLACEMENT_3D('',#116,#5109,#5110);
#5112 = PLANE('',#5111);
#5113 = FACE_SURFACE('',(#5108),#5112,.T.);
#5114 = POLY_LOOP('',(#116,#66,#121));
#5115 = FACE_OUTER_BOUND('',#5114,.T.);
#5116 = DIRECTION('',(0.000000,0.000000,1.000000));
#5117 = DIRECTION('',(1.000000,0.000000,0.000000));
#5118 = AXIS2_PLACEMENT_3D('',#116,#5116,#5117);
#5119 = PLANE('',#5118);
#5120 = FACE_SURFACE('',(#5115),#5119,.T.);
#5121 = POLY_LOOP('',(#121,#66,#78));
#5122 = FACE_OUTER_BOUND('',#5121,.T.);
#5123 = DIRECTION('',(0.000000,0.000000,1.000000));
#5124 = DIRECTION('',(1.000000,0.000000,0.000000));
#5125 = AXIS2_PLACEMENT_3D('',#121,#5123,#5124);
#5126 = PLANE('',#5125);
#5127 = FACE_SURFACE('',(#5122),#5126,.T.);
#5128 = POLY_LOOP('',(#31,#49,#17));
#5129 = FACE_OUTER_BOUND('',#5128,.T.);
#5130 = DIRECTION('',(0.000000,0.000000,1.000000));
#5131 = DIRECTION('',(1.000000,0.000000,0.000000));
#5132 = AXIS2_PLACEMENT_3D('',#31,#5130,#5131);
#5133 = PLANE('',#5132);
#5134 = FACE_SURFACE('',(#5129),#5133,.T.);
#5135 = POLY_LOOP('',(#17,#49,#102));
#5136 = FACE_OUTER_BOUND('',#5135,.T.);
#5137 = DIRECTION('',(0.000000,0.000000,1.000000));
#5138 = DIRECTION('',(1.000000,0.000000,0.000000));
#5139 = AXIS2_PLACEMENT_3D('',#17,#5137,#5138);
#5140 = PLANE('',#5139);
#5141 = FACE_SURFACE('',(#5136),#5140,.T.);
#5142 = POLY_LOOP('',(#128,#127,#69));
#5143 = FACE_OUTER_BOUND('',#5142,.T.);
#5144 = DIRECTION('',(0.000000,0.000000,1.000000));
#5145 = DIRECTION('',(1.000000,0.000000,0.000000));
#5146 = AXIS2_PLACEMENT_3D('',#128,#5144,#5145);
#5147 = PLANE('',#5146);
#5148 = FACE_SURFACE('',(#5143),#5147,.T.);
#5149 = POLY_LOOP('',(#69,#127,#70));
#5150 = FACE_OUTER_BOUND('',#5149,.T.);
#5151 = DIRECTION('',(0.000000,0.000000,1.000000));
#5152 = DIRECTION('',(1.000000,0.000000,0.000000));
#5153 = AXIS2_PLACEMENT_3D('',#69,#5151,#5152);
#5154 = PLANE('',#5153);
#5155 = FACE_SURFACE('',(#5150),#5154,.T.);
#5156 = POLY_LOOP('',(#45,#85,#48));
#5157 = FACE_OUTER_BOUND('',#5156,.T.);
#5158 = DIRECTION('',(0.000000,0.000000,1.000000));
#5159 = DIRECTION('',(1.000000,0.000000,0.000000));
#5160 = AXIS2_PLACEMENT_3D('',#45,#5158,#5159);
#5161 = PLANE('',#5160);
#5162 = FACE_SURFACE('',(#5157),#5161,.T.);
#5163 = POLY_LOOP('',(#48,#85,#105));
#5164 = FACE_OUTER_BOUND('',#5163,.T.);
#5165 = DIRECTION('',(0.000000,0.000000,1.000000));
#5166 = DIRECTION('',(1.000000,0.000000,0.000000));
#5167 = AXIS2_PLACEMENT_3D('',#48,#5165,#5166);
#5168 = PLANE('',#5167);
#5169 = FACE_SURFACE('',(#5164),#5168,.T.);
#5170 = POLY_LOOP('',(#48,#105,#107));
#5171 = FACE_OUTER_BOUND('',#5170,.T.);
#5172 = DIRECTION('',(0.000000,0.000000,1.000000));
#5173 = DIRECTION('',(1.000000,0.000000,0.000000));
#5174 = AXIS2_PLACEMENT_3D('',#48,#5172,#5173);
#5175 = PLANE('',#5174);
#5176 = FACE_SURFACE('',(#5171),#5175,.T.);
#5177 = POLY_LOOP('',(#48,#107,#47));
#5178 = FACE_OUTER_BOUND('',#5177,.T.);
#5179 = DIRECTION('',(0.000000,0.000000,1.000000));
#5180 = DIRECTION('',(1.000000,0.000000,0.000000));
#5181 = AXIS2_PLACEMENT_3D('',#48,#5179,#5180);
#5182 = PLANE('',#5181);
#5183 = FACE_SURFACE('',(#5178),#5182,.T.);
#5184 = POLY_LOOP('',(#47,#107,#109));
#5185 = FACE_OUTER_BOUND('',#5184,.T.);
#5186 = DIRECTION('',(0.000000,0.000000,1.000000));
#5187 = DIRECTION('',(1.000000,0.000000,0.000000));
#5188 = AXIS2_PLACEMENT_3D('',#47,#5186,#5187);
#5189 = PLANE('',#5188);
#5190 = FACE_SURFACE('',(#5185),#5189,.T.);
#5191 = POLY_LOOP('',(#47,#109,#59));
#5192 = FACE_OUTER_BOUND('',#5191,.T.);
#5193 = DIRECTION('',(0.000000,0.000000,1.000000));
#5194 = DIRECTION('',(1.000000,0.000000,0.000000));
#5195 = AXIS2_PLACEMENT_3D('',#47,#5193,#5194);
#5196 = PLANE('',#5195);
#5197 = FACE_SURFACE('',(#5192),#5196,.T.);
#5198 = POLY_LOOP('',(#59,#109,#111));
#5199 = FACE_OUTER_BOUND('',#5198,.T.);
#5200 = DIRECTION('',(0.000000,0.000000,1.000000));
#5201 = DIRECTION('',(1.000000,0.000000,0.000000));
#5202 = AXIS2_PLACEMENT_3D('',#59,#5200,#5201);
#5203 = PLANE('',#5202);
#5204 = FACE_SURFACE('',(#5199),#5203,.T.);
#5205 = POLY_LOOP('',(#59,#111,#61));
#5206 = FACE_OUTER_BOUND('',#5205,.T.);
#5207 = DIRECTION('',(0.000000,0.000000,1.000000));
#5208 = DIRECTION('',(1.000000,0.000000,0.000000));
#5209 = AXIS2_PLACEMENT_3D('',#59,#5207,#5208);
#5210 = PLANE('',#5209);
#5211 = FACE_SURFACE('',(#5206),#5210,.T.);
#5212 = POLY_LOOP('',(#61,#111,#113));
#5213 = FACE_OUTER_BOUND('',#5212,.T.);
#5214 = DIRECTION('',(0.000000,0.000000,1.000000));
#5215 = DIRECTION('',(1.000000,0.000000,0.000000));
#5216 = AXIS2_PLACEMENT_3D('',#61,#5214,#5215);
#5217 = PLANE('',#5216);
#5218 = FACE_SURFACE('',(#5213),#5217,.T.);
#5219 = POLY_LOOP('',(#61,#113,#63));
#5220 = FACE_OUTER_BOUND('',#5219,.T.);
#5221 = DIRECTION('',(0.000000,0.000000,1.000000));
#5222 = DIRECTION('',(1.000000,0.000000,0.000000));
#5223 = AXIS2_PLACEMENT_3D('',#61,#5221,#5222);
#5224 = PLANE('',#5223);
#5225 = FACE_SURFACE('',(#5220),#5224,.T.);
#5226 = POLY_LOOP('',(#63,#113,#115));
#5227 = FACE_OUTER_BOUND('',#5226,.T.);
#5228 = DIRECTION('',(0.000000,0.000000,1.000000));
#5229 = DIRECTION('',(1.000000,0.000000,0.000000));
#5230 = AXIS2_PLACEMENT_3D('',#63,#5228,#5229);
#5231 = PLANE('',#5230);
#5232 = FACE_SURFACE('',(#5227),#5231,.T.);
#5233 = POLY_LOOP('',(#63,#115,#65));
#5234 = FACE_OUTER_BOUND('',#5233,.T.);
#5235 = DIRECTION('',(0.000000,0.000000,1.000000));
#5236 = DIRECTION('',(1.000000,0.000000,0.000000));
#5237 = AXIS2_PLACEMENT_3D('',#63,#5235,#5236);
#5238 = PLANE('',#5237);
#5239 = FACE_SURFACE('',(#5234),#5238,.T.);
#5240 = POLY_LOOP('',(#65,#115,#117));
#5241 = FACE_OUTER_BOUND('',#5240,.T.);
#5242 = DIRECTION('',(0.000000,0.000000,1.000000));
#5243 = DIRECTION('',(1.000000,0.000000,0.000000));
#5244 = AXIS2_PLACEMENT_3D('',#65,#5242,#5243);
#5245 = PLANE('',#5244);
#5246 = FACE_SURFACE('',(#5241),#5245,.T.);
#5247 = POLY_LOOP('',(#65,#117,#67));
#5248 = FACE_OUTER_BOUND('',#5247,.T.);
#5249 = DIRECTION('',(0.000000,0.000000,1.000000));
#5250 = DIRECTION('',(1.000000,0.000000,0.000000));
#5251 = AXIS2_PLACEMENT_3D('',#65,#5249,#5250);
#5252 = PLANE('',#5251);
#5253 = FACE_SURFACE('',(#5248),#5252,.T.);
#5254 = POLY_LOOP('',(#67,#117,#68));
#5255 = FACE_OUTER_BOUND('',#5254,.T.);
#5256 = DIRECTION('',(0.000000,0.000000,1.000000));
#5257 = DIRECTION('',(1.000000,0.000000,0.000000));
#5258 = AXIS2_PLACEMENT_3D('',#67,#5256,#5257);
#5259 = PLANE('',#5258);
#5260 = FACE_SURFACE('',(#5255),#5259,.T.);
#5261 = POLY_LOOP('',(#68,#117,#118));
#5262 = FACE_OUTER_BOUND('',#5261,.T.);
#5263 = DIRECTION('',(0.000000,0.000000,1.000000));
#5264 = DIRECTION('',(1.000000,0.000000,0.000000));
#5265 = AXIS2_PLACEMENT_3D('',#68,#5263,#5264);
#5266 = PLANE('',#5265);
#5267 = FACE_SURFACE('',(#5262),#5266,.T.);
#5268 = POLY_LOOP('',(#118,#128,#68));
#5269 = FACE_OUTER_BOUND('',#5268,.T.);
#5270 = DIRECTION('',(0.000000,0.000000,1.000000));
#5271 = DIRECTION('',(1.000000,0.000000,0.000000));
#5272 = AXIS2_PLACEMENT_3D('',#118,#5270,#5271);
#5273 = PLANE('',#5272);
#5274 = FACE_SURFACE('',(#5269),#5273,.T.);
#5275 = POLY_LOOP('',(#68,#128,#69));
#5276 = FACE_OUTER_BOUND('',#5275,.T.);
#5277 = DIRECTION('',(0.000000,0.000000,1.000000));
#5278 = DIRECTION('',(1.000000,0.000000,0.000000));
#5279 = AXIS2_PLACEMENT_3D('',#68,#5277,#5278);
#5280 = PLANE('',#5279);
#5281 = FACE_SURFACE('',(#5276),#5280,.T.);
#5282 = POLY_LOOP('',(#31,#17,#33));
#5283 = FACE_OUTER_BOUND('',#5282,.T.);
#5284 = DIRECTION('',(0.000000,0.000000,1.000000));
#5285 = DIRECTION('',(1.000000,0.000000,0.000000));
#5286 = AXIS2_PLACEMENT_3D('',#31,#5284,#5285);
#5287 = PLANE('',#5286);
#5288 = FACE_SURFACE('',(#5283),#5287,.T.);
#5289 = POLY_LOOP('',(#33,#17,#18));
#5290 = FACE_OUTER_BOUND('',#5289,.T.);
#5291 = DIRECTION('',(0.000000,0.000000,1.000000));
#5292 = DIRECTION('',(1.000000,0.000000,0.000000));
#5293 = AXIS2_PLACEMENT_3D('',#33,#5291,#5292);
#5294 = PLANE('',#5293);
#5295 = FACE_SURFACE('',(#5290),#5294,.T.);
#5296 = POLY_LOOP('',(#33,#18,#34));
#5297 = FACE_OUTER_BOUND('',#5296,.T.);
#5298 = DIRECTION('',(0.000000,0.000000,1.000000));
#5299 = DIRECTION('',(1.000000,0.000000,0.000000));
#5300 = AXIS2_PLACEMENT_3D('',#33,#5298,#5299);
#5301 = PLANE('',#5300);
#5302 = FACE_SURFACE('',(#5297),#5301,.T.);
#5303 = POLY_LOOP('',(#34,#18,#20));
#5304 = FACE_OUTER_BOUND('',#5303,.T.);
#5305 = DIRECTION('',(0.000000,0.000000,1.000000));
#5306 = DIRECTION('',(1.000000,0.000000,0.000000));
#5307 = AXIS2_PLACEMENT_3D('',#34,#5305,#5306);
#5308 = PLANE('',#5307);
#5309 = FACE_SURFACE('',(#5304),#5308,.T.);
#5310 = POLY_LOOP('',(#34,#20,#36));
#5311 = FACE_OUTER_BOUND('',#5310,.T.);
#5312 = DIRECTION('',(0.000000,0.000000,1.000000));
#5313 = DIRECTION('',(1.000000,0.000000,0.000000));
#5314 = AXIS2_PLACEMENT_3D('',#34,#5312,#5313);
#5315 = PLANE('',#5314);
#5316 = FACE_SURFACE('',(#5311),#5315,.T.);
#5317 = POLY_LOOP('',(#36,#20,#19));
#5318 = FACE_OUTER_BOUND('',#5317,.T.);
#5319 = DIRECTION('',(0.000000,0.000000,1.000000));
#5320 = DIRECTION('',(1.000000,0.000000,0.000000));
#5321 = AXIS2_PLACEMENT_3D('',#36,#5319,#5320);
#5322 = PLANE('',#5321);
#5323 = FACE_SURFACE('',(#5318),#5322,.T.);
#5324 = POLY_LOOP('',(#36,#19,#35));
#5325 = FACE_OUTER_BOUND('',#5324,.T.);
#5326 = DIRECTION('',(0.000000,0.000000,1.000000));
#5327 = DIRECTION('',(1.000000,0.000000,0.000000));
#5328 = AXIS2_PLACEMENT_3D('',#36,#5326,#5327);
#5329 = PLANE('',#5328);
#5330 = FACE_SURFACE('',(#5325),#5329,.T.);
#5331 = POLY_LOOP('',(#35,#19,#21));
#5332 = FACE_OUTER_BOUND('',#5331,.T.);
#5333 = DIRECTION('',(0.000000,0.000000,1.000000));
#5334 = DIRECTION('',(1.000000,0.000000,0.000000));
#5335 = AXIS2_PLACEMENT_3D('',#35,#5333,#5334);
#5336 = PLANE('',#5335);
#5337 = FACE_SURFACE('',(#5332),#5336,.T.);
#5338 = POLY_LOOP('',(#35,#21,#37));
#5339 = FACE_OUTER_BOUND('',#5338,.T.);
#5340 = DIRECTION('',(0.000000,0.000000,1.000000));
#5341 = DIRECTION('',(1.000000,0.000000,0.000000));
#5342 = AXIS2_PLACEMENT_3D('',#35,#5340,#5341);
#5343 = PLANE('',#5342);
#5344 = FACE_SURFACE('',(#5339),#5343,.T.);
#5345 = POLY_LOOP('',(#37,#21,#22));
#5346 = FACE_OUTER_BOUND('',#5345,.T.);
#5347 = DIRECTION('',(0.000000,0.000000,1.000000));
#5348 = DIRECTION('',(1.000000,0.000000,0.000000));
#5349 = AXIS2_PLACEMENT_3D('',#37,#5347,#5348);
#5350 = PLANE('',#5349);
#5351 = FACE_SURFACE('',(#5346),#5350,.T.);
#5352 = POLY_LOOP('',(#37,#22,#38));
#5353 = FACE_OUTER_BOUND('',#5352,.T.);
#5354 = DIRECTION('',(0.000000,0.000000,1.000000));
#5355 = DIRECTION('',(1.000000,0.000000,0.000000));
#5356 = AXIS2_PLACEMENT_3D('',#37,#5354,#5355);
#5357 = PLANE('',#5356);
#5358 = FACE_SURFACE('',(#5353),#5357,.T.);
#5359 = POLY_LOOP('',(#38,#22,#24));
#5360 = FACE_OUTER_BOUND('',#5359,.T.);
#5361 = DIRECTION('',(0.000000,0.000000,1.000000));
#5362 = DIRECTION('',(1.000000,0.000000,0.000000));
#5363 = AXIS2_PLACEMENT_3D('',#38,#5361,#5362);
#5364 = PLANE('',#5363);
#5365 = FACE_SURFACE('',(#5360),#5364,.T.);
#5366 = POLY_LOOP('',(#38,#24,#23));
#5367 = FACE_OUTER_BOUND('',#5366,.T.);
#5368 = DIRECTION('',(0.000000,0.000000,1.000000));
#5369 = DIRECTION('',(1.000000,0.000000,0.000000));
#5370 = AXIS2_PLACEMENT_3D('',#38,#5368,#5369);
#5371 = PLANE('',#5370);
#5372 = FACE_SURFACE('',(#5367),#5371,.T.);
#5373 = POLY_LOOP('',(#23,#25,#38));
#5374 = FACE_OUTER_BOUND('',#5373,.T.);
#5375 = DIRECTION('',(0.000000,0.000000,1.000000));
#5376 = DIRECTION('',(1.000000,0.000000,0.000000));
#5377 = AXIS2_PLACEMENT_3D('',#23,#5375,#5376);
#5378 = PLANE('',#5377);
#5379 = FACE_SURFACE('',(#5374),#5378,.T.);
#5380 = POLY_LOOP('',(#38,#25,#26));
#5381 = FACE_OUTER_BOUND('',#5380,.T.);
#5382 = DIRECTION('',(0.000000,0.000000,1.000000));
#5383 = DIRECTION('',(1.000000,0.000000,0.000000));
#5384 = AXIS2_PLACEMENT_3D('',#38,#5382,#5383);
#5385 = PLANE('',#5384);
#5386 = FACE_SURFACE('',(#5381),#5385,.T.);
#5387 = POLY_LOOP('',(#38,#26,#37));
#5388 = FACE_OUTER_BOUND('',#5387,.T.);
#5389 = DIRECTION('',(0.000000,0.000000,1.000000));
#5390 = DIRECTION('',(1.000000,0.000000,0.000000));
#5391 = AXIS2_PLACEMENT_3D('',#38,#5389,#5390);
#5392 = PLANE('',#5391);
#5393 = FACE_SURFACE('',(#5388),#5392,.T.);
#5394 = POLY_LOOP('',(#37,#26,#28));
#5395 = FACE_OUTER_BOUND('',#5394,.T.);
#5396 = DIRECTION('',(0.000000,0.000000,1.000000));
#5397 = DIRECTION('',(1.000000,0.000000,0.000000));
#5398 = AXIS2_PLACEMENT_3D('',#37,#5396,#5397);
#5399 = PLANE('',#5398);
#5400 = FACE_SURFACE('',(#5395),#5399,.T.);
#5401 = POLY_LOOP('',(#37,#28,#35));
#5402 = FACE_OUTER_BOUND('',#5401,.T.);
#5403 = DIRECTION('',(0.000000,0.000000,1.000000));
#5404 = DIRECTION('',(1.000000,0.000000,0.000000));
#5405 = AXIS2_PLACEMENT_3D('',#37,#5403,#5404);
#5406 = PLANE('',#5405);
#5407 = FACE_SURFACE('',(#5402),#5406,.T.);
#5408 = POLY_LOOP('',(#35,#28,#27));
#5409 = FACE_OUTER_BOUND('',#5408,.T.);
#5410 = DIRECTION('',(0.000000,0.000000,1.000000));
#5411 = DIRECTION('',(1.000000,0.000000,0.000000));
#5412 = AXIS2_PLACEMENT_3D('',#35,#5410,#5411);
#5413 = PLANE('',#5412);
#5414 = FACE_SURFACE('',(#5409),#5413,.T.);
#5415 = POLY_LOOP('',(#35,#27,#36));
#5416 = FACE_OUTER_BOUND('',#5415,.T.);
#5417 = DIRECTION('',(0.000000,0.000000,1.000000));
#5418 = DIRECTION('',(1.000000,0.000000,0.000000));
#5419 = AXIS2_PLACEMENT_3D('',#35,#5417,#5418);
#5420 = PLANE('',#5419);
#5421 = FACE_SURFACE('',(#5416),#5420,.T.);
#5422 = POLY_LOOP('',(#36,#27,#29));
#5423 = FACE_OUTER_BOUND('',#5422,.T.);
#5424 = DIRECTION('',(0.000000,0.000000,1.000000));
#5425 = DIRECTION('',(1.000000,0.000000,0.000000));
#5426 = AXIS2_PLACEMENT_3D('',#36,#5424,#5425);
#5427 = PLANE('',#5426);
#5428 = FACE_SURFACE('',(#5423),#5427,.T.);
#5429 = POLY_LOOP('',(#36,#29,#34));
#5430 = FACE_OUTER_BOUND('',#5429,.T.);
#5431 = DIRECTION('',(0.000000,0.000000,1.000000));
#5432 = DIRECTION('',(1.000000,0.000000,0.000000));
#5433 = AXIS2_PLACEMENT_3D('',#36,#5431,#5432);
#5434 = PLANE('',#5433);
#5435 = FACE_SURFACE('',(#5430),#5434,.T.);
#5436 = POLY_LOOP('',(#34,#29,#30));
#5437 = FACE_OUTER_BOUND('',#5436,.T.);
#5438 = DIRECTION('',(0.000000,0.000000,1.000000));
#5439 = DIRECTION('',(1.000000,0.000000,0.000000));
#5440 = AXIS2_PLACEMENT_3D('',#34,#5438,#5439);
#5441 = PLANE('',#5440);
#5442 = FACE_SURFACE('',(#5437),#5441,.T.);
#5443 = POLY_LOOP('',(#34,#30,#33));
#5444 = FACE_OUTER_BOUND('',#5443,.T.);
#5445 = DIRECTION('',(0.000000,0.000000,1.000000));
#5446 = DIRECTION('',(1.000000,0.000000,0.000000));
#5447 = AXIS2_PLACEMENT_3D('',#34,#5445,#5446);
#5448 = PLANE('',#5447);
#5449 = FACE_SURFACE('',(#5444),#5448,.T.);
#5450 = POLY_LOOP('',(#33,#30,#32));
#5451 = FACE_OUTER_BOUND('',#5450,.T.);
#5452 = DIRECTION('',(0.000000,0.000000,1.000000));
#5453 = DIRECTION('',(1.000000,0.000000,0.000000));
#5454 = AXIS2_PLACEMENT_3D('',#33,#5452,#5453);
#5455 = PLANE('',#5454);
#5456 = FACE_SURFACE('',(#5451),#5455,.T.);
#5457 = POLY_LOOP('',(#33,#32,#31));
#5458 = FACE_OUTER_BOUND('',#5457,.T.);
#5459 = DIRECTION('',(0.000000,0.000000,1.000000));
#5460 = DIRECTION('',(1.000000,0.000000,0.000000));
#5461 = AXIS2_PLACEMENT_3D('',#33,#5459,#5460);
#5462 = PLANE('',#5461);
#5463 = FACE_SURFACE('',(#5458),#5462,.T.);
#5464 = POLY_LOOP('',(#31,#39,#17));
#5465 = FACE_OUTER_BOUND('',#5464,.T.);
#5466 = DIRECTION('',(0.000000,0.000000,1.000000));
#5467 = DIRECTION('',(1.000000,0.000000,0.000000));
#5468 = AXIS2_PLACEMENT_3D('',#31,#5466,#5467);
#5469 = PLANE('',#5468);
#5470 = FACE_SURFACE('',(#5465),#5469,.T.);
#5471 = POLY_LOOP('',(#17,#39,#40));
#5472 = FACE_OUTER_BOUND('',#5471,.T.);
#5473 = DIRECTION('',(0.000000,0.000000,1.000000));
#5474 = DIRECTION('',(1.000000,0.000000,0.000000));
#5475 = AXIS2_PLACEMENT_3D('',#17,#5473,#5474);
#5476 = PLANE('',#5475);
#5477 = FACE_SURFACE('',(#5472),#5476,.T.);
#5478 = POLY_LOOP('',(#32,#30,#31));
#5479 = FACE_OUTER_BOUND('',#5478,.T.);
#5480 = DIRECTION('',(0.000000,0.000000,1.000000));
#5481 = DIRECTION('',(1.000000,0.000000,0.000000));
#5482 = AXIS2_PLACEMENT_3D('',#32,#5480,#5481);
#5483 = PLANE('',#5482);
#5484 = FACE_SURFACE('',(#5479),#5483,.T.);
#5485 = POLY_LOOP('',(#31,#30,#29));
#5486 = FACE_OUTER_BOUND('',#5485,.T.);
#5487 = DIRECTION('',(0.000000,0.000000,1.000000));
#5488 = DIRECTION('',(1.000000,0.000000,0.000000));
#5489 = AXIS2_PLACEMENT_3D('',#31,#5487,#5488);
#5490 = PLANE('',#5489);
#5491 = FACE_SURFACE('',(#5486),#5490,.T.);
#5492 = POLY_LOOP('',(#31,#29,#27));
#5493 = FACE_OUTER_BOUND('',#5492,.T.);
#5494 = DIRECTION('',(0.000000,0.000000,1.000000));
#5495 = DIRECTION('',(1.000000,0.000000,0.000000));
#5496 = AXIS2_PLACEMENT_3D('',#31,#5494,#5495);
#5497 = PLANE('',#5496);
#5498 = FACE_SURFACE('',(#5493),#5497,.T.);
#5499 = POLY_LOOP('',(#27,#28,#31));
#5500 = FACE_OUTER_BOUND('',#5499,.T.);
#5501 = DIRECTION('',(0.000000,0.000000,1.000000));
#5502 = DIRECTION('',(1.000000,0.000000,0.000000));
#5503 = AXIS2_PLACEMENT_3D('',#27,#5501,#5502);
#5504 = PLANE('',#5503);
#5505 = FACE_SURFACE('',(#5500),#5504,.T.);
#5506 = POLY_LOOP('',(#31,#28,#26));
#5507 = FACE_OUTER_BOUND('',#5506,.T.);
#5508 = DIRECTION('',(0.000000,0.000000,1.000000));
#5509 = DIRECTION('',(1.000000,0.000000,0.000000));
#5510 = AXIS2_PLACEMENT_3D('',#31,#5508,#5509);
#5511 = PLANE('',#5510);
#5512 = FACE_SURFACE('',(#5507),#5511,.T.);
#5513 = POLY_LOOP('',(#31,#26,#25));
#5514 = FACE_OUTER_BOUND('',#5513,.T.);
#5515 = DIRECTION('',(0.000000,0.000000,1.000000));
#5516 = DIRECTION('',(1.000000,0.000000,0.000000));
#5517 = AXIS2_PLACEMENT_3D('',#31,#5515,#5516);
#5518 = PLANE('',#5517);
#5519 = FACE_SURFACE('',(#5514),#5518,.T.);
#5520 = POLY_LOOP('',(#31,#25,#39));
#5521 = FACE_OUTER_BOUND('',#5520,.T.);
#5522 = DIRECTION('',(0.000000,0.000000,1.000000));
#5523 = DIRECTION('',(1.000000,0.000000,0.000000));
#5524 = AXIS2_PLACEMENT_3D('',#31,#5522,#5523);
#5525 = PLANE('',#5524);
#5526 = FACE_SURFACE('',(#5521),#5525,.T.);
#5527 = POLY_LOOP('',(#39,#25,#44));
#5528 = FACE_OUTER_BOUND('',#5527,.T.);
#5529 = DIRECTION('',(0.000000,0.000000,1.000000));
#5530 = DIRECTION('',(1.000000,0.000000,0.000000));
#5531 = AXIS2_PLACEMENT_3D('',#39,#5529,#5530);
#5532 = PLANE('',#5531);
#5533 = FACE_SURFACE('',(#5528),#5532,.T.);
#5534 = POLY_LOOP('',(#39,#44,#43));
#5535 = FACE_OUTER_BOUND('',#5534,.T.);
#5536 = DIRECTION('',(0.000000,0.000000,1.000000));
#5537 = DIRECTION('',(1.000000,0.000000,0.000000));
#5538 = AXIS2_PLACEMENT_3D('',#39,#5536,#5537);
#5539 = PLANE('',#5538);
#5540 = FACE_SURFACE('',(#5535),#5539,.T.);
#5541 = POLY_LOOP('',(#43,#42,#39));
#5542 = FACE_OUTER_BOUND('',#5541,.T.);
#5543 = DIRECTION('',(0.000000,0.000000,1.000000));
#5544 = DIRECTION('',(1.000000,0.000000,0.000000));
#5545 = AXIS2_PLACEMENT_3D('',#43,#5543,#5544);
#5546 = PLANE('',#5545);
#5547 = FACE_SURFACE('',(#5542),#5546,.T.);
#5548 = POLY_LOOP('',(#39,#42,#84));
#5549 = FACE_OUTER_BOUND('',#5548,.T.);
#5550 = DIRECTION('',(0.000000,0.000000,1.000000));
#5551 = DIRECTION('',(1.000000,0.000000,0.000000));
#5552 = AXIS2_PLACEMENT_3D('',#39,#5550,#5551);
#5553 = PLANE('',#5552);
#5554 = FACE_SURFACE('',(#5549),#5553,.T.);
#5555 = POLY_LOOP('',(#84,#42,#49));
#5556 = FACE_OUTER_BOUND('',#5555,.T.);
#5557 = DIRECTION('',(0.000000,0.000000,1.000000));
#5558 = DIRECTION('',(1.000000,0.000000,0.000000));
#5559 = AXIS2_PLACEMENT_3D('',#84,#5557,#5558);
#5560 = PLANE('',#5559);
#5561 = FACE_SURFACE('',(#5556),#5560,.T.);
#5562 = POLY_LOOP('',(#49,#42,#41));
#5563 = FACE_OUTER_BOUND('',#5562,.T.);
#5564 = DIRECTION('',(0.000000,0.000000,1.000000));
#5565 = DIRECTION('',(1.000000,0.000000,0.000000));
#5566 = AXIS2_PLACEMENT_3D('',#49,#5564,#5565);
#5567 = PLANE('',#5566);
#5568 = FACE_SURFACE('',(#5563),#5567,.T.);
#5569 = POLY_LOOP('',(#49,#41,#50));
#5570 = FACE_OUTER_BOUND('',#5569,.T.);
#5571 = DIRECTION('',(0.000000,0.000000,1.000000));
#5572 = DIRECTION('',(1.000000,0.000000,0.000000));
#5573 = AXIS2_PLACEMENT_3D('',#49,#5571,#5572);
#5574 = PLANE('',#5573);
#5575 = FACE_SURFACE('',(#5570),#5574,.T.);
#5576 = POLY_LOOP('',(#50,#41,#61));
#5577 = FACE_OUTER_BOUND('',#5576,.T.);
#5578 = DIRECTION('',(0.000000,0.000000,1.000000));
#5579 = DIRECTION('',(1.000000,0.000000,0.000000));
#5580 = AXIS2_PLACEMENT_3D('',#50,#5578,#5579);
#5581 = PLANE('',#5580);
#5582 = FACE_SURFACE('',(#5577),#5581,.T.);
#5583 = POLY_LOOP('',(#50,#61,#63));
#5584 = FACE_OUTER_BOUND('',#5583,.T.);
#5585 = DIRECTION('',(0.000000,0.000000,1.000000));
#5586 = DIRECTION('',(1.000000,0.000000,0.000000));
#5587 = AXIS2_PLACEMENT_3D('',#50,#5585,#5586);
#5588 = PLANE('',#5587);
#5589 = FACE_SURFACE('',(#5584),#5588,.T.);
#5590 = POLY_LOOP('',(#46,#47,#41));
#5591 = FACE_OUTER_BOUND('',#5590,.T.);
#5592 = DIRECTION('',(0.000000,0.000000,1.000000));
#5593 = DIRECTION('',(1.000000,0.000000,0.000000));
#5594 = AXIS2_PLACEMENT_3D('',#46,#5592,#5593);
#5595 = PLANE('',#5594);
#5596 = FACE_SURFACE('',(#5591),#5595,.T.);
#5597 = POLY_LOOP('',(#41,#47,#59));
#5598 = FACE_OUTER_BOUND('',#5597,.T.);
#5599 = DIRECTION('',(0.000000,0.000000,1.000000));
#5600 = DIRECTION('',(1.000000,0.000000,0.000000));
#5601 = AXIS2_PLACEMENT_3D('',#41,#5599,#5600);
#5602 = PLANE('',#5601);
#5603 = FACE_SURFACE('',(#5598),#5602,.T.);
#5604 = POLY_LOOP('',(#41,#59,#61));
#5605 = FACE_OUTER_BOUND('',#5604,.T.);
#5606 = DIRECTION('',(0.000000,0.000000,1.000000));
#5607 = DIRECTION('',(1.000000,0.000000,0.000000));
#5608 = AXIS2_PLACEMENT_3D('',#41,#5606,#5607);
#5609 = PLANE('',#5608);
#5610 = FACE_SURFACE('',(#5605),#5609,.T.);
#5611 = POLY_LOOP('',(#45,#48,#46));
#5612 = FACE_OUTER_BOUND('',#5611,.T.);
#5613 = DIRECTION('',(0.000000,0.000000,1.000000));
#5614 = DIRECTION('',(1.000000,0.000000,0.000000));
#5615 = AXIS2_PLACEMENT_3D('',#45,#5613,#5614);
#5616 = PLANE('',#5615);
#5617 = FACE_SURFACE('',(#5612),#5616,.T.);
#5618 = POLY_LOOP('',(#46,#48,#47));
#5619 = FACE_OUTER_BOUND('',#5618,.T.);
#5620 = DIRECTION('',(0.000000,0.000000,1.000000));
#5621 = DIRECTION('',(1.000000,0.000000,0.000000));
#5622 = AXIS2_PLACEMENT_3D('',#46,#5620,#5621);
#5623 = PLANE('',#5622);
#5624 = FACE_SURFACE('',(#5619),#5623,.T.);
#5625 = POLY_LOOP('',(#50,#63,#51));
#5626 = FACE_OUTER_BOUND('',#5625,.T.);
#5627 = DIRECTION('',(0.000000,0.000000,1.000000));
#5628 = DIRECTION('',(1.000000,0.000000,0.000000));
#5629 = AXIS2_PLACEMENT_3D('',#50,#5627,#5628);
#5630 = PLANE('',#5629);
#5631 = FACE_SURFACE('',(#5626),#5630,.T.);
#5632 = POLY_LOOP('',(#51,#63,#65));
#5633 = FACE_OUTER_BOUND('',#5632,.T.);
#5634 = DIRECTION('',(0.000000,0.000000,1.000000));
#5635 = DIRECTION('',(1.000000,0.000000,0.000000));
#5636 = AXIS2_PLACEMENT_3D('',#51,#5634,#5635);
#5637 = PLANE('',#5636);
#5638 = FACE_SURFACE('',(#5633),#5637,.T.);
#5639 = POLY_LOOP('',(#51,#65,#52));
#5640 = FACE_OUTER_BOUND('',#5639,.T.);
#5641 = DIRECTION('',(0.000000,0.000000,1.000000));
#5642 = DIRECTION('',(1.000000,0.000000,0.000000));
#5643 = AXIS2_PLACEMENT_3D('',#51,#5641,#5642);
#5644 = PLANE('',#5643);
#5645 = FACE_SURFACE('',(#5640),#5644,.T.);
#5646 = POLY_LOOP('',(#52,#65,#81));
#5647 = FACE_OUTER_BOUND('',#5646,.T.);
#5648 = DIRECTION('',(0.000000,0.000000,1.000000));
#5649 = DIRECTION('',(1.000000,0.000000,0.000000));
#5650 = AXIS2_PLACEMENT_3D('',#52,#5648,#5649);
#5651 = PLANE('',#5650);
#5652 = FACE_SURFACE('',(#5647),#5651,.T.);
#5653 = POLY_LOOP('',(#81,#65,#83));
#5654 = FACE_OUTER_BOUND('',#5653,.T.);
#5655 = DIRECTION('',(0.000000,0.000000,1.000000));
#5656 = DIRECTION('',(1.000000,0.000000,0.000000));
#5657 = AXIS2_PLACEMENT_3D('',#81,#5655,#5656);
#5658 = PLANE('',#5657);
#5659 = FACE_SURFACE('',(#5654),#5658,.T.);
#5660 = POLY_LOOP('',(#83,#65,#67));
#5661 = FACE_OUTER_BOUND('',#5660,.T.);
#5662 = DIRECTION('',(0.000000,0.000000,1.000000));
#5663 = DIRECTION('',(1.000000,0.000000,0.000000));
#5664 = AXIS2_PLACEMENT_3D('',#83,#5662,#5663);
#5665 = PLANE('',#5664);
#5666 = FACE_SURFACE('',(#5661),#5665,.T.);
#5667 = POLY_LOOP('',(#83,#67,#82));
#5668 = FACE_OUTER_BOUND('',#5667,.T.);
#5669 = DIRECTION('',(0.000000,0.000000,1.000000));
#5670 = DIRECTION('',(1.000000,0.000000,0.000000));
#5671 = AXIS2_PLACEMENT_3D('',#83,#5669,#5670);
#5672 = PLANE('',#5671);
#5673 = FACE_SURFACE('',(#5668),#5672,.T.);
#5674 = POLY_LOOP('',(#82,#67,#68));
#5675 = FACE_OUTER_BOUND('',#5674,.T.);
#5676 = DIRECTION('',(0.000000,0.000000,1.000000));
#5677 = DIRECTION('',(1.000000,0.000000,0.000000));
#5678 = AXIS2_PLACEMENT_3D('',#82,#5676,#5677);
#5679 = PLANE('',#5678);
#5680 = FACE_SURFACE('',(#5675),#5679,.T.);
#5681 = POLY_LOOP('',(#82,#68,#80));
#5682 = FACE_OUTER_BOUND('',#5681,.T.);
#5683 = DIRECTION('',(0.000000,0.000000,1.000000));
#5684 = DIRECTION('',(1.000000,0.000000,0.000000));
#5685 = AXIS2_PLACEMENT_3D('',#82,#5683,#5684);
#5686 = PLANE('',#5685);
#5687 = FACE_SURFACE('',(#5682),#5686,.T.);
#5688 = POLY_LOOP('',(#80,#68,#69));
#5689 = FACE_OUTER_BOUND('',#5688,.T.);
#5690 = DIRECTION('',(0.000000,0.000000,1.000000));
#5691 = DIRECTION('',(1.000000,0.000000,0.000000));
#5692 = AXIS2_PLACEMENT_3D('',#80,#5690,#5691);
#5693 = PLANE('',#5692);
#5694 = FACE_SURFACE('',(#5689),#5693,.T.);
#5695 = POLY_LOOP('',(#80,#69,#79));
#5696 = FACE_OUTER_BOUND('',#5695,.T.);
#5697 = DIRECTION('',(0.000000,0.000000,1.000000));
#5698 = DIRECTION('',(1.000000,0.000000,0.000000));
#5699 = AXIS2_PLACEMENT_3D('',#80,#5697,#5698);
#5700 = PLANE('',#5699);
#5701 = FACE_SURFACE('',(#5696),#5700,.T.);
#5702 = POLY_LOOP('',(#79,#69,#70));
#5703 = FACE_OUTER_BOUND('',#5702,.T.);
#5704 = DIRECTION('',(0.000000,0.000000,1.000000));
#5705 = DIRECTION('',(1.000000,0.000000,0.000000));
#5706 = AXIS2_PLACEMENT_3D('',#79,#5704,#5705);
#5707 = PLANE('',#5706);
#5708 = FACE_SURFACE('',(#5703),#5707,.T.);
#5709 = POLY_LOOP('',(#79,#70,#53));
#5710 = FACE_OUTER_BOUND('',#5709,.T.);
#5711 = DIRECTION('',(0.000000,0.000000,1.000000));
#5712 = DIRECTION('',(1.000000,0.000000,0.000000));
#5713 = AXIS2_PLACEMENT_3D('',#79,#5711,#5712);
#5714 = PLANE('',#5713);
#5715 = FACE_SURFACE('',(#5710),#5714,.T.);
#5716 = POLY_LOOP('',(#53,#70,#71));
#5717 = FACE_OUTER_BOUND('',#5716,.T.);
#5718 = DIRECTION('',(0.000000,0.000000,1.000000));
#5719 = DIRECTION('',(1.000000,0.000000,0.000000));
#5720 = AXIS2_PLACEMENT_3D('',#53,#5718,#5719);
#5721 = PLANE('',#5720);
#5722 = FACE_SURFACE('',(#5717),#5721,.T.);
#5723 = POLY_LOOP('',(#53,#71,#54));
#5724 = FACE_OUTER_BOUND('',#5723,.T.);
#5725 = DIRECTION('',(0.000000,0.000000,1.000000));
#5726 = DIRECTION('',(1.000000,0.000000,0.000000));
#5727 = AXIS2_PLACEMENT_3D('',#53,#5725,#5726);
#5728 = PLANE('',#5727);
#5729 = FACE_SURFACE('',(#5724),#5728,.T.);
#5730 = POLY_LOOP('',(#54,#71,#72));
#5731 = FACE_OUTER_BOUND('',#5730,.T.);
#5732 = DIRECTION('',(0.000000,0.000000,1.000000));
#5733 = DIRECTION('',(1.000000,0.000000,0.000000));
#5734 = AXIS2_PLACEMENT_3D('',#54,#5732,#5733);
#5735 = PLANE('',#5734);
#5736 = FACE_SURFACE('',(#5731),#5735,.T.);
#5737 = POLY_LOOP('',(#54,#72,#55));
#5738 = FACE_OUTER_BOUND('',#5737,.T.);
#5739 = DIRECTION('',(0.000000,0.000000,1.000000));
#5740 = DIRECTION('',(1.000000,0.000000,0.000000));
#5741 = AXIS2_PLACEMENT_3D('',#54,#5739,#5740);
#5742 = PLANE('',#5741);
#5743 = FACE_SURFACE('',(#5738),#5742,.T.);
#5744 = POLY_LOOP('',(#55,#72,#73));
#5745 = FACE_OUTER_BOUND('',#5744,.T.);
#5746 = DIRECTION('',(0.000000,0.000000,1.000000));
#5747 = DIRECTION('',(1.000000,0.000000,0.000000));
#5748 = AXIS2_PLACEMENT_3D('',#55,#5746,#5747);
#5749 = PLANE('',#5748);
#5750 = FACE_SURFACE('',(#5745),#5749,.T.);
#5751 = POLY_LOOP('',(#55,#73,#56));
#5752 = FACE_OUTER_BOUND('',#5751,.T.);
#5753 = DIRECTION('',(0.000000,0.000000,1.000000));
#5754 = DIRECTION('',(1.000000,0.000000,0.000000));
#5755 = AXIS2_PLACEMENT_3D('',#55,#5753,#5754);
#5756 = PLANE('',#5755);
#5757 = FACE_SURFACE('',(#5752),#5756,.T.);
#5758 = POLY_LOOP('',(#56,#73,#57));
#5759 = FACE_OUTER_BOUND('',#5758,.T.);
#5760 = DIRECTION('',(0.000000,0.000000,1.000000));
#5761 = DIRECTION('',(1.000000,0.000000,0.000000));
#5762 = AXIS2_PLACEMENT_3D('',#56,#5760,#5761);
#5763 = PLANE('',#5762);
#5764 = FACE_SURFACE('',(#5759),#5763,.T.);
#5765 = POLY_LOOP('',(#57,#73,#78));
#5766 = FACE_OUTER_BOUND('',#5765,.T.);
#5767 = DIRECTION('',(0.000000,0.000000,1.000000));
#5768 = DIRECTION('',(1.000000,0.000000,0.000000));
#5769 = AXIS2_PLACEMENT_3D('',#57,#5767,#5768);
#5770 = PLANE('',#5769);
#5771 = FACE_SURFACE('',(#5766),#5770,.T.);
#5772 = POLY_LOOP('',(#57,#78,#66));
#5773 = FACE_OUTER_BOUND('',#5772,.T.);
#5774 = DIRECTION('',(0.000000,0.000000,1.000000));
#5775 = DIRECTION('',(1.000000,0.000000,0.000000));
#5776 = AXIS2_PLACEMENT_3D('',#57,#5774,#5775);
#5777 = PLANE('',#5776);
#5778 = FACE_SURFACE('',(#5773),#5777,.T.);
#5779 = POLY_LOOP('',(#74,#76,#73));
#5780 = FACE_OUTER_BOUND('',#5779,.T.);
#5781 = DIRECTION('',(0.000000,0.000000,1.000000));
#5782 = DIRECTION('',(1.000000,0.000000,0.000000));
#5783 = AXIS2_PLACEMENT_3D('',#74,#5781,#5782);
#5784 = PLANE('',#5783);
#5785 = FACE_SURFACE('',(#5780),#5784,.T.);
#5786 = POLY_LOOP('',(#73,#76,#77));
#5787 = FACE_OUTER_BOUND('',#5786,.T.);
#5788 = DIRECTION('',(0.000000,0.000000,1.000000));
#5789 = DIRECTION('',(1.000000,0.000000,0.000000));
#5790 = AXIS2_PLACEMENT_3D('',#73,#5788,#5789);
#5791 = PLANE('',#5790);
#5792 = FACE_SURFACE('',(#5787),#5791,.T.);
#5793 = POLY_LOOP('',(#73,#77,#78));
#5794 = FACE_OUTER_BOUND('',#5793,.T.);
#5795 = DIRECTION('',(0.000000,0.000000,1.000000));
#5796 = DIRECTION('',(1.000000,0.000000,0.000000));
#5797 = AXIS2_PLACEMENT_3D('',#73,#5795,#5796);
#5798 = PLANE('',#5797);
#5799 = FACE_SURFACE('',(#5794),#5798,.T.);
#5800 = POLY_LOOP('',(#74,#75,#76));
#5801 = FACE_OUTER_BOUND('',#5800,.T.);
#5802 = DIRECTION('',(0.000000,0.000000,1.000000));
#5803 = DIRECTION('',(1.000000,0.000000,0.000000));
#5804 = AXIS2_PLACEMENT_3D('',#74,#5802,#5803);
#5805 = PLANE('',#5804);
#5806 = FACE_SURFACE('',(#5801),#5805,.T.);
#5807 = POLY_LOOP('',(#66,#64,#57));
#5808 = FACE_OUTER_BOUND('',#5807,.T.);
#5809 = DIRECTION('',(0.000000,0.000000,1.000000));
#5810 = DIRECTION('',(1.000000,0.000000,0.000000));
#5811 = AXIS2_PLACEMENT_3D('',#66,#5809,#5810);
#5812 = PLANE('',#5811);
#5813 = FACE_SURFACE('',(#5808),#5812,.T.);
#5814 = POLY_LOOP('',(#57,#64,#62));
#5815 = FACE_OUTER_BOUND('',#5814,.T.);
#5816 = DIRECTION('',(0.000000,0.000000,1.000000));
#5817 = DIRECTION('',(1.000000,0.000000,0.000000));
#5818 = AXIS2_PLACEMENT_3D('',#57,#5816,#5817);
#5819 = PLANE('',#5818);
#5820 = FACE_SURFACE('',(#5815),#5819,.T.);
#5821 = POLY_LOOP('',(#57,#62,#60));
#5822 = FACE_OUTER_BOUND('',#5821,.T.);
#5823 = DIRECTION('',(0.000000,0.000000,1.000000));
#5824 = DIRECTION('',(1.000000,0.000000,0.000000));
#5825 = AXIS2_PLACEMENT_3D('',#57,#5823,#5824);
#5826 = PLANE('',#5825);
#5827 = FACE_SURFACE('',(#5822),#5826,.T.);
#5828 = POLY_LOOP('',(#60,#58,#57));
#5829 = FACE_OUTER_BOUND('',#5828,.T.);
#5830 = DIRECTION('',(0.000000,0.000000,1.000000));
#5831 = DIRECTION('',(1.000000,0.000000,0.000000));
#5832 = AXIS2_PLACEMENT_3D('',#60,#5830,#5831);
#5833 = PLANE('',#5832);
#5834 = FACE_SURFACE('',(#5829),#5833,.T.);
#5835 = POLY_LOOP('',(#41,#91,#46));
#5836 = FACE_OUTER_BOUND('',#5835,.T.);
#5837 = DIRECTION('',(0.000000,0.000000,1.000000));
#5838 = DIRECTION('',(1.000000,0.000000,0.000000));
#5839 = AXIS2_PLACEMENT_3D('',#41,#5837,#5838);
#5840 = PLANE('',#5839);
#5841 = FACE_SURFACE('',(#5836),#5840,.T.);
#5842 = POLY_LOOP('',(#46,#91,#90));
#5843 = FACE_OUTER_BOUND('',#5842,.T.);
#5844 = DIRECTION('',(0.000000,0.000000,1.000000));
#5845 = DIRECTION('',(1.000000,0.000000,0.000000));
#5846 = AXIS2_PLACEMENT_3D('',#46,#5844,#5845);
#5847 = PLANE('',#5846);
#5848 = FACE_SURFACE('',(#5843),#5847,.T.);
#5849 = POLY_LOOP('',(#46,#90,#45));
#5850 = FACE_OUTER_BOUND('',#5849,.T.);
#5851 = DIRECTION('',(0.000000,0.000000,1.000000));
#5852 = DIRECTION('',(1.000000,0.000000,0.000000));
#5853 = AXIS2_PLACEMENT_3D('',#46,#5851,#5852);
#5854 = PLANE('',#5853);
#5855 = FACE_SURFACE('',(#5850),#5854,.T.);
#5856 = POLY_LOOP('',(#45,#90,#89));
#5857 = FACE_OUTER_BOUND('',#5856,.T.);
#5858 = DIRECTION('',(0.000000,0.000000,1.000000));
#5859 = DIRECTION('',(1.000000,0.000000,0.000000));
#5860 = AXIS2_PLACEMENT_3D('',#45,#5858,#5859);
#5861 = PLANE('',#5860);
#5862 = FACE_SURFACE('',(#5857),#5861,.T.);
#5863 = POLY_LOOP('',(#45,#89,#48));
#5864 = FACE_OUTER_BOUND('',#5863,.T.);
#5865 = DIRECTION('',(0.000000,0.000000,1.000000));
#5866 = DIRECTION('',(1.000000,0.000000,0.000000));
#5867 = AXIS2_PLACEMENT_3D('',#45,#5865,#5866);
#5868 = PLANE('',#5867);
#5869 = FACE_SURFACE('',(#5864),#5868,.T.);
#5870 = POLY_LOOP('',(#48,#89,#88));
#5871 = FACE_OUTER_BOUND('',#5870,.T.);
#5872 = DIRECTION('',(0.000000,0.000000,1.000000));
#5873 = DIRECTION('',(1.000000,0.000000,0.000000));
#5874 = AXIS2_PLACEMENT_3D('',#48,#5872,#5873);
#5875 = PLANE('',#5874);
#5876 = FACE_SURFACE('',(#5871),#5875,.T.);
#5877 = POLY_LOOP('',(#48,#88,#47));
#5878 = FACE_OUTER_BOUND('',#5877,.T.);
#5879 = DIRECTION('',(0.000000,0.000000,1.000000));
#5880 = DIRECTION('',(1.000000,0.000000,0.000000));
#5881 = AXIS2_PLACEMENT_3D('',#48,#5879,#5880);
#5882 = PLANE('',#5881);
#5883 = FACE_SURFACE('',(#5878),#5882,.T.);
#5884 = POLY_LOOP('',(#47,#88,#87));
#5885 = FACE_OUTER_BOUND('',#5884,.T.);
#5886 = DIRECTION('',(0.000000,0.000000,1.000000));
#5887 = DIRECTION('',(1.000000,0.000000,0.000000));
#5888 = AXIS2_PLACEMENT_3D('',#47,#5886,#5887);
#5889 = PLANE('',#5888);
#5890 = FACE_SURFACE('',(#5885),#5889,.T.);
#5891 = POLY_LOOP('',(#47,#87,#59));
#5892 = FACE_OUTER_BOUND('',#5891,.T.);
#5893 = DIRECTION('',(0.000000,0.000000,1.000000));
#5894 = DIRECTION('',(1.000000,0.000000,0.000000));
#5895 = AXIS2_PLACEMENT_3D('',#47,#5893,#5894);
#5896 = PLANE('',#5895);
#5897 = FACE_SURFACE('',(#5892),#5896,.T.);
#5898 = POLY_LOOP('',(#59,#87,#86));
#5899 = FACE_OUTER_BOUND('',#5898,.T.);
#5900 = DIRECTION('',(0.000000,0.000000,1.000000));
#5901 = DIRECTION('',(1.000000,0.000000,0.000000));
#5902 = AXIS2_PLACEMENT_3D('',#59,#5900,#5901);
#5903 = PLANE('',#5902);
#5904 = FACE_SURFACE('',(#5899),#5903,.T.);
#5905 = POLY_LOOP('',(#59,#86,#61));
#5906 = FACE_OUTER_BOUND('',#5905,.T.);
#5907 = DIRECTION('',(0.000000,0.000000,1.000000));
#5908 = DIRECTION('',(1.000000,0.000000,0.000000));
#5909 = AXIS2_PLACEMENT_3D('',#59,#5907,#5908);
#5910 = PLANE('',#5909);
#5911 = FACE_SURFACE('',(#5906),#5910,.T.);
#5912 = POLY_LOOP('',(#61,#86,#85));
#5913 = FACE_OUTER_BOUND('',#5912,.T.);
#5914 = DIRECTION('',(0.000000,0.000000,1.000000));
#5915 = DIRECTION('',(1.000000,0.000000,0.000000));
#5916 = AXIS2_PLACEMENT_3D('',#61,#5914,#5915);
#5917 = PLANE('',#5916);
#5918 = FACE_SURFACE('',(#5913),#5917,.T.);
#5919 = POLY_LOOP('',(#61,#85,#63));
#5920 = FACE_OUTER_BOUND('',#5919,.T.);
#5921 = DIRECTION('',(0.000000,0.000000,1.000000));
#5922 = DIRECTION('',(1.000000,0.000000,0.000000));
#5923 = AXIS2_PLACEMENT_3D('',#61,#5921,#5922);
#5924 = PLANE('',#5923);
#5925 = FACE_SURFACE('',(#5920),#5924,.T.);
#5926 = POLY_LOOP('',(#63,#85,#92));
#5927 = FACE_OUTER_BOUND('',#5926,.T.);
#5928 = DIRECTION('',(0.000000,0.000000,1.000000));
#5929 = DIRECTION('',(1.000000,0.000000,0.000000));
#5930 = AXIS2_PLACEMENT_3D('',#63,#5928,#5929);
#5931 = PLANE('',#5930);
#5932 = FACE_SURFACE('',(#5927),#5931,.T.);
#5933 = POLY_LOOP('',(#91,#41,#95));
#5934 = FACE_OUTER_BOUND('',#5933,.T.);
#5935 = DIRECTION('',(0.000000,0.000000,1.000000));
#5936 = DIRECTION('',(1.000000,0.000000,0.000000));
#5937 = AXIS2_PLACEMENT_3D('',#91,#5935,#5936);
#5938 = PLANE('',#5937);
#5939 = FACE_SURFACE('',(#5934),#5938,.T.);
#5940 = POLY_LOOP('',(#95,#41,#42));
#5941 = FACE_OUTER_BOUND('',#5940,.T.);
#5942 = DIRECTION('',(0.000000,0.000000,1.000000));
#5943 = DIRECTION('',(1.000000,0.000000,0.000000));
#5944 = AXIS2_PLACEMENT_3D('',#95,#5942,#5943);
#5945 = PLANE('',#5944);
#5946 = FACE_SURFACE('',(#5941),#5945,.T.);
#5947 = POLY_LOOP('',(#95,#42,#94));
#5948 = FACE_OUTER_BOUND('',#5947,.T.);
#5949 = DIRECTION('',(0.000000,0.000000,1.000000));
#5950 = DIRECTION('',(1.000000,0.000000,0.000000));
#5951 = AXIS2_PLACEMENT_3D('',#95,#5949,#5950);
#5952 = PLANE('',#5951);
#5953 = FACE_SURFACE('',(#5948),#5952,.T.);
#5954 = POLY_LOOP('',(#94,#42,#43));
#5955 = FACE_OUTER_BOUND('',#5954,.T.);
#5956 = DIRECTION('',(0.000000,0.000000,1.000000));
#5957 = DIRECTION('',(1.000000,0.000000,0.000000));
#5958 = AXIS2_PLACEMENT_3D('',#94,#5956,#5957);
#5959 = PLANE('',#5958);
#5960 = FACE_SURFACE('',(#5955),#5959,.T.);
#5961 = POLY_LOOP('',(#94,#43,#93));
#5962 = FACE_OUTER_BOUND('',#5961,.T.);
#5963 = DIRECTION('',(0.000000,0.000000,1.000000));
#5964 = DIRECTION('',(1.000000,0.000000,0.000000));
#5965 = AXIS2_PLACEMENT_3D('',#94,#5963,#5964);
#5966 = PLANE('',#5965);
#5967 = FACE_SURFACE('',(#5962),#5966,.T.);
#5968 = POLY_LOOP('',(#93,#43,#44));
#5969 = FACE_OUTER_BOUND('',#5968,.T.);
#5970 = DIRECTION('',(0.000000,0.000000,1.000000));
#5971 = DIRECTION('',(1.000000,0.000000,0.000000));
#5972 = AXIS2_PLACEMENT_3D('',#93,#5970,#5971);
#5973 = PLANE('',#5972);
#5974 = FACE_SURFACE('',(#5969),#5973,.T.);
#5975 = POLY_LOOP('',(#40,#39,#102));
#5976 = FACE_OUTER_BOUND('',#5975,.T.);
#5977 = DIRECTION('',(0.000000,0.000000,1.000000));
#5978 = DIRECTION('',(1.000000,0.000000,0.000000));
#5979 = AXIS2_PLACEMENT_3D('',#40,#5977,#5978);
#5980 = PLANE('',#5979);
#5981 = FACE_SURFACE('',(#5976),#5980,.T.);
#5982 = POLY_LOOP('',(#102,#39,#84));
#5983 = FACE_OUTER_BOUND('',#5982,.T.);
#5984 = DIRECTION('',(0.000000,0.000000,1.000000));
#5985 = DIRECTION('',(1.000000,0.000000,0.000000));
#5986 = AXIS2_PLACEMENT_3D('',#102,#5984,#5985);
#5987 = PLANE('',#5986);
#5988 = FACE_SURFACE('',(#5983),#5987,.T.);
#5989 = POLY_LOOP('',(#102,#84,#101));
#5990 = FACE_OUTER_BOUND('',#5989,.T.);
#5991 = DIRECTION('',(0.000000,0.000000,1.000000));
#5992 = DIRECTION('',(1.000000,0.000000,0.000000));
#5993 = AXIS2_PLACEMENT_3D('',#102,#5991,#5992);
#5994 = PLANE('',#5993);
#5995 = FACE_SURFACE('',(#5990),#5994,.T.);
#5996 = POLY_LOOP('',(#101,#84,#49));
#5997 = FACE_OUTER_BOUND('',#5996,.T.);
#5998 = DIRECTION('',(0.000000,0.000000,1.000000));
#5999 = DIRECTION('',(1.000000,0.000000,0.000000));
#6000 = AXIS2_PLACEMENT_3D('',#101,#5998,#5999);
#6001 = PLANE('',#6000);
#6002 = FACE_SURFACE('',(#5997),#6001,.T.);
#6003 = POLY_LOOP('',(#101,#49,#100));
#6004 = FACE_OUTER_BOUND('',#6003,.T.);
#6005 = DIRECTION('',(0.000000,0.000000,1.000000));
#6006 = DIRECTION('',(1.000000,0.000000,0.000000));
#6007 = AXIS2_PLACEMENT_3D('',#101,#6005,#6006);
#6008 = PLANE('',#6007);
#6009 = FACE_SURFACE('',(#6004),#6008,.T.);
#6010 = POLY_LOOP('',(#100,#49,#50));
#6011 = FACE_OUTER_BOUND('',#6010,.T.);
#6012 = DIRECTION('',(0.000000,0.000000,1.000000));
#6013 = DIRECTION('',(1.000000,0.000000,0.000000));
#6014 = AXIS2_PLACEMENT_3D('',#100,#6012,#6013);
#6015 = PLANE('',#6014);
#6016 = FACE_SURFACE('',(#6011),#6015,.T.);
#6017 = POLY_LOOP('',(#100,#50,#99));
#6018 = FACE_OUTER_BOUND('',#6017,.T.);
#6019 = DIRECTION('',(0.000000,0.000000,1.000000));
#6020 = DIRECTION('',(1.000000,0.000000,0.000000));
#6021 = AXIS2_PLACEMENT_3D('',#100,#6019,#6020);
#6022 = PLANE('',#6021);
#6023 = FACE_SURFACE('',(#6018),#6022,.T.);
#6024 = POLY_LOOP('',(#99,#50,#51));
#6025 = FACE_OUTER_BOUND('',#6024,.T.);
#6026 = DIRECTION('',(0.000000,0.000000,1.000000));
#6027 = DIRECTION('',(1.000000,0.000000,0.000000));
#6028 = AXIS2_PLACEMENT_3D('',#99,#6026,#6027);
#6029 = PLANE('',#6028);
#6030 = FACE_SURFACE('',(#6025),#6029,.T.);
#6031 = POLY_LOOP('',(#99,#51,#98));
#6032 = FACE_OUTER_BOUND('',#6031,.T.);
#6033 = DIRECTION('',(0.000000,0.000000,1.000000));
#6034 = DIRECTION('',(1.000000,0.000000,0.000000));
#6035 = AXIS2_PLACEMENT_3D('',#99,#6033,#6034);
#6036 = PLANE('',#6035);
#6037 = FACE_SURFACE('',(#6032),#6036,.T.);
#6038 = POLY_LOOP('',(#98,#51,#52));
#6039 = FACE_OUTER_BOUND('',#6038,.T.);
#6040 = DIRECTION('',(0.000000,0.000000,1.000000));
#6041 = DIRECTION('',(1.000000,0.000000,0.000000));
#6042 = AXIS2_PLACEMENT_3D('',#98,#6040,#6041);
#6043 = PLANE('',#6042);
#6044 = FACE_SURFACE('',(#6039),#6043,.T.);
#6045 = POLY_LOOP('',(#98,#52,#97));
#6046 = FACE_OUTER_BOUND('',#6045,.T.);
#6047 = DIRECTION('',(0.000000,0.000000,1.000000));
#6048 = DIRECTION('',(1.000000,0.000000,0.000000));
#6049 = AXIS2_PLACEMENT_3D('',#98,#6047,#6048);
#6050 = PLANE('',#6049);
#6051 = FACE_SURFACE('',(#6046),#6050,.T.);
#6052 = POLY_LOOP('',(#97,#52,#81));
#6053 = FACE_OUTER_BOUND('',#6052,.T.);
#6054 = DIRECTION('',(0.000000,0.000000,1.000000));
#6055 = DIRECTION('',(1.000000,0.000000,0.000000));
#6056 = AXIS2_PLACEMENT_3D('',#97,#6054,#6055);
#6057 = PLANE('',#6056);
#6058 = FACE_SURFACE('',(#6053),#6057,.T.);
#6059 = POLY_LOOP('',(#97,#81,#96));
#6060 = FACE_OUTER_BOUND('',#6059,.T.);
#6061 = DIRECTION('',(0.000000,0.000000,1.000000));
#6062 = DIRECTION('',(1.000000,0.000000,0.000000));
#6063 = AXIS2_PLACEMENT_3D('',#97,#6061,#6062);
#6064 = PLANE('',#6063);
#6065 = FACE_SURFACE('',(#6060),#6064,.T.);
#6066 = POLY_LOOP('',(#96,#81,#83));
#6067 = FACE_OUTER_BOUND('',#6066,.T.);
#6068 = DIRECTION('',(0.000000,0.000000,1.000000));
#6069 = DIRECTION('',(1.000000,0.000000,0.000000));
#6070 = AXIS2_PLACEMENT_3D('',#96,#6068,#6069);
#6071 = PLANE('',#6070);
#6072 = FACE_SURFACE('',(#6067),#6071,.T.);
#6073 = POLY_LOOP('',(#96,#83,#116));
#6074 = FACE_OUTER_BOUND('',#6073,.T.);
#6075 = DIRECTION('',(0.000000,0.000000,1.000000));
#6076 = DIRECTION('',(1.000000,0.000000,0.000000));
#6077 = AXIS2_PLACEMENT_3D('',#96,#6075,#6076);
#6078 = PLANE('',#6077);
#6079 = FACE_SURFACE('',(#6074),#6078,.T.);
#6080 = POLY_LOOP('',(#116,#83,#82));
#6081 = FACE_OUTER_BOUND('',#6080,.T.);
#6082 = DIRECTION('',(0.000000,0.000000,1.000000));
#6083 = DIRECTION('',(1.000000,0.000000,0.000000));
#6084 = AXIS2_PLACEMENT_3D('',#116,#6082,#6083);
#6085 = PLANE('',#6084);
#6086 = FACE_SURFACE('',(#6081),#6085,.T.);
#6087 = POLY_LOOP('',(#116,#82,#80));
#6088 = FACE_OUTER_BOUND('',#6087,.T.);
#6089 = DIRECTION('',(0.000000,0.000000,1.000000));
#6090 = DIRECTION('',(1.000000,0.000000,0.000000));
#6091 = AXIS2_PLACEMENT_3D('',#116,#6089,#6090);
#6092 = PLANE('',#6091);
#6093 = FACE_SURFACE('',(#6088),#6092,.T.);
#6094 = POLY_LOOP('',(#116,#80,#114));
#6095 = FACE_OUTER_BOUND('',#6094,.T.);
#6096 = DIRECTION('',(0.000000,0.000000,1.000000));
#6097 = DIRECTION('',(1.000000,0.000000,0.000000));
#6098 = AXIS2_PLACEMENT_3D('',#116,#6096,#6097);
#6099 = PLANE('',#6098);
#6100 = FACE_SURFACE('',(#6095),#6099,.T.);
#6101 = POLY_LOOP('',(#114,#80,#79));
#6102 = FACE_OUTER_BOUND('',#6101,.T.);
#6103 = DIRECTION('',(0.000000,0.000000,1.000000));
#6104 = DIRECTION('',(1.000000,0.000000,0.000000));
#6105 = AXIS2_PLACEMENT_3D('',#114,#6103,#6104);
#6106 = PLANE('',#6105);
#6107 = FACE_SURFACE('',(#6102),#6106,.T.);
#6108 = POLY_LOOP('',(#114,#79,#112));
#6109 = FACE_OUTER_BOUND('',#6108,.T.);
#6110 = DIRECTION('',(0.000000,0.000000,1.000000));
#6111 = DIRECTION('',(1.000000,0.000000,0.000000));
#6112 = AXIS2_PLACEMENT_3D('',#114,#6110,#6111);
#6113 = PLANE('',#6112);
#6114 = FACE_SURFACE('',(#6109),#6113,.T.);
#6115 = POLY_LOOP('',(#112,#79,#53));
#6116 = FACE_OUTER_BOUND('',#6115,.T.);
#6117 = DIRECTION('',(0.000000,0.000000,1.000000));
#6118 = DIRECTION('',(1.000000,0.000000,0.000000));
#6119 = AXIS2_PLACEMENT_3D('',#112,#6117,#6118);
#6120 = PLANE('',#6119);
#6121 = FACE_SURFACE('',(#6116),#6120,.T.);
#6122 = POLY_LOOP('',(#112,#53,#110));
#6123 = FACE_OUTER_BOUND('',#6122,.T.);
#6124 = DIRECTION('',(0.000000,0.000000,1.000000));
#6125 = DIRECTION('',(1.000000,0.000000,0.000000));
#6126 = AXIS2_PLACEMENT_3D('',#112,#6124,#6125);
#6127 = PLANE('',#6126);
#6128 = FACE_SURFACE('',(#6123),#6127,.T.);
#6129 = POLY_LOOP('',(#110,#53,#54));
#6130 = FACE_OUTER_BOUND('',#6129,.T.);
#6131 = DIRECTION('',(0.000000,0.000000,1.000000));
#6132 = DIRECTION('',(1.000000,0.000000,0.000000));
#6133 = AXIS2_PLACEMENT_3D('',#110,#6131,#6132);
#6134 = PLANE('',#6133);
#6135 = FACE_SURFACE('',(#6130),#6134,.T.);
#6136 = POLY_LOOP('',(#110,#54,#108));
#6137 = FACE_OUTER_BOUND('',#6136,.T.);
#6138 = DIRECTION('',(0.000000,0.000000,1.000000));
#6139 = DIRECTION('',(1.000000,0.000000,0.000000));
#6140 = AXIS2_PLACEMENT_3D('',#110,#6138,#6139);
#6141 = PLANE('',#6140);
#6142 = FACE_SURFACE('',(#6137),#6141,.T.);
#6143 = POLY_LOOP('',(#108,#54,#55));
#6144 = FACE_OUTER_BOUND('',#6143,.T.);
#6145 = DIRECTION('',(0.000000,0.000000,1.000000));
#6146 = DIRECTION('',(1.000000,0.000000,0.000000));
#6147 = AXIS2_PLACEMENT_3D('',#108,#6145,#6146);
#6148 = PLANE('',#6147);
#6149 = FACE_SURFACE('',(#6144),#6148,.T.);
#6150 = POLY_LOOP('',(#108,#55,#106));
#6151 = FACE_OUTER_BOUND('',#6150,.T.);
#6152 = DIRECTION('',(0.000000,0.000000,1.000000));
#6153 = DIRECTION('',(1.000000,0.000000,0.000000));
#6154 = AXIS2_PLACEMENT_3D('',#108,#6152,#6153);
#6155 = PLANE('',#6154);
#6156 = FACE_SURFACE('',(#6151),#6155,.T.);
#6157 = POLY_LOOP('',(#106,#55,#56));
#6158 = FACE_OUTER_BOUND('',#6157,.T.);
#6159 = DIRECTION('',(0.000000,0.000000,1.000000));
#6160 = DIRECTION('',(1.000000,0.000000,0.000000));
#6161 = AXIS2_PLACEMENT_3D('',#106,#6159,#6160);
#6162 = PLANE('',#6161);
#6163 = FACE_SURFACE('',(#6158),#6162,.T.);
#6164 = POLY_LOOP('',(#106,#56,#104));
#6165 = FACE_OUTER_BOUND('',#6164,.T.);
#6166 = DIRECTION('',(0.000000,0.000000,1.000000));
#6167 = DIRECTION('',(1.000000,0.000000,0.000000));
#6168 = AXIS2_PLACEMENT_3D('',#106,#6166,#6167);
#6169 = PLANE('',#6168);
#6170 = FACE_SURFACE('',(#6165),#6169,.T.);
#6171 = POLY_LOOP('',(#104,#56,#103));
#6172 = FACE_OUTER_BOUND('',#6171,.T.);
#6173 = DIRECTION('',(0.000000,0.000000,1.000000));
#6174 = DIRECTION('',(1.000000,0.000000,0.000000));
#6175 = AXIS2_PLACEMENT_3D('',#104,#6173,#6174);
#6176 = PLANE('',#6175);
#6177 = FACE_SURFACE('',(#6172),#6176,.T.);
#6178 = POLY_LOOP('',(#103,#56,#57));
#6179 = FACE_OUTER_BOUND('',#6178,.T.);
#6180 = DIRECTION('',(0.000000,0.000000,1.000000));
#6181 = DIRECTION('',(1.000000,0.000000,0.000000));
#6182 = AXIS2_PLACEMENT_3D('',#103,#6180,#6181);
#6183 = PLANE('',#6182);
#6184 = FACE_SURFACE('',(#6179),#6183,.T.);
#6185 = POLY_LOOP('',(#74,#121,#75));
#6186 = FACE_OUTER_BOUND('',#6185,.T.);
#6187 = DIRECTION('',(0.000000,0.000000,1.000000));
#6188 = DIRECTION('',(1.000000,0.000000,0.000000));
#6189 = AXIS2_PLACEMENT_3D('',#74,#6187,#6188);
#6190 = PLANE('',#6189);
#6191 = FACE_SURFACE('',(#6186),#6190,.T.);
#6192 = POLY_LOOP('',(#75,#121,#124));
#6193 = FACE_OUTER_BOUND('',#6192,.T.);
#6194 = DIRECTION('',(0.000000,0.000000,1.000000));
#6195 = DIRECTION('',(1.000000,0.000000,0.000000));
#6196 = AXIS2_PLACEMENT_3D('',#75,#6194,#6195);
#6197 = PLANE('',#6196);
#6198 = FACE_SURFACE('',(#6193),#6197,.T.);
#6199 = POLY_LOOP('',(#75,#124,#122));
#6200 = FACE_OUTER_BOUND('',#6199,.T.);
#6201 = DIRECTION('',(0.000000,0.000000,1.000000));
#6202 = DIRECTION('',(1.000000,0.000000,0.000000));
#6203 = AXIS2_PLACEMENT_3D('',#75,#6201,#6202);
#6204 = PLANE('',#6203);
#6205 = FACE_SURFACE('',(#6200),#6204,.T.);
#6206 = POLY_LOOP('',(#75,#122,#76));
#6207 = FACE_OUTER_BOUND('',#6206,.T.);
#6208 = DIRECTION('',(0.000000,0.000000,1.000000));
#6209 = DIRECTION('',(1.000000,0.000000,0.000000));
#6210 = AXIS2_PLACEMENT_3D('',#75,#6208,#6209);
#6211 = PLANE('',#6210);
#6212 = FACE_SURFACE('',(#6207),#6211,.T.);
#6213 = POLY_LOOP('',(#76,#122,#123));
#6214 = FACE_OUTER_BOUND('',#6213,.T.);
#6215 = DIRECTION('',(0.000000,0.000000,1.000000));
#6216 = DIRECTION('',(1.000000,0.000000,0.000000));
#6217 = AXIS2_PLACEMENT_3D('',#76,#6215,#6216);
#6218 = PLANE('',#6217);
#6219 = FACE_SURFACE('',(#6214),#6218,.T.);
#6220 = POLY_LOOP('',(#76,#123,#77));
#6221 = FACE_OUTER_BOUND('',#6220,.T.);
#6222 = DIRECTION('',(0.000000,0.000000,1.000000));
#6223 = DIRECTION('',(1.000000,0.000000,0.000000));
#6224 = AXIS2_PLACEMENT_3D('',#76,#6222,#6223);
#6225 = PLANE('',#6224);
#6226 = FACE_SURFACE('',(#6221),#6225,.T.);
#6227 = POLY_LOOP('',(#77,#123,#119));
#6228 = FACE_OUTER_BOUND('',#6227,.T.);
#6229 = DIRECTION('',(0.000000,0.000000,1.000000));
#6230 = DIRECTION('',(1.000000,0.000000,0.000000));
#6231 = AXIS2_PLACEMENT_3D('',#77,#6229,#6230);
#6232 = PLANE('',#6231);
#6233 = FACE_SURFACE('',(#6228),#6232,.T.);
#6234 = POLY_LOOP('',(#77,#119,#78));
#6235 = FACE_OUTER_BOUND('',#6234,.T.);
#6236 = DIRECTION('',(0.000000,0.000000,1.000000));
#6237 = DIRECTION('',(1.000000,0.000000,0.000000));
#6238 = AXIS2_PLACEMENT_3D('',#77,#6236,#6237);
#6239 = PLANE('',#6238);
#6240 = FACE_SURFACE('',(#6235),#6239,.T.);
#6241 = POLY_LOOP('',(#78,#119,#120));
#6242 = FACE_OUTER_BOUND('',#6241,.T.);
#6243 = DIRECTION('',(0.000000,0.000000,1.000000));
#6244 = DIRECTION('',(1.000000,0.000000,0.000000));
#6245 = AXIS2_PLACEMENT_3D('',#78,#6243,#6244);
#6246 = PLANE('',#6245);
#6247 = FACE_SURFACE('',(#6242),#6246,.T.);
#6248 = POLY_LOOP('',(#78,#120,#66));
#6249 = FACE_OUTER_BOUND('',#6248,.T.);
#6250 = DIRECTION('',(0.000000,0.000000,1.000000));
#6251 = DIRECTION('',(1.000000,0.000000,0.000000));
#6252 = AXIS2_PLACEMENT_3D('',#78,#6250,#6251);
#6253 = PLANE('',#6252);
#6254 = FACE_SURFACE('',(#6249),#6253,.T.);
#6255 = POLY_LOOP('',(#66,#120,#125));
#6256 = FACE_OUTER_BOUND('',#6255,.T.);
#6257 = DIRECTION('',(0.000000,0.000000,1.000000));
#6258 = DIRECTION('',(1.000000,0.000000,0.000000));
#6259 = AXIS2_PLACEMENT_3D('',#66,#6257,#6258);
#6260 = PLANE('',#6259);
#6261 = FACE_SURFACE('',(#6256),#6260,.T.);
#6262 = POLY_LOOP('',(#66,#125,#64));
#6263 = FACE_OUTER_BOUND('',#6262,.T.);
#6264 = DIRECTION('',(0.000000,0.000000,1.000000));
#6265 = DIRECTION('',(1.000000,0.000000,0.000000));
#6266 = AXIS2_PLACEMENT_3D('',#66,#6264,#6265);
#6267 = PLANE('',#6266);
#6268 = FACE_SURFACE('',(#6263),#6267,.T.);
#6269 = POLY_LOOP('',(#64,#125,#62));
#6270 = FACE_OUTER_BOUND('',#6269,.T.);
#6271 = DIRECTION('',(0.000000,0.000000,1.000000));
#6272 = DIRECTION('',(1.000000,0.000000,0.000000));
#6273 = AXIS2_PLACEMENT_3D('',#64,#6271,#6272);
#6274 = PLANE('',#6273);
#6275 = FACE_SURFACE('',(#6270),#6274,.T.);
#6276 = POLY_LOOP('',(#62,#125,#126));
#6277 = FACE_OUTER_BOUND('',#6276,.T.);
#6278 = DIRECTION('',(0.000000,0.000000,1.000000));
#6279 = DIRECTION('',(1.000000,0.000000,0.000000));
#6280 = AXIS2_PLACEMENT_3D('',#62,#6278,#6279);
#6281 = PLANE('',#6280);
#6282 = FACE_SURFACE('',(#6277),#6281,.T.);
#6283 = POLY_LOOP('',(#126,#127,#62));
#6284 = FACE_OUTER_BOUND('',#6283,.T.);
#6285 = DIRECTION('',(0.000000,0.000000,1.000000));
#6286 = DIRECTION('',(1.000000,0.000000,0.000000));
#6287 = AXIS2_PLACEMENT_3D('',#126,#6285,#6286);
#6288 = PLANE('',#6287);
#6289 = FACE_SURFACE('',(#6284),#6288,.T.);
#6290 = POLY_LOOP('',(#62,#127,#60));
#6291 = FACE_OUTER_BOUND('',#6290,.T.);
#6292 = DIRECTION('',(0.000000,0.000000,1.000000));
#6293 = DIRECTION('',(1.000000,0.000000,0.000000));
#6294 = AXIS2_PLACEMENT_3D('',#62,#6292,#6293);
#6295 = PLANE('',#6294);
#6296 = FACE_SURFACE('',(#6291),#6295,.T.);
#6297 = POLY_LOOP('',(#63,#92,#65));
#6298 = FACE_OUTER_BOUND('',#6297,.T.);
#6299 = DIRECTION('',(0.000000,0.000000,1.000000));
#6300 = DIRECTION('',(1.000000,0.000000,0.000000));
#6301 = AXIS2_PLACEMENT_3D('',#63,#6299,#6300);
#6302 = PLANE('',#6301);
#6303 = FACE_SURFACE('',(#6298),#6302,.T.);
#6304 = POLY_LOOP('',(#65,#92,#128));
#6305 = FACE_OUTER_BOUND('',#6304,.T.);
#6306 = DIRECTION('',(0.000000,0.000000,1.000000));
#6307 = DIRECTION('',(1.000000,0.000000,0.000000));
#6308 = AXIS2_PLACEMENT_3D('',#65,#6306,#6307);
#6309 = PLANE('',#6308);
#6310 = FACE_SURFACE('',(#6305),#6309,.T.);
#6311 = POLY_LOOP('',(#65,#128,#67));
#6312 = FACE_OUTER_BOUND('',#6311,.T.);
#6313 = DIRECTION('',(0.000000,0.000000,1.000000));
#6314 = DIRECTION('',(1.000000,0.000000,0.000000));
#6315 = AXIS2_PLACEMENT_3D('',#65,#6313,#6314);
#6316 = PLANE('',#6315);
#6317 = FACE_SURFACE('',(#6312),#6316,.T.);
#6318 = POLY_LOOP('',(#67,#128,#118));
#6319 = FACE_OUTER_BOUND('',#6318,.T.);
#6320 = DIRECTION('',(0.000000,0.000000,1.000000));
#6321 = DIRECTION('',(1.000000,0.000000,0.000000));
#6322 = AXIS2_PLACEMENT_3D('',#67,#6320,#6321);
#6323 = PLANE('',#6322);
#6324 = FACE_SURFACE('',(#6319),#6323,.T.);
#6325 = POLY_LOOP('',(#67,#118,#68));
#6326 = FACE_OUTER_BOUND('',#6325,.T.);
#6327 = DIRECTION('',(0.000000,0.000000,1.000000));
#6328 = DIRECTION('',(1.000000,0.000000,0.000000));
#6329 = AXIS2_PLACEMENT_3D('',#67,#6327,#6328);
#6330 = PLANE('',#6329);
#6331 = FACE_SURFACE('',(#6326),#6330,.T.);
#6332 = POLY_LOOP('',(#68,#118,#117));
#6333 = FACE_OUTER_BOUND('',#6332,.T.);
#6334 = DIRECTION('',(0.000000,0.000000,1.000000));
#6335 = DIRECTION('',(1.000000,0.000000,0.000000));
#6336 = AXIS2_PLACEMENT_3D('',#68,#6334,#6335);
#6337 = PLANE('',#6336);
#6338 = FACE_SURFACE('',(#6333),#6337,.T.);
#6339 = POLY_LOOP('',(#68,#117,#69));
#6340 = FACE_OUTER_BOUND('',#6339,.T.);
#6341 = DIRECTION('',(0.000000,0.000000,1.000000));
#6342 = DIRECTION('',(1.000000,0.000000,0.000000));
#6343 = AXIS2_PLACEMENT_3D('',#68,#6341,#6342);
#6344 = PLANE('',#6343);
#6345 = FACE_SURFACE('',(#6340),#6344,.T.);
#6346 = POLY_LOOP('',(#69,#117,#115));
#6347 = FACE_OUTER_BOUND('',#6346,.T.);
#6348 = DIRECTION('',(0.000000,0.000000,1.000000));
#6349 = DIRECTION('',(1.000000,0.000000,0.000000));
#6350 = AXIS2_PLACEMENT_3D('',#69,#6348,#6349);
#6351 = PLANE('',#6350);
#6352 = FACE_SURFACE('',(#6347),#6351,.T.);
#6353 = POLY_LOOP('',(#69,#115,#70));
#6354 = FACE_OUTER_BOUND('',#6353,.T.);
#6355 = DIRECTION('',(0.000000,0.000000,1.000000));
#6356 = DIRECTION('',(1.000000,0.000000,0.000000));
#6357 = AXIS2_PLACEMENT_3D('',#69,#6355,#6356);
#6358 = PLANE('',#6357);
#6359 = FACE_SURFACE('',(#6354),#6358,.T.);
#6360 = POLY_LOOP('',(#70,#115,#113));
#6361 = FACE_OUTER_BOUND('',#6360,.T.);
#6362 = DIRECTION('',(0.000000,0.000000,1.000000));
#6363 = DIRECTION('',(1.000000,0.000000,0.000000));
#6364 = AXIS2_PLACEMENT_3D('',#70,#6362,#6363);
#6365 = PLANE('',#6364);
#6366 = FACE_SURFACE('',(#6361),#6365,.T.);
#6367 = POLY_LOOP('',(#70,#113,#71));
#6368 = FACE_OUTER_BOUND('',#6367,.T.);
#6369 = DIRECTION('',(0.000000,0.000000,1.000000));
#6370 = DIRECTION('',(1.000000,0.000000,0.000000));
#6371 = AXIS2_PLACEMENT_3D('',#70,#6369,#6370);
#6372 = PLANE('',#6371);
#6373 = FACE_SURFACE('',(#6368),#6372,.T.);
#6374 = POLY_LOOP('',(#71,#113,#111));
#6375 = FACE_OUTER_BOUND('',#6374,.T.);
#6376 = DIRECTION('',(0.000000,0.000000,1.000000));
#6377 = DIRECTION('',(1.000000,0.000000,0.000000));
#6378 = AXIS2_PLACEMENT_3D('',#71,#6376,#6377);
#6379 = PLANE('',#6378);
#6380 = FACE_SURFACE('',(#6375),#6379,.T.);
#6381 = POLY_LOOP('',(#71,#111,#72));
#6382 = FACE_OUTER_BOUND('',#6381,.T.);
#6383 = DIRECTION('',(0.000000,0.000000,1.000000));
#6384 = DIRECTION('',(1.000000,0.000000,0.000000));
#6385 = AXIS2_PLACEMENT_3D('',#71,#6383,#6384);
#6386 = PLANE('',#6385);
#6387 = FACE_SURFACE('',(#6382),#6386,.T.);
#6388 = POLY_LOOP('',(#72,#111,#109));
#6389 = FACE_OUTER_BOUND('',#6388,.T.);
#6390 = DIRECTION('',(0.000000,0.000000,1.000000));
#6391 = DIRECTION('',(1.000000,0.000000,0.000000));
#6392 = AXIS2_PLACEMENT_3D('',#72,#6390,#6391);
#6393 = PLANE('',#6392);
#6394 = FACE_SURFACE('',(#6389),#6393,.T.);
#6395 = POLY_LOOP('',(#72,#109,#73));
#6396 = FACE_OUTER_BOUND('',#6395,.T.);
#6397 = DIRECTION('',(0.000000,0.000000,1.000000));
#6398 = DIRECTION('',(1.000000,0.000000,0.000000));
#6399 = AXIS2_PLACEMENT_3D('',#72,#6397,#6398);
#6400 = PLANE('',#6399);
#6401 = FACE_SURFACE('',(#6396),#6400,.T.);
#6402 = POLY_LOOP('',(#73,#109,#107));
#6403 = FACE_OUTER_BOUND('',#6402,.T.);
#6404 = DIRECTION('',(0.000000,0.000000,1.000000));
#6405 = DIRECTION('',(1.000000,0.000000,0.000000));
#6406 = AXIS2_PLACEMENT_3D('',#73,#6404,#6405);
#6407 = PLANE('',#6406);
#6408 = FACE_SURFACE('',(#6403),#6407,.T.);
#6409 = POLY_LOOP('',(#73,#107,#74));
#6410 = FACE_OUTER_BOUND('',#6409,.T.);
#6411 = DIRECTION('',(0.000000,0.000000,1.000000));
#6412 = DIRECTION('',(1.000000,0.000000,0.000000));
#6413 = AXIS2_PLACEMENT_3D('',#73,#6411,#6412);
#6414 = PLANE('',#6413);
#6415 = FACE_SURFACE('',(#6410),#6414,.T.);
#6416 = POLY_LOOP('',(#74,#107,#121));
#6417 = FACE_OUTER_BOUND('',#6416,.T.);
#6418 = DIRECTION('',(0.000000,0.000000,1.000000));
#6419 = DIRECTION('',(1.000000,0.000000,0.000000));
#6420 = AXIS2_PLACEMENT_3D('',#74,#6418,#6419);
#6421 = PLANE('',#6420);
#6422 = FACE_SURFACE('',(#6417),#6421,.T.);
#6423 = POLY_LOOP('',(#23,#93,#25));
#6424 = FACE_OUTER_BOUND('',#6423,.T.);
#6425 = DIRECTION('',(0.000000,0.000000,1.000000));
#6426 = DIRECTION('',(1.000000,0.000000,0.000000));
#6427 = AXIS2_PLACEMENT_3D('',#23,#6425,#6426);
#6428 = PLANE('',#6427);
#6429 = FACE_SURFACE('',(#6424),#6428,.T.);
#6430 = POLY_LOOP('',(#25,#93,#44));
#6431 = FACE_OUTER_BOUND('',#6430,.T.);
#6432 = DIRECTION('',(0.000000,0.000000,1.000000));
#6433 = DIRECTION('',(1.000000,0.000000,0.000000));
#6434 = AXIS2_PLACEMENT_3D('',#25,#6432,#6433);
#6435 = PLANE('',#6434);
#6436 = FACE_SURFACE('',(#6431),#6435,.T.);
#6437 = POLY_LOOP('',(#127,#105,#60));
#6438 = FACE_OUTER_BOUND('',#6437,.T.);
#6439 = DIRECTION('',(0.000000,0.000000,1.000000));
#6440 = DIRECTION('',(1.000000,0.000000,0.000000));
#6441 = AXIS2_PLACEMENT_3D('',#127,#6439,#6440);
#6442 = PLANE('',#6441);
#6443 = FACE_SURFACE('',(#6438),#6442,.T.);
#6444 = POLY_LOOP('',(#60,#105,#58));
#6445 = FACE_OUTER_BOUND('',#6444,.T.);
#6446 = DIRECTION('',(0.000000,0.000000,1.000000));
#6447 = DIRECTION('',(1.000000,0.000000,0.000000));
#6448 = AXIS2_PLACEMENT_3D('',#60,#6446,#6447);
#6449 = PLANE('',#6448);
#6450 = FACE_SURFACE('',(#6445),#6449,.T.);
#6451 = POLY_LOOP('',(#105,#103,#58));
#6452 = FACE_OUTER_BOUND('',#6451,.T.);
#6453 = DIRECTION('',(0.000000,0.000000,1.000000));
#6454 = DIRECTION('',(1.000000,0.000000,0.000000));
#6455 = AXIS2_PLACEMENT_3D('',#105,#6453,#6454);
#6456 = PLANE('',#6455);
#6457 = FACE_SURFACE('',(#6452),#6456,.T.);
#6458 = POLY_LOOP('',(#58,#103,#57));
#6459 = FACE_OUTER_BOUND('',#6458,.T.);
#6460 = DIRECTION('',(0.000000,0.000000,1.000000));
#6461 = DIRECTION('',(1.000000,0.000000,0.000000));
#6462 = AXIS2_PLACEMENT_3D('',#58,#6460,#6461);
#6463 = PLANE('',#6462);
#6464 = FACE_SURFACE('',(#6459),#6463,.T.);
#6465 = POLY_LOOP('',(#24,#17,#23));
#6466 = FACE_OUTER_BOUND('',#6465,.T.);
#6467 = DIRECTION('',(0.000000,0.000000,1.000000));
#6468 = DIRECTION('',(1.000000,0.000000,0.000000));
#6469 = AXIS2_PLACEMENT_3D('',#24,#6467,#6468);
#6470 = PLANE('',#6469);
#6471 = FACE_SURFACE('',(#6466),#6470,.T.);
#6472 = POLY_LOOP('',(#23,#17,#40));
#6473 = FACE_OUTER_BOUND('',#6472,.T.);
#6474 = DIRECTION('',(0.000000,0.000000,1.000000));
#6475 = DIRECTION('',(1.000000,0.000000,0.000000));
#6476 = AXIS2_PLACEMENT_3D('',#23,#6474,#6475);
#6477 = PLANE('',#6476);
#6478 = FACE_SURFACE('',(#6473),#6477,.T.);
#6479 = POLY_LOOP('',(#23,#40,#93));
#6480 = FACE_OUTER_BOUND('',#6479,.T.);
#6481 = DIRECTION('',(0.000000,0.000000,1.000000));
#6482 = DIRECTION('',(1.000000,0.000000,0.000000));
#6483 = AXIS2_PLACEMENT_3D('',#23,#6481,#6482);
#6484 = PLANE('',#6483);
#6485 = FACE_SURFACE('',(#6480),#6484,.T.);
#6486 = POLY_LOOP('',(#93,#40,#94));
#6487 = FACE_OUTER_BOUND('',#6486,.T.);
#6488 = DIRECTION('',(0.000000,0.000000,1.000000));
#6489 = DIRECTION('',(1.000000,0.000000,0.000000));
#6490 = AXIS2_PLACEMENT_3D('',#93,#6488,#6489);
#6491 = PLANE('',#6490);
#6492 = FACE_SURFACE('',(#6487),#6491,.T.);
#6493 = POLY_LOOP('',(#94,#40,#95));
#6494 = FACE_OUTER_BOUND('',#6493,.T.);
#6495 = DIRECTION('',(0.000000,0.000000,1.000000));
#6496 = DIRECTION('',(1.000000,0.000000,0.000000));
#6497 = AXIS2_PLACEMENT_3D('',#94,#6495,#6496);
#6498 = PLANE('',#6497);
#6499 = FACE_SURFACE('',(#6494),#6498,.T.);
#6500 = POLY_LOOP('',(#95,#40,#102));
#6501 = FACE_OUTER_BOUND('',#6500,.T.);
#6502 = DIRECTION('',(0.000000,0.000000,1.000000));
#6503 = DIRECTION('',(1.000000,0.000000,0.000000));
#6504 = AXIS2_PLACEMENT_3D('',#95,#6502,#6503);
#6505 = PLANE('',#6504);
#6506 = FACE_SURFACE('',(#6501),#6505,.T.);
#6507 = POLY_LOOP('',(#95,#102,#101));
#6508 = FACE_OUTER_BOUND('',#6507,.T.);
#6509 = DIRECTION('',(0.000000,0.000000,1.000000));
#6510 = DIRECTION('',(1.000000,0.000000,0.000000));
#6511 = AXIS2_PLACEMENT_3D('',#95,#6509,#6510);
#6512 = PLANE('',#6511);
#6513 = FACE_SURFACE('',(#6508),#6512,.T.);
#6514 = POLY_LOOP('',(#24,#22,#17));
#6515 = FACE_OUTER_BOUND('',#6514,.T.);
#6516 = DIRECTION('',(0.000000,0.000000,1.000000));
#6517 = DIRECTION('',(1.000000,0.000000,0.000000));
#6518 = AXIS2_PLACEMENT_3D('',#24,#6516,#6517);
#6519 = PLANE('',#6518);
#6520 = FACE_SURFACE('',(#6515),#6519,.T.);
#6521 = POLY_LOOP('',(#17,#22,#21));
#6522 = FACE_OUTER_BOUND('',#6521,.T.);
#6523 = DIRECTION('',(0.000000,0.000000,1.000000));
#6524 = DIRECTION('',(1.000000,0.000000,0.000000));
#6525 = AXIS2_PLACEMENT_3D('',#17,#6523,#6524);
#6526 = PLANE('',#6525);
#6527 = FACE_SURFACE('',(#6522),#6526,.T.);
#6528 = POLY_LOOP('',(#17,#21,#19));
#6529 = FACE_OUTER_BOUND('',#6528,.T.);
#6530 = DIRECTION('',(0.000000,0.000000,1.000000));
#6531 = DIRECTION('',(1.000000,0.000000,0.000000));
#6532 = AXIS2_PLACEMENT_3D('',#17,#6530,#6531);
#6533 = PLANE('',#6532);
#6534 = FACE_SURFACE('',(#6529),#6533,.T.);
#6535 = POLY_LOOP('',(#19,#20,#17));
#6536 = FACE_OUTER_BOUND('',#6535,.T.);
#6537 = DIRECTION('',(0.000000,0.000000,1.000000));
#6538 = DIRECTION('',(1.000000,0.000000,0.000000));
#6539 = AXIS2_PLACEMENT_3D('',#19,#6537,#6538);
#6540 = PLANE('',#6539);
#6541 = FACE_SURFACE('',(#6536),#6540,.T.);
#6542 = POLY_LOOP('',(#17,#20,#18));
#6543 = FACE_OUTER_BOUND('',#6542,.T.);
#6544 = DIRECTION('',(0.000000,0.000000,1.000000));
#6545 = DIRECTION('',(1.000000,0.000000,0.000000));
#6546 = AXIS2_PLACEMENT_3D('',#17,#6544,#6545);
#6547 = PLANE('',#6546);
#6548 = FACE_SURFACE('',(#6543),#6547,.T.);
#6549 = POLY_LOOP('',(#95,#101,#91));
#6550 = FACE_OUTER_BOUND('',#6549,.T.);
#6551 = DIRECTION('',(0.000000,0.000000,1.000000));
#6552 = DIRECTION('',(1.000000,0.000000,0.000000));
#6553 = AXIS2_PLACEMENT_3D('',#95,#6551,#6552);
#6554 = PLANE('',#6553);
#6555 = FACE_SURFACE('',(#6550),#6554,.T.);
#6556 = POLY_LOOP('',(#91,#101,#100));
#6557 = FACE_OUTER_BOUND('',#6556,.T.);
#6558 = DIRECTION('',(0.000000,0.000000,1.000000));
#6559 = DIRECTION('',(1.000000,0.000000,0.000000));
#6560 = AXIS2_PLACEMENT_3D('',#91,#6558,#6559);
#6561 = PLANE('',#6560);
#6562 = FACE_SURFACE('',(#6557),#6561,.T.);
#6563 = POLY_LOOP('',(#91,#100,#85));
#6564 = FACE_OUTER_BOUND('',#6563,.T.);
#6565 = DIRECTION('',(0.000000,0.000000,1.000000));
#6566 = DIRECTION('',(1.000000,0.000000,0.000000));
#6567 = AXIS2_PLACEMENT_3D('',#91,#6565,#6566);
#6568 = PLANE('',#6567);
#6569 = FACE_SURFACE('',(#6564),#6568,.T.);
#6570 = POLY_LOOP('',(#85,#100,#92));
#6571 = FACE_OUTER_BOUND('',#6570,.T.);
#6572 = DIRECTION('',(0.000000,0.000000,1.000000));
#6573 = DIRECTION('',(1.000000,0.000000,0.000000));
#6574 = AXIS2_PLACEMENT_3D('',#85,#6572,#6573);
#6575 = PLANE('',#6574);
#6576 = FACE_SURFACE('',(#6571),#6575,.T.);
#6577 = POLY_LOOP('',(#92,#100,#99));
#6578 = FACE_OUTER_BOUND('',#6577,.T.);
#6579 = DIRECTION('',(0.000000,0.000000,1.000000));
#6580 = DIRECTION('',(1.000000,0.000000,0.000000));
#6581 = AXIS2_PLACEMENT_3D('',#92,#6579,#6580);
#6582 = PLANE('',#6581);
#6583 = FACE_SURFACE('',(#6578),#6582,.T.);
#6584 = POLY_LOOP('',(#92,#99,#128));
#6585 = FACE_OUTER_BOUND('',#6584,.T.);
#6586 = DIRECTION('',(0.000000,0.000000,1.000000));
#6587 = DIRECTION('',(1.000000,0.000000,0.000000));
#6588 = AXIS2_PLACEMENT_3D('',#92,#6586,#6587);
#6589 = PLANE('',#6588);
#6590 = FACE_SURFACE('',(#6585),#6589,.T.);
#6591 = POLY_LOOP('',(#128,#99,#98));
#6592 = FACE_OUTER_BOUND('',#6591,.T.);
#6593 = DIRECTION('',(0.000000,0.000000,1.000000));
#6594 = DIRECTION('',(1.000000,0.000000,0.000000));
#6595 = AXIS2_PLACEMENT_3D('',#128,#6593,#6594);
#6596 = PLANE('',#6595);
#6597 = FACE_SURFACE('',(#6592),#6596,.T.);
#6598 = POLY_LOOP('',(#128,#98,#97));
#6599 = FACE_OUTER_BOUND('',#6598,.T.);
#6600 = DIRECTION('',(0.000000,0.000000,1.000000));
#6601 = DIRECTION('',(1.000000,0.000000,0.000000));
#6602 = AXIS2_PLACEMENT_3D('',#128,#6600,#6601);
#6603 = PLANE('',#6602);
#6604 = FACE_SURFACE('',(#6599),#6603,.T.);
#6605 = POLY_LOOP('',(#97,#96,#128));
#6606 = FACE_OUTER_BOUND('',#6605,.T.);
#6607 = DIRECTION('',(0.000000,0.000000,1.000000));
#6608 = DIRECTION('',(1.000000,0.000000,0.000000));
#6609 = AXIS2_PLACEMENT_3D('',#97,#6607,#6608);
#6610 = PLANE('',#6609);
#6611 = FACE_SURFACE('',(#6606),#6610,.T.);
#6612 = POLY_LOOP('',(#128,#96,#118));
#6613 = FACE_OUTER_BOUND('',#6612,.T.);
#6614 = DIRECTION('',(0.000000,0.000000,1.000000));
#6615 = DIRECTION('',(1.000000,0.000000,0.000000));
#6616 = AXIS2_PLACEMENT_3D('',#128,#6614,#6615);
#6617 = PLANE('',#6616);
#6618 = FACE_SURFACE('',(#6613),#6617,.T.);
#6619 = POLY_LOOP('',(#118,#96,#116));
#6620 = FACE_OUTER_BOUND('',#6619,.T.);
#6621 = DIRECTION('',(0.000000,0.000000,1.000000));
#6622 = DIRECTION('',(1.000000,0.000000,0.000000));
#6623 = AXIS2_PLACEMENT_3D('',#118,#6621,#6622);
#6624 = PLANE('',#6623);
#6625 = FACE_SURFACE('',(#6620),#6624,.T.);
#6626 = POLY_LOOP('',(#118,#116,#117));
#6627 = FACE_OUTER_BOUND('',#6626,.T.);
#6628 = DIRECTION('',(0.000000,0.000000,1.000000));
#6629 = DIRECTION('',(1.000000,0.000000,0.000000));
#6630 = AXIS2_PLACEMENT_3D('',#118,#6628,#6629);
#6631 = PLANE('',#6630);
#6632 = FACE_SURFACE('',(#6627),#6631,.T.);
#6633 = POLY_LOOP('',(#117,#116,#114));
#6634 = FACE_OUTER_BOUND('',#6633,.T.);
#6635 = DIRECTION('',(0.000000,0.000000,1.000000));
#6636 = DIRECTION('',(1.000000,0.000000,0.000000));
#6637 = AXIS2_PLACEMENT_3D('',#117,#6635,#6636);
#6638 = PLANE('',#6637);
#6639 = FACE_SURFACE('',(#6634),#6638,.T.);
#6640 = POLY_LOOP('',(#117,#114,#115));
#6641 = FACE_OUTER_BOUND('',#6640,.T.);
#6642 = DIRECTION('',(0.000000,0.000000,1.000000));
#6643 = DIRECTION('',(1.000000,0.000000,0.000000));
#6644 = AXIS2_PLACEMENT_3D('',#117,#6642,#6643);
#6645 = PLANE('',#6644);
#6646 = FACE_SURFACE('',(#6641),#6645,.T.);
#6647 = POLY_LOOP('',(#115,#114,#112));
#6648 = FACE_OUTER_BOUND('',#6647,.T.);
#6649 = DIRECTION('',(0.000000,0.000000,1.000000));
#6650 = DIRECTION('',(1.000000,0.000000,0.000000));
#6651 = AXIS2_PLACEMENT_3D('',#115,#6649,#6650);
#6652 = PLANE('',#6651);
#6653 = FACE_SURFACE('',(#6648),#6652,.T.);
#6654 = POLY_LOOP('',(#115,#112,#113));
#6655 = FACE_OUTER_BOUND('',#6654,.T.);
#6656 = DIRECTION('',(0.000000,0.000000,1.000000));
#6657 = DIRECTION('',(1.000000,0.000000,0.000000));
#6658 = AXIS2_PLACEMENT_3D('',#115,#6656,#6657);
#6659 = PLANE('',#6658);
#6660 = FACE_SURFACE('',(#6655),#6659,.T.);
#6661 = POLY_LOOP('',(#113,#112,#110));
#6662 = FACE_OUTER_BOUND('',#6661,.T.);
#6663 = DIRECTION('',(0.000000,0.000000,1.000000));
#6664 = DIRECTION('',(1.000000,0.000000,0.000000));
#6665 = AXIS2_PLACEMENT_3D('',#113,#6663,#6664);
#6666 = PLANE('',#6665);
#6667 = FACE_SURFACE('',(#6662),#6666,.T.);
#6668 = POLY_LOOP('',(#113,#110,#111));
#6669 = FACE_OUTER_BOUND('',#6668,.T.);
#6670 = DIRECTION('',(0.000000,0.000000,1.000000));
#6671 = DIRECTION('',(1.000000,0.000000,0.000000));
#6672 = AXIS2_PLACEMENT_3D('',#113,#6670,#6671);
#6673 = PLANE('',#6672);
#6674 = FACE_SURFACE('',(#6669),#6673,.T.);
#6675 = POLY_LOOP('',(#111,#110,#108));
#6676 = FACE_OUTER_BOUND('',#6675,.T.);
#6677 = DIRECTION('',(0.000000,0.000000,1.000000));
#6678 = DIRECTION('',(1.000000,0.000000,0.000000));
#6679 = AXIS2_PLACEMENT_3D('',#111,#6677,#6678);
#6680 = PLANE('',#6679);
#6681 = FACE_SURFACE('',(#6676),#6680,.T.);
#6682 = POLY_LOOP('',(#111,#108,#109));
#6683 = FACE_OUTER_BOUND('',#6682,.T.);
#6684 = DIRECTION('',(0.000000,0.000000,1.000000));
#6685 = DIRECTION('',(1.000000,0.000000,0.000000));
#6686 = AXIS2_PLACEMENT_3D('',#111,#6684,#6685);
#6687 = PLANE('',#6686);
#6688 = FACE_SURFACE('',(#6683),#6687,.T.);
#6689 = POLY_LOOP('',(#109,#108,#106));
#6690 = FACE_OUTER_BOUND('',#6689,.T.);
#6691 = DIRECTION('',(0.000000,0.000000,1.000000));
#6692 = DIRECTION('',(1.000000,0.000000,0.000000));
#6693 = AXIS2_PLACEMENT_3D('',#109,#6691,#6692);
#6694 = PLANE('',#6693);
#6695 = FACE_SURFACE('',(#6690),#6694,.T.);
#6696 = POLY_LOOP('',(#109,#106,#107));
#6697 = FACE_OUTER_BOUND('',#6696,.T.);
#6698 = DIRECTION('',(0.000000,0.000000,1.000000));
#6699 = DIRECTION('',(1.000000,0.000000,0.000000));
#6700 = AXIS2_PLACEMENT_3D('',#109,#6698,#6699);
#6701 = PLANE('',#6700);
#6702 = FACE_SURFACE('',(#6697),#6701,.T.);
#6703 = POLY_LOOP('',(#107,#106,#104));
#6704 = FACE_OUTER_BOUND('',#6703,.T.);
#6705 = DIRECTION('',(0.000000,0.000000,1.000000));
#6706 = DIRECTION('',(1.000000,0.000000,0.000000));
#6707 = AXIS2_PLACEMENT_3D('',#107,#6705,#6706);
#6708 = PLANE('',#6707);
#6709 = FACE_SURFACE('',(#6704),#6708,.T.);
#6710 = POLY_LOOP('',(#107,#104,#103));
#6711 = FACE_OUTER_BOUND('',#6710,.T.);
#6712 = DIRECTION('',(0.000000,0.000000,1.000000));
#6713 = DIRECTION('',(1.000000,0.000000,0.000000));
#6714 = AXIS2_PLACEMENT_3D('',#107,#6712,#6713);
#6715 = PLANE('',#6714);
#6716 = FACE_SURFACE('',(#6711),#6715,.T.);
#6717 = POLY_LOOP('',(#105,#127,#103));
#6718 = FACE_OUTER_BOUND('',#6717,.T.);
#6719 = DIRECTION('',(0.000000,0.000000,1.000000));
#6720 = DIRECTION('',(1.000000,0.000000,0.000000));
#6721 = AXIS2_PLACEMENT_3D('',#105,#6719,#6720);
#6722 = PLANE('',#6721);
#6723 = FACE_SURFACE('',(#6718),#6722,.T.);
#6724 = POLY_LOOP('',(#103,#127,#126));
#6725 = FACE_OUTER_BOUND('',#6724,.T.);
#6726 = DIRECTION('',(0.000000,0.000000,1.000000));
#6727 = DIRECTION('',(1.000000,0.000000,0.000000));
#6728 = AXIS2_PLACEMENT_3D('',#103,#6726,#6727);
#6729 = PLANE('',#6728);
#6730 = FACE_SURFACE('',(#6725),#6729,.T.);
#6731 = POLY_LOOP('',(#103,#126,#125));
#6732 = FACE_OUTER_BOUND('',#6731,.T.);
#6733 = DIRECTION('',(0.000000,0.000000,1.000000));
#6734 = DIRECTION('',(1.000000,0.000000,0.000000));
#6735 = AXIS2_PLACEMENT_3D('',#103,#6733,#6734);
#6736 = PLANE('',#6735);
#6737 = FACE_SURFACE('',(#6732),#6736,.T.);
#6738 = POLY_LOOP('',(#125,#120,#103));
#6739 = FACE_OUTER_BOUND('',#6738,.T.);
#6740 = DIRECTION('',(0.000000,0.000000,1.000000));
#6741 = DIRECTION('',(1.000000,0.000000,0.000000));
#6742 = AXIS2_PLACEMENT_3D('',#125,#6740,#6741);
#6743 = PLANE('',#6742);
#6744 = FACE_SURFACE('',(#6739),#6743,.T.);
#6745 = POLY_LOOP('',(#103,#120,#119));
#6746 = FACE_OUTER_BOUND('',#6745,.T.);
#6747 = DIRECTION('',(0.000000,0.000000,1.000000));
#6748 = DIRECTION('',(1.000000,0.000000,0.000000));
#6749 = AXIS2_PLACEMENT_3D('',#103,#6747,#6748);
#6750 = PLANE('',#6749);
#6751 = FACE_SURFACE('',(#6746),#6750,.T.);
#6752 = POLY_LOOP('',(#103,#119,#107));
#6753 = FACE_OUTER_BOUND('',#6752,.T.);
#6754 = DIRECTION('',(0.000000,0.000000,1.000000));
#6755 = DIRECTION('',(1.000000,0.000000,0.000000));
#6756 = AXIS2_PLACEMENT_3D('',#103,#6754,#6755);
#6757 = PLANE('',#6756);
#6758 = FACE_SURFACE('',(#6753),#6757,.T.);
#6759 = POLY_LOOP('',(#107,#119,#123));
#6760 = FACE_OUTER_BOUND('',#6759,.T.);
#6761 = DIRECTION('',(0.000000,0.000000,1.000000));
#6762 = DIRECTION('',(1.000000,0.000000,0.000000));
#6763 = AXIS2_PLACEMENT_3D('',#107,#6761,#6762);
#6764 = PLANE('',#6763);
#6765 = FACE_SURFACE('',(#6760),#6764,.T.);
#6766 = POLY_LOOP('',(#107,#123,#122));
#6767 = FACE_OUTER_BOUND('',#6766,.T.);
#6768 = DIRECTION('',(0.000000,0.000000,1.000000));
#6769 = DIRECTION('',(1.000000,0.000000,0.000000));
#6770 = AXIS2_PLACEMENT_3D('',#107,#6768,#6769);
#6771 = PLANE('',#6770);
#6772 = FACE_SURFACE('',(#6767),#6771,.T.);
#6773 = POLY_LOOP('',(#124,#121,#122));
#6774 = FACE_OUTER_BOUND('',#6773,.T.);
#6775 = DIRECTION('',(0.000000,0.000000,1.000000));
#6776 = DIRECTION('',(1.000000,0.000000,0.000000));
#6777 = AXIS2_PLACEMENT_3D('',#124,#6775,#6776);
#6778 = PLANE('',#6777);
#6779 = FACE_SURFACE('',(#6774),#6778,.T.);
#6780 = POLY_LOOP('',(#122,#121,#107));
#6781 = FACE_OUTER_BOUND('',#6780,.T.);
#6782 = DIRECTION('',(0.000000,0.000000,1.000000));
#6783 = DIRECTION('',(1.000000,0.000000,0.000000));
#6784 = AXIS2_PLACEMENT_3D('',#122,#6782,#6783);
#6785 = PLANE('',#6784);
#6786 = FACE_SURFACE('',(#6781),#6785,.T.);
#6787 = POLY_LOOP('',(#85,#86,#91));
#6788 = FACE_OUTER_BOUND('',#6787,.T.);
#6789 = DIRECTION('',(0.000000,0.000000,1.000000));
#6790 = DIRECTION('',(1.000000,0.000000,0.000000));
#6791 = AXIS2_PLACEMENT_3D('',#85,#6789,#6790);
#6792 = PLANE('',#6791);
#6793 = FACE_SURFACE('',(#6788),#6792,.T.);
#6794 = POLY_LOOP('',(#91,#86,#87));
#6795 = FACE_OUTER_BOUND('',#6794,.T.);
#6796 = DIRECTION('',(0.000000,0.000000,1.000000));
#6797 = DIRECTION('',(1.000000,0.000000,0.000000));
#6798 = AXIS2_PLACEMENT_3D('',#91,#6796,#6797);
#6799 = PLANE('',#6798);
#6800 = FACE_SURFACE('',(#6795),#6799,.T.);
#6801 = POLY_LOOP('',(#91,#87,#90));
#6802 = FACE_OUTER_BOUND('',#6801,.T.);
#6803 = DIRECTION('',(0.000000,0.000000,1.000000));
#6804 = DIRECTION('',(1.000000,0.000000,0.000000));
#6805 = AXIS2_PLACEMENT_3D('',#91,#6803,#6804);
#6806 = PLANE('',#6805);
#6807 = FACE_SURFACE('',(#6802),#6806,.T.);
#6808 = POLY_LOOP('',(#90,#87,#88));
#6809 = FACE_OUTER_BOUND('',#6808,.T.);
#6810 = DIRECTION('',(0.000000,0.000000,1.000000));
#6811 = DIRECTION('',(1.000000,0.000000,0.000000));
#6812 = AXIS2_PLACEMENT_3D('',#90,#6810,#6811);
#6813 = PLANE('',#6812);
#6814 = FACE_SURFACE('',(#6809),#6813,.T.);
#6815 = POLY_LOOP('',(#90,#88,#89));
#6816 = FACE_OUTER_BOUND('',#6815,.T.);
#6817 = DIRECTION('',(0.000000,0.000000,1.000000));
#6818 = DIRECTION('',(1.000000,0.000000,0.000000));
#6819 = AXIS2_PLACEMENT_3D('',#90,#6817,#6818);
#6820 = PLANE('',#6819);
#6821 = FACE_SURFACE('',(#6816),#6820,.T.);
#6822 = POLY_LOOP('',(#91,#17,#65));
#6823 = FACE_OUTER_BOUND('',#6822,.T.);
#6824 = DIRECTION('',(0.000000,0.000000,1.000000));
#6825 = DIRECTION('',(1.000000,0.000000,0.000000));
#6826 = AXIS2_PLACEMENT_3D('',#91,#6824,#6825);
#6827 = PLANE('',#6826);
#6828 = FACE_SURFACE('',(#6823),#6827,.T.);
#6829 = POLY_LOOP('',(#65,#17,#18));
#6830 = FACE_OUTER_BOUND('',#6829,.T.);
#6831 = DIRECTION('',(0.000000,0.000000,1.000000));
#6832 = DIRECTION('',(1.000000,0.000000,0.000000));
#6833 = AXIS2_PLACEMENT_3D('',#65,#6831,#6832);
#6834 = PLANE('',#6833);
#6835 = FACE_SURFACE('',(#6830),#6834,.T.);
#6836 = POLY_LOOP('',(#65,#18,#20));
#6837 = FACE_OUTER_BOUND('',#6836,.T.);
#6838 = DIRECTION('',(0.000000,0.000000,1.000000));
#6839 = DIRECTION('',(1.000000,0.000000,0.000000));
#6840 = AXIS2_PLACEMENT_3D('',#65,#6838,#6839);
#6841 = PLANE('',#6840);
#6842 = FACE_SURFACE('',(#6837),#6841,.T.);
#6843 = POLY_LOOP('',(#20,#19,#65));
#6844 = FACE_OUTER_BOUND('',#6843,.T.);
#6845 = DIRECTION('',(0.000000,0.000000,1.000000));
#6846 = DIRECTION('',(1.000000,0.000000,0.000000));
#6847 = AXIS2_PLACEMENT_3D('',#20,#6845,#6846);
#6848 = PLANE('',#6847);
#6849 = FACE_SURFACE('',(#6844),#6848,.T.);
#6850 = POLY_LOOP('',(#65,#19,#21));
#6851 = FACE_OUTER_BOUND('',#6850,.T.);
#6852 = DIRECTION('',(0.000000,0.000000,1.000000));
#6853 = DIRECTION('',(1.000000,0.000000,0.000000));
#6854 = AXIS2_PLACEMENT_3D('',#65,#6852,#6853);
#6855 = PLANE('',#6854);
#6856 = FACE_SURFACE('',(#6851),#6855,.T.);
#6857 = POLY_LOOP('',(#65,#21,#22));
#6858 = FACE_OUTER_BOUND('',#6857,.T.);
#6859 = DIRECTION('',(0.000000,0.000000,1.000000));
#6860 = DIRECTION('',(1.000000,0.000000,0.000000));
#6861 = AXIS2_PLACEMENT_3D('',#65,#6859,#6860);
#6862 = PLANE('',#6861);
#6863 = FACE_SURFACE('',(#6858),#6862,.T.);
#6864 = POLY_LOOP('',(#22,#24,#65));
#6865 = FACE_OUTER_BOUND('',#6864,.T.);
#6866 = DIRECTION('',(0.000000,0.000000,1.000000));
#6867 = DIRECTION('',(1.000000,0.000000,0.000000));
#6868 = AXIS2_PLACEMENT_3D('',#22,#6866,#6867);
#6869 = PLANE('',#6868);
#6870 = FACE_SURFACE('',(#6865),#6869,.T.);
#6871 = POLY_LOOP('',(#65,#24,#23));
#6872 = FACE_OUTER_BOUND('',#6871,.T.);
#6873 = DIRECTION('',(0.000000,0.000000,1.000000));
#6874 = DIRECTION('',(1.000000,0.000000,0.000000));
#6875 = AXIS2_PLACEMENT_3D('',#65,#6873,#6874);
#6876 = PLANE('',#6875);
#6877 = FACE_SURFACE('',(#6872),#6876,.T.);
#6878 = POLY_LOOP('',(#65,#23,#25));
#6879 = FACE_OUTER_BOUND('',#6878,.T.);
#6880 = DIRECTION('',(0.000000,0.000000,1.000000));
#6881 = DIRECTION('',(1.000000,0.000000,0.000000));
#6882 = AXIS2_PLACEMENT_3D('',#65,#6880,#6881);
#6883 = PLANE('',#6882);
#6884 = FACE_SURFACE('',(#6879),#6883,.T.);
#6885 = POLY_LOOP('',(#25,#26,#65));
#6886 = FACE_OUTER_BOUND('',#6885,.T.);
#6887 = DIRECTION('',(0.000000,0.000000,1.000000));
#6888 = DIRECTION('',(1.000000,0.000000,0.000000));
#6889 = AXIS2_PLACEMENT_3D('',#25,#6887,#6888);
#6890 = PLANE('',#6889);
#6891 = FACE_SURFACE('',(#6886),#6890,.T.);
#6892 = POLY_LOOP('',(#65,#26,#28));
#6893 = FACE_OUTER_BOUND('',#6892,.T.);
#6894 = DIRECTION('',(0.000000,0.000000,1.000000));
#6895 = DIRECTION('',(1.000000,0.000000,0.000000));
#6896 = AXIS2_PLACEMENT_3D('',#65,#6894,#6895);
#6897 = PLANE('',#6896);
#6898 = FACE_SURFACE('',(#6893),#6897,.T.);
#6899 = POLY_LOOP('',(#65,#28,#27));
#6900 = FACE_OUTER_BOUND('',#6899,.T.);
#6901 = DIRECTION('',(0.000000,0.000000,1.000000));
#6902 = DIRECTION('',(1.000000,0.000000,0.000000));
#6903 = AXIS2_PLACEMENT_3D('',#65,#6901,#6902);
#6904 = PLANE('',#6903);
#6905 = FACE_SURFACE('',(#6900),#6904,.T.);
#6906 = POLY_LOOP('',(#27,#29,#65));
#6907 = FACE_OUTER_BOUND('',#6906,.T.);
#6908 = DIRECTION('',(0.000000,0.000000,1.000000));
#6909 = DIRECTION('',(1.000000,0.000000,0.000000));
#6910 = AXIS2_PLACEMENT_3D('',#27,#6908,#6909);
#6911 = PLANE('',#6910);
#6912 = FACE_SURFACE('',(#6907),#6911,.T.);
#6913 = POLY_LOOP('',(#65,#29,#30));
#6914 = FACE_OUTER_BOUND('',#6913,.T.);
#6915 = DIRECTION('',(0.000000,0.000000,1.000000));
#6916 = DIRECTION('',(1.000000,0.000000,0.000000));
#6917 = AXIS2_PLACEMENT_3D('',#65,#6915,#6916);
#6918 = PLANE('',#6917);
#6919 = FACE_SURFACE('',(#6914),#6918,.T.);
#6920 = POLY_LOOP('',(#65,#30,#32));
#6921 = FACE_OUTER_BOUND('',#6920,.T.);
#6922 = DIRECTION('',(0.000000,0.000000,1.000000));
#6923 = DIRECTION('',(1.000000,0.000000,0.000000));
#6924 = AXIS2_PLACEMENT_3D('',#65,#6922,#6923);
#6925 = PLANE('',#6924);
#6926 = FACE_SURFACE('',(#6921),#6925,.T.);
#6927 = POLY_LOOP('',(#32,#31,#65));
#6928 = FACE_OUTER_BOUND('',#6927,.T.);
#6929 = DIRECTION('',(0.000000,0.000000,1.000000));
#6930 = DIRECTION('',(1.000000,0.000000,0.000000));
#6931 = AXIS2_PLACEMENT_3D('',#32,#6929,#6930);
#6932 = PLANE('',#6931);
#6933 = FACE_SURFACE('',(#6928),#6932,.T.);
#6934 = POLY_LOOP('',(#65,#31,#33));
#6935 = FACE_OUTER_BOUND('',#6934,.T.);
#6936 = DIRECTION('',(0.000000,0.000000,1.000000));
#6937 = DIRECTION('',(1.000000,0.000000,0.000000));
#6938 = AXIS2_PLACEMENT_3D('',#65,#6936,#6937);
#6939 = PLANE('',#6938);
#6940 = FACE_SURFACE('',(#6935),#6939,.T.);
#6941 = POLY_LOOP('',(#65,#33,#63));
#6942 = FACE_OUTER_BOUND('',#6941,.T.);
#6943 = DIRECTION('',(0.000000,0.000000,1.000000));
#6944 = DIRECTION('',(1.000000,0.000000,0.000000));
#6945 = AXIS2_PLACEMENT_3D('',#65,#6943,#6944);
#6946 = PLANE('',#6945);
#6947 = FACE_SURFACE('',(#6942),#6946,.T.);
#6948 = POLY_LOOP('',(#63,#33,#34));
#6949 = FACE_OUTER_BOUND('',#6948,.T.);
#6950 = DIRECTION('',(0.000000,0.000000,1.000000));
#6951 = DIRECTION('',(1.000000,0.000000,0.000000));
#6952 = AXIS2_PLACEMENT_3D('',#63,#6950,#6951);
#6953 = PLANE('',#6952);
#6954 = FACE_SURFACE('',(#6949),#6953,.T.);
#6955 = POLY_LOOP('',(#63,#34,#36));
#6956 = FACE_OUTER_BOUND('',#6955,.T.);
#6957 = DIRECTION('',(0.000000,0.000000,1.000000));
#6958 = DIRECTION('',(1.000000,0.000000,0.000000));
#6959 = AXIS2_PLACEMENT_3D('',#63,#6957,#6958);
#6960 = PLANE('',#6959);
#6961 = FACE_SURFACE('',(#6956),#6960,.T.);
#6962 = POLY_LOOP('',(#36,#35,#63));
#6963 = FACE_OUTER_BOUND('',#6962,.T.);
#6964 = DIRECTION('',(0.000000,0.000000,1.000000));
#6965 = DIRECTION('',(1.000000,0.000000,0.000000));
#6966 = AXIS2_PLACEMENT_3D('',#36,#6964,#6965);
#6967 = PLANE('',#6966);
#6968 = FACE_SURFACE('',(#6963),#6967,.T.);
#6969 = POLY_LOOP('',(#63,#35,#37));
#6970 = FACE_OUTER_BOUND('',#6969,.T.);
#6971 = DIRECTION('',(0.000000,0.000000,1.000000));
#6972 = DIRECTION('',(1.000000,0.000000,0.000000));
#6973 = AXIS2_PLACEMENT_3D('',#63,#6971,#6972);
#6974 = PLANE('',#6973);
#6975 = FACE_SURFACE('',(#6970),#6974,.T.);
#6976 = POLY_LOOP('',(#63,#37,#38));
#6977 = FACE_OUTER_BOUND('',#6976,.T.);
#6978 = DIRECTION('',(0.000000,0.000000,1.000000));
#6979 = DIRECTION('',(1.000000,0.000000,0.000000));
#6980 = AXIS2_PLACEMENT_3D('',#63,#6978,#6979);
#6981 = PLANE('',#6980);
#6982 = FACE_SURFACE('',(#6977),#6981,.T.);
#6983 = POLY_LOOP('',(#38,#39,#63));
#6984 = FACE_OUTER_BOUND('',#6983,.T.);
#6985 = DIRECTION('',(0.000000,0.000000,1.000000));
#6986 = DIRECTION('',(1.000000,0.000000,0.000000));
#6987 = AXIS2_PLACEMENT_3D('',#38,#6985,#6986);
#6988 = PLANE('',#6987);
#6989 = FACE_SURFACE('',(#6984),#6988,.T.);
#6990 = POLY_LOOP('',(#63,#39,#40));
#6991 = FACE_OUTER_BOUND('',#6990,.T.);
#6992 = DIRECTION('',(0.000000,0.000000,1.000000));
#6993 = DIRECTION('',(1.000000,0.000000,0.000000));
#6994 = AXIS2_PLACEMENT_3D('',#63,#6992,#6993);
#6995 = PLANE('',#6994);
#6996 = FACE_SURFACE('',(#6991),#6995,.T.);
#6997 = POLY_LOOP('',(#63,#40,#44));
#6998 = FACE_OUTER_BOUND('',#6997,.T.);
#6999 = DIRECTION('',(0.000000,0.000000,1.000000));
#7000 = DIRECTION('',(1.000000,0.000000,0.000000));
#7001 = AXIS2_PLACEMENT_3D('',#63,#6999,#7000);
#7002 = PLANE('',#7001);
#7003 = FACE_SURFACE('',(#6998),#7002,.T.);
#7004 = POLY_LOOP('',(#44,#43,#63));
#7005 = FACE_OUTER_BOUND('',#7004,.T.);
#7006 = DIRECTION('',(0.000000,0.000000,1.000000));
#7007 = DIRECTION('',(1.000000,0.000000,0.000000));
#7008 = AXIS2_PLACEMENT_3D('',#44,#7006,#7007);
#7009 = PLANE('',#7008);
#7010 = FACE_SURFACE('',(#7005),#7009,.T.);
#7011 = POLY_LOOP('',(#63,#43,#42));
#7012 = FACE_OUTER_BOUND('',#7011,.T.);
#7013 = DIRECTION('',(0.000000,0.000000,1.000000));
#7014 = DIRECTION('',(1.000000,0.000000,0.000000));
#7015 = AXIS2_PLACEMENT_3D('',#63,#7013,#7014);
#7016 = PLANE('',#7015);
#7017 = FACE_SURFACE('',(#7012),#7016,.T.);
#7018 = POLY_LOOP('',(#63,#42,#41));
#7019 = FACE_OUTER_BOUND('',#7018,.T.);
#7020 = DIRECTION('',(0.000000,0.000000,1.000000));
#7021 = DIRECTION('',(1.000000,0.000000,0.000000));
#7022 = AXIS2_PLACEMENT_3D('',#63,#7020,#7021);
#7023 = PLANE('',#7022);
#7024 = FACE_SURFACE('',(#7019),#7023,.T.);
#7025 = POLY_LOOP('',(#41,#46,#63));
#7026 = FACE_OUTER_BOUND('',#7025,.T.);
#7027 = DIRECTION('',(0.000000,0.000000,1.000000));
#7028 = DIRECTION('',(1.000000,0.000000,0.000000));
#7029 = AXIS2_PLACEMENT_3D('',#41,#7027,#7028);
#7030 = PLANE('',#7029);
#7031 = FACE_SURFACE('',(#7026),#7030,.T.);
#7032 = POLY_LOOP('',(#63,#46,#45));
#7033 = FACE_OUTER_BOUND('',#7032,.T.);
#7034 = DIRECTION('',(0.000000,0.000000,1.000000));
#7035 = DIRECTION('',(1.000000,0.000000,0.000000));
#7036 = AXIS2_PLACEMENT_3D('',#63,#7034,#7035);
#7037 = PLANE('',#7036);
#7038 = FACE_SURFACE('',(#7033),#7037,.T.);
#7039 = POLY_LOOP('',(#63,#45,#48));
#7040 = FACE_OUTER_BOUND('',#7039,.T.);
#7041 = DIRECTION('',(0.000000,0.000000,1.000000));
#7042 = DIRECTION('',(1.000000,0.000000,0.000000));
#7043 = AXIS2_PLACEMENT_3D('',#63,#7041,#7042);
#7044 = PLANE('',#7043);
#7045 = FACE_SURFACE('',(#7040),#7044,.T.);
#7046 = POLY_LOOP('',(#48,#47,#63));
#7047 = FACE_OUTER_BOUND('',#7046,.T.);
#7048 = DIRECTION('',(0.000000,0.000000,1.000000));
#7049 = DIRECTION('',(1.000000,0.000000,0.000000));
#7050 = AXIS2_PLACEMENT_3D('',#48,#7048,#7049);
#7051 = PLANE('',#7050);
#7052 = FACE_SURFACE('',(#7047),#7051,.T.);
#7053 = POLY_LOOP('',(#63,#47,#59));
#7054 = FACE_OUTER_BOUND('',#7053,.T.);
#7055 = DIRECTION('',(0.000000,0.000000,1.000000));
#7056 = DIRECTION('',(1.000000,0.000000,0.000000));
#7057 = AXIS2_PLACEMENT_3D('',#63,#7055,#7056);
#7058 = PLANE('',#7057);
#7059 = FACE_SURFACE('',(#7054),#7058,.T.);
#7060 = POLY_LOOP('',(#63,#59,#61));
#7061 = FACE_OUTER_BOUND('',#7060,.T.);
#7062 = DIRECTION('',(0.000000,0.000000,1.000000));
#7063 = DIRECTION('',(1.000000,0.000000,0.000000));
#7064 = AXIS2_PLACEMENT_3D('',#63,#7062,#7063);
#7065 = PLANE('',#7064);
#7066 = FACE_SURFACE('',(#7061),#7065,.T.);
#7067 = POLY_LOOP('',(#65,#67,#91));
#7068 = FACE_OUTER_BOUND('',#7067,.T.);
#7069 = DIRECTION('',(0.000000,0.000000,1.000000));
#7070 = DIRECTION('',(1.000000,0.000000,0.000000));
#7071 = AXIS2_PLACEMENT_3D('',#65,#7069,#7070);
#7072 = PLANE('',#7071);
#7073 = FACE_SURFACE('',(#7068),#7072,.T.);
#7074 = POLY_LOOP('',(#91,#67,#84));
#7075 = FACE_OUTER_BOUND('',#7074,.T.);
#7076 = DIRECTION('',(0.000000,0.000000,1.000000));
#7077 = DIRECTION('',(1.000000,0.000000,0.000000));
#7078 = AXIS2_PLACEMENT_3D('',#91,#7076,#7077);
#7079 = PLANE('',#7078);
#7080 = FACE_SURFACE('',(#7075),#7079,.T.);
#7081 = POLY_LOOP('',(#84,#67,#68));
#7082 = FACE_OUTER_BOUND('',#7081,.T.);
#7083 = DIRECTION('',(0.000000,0.000000,1.000000));
#7084 = DIRECTION('',(1.000000,0.000000,0.000000));
#7085 = AXIS2_PLACEMENT_3D('',#84,#7083,#7084);
#7086 = PLANE('',#7085);
#7087 = FACE_SURFACE('',(#7082),#7086,.T.);
#7088 = POLY_LOOP('',(#84,#68,#49));
#7089 = FACE_OUTER_BOUND('',#7088,.T.);
#7090 = DIRECTION('',(0.000000,0.000000,1.000000));
#7091 = DIRECTION('',(1.000000,0.000000,0.000000));
#7092 = AXIS2_PLACEMENT_3D('',#84,#7090,#7091);
#7093 = PLANE('',#7092);
#7094 = FACE_SURFACE('',(#7089),#7093,.T.);
#7095 = POLY_LOOP('',(#49,#68,#69));
#7096 = FACE_OUTER_BOUND('',#7095,.T.);
#7097 = DIRECTION('',(0.000000,0.000000,1.000000));
#7098 = DIRECTION('',(1.000000,0.000000,0.000000));
#7099 = AXIS2_PLACEMENT_3D('',#49,#7097,#7098);
#7100 = PLANE('',#7099);
#7101 = FACE_SURFACE('',(#7096),#7100,.T.);
#7102 = POLY_LOOP('',(#49,#69,#50));
#7103 = FACE_OUTER_BOUND('',#7102,.T.);
#7104 = DIRECTION('',(0.000000,0.000000,1.000000));
#7105 = DIRECTION('',(1.000000,0.000000,0.000000));
#7106 = AXIS2_PLACEMENT_3D('',#49,#7104,#7105);
#7107 = PLANE('',#7106);
#7108 = FACE_SURFACE('',(#7103),#7107,.T.);
#7109 = POLY_LOOP('',(#50,#69,#70));
#7110 = FACE_OUTER_BOUND('',#7109,.T.);
#7111 = DIRECTION('',(0.000000,0.000000,1.000000));
#7112 = DIRECTION('',(1.000000,0.000000,0.000000));
#7113 = AXIS2_PLACEMENT_3D('',#50,#7111,#7112);
#7114 = PLANE('',#7113);
#7115 = FACE_SURFACE('',(#7110),#7114,.T.);
#7116 = POLY_LOOP('',(#50,#70,#51));
#7117 = FACE_OUTER_BOUND('',#7116,.T.);
#7118 = DIRECTION('',(0.000000,0.000000,1.000000));
#7119 = DIRECTION('',(1.000000,0.000000,0.000000));
#7120 = AXIS2_PLACEMENT_3D('',#50,#7118,#7119);
#7121 = PLANE('',#7120);
#7122 = FACE_SURFACE('',(#7117),#7121,.T.);
#7123 = POLY_LOOP('',(#51,#70,#71));
#7124 = FACE_OUTER_BOUND('',#7123,.T.);
#7125 = DIRECTION('',(0.000000,0.000000,1.000000));
#7126 = DIRECTION('',(1.000000,0.000000,0.000000));
#7127 = AXIS2_PLACEMENT_3D('',#51,#7125,#7126);
#7128 = PLANE('',#7127);
#7129 = FACE_SURFACE('',(#7124),#7128,.T.);
#7130 = POLY_LOOP('',(#51,#71,#52));
#7131 = FACE_OUTER_BOUND('',#7130,.T.);
#7132 = DIRECTION('',(0.000000,0.000000,1.000000));
#7133 = DIRECTION('',(1.000000,0.000000,0.000000));
#7134 = AXIS2_PLACEMENT_3D('',#51,#7132,#7133);
#7135 = PLANE('',#7134);
#7136 = FACE_SURFACE('',(#7131),#7135,.T.);
#7137 = POLY_LOOP('',(#52,#71,#72));
#7138 = FACE_OUTER_BOUND('',#7137,.T.);
#7139 = DIRECTION('',(0.000000,0.000000,1.000000));
#7140 = DIRECTION('',(1.000000,0.000000,0.000000));
#7141 = AXIS2_PLACEMENT_3D('',#52,#7139,#7140);
#7142 = PLANE('',#7141);
#7143 = FACE_SURFACE('',(#7138),#7142,.T.);
#7144 = POLY_LOOP('',(#52,#72,#81));
#7145 = FACE_OUTER_BOUND('',#7144,.T.);
#7146 = DIRECTION('',(0.000000,0.000000,1.000000));
#7147 = DIRECTION('',(1.000000,0.000000,0.000000));
#7148 = AXIS2_PLACEMENT_3D('',#52,#7146,#7147);
#7149 = PLANE('',#7148);
#7150 = FACE_SURFACE('',(#7145),#7149,.T.);
#7151 = POLY_LOOP('',(#81,#72,#73));
#7152 = FACE_OUTER_BOUND('',#7151,.T.);
#7153 = DIRECTION('',(0.000000,0.000000,1.000000));
#7154 = DIRECTION('',(1.000000,0.000000,0.000000));
#7155 = AXIS2_PLACEMENT_3D('',#81,#7153,#7154);
#7156 = PLANE('',#7155);
#7157 = FACE_SURFACE('',(#7152),#7156,.T.);
#7158 = POLY_LOOP('',(#81,#73,#83));
#7159 = FACE_OUTER_BOUND('',#7158,.T.);
#7160 = DIRECTION('',(0.000000,0.000000,1.000000));
#7161 = DIRECTION('',(1.000000,0.000000,0.000000));
#7162 = AXIS2_PLACEMENT_3D('',#81,#7160,#7161);
#7163 = PLANE('',#7162);
#7164 = FACE_SURFACE('',(#7159),#7163,.T.);
#7165 = POLY_LOOP('',(#83,#73,#74));
#7166 = FACE_OUTER_BOUND('',#7165,.T.);
#7167 = DIRECTION('',(0.000000,0.000000,1.000000));
#7168 = DIRECTION('',(1.000000,0.000000,0.000000));
#7169 = AXIS2_PLACEMENT_3D('',#83,#7167,#7168);
#7170 = PLANE('',#7169);
#7171 = FACE_SURFACE('',(#7166),#7170,.T.);
#7172 = POLY_LOOP('',(#83,#74,#82));
#7173 = FACE_OUTER_BOUND('',#7172,.T.);
#7174 = DIRECTION('',(0.000000,0.000000,1.000000));
#7175 = DIRECTION('',(1.000000,0.000000,0.000000));
#7176 = AXIS2_PLACEMENT_3D('',#83,#7174,#7175);
#7177 = PLANE('',#7176);
#7178 = FACE_SURFACE('',(#7173),#7177,.T.);
#7179 = POLY_LOOP('',(#82,#74,#75));
#7180 = FACE_OUTER_BOUND('',#7179,.T.);
#7181 = DIRECTION('',(0.000000,0.000000,1.000000));
#7182 = DIRECTION('',(1.000000,0.000000,0.000000));
#7183 = AXIS2_PLACEMENT_3D('',#82,#7181,#7182);
#7184 = PLANE('',#7183);
#7185 = FACE_SURFACE('',(#7180),#7184,.T.);
#7186 = POLY_LOOP('',(#82,#75,#80));
#7187 = FACE_OUTER_BOUND('',#7186,.T.);
#7188 = DIRECTION('',(0.000000,0.000000,1.000000));
#7189 = DIRECTION('',(1.000000,0.000000,0.000000));
#7190 = AXIS2_PLACEMENT_3D('',#82,#7188,#7189);
#7191 = PLANE('',#7190);
#7192 = FACE_SURFACE('',(#7187),#7191,.T.);
#7193 = POLY_LOOP('',(#80,#75,#76));
#7194 = FACE_OUTER_BOUND('',#7193,.T.);
#7195 = DIRECTION('',(0.000000,0.000000,1.000000));
#7196 = DIRECTION('',(1.000000,0.000000,0.000000));
#7197 = AXIS2_PLACEMENT_3D('',#80,#7195,#7196);
#7198 = PLANE('',#7197);
#7199 = FACE_SURFACE('',(#7194),#7198,.T.);
#7200 = POLY_LOOP('',(#80,#76,#79));
#7201 = FACE_OUTER_BOUND('',#7200,.T.);
#7202 = DIRECTION('',(0.000000,0.000000,1.000000));
#7203 = DIRECTION('',(1.000000,0.000000,0.000000));
#7204 = AXIS2_PLACEMENT_3D('',#80,#7202,#7203);
#7205 = PLANE('',#7204);
#7206 = FACE_SURFACE('',(#7201),#7205,.T.);
#7207 = POLY_LOOP('',(#79,#76,#77));
#7208 = FACE_OUTER_BOUND('',#7207,.T.);
#7209 = DIRECTION('',(0.000000,0.000000,1.000000));
#7210 = DIRECTION('',(1.000000,0.000000,0.000000));
#7211 = AXIS2_PLACEMENT_3D('',#79,#7209,#7210);
#7212 = PLANE('',#7211);
#7213 = FACE_SURFACE('',(#7208),#7212,.T.);
#7214 = POLY_LOOP('',(#79,#77,#53));
#7215 = FACE_OUTER_BOUND('',#7214,.T.);
#7216 = DIRECTION('',(0.000000,0.000000,1.000000));
#7217 = DIRECTION('',(1.000000,0.000000,0.000000));
#7218 = AXIS2_PLACEMENT_3D('',#79,#7216,#7217);
#7219 = PLANE('',#7218);
#7220 = FACE_SURFACE('',(#7215),#7219,.T.);
#7221 = POLY_LOOP('',(#53,#77,#78));
#7222 = FACE_OUTER_BOUND('',#7221,.T.);
#7223 = DIRECTION('',(0.000000,0.000000,1.000000));
#7224 = DIRECTION('',(1.000000,0.000000,0.000000));
#7225 = AXIS2_PLACEMENT_3D('',#53,#7223,#7224);
#7226 = PLANE('',#7225);
#7227 = FACE_SURFACE('',(#7222),#7226,.T.);
#7228 = POLY_LOOP('',(#53,#78,#54));
#7229 = FACE_OUTER_BOUND('',#7228,.T.);
#7230 = DIRECTION('',(0.000000,0.000000,1.000000));
#7231 = DIRECTION('',(1.000000,0.000000,0.000000));
#7232 = AXIS2_PLACEMENT_3D('',#53,#7230,#7231);
#7233 = PLANE('',#7232);
#7234 = FACE_SURFACE('',(#7229),#7233,.T.);
#7235 = POLY_LOOP('',(#54,#78,#66));
#7236 = FACE_OUTER_BOUND('',#7235,.T.);
#7237 = DIRECTION('',(0.000000,0.000000,1.000000));
#7238 = DIRECTION('',(1.000000,0.000000,0.000000));
#7239 = AXIS2_PLACEMENT_3D('',#54,#7237,#7238);
#7240 = PLANE('',#7239);
#7241 = FACE_SURFACE('',(#7236),#7240,.T.);
#7242 = POLY_LOOP('',(#54,#66,#55));
#7243 = FACE_OUTER_BOUND('',#7242,.T.);
#7244 = DIRECTION('',(0.000000,0.000000,1.000000));
#7245 = DIRECTION('',(1.000000,0.000000,0.000000));
#7246 = AXIS2_PLACEMENT_3D('',#54,#7244,#7245);
#7247 = PLANE('',#7246);
#7248 = FACE_SURFACE('',(#7243),#7247,.T.);
#7249 = POLY_LOOP('',(#55,#66,#64));
#7250 = FACE_OUTER_BOUND('',#7249,.T.);
#7251 = DIRECTION('',(0.000000,0.000000,1.000000));
#7252 = DIRECTION('',(1.000000,0.000000,0.000000));
#7253 = AXIS2_PLACEMENT_3D('',#55,#7251,#7252);
#7254 = PLANE('',#7253);
#7255 = FACE_SURFACE('',(#7250),#7254,.T.);
#7256 = POLY_LOOP('',(#55,#64,#56));
#7257 = FACE_OUTER_BOUND('',#7256,.T.);
#7258 = DIRECTION('',(0.000000,0.000000,1.000000));
#7259 = DIRECTION('',(1.000000,0.000000,0.000000));
#7260 = AXIS2_PLACEMENT_3D('',#55,#7258,#7259);
#7261 = PLANE('',#7260);
#7262 = FACE_SURFACE('',(#7257),#7261,.T.);
#7263 = POLY_LOOP('',(#56,#64,#62));
#7264 = FACE_OUTER_BOUND('',#7263,.T.);
#7265 = DIRECTION('',(0.000000,0.000000,1.000000));
#7266 = DIRECTION('',(1.000000,0.000000,0.000000));
#7267 = AXIS2_PLACEMENT_3D('',#56,#7265,#7266);
#7268 = PLANE('',#7267);
#7269 = FACE_SURFACE('',(#7264),#7268,.T.);
#7270 = POLY_LOOP('',(#56,#62,#57));
#7271 = FACE_OUTER_BOUND('',#7270,.T.);
#7272 = DIRECTION('',(0.000000,0.000000,1.000000));
#7273 = DIRECTION('',(1.000000,0.000000,0.000000));
#7274 = AXIS2_PLACEMENT_3D('',#56,#7272,#7273);
#7275 = PLANE('',#7274);
#7276 = FACE_SURFACE('',(#7271),#7275,.T.);
#7277 = POLY_LOOP('',(#57,#62,#60));
#7278 = FACE_OUTER_BOUND('',#7277,.T.);
#7279 = DIRECTION('',(0.000000,0.000000,1.000000));
#7280 = DIRECTION('',(1.000000,0.000000,0.000000));
#7281 = AXIS2_PLACEMENT_3D('',#57,#7279,#7280);
#7282 = PLANE('',#7281);
#7283 = FACE_SURFACE('',(#7278),#7282,.T.);
#7284 = POLY_LOOP('',(#57,#60,#58));
#7285 = FACE_OUTER_BOUND('',#7284,.T.);
#7286 = DIRECTION('',(0.000000,0.000000,1.000000));
#7287 = DIRECTION('',(1.000000,0.000000,0.000000));
#7288 = AXIS2_PLACEMENT_3D('',#57,#7286,#7287);
#7289 = PLANE('',#7288);
#7290 = FACE_SURFACE('',(#7285),#7289,.T.);
#7291 = POLY_LOOP('',(#89,#129,#90));
#7292 = FACE_OUTER_BOUND('',#7291,.T.);
#7293 = DIRECTION('',(0.000000,0.000000,1.000000));
#7294 = DIRECTION('',(1.000000,0.000000,0.000000));
#7295 = AXIS2_PLACEMENT_3D('',#89,#7293,#7294);
#7296 = PLANE('',#7295);
#7297 = FACE_SURFACE('',(#7292),#7296,.T.);
#7298 = POLY_LOOP('',(#90,#129,#130));
#7299 = FACE_OUTER_BOUND('',#7298,.T.);
#7300 = DIRECTION('',(0.000000,0.000000,1.000000));
#7301 = DIRECTION('',(1.000000,0.000000,0.000000));
#7302 = AXIS2_PLACEMENT_3D('',#90,#7300,#7301);
#7303 = PLANE('',#7302);
#7304 = FACE_SURFACE('',(#7299),#7303,.T.);
#7305 = POLY_LOOP('',(#90,#130,#131));
#7306 = FACE_OUTER_BOUND('',#7305,.T.);
#7307 = DIRECTION('',(0.000000,0.000000,1.000000));
#7308 = DIRECTION('',(1.000000,0.000000,0.000000));
#7309 = AXIS2_PLACEMENT_3D('',#90,#7307,#7308);
#7310 = PLANE('',#7309);
#7311 = FACE_SURFACE('',(#7306),#7310,.T.);
#7312 = POLY_LOOP('',(#131,#130,#132));
#7313 = FACE_OUTER_BOUND('',#7312,.T.);
#7314 = DIRECTION('',(0.000000,0.000000,1.000000));
#7315 = DIRECTION('',(1.000000,0.000000,0.000000));
#7316 = AXIS2_PLACEMENT_3D('',#131,#7314,#7315);
#7317 = PLANE('',#7316);
#7318 = FACE_SURFACE('',(#7313),#7317,.T.);
#7319 = POLY_LOOP('',(#131,#132,#133));
#7320 = FACE_OUTER_BOUND('',#7319,.T.);
#7321 = DIRECTION('',(0.000000,0.000000,1.000000));
#7322 = DIRECTION('',(1.000000,0.000000,0.000000));
#7323 = AXIS2_PLACEMENT_3D('',#131,#7321,#7322);
#7324 = PLANE('',#7323);
#7325 = FACE_SURFACE('',(#7320),#7324,.T.);
#7326 = POLY_LOOP('',(#133,#132,#134));
#7327 = FACE_OUTER_BOUND('',#7326,.T.);
#7328 = DIRECTION('',(0.000000,0.000000,1.000000));
#7329 = DIRECTION('',(1.000000,0.000000,0.000000));
#7330 = AXIS2_PLACEMENT_3D('',#133,#7328,#7329);
#7331 = PLANE('',#7330);
#7332 = FACE_SURFACE('',(#7327),#7331,.T.);
#7333 = POLY_LOOP('',(#133,#134,#135));
#7334 = FACE_OUTER_BOUND('',#7333,.T.);
#7335 = DIRECTION('',(0.000000,0.000000,1.000000));
#7336 = DIRECTION('',(1.000000,0.000000,0.000000));
#7337 = AXIS2_PLACEMENT_3D('',#133,#7335,#7336);
#7338 = PLANE('',#7337);
#7339 = FACE_SURFACE('',(#7334),#7338,.T.);
#7340 = POLY_LOOP('',(#135,#134,#136));
#7341 = FACE_OUTER_BOUND('',#7340,.T.);
#7342 = DIRECTION('',(0.000000,0.000000,1.000000));
#7343 = DIRECTION('',(1.000000,0.000000,0.000000));
#7344 = AXIS2_PLACEMENT_3D('',#135,#7342,#7343);
#7345 = PLANE('',#7344);
#7346 = FACE_SURFACE('',(#7341),#7345,.T.);
#7347 = POLY_LOOP('',(#135,#136,#137));
#7348 = FACE_OUTER_BOUND('',#7347,.T.);
#7349 = DIRECTION('',(0.000000,0.000000,1.000000));
#7350 = DIRECTION('',(1.000000,0.000000,0.000000));
#7351 = AXIS2_PLACEMENT_3D('',#135,#7349,#7350);
#7352 = PLANE('',#7351);
#7353 = FACE_SURFACE('',(#7348),#7352,.T.);
#7354 = POLY_LOOP('',(#137,#136,#138));
#7355 = FACE_OUTER_BOUND('',#7354,.T.);
#7356 = DIRECTION('',(0.000000,0.000000,1.000000));
#7357 = DIRECTION('',(1.000000,0.000000,0.000000));
#7358 = AXIS2_PLACEMENT_3D('',#137,#7356,#7357);
#7359 = PLANE('',#7358);
#7360 = FACE_SURFACE('',(#7355),#7359,.T.);
#7361 = POLY_LOOP('',(#137,#138,#139));
#7362 = FACE_OUTER_BOUND('',#7361,.T.);
#7363 = DIRECTION('',(0.000000,0.000000,1.000000));
#7364 = DIRECTION('',(1.000000,0.000000,0.000000));
#7365 = AXIS2_PLACEMENT_3D('',#137,#7363,#7364);
#7366 = PLANE('',#7365);
#7367 = FACE_SURFACE('',(#7362),#7366,.T.);
#7368 = POLY_LOOP('',(#139,#138,#140));
#7369 = FACE_OUTER_BOUND('',#7368,.T.);
#7370 = DIRECTION('',(0.000000,0.000000,1.000000));
#7371 = DIRECTION('',(1.000000,0.000000,0.000000));
#7372 = AXIS2_PLACEMENT_3D('',#139,#7370,#7371);
#7373 = PLANE('',#7372);
#7374 = FACE_SURFACE('',(#7369),#7373,.T.);
#7375 = POLY_LOOP('',(#139,#140,#141));
#7376 = FACE_OUTER_BOUND('',#7375,.T.);
#7377 = DIRECTION('',(0.000000,0.000000,1.000000));
#7378 = DIRECTION('',(1.000000,0.000000,0.000000));
#7379 = AXIS2_PLACEMENT_3D('',#139,#7377,#7378);
#7380 = PLANE('',#7379);
#7381 = FACE_SURFACE('',(#7376),#7380,.T.);
#7382 = POLY_LOOP('',(#141,#140,#142));
#7383 = FACE_OUTER_BOUND('',#7382,.T.);
#7384 = DIRECTION('',(0.000000,0.000000,1.000000));
#7385 = DIRECTION('',(1.000000,0.000000,0.000000));
#7386 = AXIS2_PLACEMENT_3D('',#141,#7384,#7385);
#7387 = PLANE('',#7386);
#7388 = FACE_SURFACE('',(#7383),#7387,.T.);
#7389 = POLY_LOOP('',(#141,#142,#143));
#7390 = FACE_OUTER_BOUND('',#7389,.T.);
#7391 = DIRECTION('',(0.000000,0.000000,1.000000));
#7392 = DIRECTION('',(1.000000,0.000000,0.000000));
#7393 = AXIS2_PLACEMENT_3D('',#141,#7391,#7392);
#7394 = PLANE('',#7393);
#7395 = FACE_SURFACE('',(#7390),#7394,.T.);
#7396 = POLY_LOOP('',(#143,#142,#144));
#7397 = FACE_OUTER_BOUND('',#7396,.T.);
#7398 = DIRECTION('',(0.000000,0.000000,1.000000));
#7399 = DIRECTION('',(1.000000,0.000000,0.000000));
#7400 = AXIS2_PLACEMENT_3D('',#143,#7398,#7399);
#7401 = PLANE('',#7400);
#7402 = FACE_SURFACE('',(#7397),#7401,.T.);
#7403 = POLY_LOOP('',(#143,#144,#145));
#7404 = FACE_OUTER_BOUND('',#7403,.T.);
#7405 = DIRECTION('',(0.000000,0.000000,1.000000));
#7406 = DIRECTION('',(1.000000,0.000000,0.000000));
#7407 = AXIS2_PLACEMENT_3D('',#143,#7405,#7406);
#7408 = PLANE('',#7407);
#7409 = FACE_SURFACE('',(#7404),#7408,.T.);
#7410 = POLY_LOOP('',(#145,#144,#146));
#7411 = FACE_OUTER_BOUND('',#7410,.T.);
#7412 = DIRECTION('',(0.000000,0.000000,1.000000));
#7413 = DIRECTION('',(1.000000,0.000000,0.000000));
#7414 = AXIS2_PLACEMENT_3D('',#145,#7412,#7413);
#7415 = PLANE('',#7414);
#7416 = FACE_SURFACE('',(#7411),#7415,.T.);
#7417 = POLY_LOOP('',(#145,#146,#147));
#7418 = FACE_OUTER_BOUND('',#7417,.T.);
#7419 = DIRECTION('',(0.000000,0.000000,1.000000));
#7420 = DIRECTION('',(1.000000,0.000000,0.000000));
#7421 = AXIS2_PLACEMENT_3D('',#145,#7419,#7420);
#7422 = PLANE('',#7421);
#7423 = FACE_SURFACE('',(#7418),#7422,.T.);
#7424 = POLY_LOOP('',(#147,#146,#148));
#7425 = FACE_OUTER_BOUND('',#7424,.T.);
#7426 = DIRECTION('',(0.000000,0.000000,1.000000));
#7427 = DIRECTION('',(1.000000,0.000000,0.000000));
#7428 = AXIS2_PLACEMENT_3D('',#147,#7426,#7427);
#7429 = PLANE('',#7428);
#7430 = FACE_SURFACE('',(#7425),#7429,.T.);
#7431 = POLY_LOOP('',(#147,#148,#149));
#7432 = FACE_OUTER_BOUND('',#7431,.T.);
#7433 = DIRECTION('',(0.000000,0.000000,1.000000));
#7434 = DIRECTION('',(1.000000,0.000000,0.000000));
#7435 = AXIS2_PLACEMENT_3D('',#147,#7433,#7434);
#7436 = PLANE('',#7435);
#7437 = FACE_SURFACE('',(#7432),#7436,.T.);
#7438 = POLY_LOOP('',(#149,#148,#150));
#7439 = FACE_OUTER_BOUND('',#7438,.T.);
#7440 = DIRECTION('',(0.000000,0.000000,1.000000));
#7441 = DIRECTION('',(1.000000,0.000000,0.000000));
#7442 = AXIS2_PLACEMENT_3D('',#149,#7440,#7441);
#7443 = PLANE('',#7442);
#7444 = FACE_SURFACE('',(#7439),#7443,.T.);
#7445 = POLY_LOOP('',(#149,#150,#151));
#7446 = FACE_OUTER_BOUND('',#7445,.T.);
#7447 = DIRECTION('',(0.000000,0.000000,1.000000));
#7448 = DIRECTION('',(1.000000,0.000000,0.000000));
#7449 = AXIS2_PLACEMENT_3D('',#149,#7447,#7448);
#7450 = PLANE('',#7449);
#7451 = FACE_SURFACE('',(#7446),#7450,.T.);
#7452 = POLY_LOOP('',(#151,#150,#152));
#7453 = FACE_OUTER_BOUND('',#7452,.T.);
#7454 = DIRECTION('',(0.000000,0.000000,1.000000));
#7455 = DIRECTION('',(1.000000,0.000000,0.000000));
#7456 = AXIS2_PLACEMENT_3D('',#151,#7454,#7455);
#7457 = PLANE('',#7456);
#7458 = FACE_SURFACE('',(#7453),#7457,.T.);
#7459 = POLY_LOOP('',(#151,#152,#153));
#7460 = FACE_OUTER_BOUND('',#7459,.T.);
#7461 = DIRECTION('',(0.000000,0.000000,1.000000));
#7462 = DIRECTION('',(1.000000,0.000000,0.000000));
#7463 = AXIS2_PLACEMENT_3D('',#151,#7461,#7462);
#7464 = PLANE('',#7463);
#7465 = FACE_SURFACE('',(#7460),#7464,.T.);
#7466 = POLY_LOOP('',(#153,#152,#154));
#7467 = FACE_OUTER_BOUND('',#7466,.T.);
#7468 = DIRECTION('',(0.000000,0.000000,1.000000));
#7469 = DIRECTION('',(1.000000,0.000000,0.000000));
#7470 = AXIS2_PLACEMENT_3D('',#153,#7468,#7469);
#7471 = PLANE('',#7470);
#7472 = FACE_SURFACE('',(#7467),#7471,.T.);
#7473 = POLY_LOOP('',(#153,#154,#155));
#7474 = FACE_OUTER_BOUND('',#7473,.T.);
#7475 = DIRECTION('',(0.000000,0.000000,1.000000));
#7476 = DIRECTION('',(1.000000,0.000000,0.000000));
#7477 = AXIS2_PLACEMENT_3D('',#153,#7475,#7476);
#7478 = PLANE('',#7477);
#7479 = FACE_SURFACE('',(#7474),#7478,.T.);
#7480 = POLY_LOOP('',(#155,#154,#156));
#7481 = FACE_OUTER_BOUND('',#7480,.T.);
#7482 = DIRECTION('',(0.000000,0.000000,1.000000));
#7483 = DIRECTION('',(1.000000,0.000000,0.000000));
#7484 = AXIS2_PLACEMENT_3D('',#155,#7482,#7483);
#7485 = PLANE('',#7484);
#7486 = FACE_SURFACE('',(#7481),#7485,.T.);
#7487 = POLY_LOOP('',(#155,#156,#157));
#7488 = FACE_OUTER_BOUND('',#7487,.T.);
#7489 = DIRECTION('',(0.000000,0.000000,1.000000));
#7490 = DIRECTION('',(1.000000,0.000000,0.000000));
#7491 = AXIS2_PLACEMENT_3D('',#155,#7489,#7490);
#7492 = PLANE('',#7491);
#7493 = FACE_SURFACE('',(#7488),#7492,.T.);
#7494 = POLY_LOOP('',(#157,#156,#158));
#7495 = FACE_OUTER_BOUND('',#7494,.T.);
#7496 = DIRECTION('',(0.000000,0.000000,1.000000));
#7497 = DIRECTION('',(1.000000,0.000000,0.000000));
#7498 = AXIS2_PLACEMENT_3D('',#157,#7496,#7497);
#7499 = PLANE('',#7498);
#7500 = FACE_SURFACE('',(#7495),#7499,.T.);
#7501 = POLY_LOOP('',(#157,#158,#159));
#7502 = FACE_OUTER_BOUND('',#7501,.T.);
#7503 = DIRECTION('',(0.000000,0.000000,1.000000));
#7504 = DIRECTION('',(1.000000,0.000000,0.000000));
#7505 = AXIS2_PLACEMENT_3D('',#157,#7503,#7504);
#7506 = PLANE('',#7505);
#7507 = FACE_SURFACE('',(#7502),#7506,.T.);
#7508 = POLY_LOOP('',(#159,#158,#160));
#7509 = FACE_OUTER_BOUND('',#7508,.T.);
#7510 = DIRECTION('',(0.000000,0.000000,1.000000));
#7511 = DIRECTION('',(1.000000,0.000000,0.000000));
#7512 = AXIS2_PLACEMENT_3D('',#159,#7510,#7511);
#7513 = PLANE('',#7512);
#7514 = FACE_SURFACE('',(#7509),#7513,.T.);
#7515 = POLY_LOOP('',(#159,#160,#161));
#7516 = FACE_OUTER_BOUND('',#7515,.T.);
#7517 = DIRECTION('',(0.000000,0.000000,1.000000));
#7518 = DIRECTION('',(1.000000,0.000000,0.000000));
#7519 = AXIS2_PLACEMENT_3D('',#159,#7517,#7518);
#7520 = PLANE('',#7519);
#7521 = FACE_SURFACE('',(#7516),#7520,.T.);
#7522 = POLY_LOOP('',(#161,#160,#162));
#7523 = FACE_OUTER_BOUND('',#7522,.T.);
#7524 = DIRECTION('',(0.000000,0.000000,1.000000));
#7525 = DIRECTION('',(1.000000,0.000000,0.000000));
#7526 = AXIS2_PLACEMENT_3D('',#161,#7524,#7525);
#7527 = PLANE('',#7526);
#7528 = FACE_SURFACE('',(#7523),#7527,.T.);
#7529 = POLY_LOOP('',(#161,#162,#163));
#7530 = FACE_OUTER_BOUND('',#7529,.T.);
#7531 = DIRECTION('',(0.000000,0.000000,1.000000));
#7532 = DIRECTION('',(1.000000,0.000000,0.000000));
#7533 = AXIS2_PLACEMENT_3D('',#161,#7531,#7532);
#7534 = PLANE('',#7533);
#7535 = FACE_SURFACE('',(#7530),#7534,.T.);
#7536 = POLY_LOOP('',(#163,#162,#164));
#7537 = FACE_OUTER_BOUND('',#7536,.T.);
#7538 = DIRECTION('',(0.000000,0.000000,1.000000));
#7539 = DIRECTION('',(1.000000,0.000000,0.000000));
#7540 = AXIS2_PLACEMENT_3D('',#163,#7538,#7539);
#7541 = PLANE('',#7540);
#7542 = FACE_SURFACE('',(#7537),#7541,.T.);
#7543 = POLY_LOOP('',(#163,#164,#165));
#7544 = FACE_OUTER_BOUND('',#7543,.T.);
#7545 = DIRECTION('',(0.000000,0.000000,1.000000));
#7546 = DIRECTION('',(1.000000,0.000000,0.000000));
#7547 = AXIS2_PLACEMENT_3D('',#163,#7545,#7546);
#7548 = PLANE('',#7547);
#7549 = FACE_SURFACE('',(#7544),#7548,.T.);
#7550 = POLY_LOOP('',(#165,#164,#166));
#7551 = FACE_OUTER_BOUND('',#7550,.T.);
#7552 = DIRECTION('',(0.000000,0.000000,1.000000));
#7553 = DIRECTION('',(1.000000,0.000000,0.000000));
#7554 = AXIS2_PLACEMENT_3D('',#165,#7552,#7553);
#7555 = PLANE('',#7554);
#7556 = FACE_SURFACE('',(#7551),#7555,.T.);
#7557 = POLY_LOOP('',(#165,#166,#167));
#7558 = FACE_OUTER_BOUND('',#7557,.T.);
#7559 = DIRECTION('',(0.000000,0.000000,1.000000));
#7560 = DIRECTION('',(1.000000,0.000000,0.000000));
#7561 = AXIS2_PLACEMENT_3D('',#165,#7559,#7560);
#7562 = PLANE('',#7561);
#7563 = FACE_SURFACE('',(#7558),#7562,.T.);
#7564 = POLY_LOOP('',(#167,#166,#168));
#7565 = FACE_OUTER_BOUND('',#7564,.T.);
#7566 = DIRECTION('',(0.000000,0.000000,1.000000));
#7567 = DIRECTION('',(1.000000,0.000000,0.000000));
#7568 = AXIS2_PLACEMENT_3D('',#167,#7566,#7567);
#7569 = PLANE('',#7568);
#7570 = FACE_SURFACE('',(#7565),#7569,.T.);
#7571 = POLY_LOOP('',(#167,#168,#169));
#7572 = FACE_OUTER_BOUND('',#7571,.T.);
#7573 = DIRECTION('',(0.000000,0.000000,1.000000));
#7574 = DIRECTION('',(1.000000,0.000000,0.000000));
#7575 = AXIS2_PLACEMENT_3D('',#167,#7573,#7574);
#7576 = PLANE('',#7575);
#7577 = FACE_SURFACE('',(#7572),#7576,.T.);
#7578 = POLY_LOOP('',(#169,#168,#170));
#7579 = FACE_OUTER_BOUND('',#7578,.T.);
#7580 = DIRECTION('',(0.000000,0.000000,1.000000));
#7581 = DIRECTION('',(1.000000,0.000000,0.000000));
#7582 = AXIS2_PLACEMENT_3D('',#169,#7580,#7581);
#7583 = PLANE('',#7582);
#7584 = FACE_SURFACE('',(#7579),#7583,.T.);
#7585 = POLY_LOOP('',(#169,#170,#171));
#7586 = FACE_OUTER_BOUND('',#7585,.T.);
#7587 = DIRECTION('',(0.000000,0.000000,1.000000));
#7588 = DIRECTION('',(1.000000,0.000000,0.000000));
#7589 = AXIS2_PLACEMENT_3D('',#169,#7587,#7588);
#7590 = PLANE('',#7589);
#7591 = FACE_SURFACE('',(#7586),#7590,.T.);
#7592 = POLY_LOOP('',(#171,#170,#172));
#7593 = FACE_OUTER_BOUND('',#7592,.T.);
#7594 = DIRECTION('',(0.000000,0.000000,1.000000));
#7595 = DIRECTION('',(1.000000,0.000000,0.000000));
#7596 = AXIS2_PLACEMENT_3D('',#171,#7594,#7595);
#7597 = PLANE('',#7596);
#7598 = FACE_SURFACE('',(#7593),#7597,.T.);
#7599 = POLY_LOOP('',(#171,#172,#173));
#7600 = FACE_OUTER_BOUND('',#7599,.T.);
#7601 = DIRECTION('',(0.000000,0.000000,1.000000));
#7602 = DIRECTION('',(1.000000,0.000000,0.000000));
#7603 = AXIS2_PLACEMENT_3D('',#171,#7601,#7602);
#7604 = PLANE('',#7603);
#7605 = FACE_SURFACE('',(#7600),#7604,.T.);
#7606 = POLY_LOOP('',(#173,#172,#174));
#7607 = FACE_OUTER_BOUND('',#7606,.T.);
#7608 = DIRECTION('',(0.000000,0.000000,1.000000));
#7609 = DIRECTION('',(1.000000,0.000000,0.000000));
#7610 = AXIS2_PLACEMENT_3D('',#173,#7608,#7609);
#7611 = PLANE('',#7610);
#7612 = FACE_SURFACE('',(#7607),#7611,.T.);
#7613 = POLY_LOOP('',(#173,#174,#175));
#7614 = FACE_OUTER_BOUND('',#7613,.T.);
#7615 = DIRECTION('',(0.000000,0.000000,1.000000));
#7616 = DIRECTION('',(1.000000,0.000000,0.000000));
#7617 = AXIS2_PLACEMENT_3D('',#173,#7615,#7616);
#7618 = PLANE('',#7617);
#7619 = FACE_SURFACE('',(#7614),#7618,.T.);
#7620 = POLY_LOOP('',(#175,#174,#176));
#7621 = FACE_OUTER_BOUND('',#7620,.T.);
#7622 = DIRECTION('',(0.000000,0.000000,1.000000));
#7623 = DIRECTION('',(1.000000,0.000000,0.000000));
#7624 = AXIS2_PLACEMENT_3D('',#175,#7622,#7623);
#7625 = PLANE('',#7624);
#7626 = FACE_SURFACE('',(#7621),#7625,.T.);
#7627 = POLY_LOOP('',(#175,#176,#177));
#7628 = FACE_OUTER_BOUND('',#7627,.T.);
#7629 = DIRECTION('',(0.000000,0.000000,1.000000));
#7630 = DIRECTION('',(1.000000,0.000000,0.000000));
#7631 = AXIS2_PLACEMENT_3D('',#175,#7629,#7630);
#7632 = PLANE('',#7631);
#7633 = FACE_SURFACE('',(#7628),#7632,.T.);
#7634 = POLY_LOOP('',(#177,#176,#178));
#7635 = FACE_OUTER_BOUND('',#7634,.T.);
#7636 = DIRECTION('',(0.000000,0.000000,1.000000));
#7637 = DIRECTION('',(1.000000,0.000000,0.000000));
#7638 = AXIS2_PLACEMENT_3D('',#177,#7636,#7637);
#7639 = PLANE('',#7638);
#7640 = FACE_SURFACE('',(#7635),#7639,.T.);
#7641 = POLY_LOOP('',(#177,#178,#179));
#7642 = FACE_OUTER_BOUND('',#7641,.T.);
#7643 = DIRECTION('',(0.000000,0.000000,1.000000));
#7644 = DIRECTION('',(1.000000,0.000000,0.000000));
#7645 = AXIS2_PLACEMENT_3D('',#177,#7643,#7644);
#7646 = PLANE('',#7645);
#7647 = FACE_SURFACE('',(#7642),#7646,.T.);
#7648 = POLY_LOOP('',(#179,#178,#180));
#7649 = FACE_OUTER_BOUND('',#7648,.T.);
#7650 = DIRECTION('',(0.000000,0.000000,1.000000));
#7651 = DIRECTION('',(1.000000,0.000000,0.000000));
#7652 = AXIS2_PLACEMENT_3D('',#179,#7650,#7651);
#7653 = PLANE('',#7652);
#7654 = FACE_SURFACE('',(#7649),#7653,.T.);
#7655 = POLY_LOOP('',(#179,#180,#181));
#7656 = FACE_OUTER_BOUND('',#7655,.T.);
#7657 = DIRECTION('',(0.000000,0.000000,1.000000));
#7658 = DIRECTION('',(1.000000,0.000000,0.000000));
#7659 = AXIS2_PLACEMENT_3D('',#179,#7657,#7658);
#7660 = PLANE('',#7659);
#7661 = FACE_SURFACE('',(#7656),#7660,.T.);
#7662 = POLY_LOOP('',(#181,#180,#182));
#7663 = FACE_OUTER_BOUND('',#7662,.T.);
#7664 = DIRECTION('',(0.000000,0.000000,1.000000));
#7665 = DIRECTION('',(1.000000,0.000000,0.000000));
#7666 = AXIS2_PLACEMENT_3D('',#181,#7664,#7665);
#7667 = PLANE('',#7666);
#7668 = FACE_SURFACE('',(#7663),#7667,.T.);
#7669 = POLY_LOOP('',(#181,#182,#183));
#7670 = FACE_OUTER_BOUND('',#7669,.T.);
#7671 = DIRECTION('',(0.000000,0.000000,1.000000));
#7672 = DIRECTION('',(1.000000,0.000000,0.000000));
#7673 = AXIS2_PLACEMENT_3D('',#181,#7671,#7672);
#7674 = PLANE('',#7673);
#7675 = FACE_SURFACE('',(#7670),#7674,.T.);
#7676 = POLY_LOOP('',(#183,#182,#184));
#7677 = FACE_OUTER_BOUND('',#7676,.T.);
#7678 = DIRECTION('',(0.000000,0.000000,1.000000));
#7679 = DIRECTION('',(1.000000,0.000000,0.000000));
#7680 = AXIS2_PLACEMENT_3D('',#183,#7678,#7679);
#7681 = PLANE('',#7680);
#7682 = FACE_SURFACE('',(#7677),#7681,.T.);
#7683 = POLY_LOOP('',(#183,#184,#185));
#7684 = FACE_OUTER_BOUND('',#7683,.T.);
#7685 = DIRECTION('',(0.000000,0.000000,1.000000));
#7686 = DIRECTION('',(1.000000,0.000000,0.000000));
#7687 = AXIS2_PLACEMENT_3D('',#183,#7685,#7686);
#7688 = PLANE('',#7687);
#7689 = FACE_SURFACE('',(#7684),#7688,.T.);
#7690 = POLY_LOOP('',(#185,#184,#186));
#7691 = FACE_OUTER_BOUND('',#7690,.T.);
#7692 = DIRECTION('',(0.000000,0.000000,1.000000));
#7693 = DIRECTION('',(1.000000,0.000000,0.000000));
#7694 = AXIS2_PLACEMENT_3D('',#185,#7692,#7693);
#7695 = PLANE('',#7694);
#7696 = FACE_SURFACE('',(#7691),#7695,.T.);
#7697 = POLY_LOOP('',(#185,#186,#187));
#7698 = FACE_OUTER_BOUND('',#7697,.T.);
#7699 = DIRECTION('',(0.000000,0.000000,1.000000));
#7700 = DIRECTION('',(1.000000,0.000000,0.000000));
#7701 = AXIS2_PLACEMENT_3D('',#185,#7699,#7700);
#7702 = PLANE('',#7701);
#7703 = FACE_SURFACE('',(#7698),#7702,.T.);
#7704 = POLY_LOOP('',(#187,#186,#188));
#7705 = FACE_OUTER_BOUND('',#7704,.T.);
#7706 = DIRECTION('',(0.000000,0.000000,1.000000));
#7707 = DIRECTION('',(1.000000,0.000000,0.000000));
#7708 = AXIS2_PLACEMENT_3D('',#187,#7706,#7707);
#7709 = PLANE('',#7708);
#7710 = FACE_SURFACE('',(#7705),#7709,.T.);
#7711 = POLY_LOOP('',(#187,#188,#189));
#7712 = FACE_OUTER_BOUND('',#7711,.T.);
#7713 = DIRECTION('',(0.000000,0.000000,1.000000));
#7714 = DIRECTION('',(1.000000,0.000000,0.000000));
#7715 = AXIS2_PLACEMENT_3D('',#187,#7713,#7714);
#7716 = PLANE('',#7715);
#7717 = FACE_SURFACE('',(#7712),#7716,.T.);
#7718 = POLY_LOOP('',(#189,#188,#190));
#7719 = FACE_OUTER_BOUND('',#7718,.T.);
#7720 = DIRECTION('',(0.000000,0.000000,1.000000));
#7721 = DIRECTION('',(1.000000,0.000000,0.000000));
#7722 = AXIS2_PLACEMENT_3D('',#189,#7720,#7721);
#7723 = PLANE('',#7722);
#7724 = FACE_SURFACE('',(#7719),#7723,.T.);
#7725 = POLY_LOOP('',(#189,#190,#191));
#7726 = FACE_OUTER_BOUND('',#7725,.T.);
#7727 = DIRECTION('',(0.000000,0.000000,1.000000));
#7728 = DIRECTION('',(1.000000,0.000000,0.000000));
#7729 = AXIS2_PLACEMENT_3D('',#189,#7727,#7728);
#7730 = PLANE('',#7729);
#7731 = FACE_SURFACE('',(#7726),#7730,.T.);
#7732 = POLY_LOOP('',(#191,#190,#192));
#7733 = FACE_OUTER_BOUND('',#7732,.T.);
#7734 = DIRECTION('',(0.000000,0.000000,1.000000));
#7735 = DIRECTION('',(1.000000,0.000000,0.000000));
#7736 = AXIS2_PLACEMENT_3D('',#191,#7734,#7735);
#7737 = PLANE('',#7736);
#7738 = FACE_SURFACE('',(#7733),#7737,.T.);
#7739 = POLY_LOOP('',(#191,#192,#105));
#7740 = FACE_OUTER_BOUND('',#7739,.T.);
#7741 = DIRECTION('',(0.000000,0.000000,1.000000));
#7742 = DIRECTION('',(1.000000,0.000000,0.000000));
#7743 = AXIS2_PLACEMENT_3D('',#191,#7741,#7742);
#7744 = PLANE('',#7743);
#7745 = FACE_SURFACE('',(#7740),#7744,.T.);
#7746 = POLY_LOOP('',(#105,#192,#193));
#7747 = FACE_OUTER_BOUND('',#7746,.T.);
#7748 = DIRECTION('',(0.000000,0.000000,1.000000));
#7749 = DIRECTION('',(1.000000,0.000000,0.000000));
#7750 = AXIS2_PLACEMENT_3D('',#105,#7748,#7749);
#7751 = PLANE('',#7750);
#7752 = FACE_SURFACE('',(#7747),#7751,.T.);
#7753 = POLY_LOOP('',(#105,#193,#107));
#7754 = FACE_OUTER_BOUND('',#7753,.T.);
#7755 = DIRECTION('',(0.000000,0.000000,1.000000));
#7756 = DIRECTION('',(1.000000,0.000000,0.000000));
#7757 = AXIS2_PLACEMENT_3D('',#105,#7755,#7756);
#7758 = PLANE('',#7757);
#7759 = FACE_SURFACE('',(#7754),#7758,.T.);
#7760 = POLY_LOOP('',(#107,#193,#194));
#7761 = FACE_OUTER_BOUND('',#7760,.T.);
#7762 = DIRECTION('',(0.000000,0.000000,1.000000));
#7763 = DIRECTION('',(1.000000,0.000000,0.000000));
#7764 = AXIS2_PLACEMENT_3D('',#107,#7762,#7763);
#7765 = PLANE('',#7764);
#7766 = FACE_SURFACE('',(#7761),#7765,.T.);
#7767 = POLY_LOOP('',(#107,#194,#109));
#7768 = FACE_OUTER_BOUND('',#7767,.T.);
#7769 = DIRECTION('',(0.000000,0.000000,1.000000));
#7770 = DIRECTION('',(1.000000,0.000000,0.000000));
#7771 = AXIS2_PLACEMENT_3D('',#107,#7769,#7770);
#7772 = PLANE('',#7771);
#7773 = FACE_SURFACE('',(#7768),#7772,.T.);
#7774 = POLY_LOOP('',(#109,#194,#195));
#7775 = FACE_OUTER_BOUND('',#7774,.T.);
#7776 = DIRECTION('',(0.000000,0.000000,1.000000));
#7777 = DIRECTION('',(1.000000,0.000000,0.000000));
#7778 = AXIS2_PLACEMENT_3D('',#109,#7776,#7777);
#7779 = PLANE('',#7778);
#7780 = FACE_SURFACE('',(#7775),#7779,.T.);
#7781 = POLY_LOOP('',(#109,#195,#111));
#7782 = FACE_OUTER_BOUND('',#7781,.T.);
#7783 = DIRECTION('',(0.000000,0.000000,1.000000));
#7784 = DIRECTION('',(1.000000,0.000000,0.000000));
#7785 = AXIS2_PLACEMENT_3D('',#109,#7783,#7784);
#7786 = PLANE('',#7785);
#7787 = FACE_SURFACE('',(#7782),#7786,.T.);
#7788 = POLY_LOOP('',(#111,#195,#196));
#7789 = FACE_OUTER_BOUND('',#7788,.T.);
#7790 = DIRECTION('',(0.000000,0.000000,1.000000));
#7791 = DIRECTION('',(1.000000,0.000000,0.000000));
#7792 = AXIS2_PLACEMENT_3D('',#111,#7790,#7791);
#7793 = PLANE('',#7792);
#7794 = FACE_SURFACE('',(#7789),#7793,.T.);
#7795 = POLY_LOOP('',(#111,#196,#113));
#7796 = FACE_OUTER_BOUND('',#7795,.T.);
#7797 = DIRECTION('',(0.000000,0.000000,1.000000));
#7798 = DIRECTION('',(1.000000,0.000000,0.000000));
#7799 = AXIS2_PLACEMENT_3D('',#111,#7797,#7798);
#7800 = PLANE('',#7799);
#7801 = FACE_SURFACE('',(#7796),#7800,.T.);
#7802 = POLY_LOOP('',(#113,#196,#197));
#7803 = FACE_OUTER_BOUND('',#7802,.T.);
#7804 = DIRECTION('',(0.000000,0.000000,1.000000));
#7805 = DIRECTION('',(1.000000,0.000000,0.000000));
#7806 = AXIS2_PLACEMENT_3D('',#113,#7804,#7805);
#7807 = PLANE('',#7806);
#7808 = FACE_SURFACE('',(#7803),#7807,.T.);
#7809 = POLY_LOOP('',(#113,#197,#115));
#7810 = FACE_OUTER_BOUND('',#7809,.T.);
#7811 = DIRECTION('',(0.000000,0.000000,1.000000));
#7812 = DIRECTION('',(1.000000,0.000000,0.000000));
#7813 = AXIS2_PLACEMENT_3D('',#113,#7811,#7812);
#7814 = PLANE('',#7813);
#7815 = FACE_SURFACE('',(#7810),#7814,.T.);
#7816 = POLY_LOOP('',(#115,#197,#198));
#7817 = FACE_OUTER_BOUND('',#7816,.T.);
#7818 = DIRECTION('',(0.000000,0.000000,1.000000));
#7819 = DIRECTION('',(1.000000,0.000000,0.000000));
#7820 = AXIS2_PLACEMENT_3D('',#115,#7818,#7819);
#7821 = PLANE('',#7820);
#7822 = FACE_SURFACE('',(#7817),#7821,.T.);
#7823 = POLY_LOOP('',(#115,#198,#117));
#7824 = FACE_OUTER_BOUND('',#7823,.T.);
#7825 = DIRECTION('',(0.000000,0.000000,1.000000));
#7826 = DIRECTION('',(1.000000,0.000000,0.000000));
#7827 = AXIS2_PLACEMENT_3D('',#115,#7825,#7826);
#7828 = PLANE('',#7827);
#7829 = FACE_SURFACE('',(#7824),#7828,.T.);
#7830 = POLY_LOOP('',(#117,#198,#199));
#7831 = FACE_OUTER_BOUND('',#7830,.T.);
#7832 = DIRECTION('',(0.000000,0.000000,1.000000));
#7833 = DIRECTION('',(1.000000,0.000000,0.000000));
#7834 = AXIS2_PLACEMENT_3D('',#117,#7832,#7833);
#7835 = PLANE('',#7834);
#7836 = FACE_SURFACE('',(#7831),#7835,.T.);
#7837 = POLY_LOOP('',(#117,#199,#118));
#7838 = FACE_OUTER_BOUND('',#7837,.T.);
#7839 = DIRECTION('',(0.000000,0.000000,1.000000));
#7840 = DIRECTION('',(1.000000,0.000000,0.000000));
#7841 = AXIS2_PLACEMENT_3D('',#117,#7839,#7840);
#7842 = PLANE('',#7841);
#7843 = FACE_SURFACE('',(#7838),#7842,.T.);
#7844 = POLY_LOOP('',(#118,#199,#200));
#7845 = FACE_OUTER_BOUND('',#7844,.T.);
#7846 = DIRECTION('',(0.000000,0.000000,1.000000));
#7847 = DIRECTION('',(1.000000,0.000000,0.000000));
#7848 = AXIS2_PLACEMENT_3D('',#118,#7846,#7847);
#7849 = PLANE('',#7848);
#7850 = FACE_SURFACE('',(#7845),#7849,.T.);
#7851 = POLY_LOOP('',(#118,#200,#128));
#7852 = FACE_OUTER_BOUND('',#7851,.T.);
#7853 = DIRECTION('',(0.000000,0.000000,1.000000));
#7854 = DIRECTION('',(1.000000,0.000000,0.000000));
#7855 = AXIS2_PLACEMENT_3D('',#118,#7853,#7854);
#7856 = PLANE('',#7855);
#7857 = FACE_SURFACE('',(#7852),#7856,.T.);
#7858 = POLY_LOOP('',(#128,#200,#201));
#7859 = FACE_OUTER_BOUND('',#7858,.T.);
#7860 = DIRECTION('',(0.000000,0.000000,1.000000));
#7861 = DIRECTION('',(1.000000,0.000000,0.000000));
#7862 = AXIS2_PLACEMENT_3D('',#128,#7860,#7861);
#7863 = PLANE('',#7862);
#7864 = FACE_SURFACE('',(#7859),#7863,.T.);
#7865 = POLY_LOOP('',(#128,#201,#127));
#7866 = FACE_OUTER_BOUND('',#7865,.T.);
#7867 = DIRECTION('',(0.000000,0.000000,1.000000));
#7868 = DIRECTION('',(1.000000,0.000000,0.000000));
#7869 = AXIS2_PLACEMENT_3D('',#128,#7867,#7868);
#7870 = PLANE('',#7869);
#7871 = FACE_SURFACE('',(#7866),#7870,.T.);
#7872 = POLY_LOOP('',(#127,#201,#202));
#7873 = FACE_OUTER_BOUND('',#7872,.T.);
#7874 = DIRECTION('',(0.000000,0.000000,1.000000));
#7875 = DIRECTION('',(1.000000,0.000000,0.000000));
#7876 = AXIS2_PLACEMENT_3D('',#127,#7874,#7875);
#7877 = PLANE('',#7876);
#7878 = FACE_SURFACE('',(#7873),#7877,.T.);
#7879 = POLY_LOOP('',(#127,#202,#126));
#7880 = FACE_OUTER_BOUND('',#7879,.T.);
#7881 = DIRECTION('',(0.000000,0.000000,1.000000));
#7882 = DIRECTION('',(1.000000,0.000000,0.000000));
#7883 = AXIS2_PLACEMENT_3D('',#127,#7881,#7882);
#7884 = PLANE('',#7883);
#7885 = FACE_SURFACE('',(#7880),#7884,.T.);
#7886 = POLY_LOOP('',(#126,#202,#203));
#7887 = FACE_OUTER_BOUND('',#7886,.T.);
#7888 = DIRECTION('',(0.000000,0.000000,1.000000));
#7889 = DIRECTION('',(1.000000,0.000000,0.000000));
#7890 = AXIS2_PLACEMENT_3D('',#126,#7888,#7889);
#7891 = PLANE('',#7890);
#7892 = FACE_SURFACE('',(#7887),#7891,.T.);
#7893 = POLY_LOOP('',(#126,#203,#125));
#7894 = FACE_OUTER_BOUND('',#7893,.T.);
#7895 = DIRECTION('',(0.000000,0.000000,1.000000));
#7896 = DIRECTION('',(1.000000,0.000000,0.000000));
#7897 = AXIS2_PLACEMENT_3D('',#126,#7895,#7896);
#7898 = PLANE('',#7897);
#7899 = FACE_SURFACE('',(#7894),#7898,.T.);
#7900 = POLY_LOOP('',(#125,#203,#204));
#7901 = FACE_OUTER_BOUND('',#7900,.T.);
#7902 = DIRECTION('',(0.000000,0.000000,1.000000));
#7903 = DIRECTION('',(1.000000,0.000000,0.000000));
#7904 = AXIS2_PLACEMENT_3D('',#125,#7902,#7903);
#7905 = PLANE('',#7904);
#7906 = FACE_SURFACE('',(#7901),#7905,.T.);
#7907 = POLY_LOOP('',(#125,#204,#120));
#7908 = FACE_OUTER_BOUND('',#7907,.T.);
#7909 = DIRECTION('',(0.000000,0.000000,1.000000));
#7910 = DIRECTION('',(1.000000,0.000000,0.000000));
#7911 = AXIS2_PLACEMENT_3D('',#125,#7909,#7910);
#7912 = PLANE('',#7911);
#7913 = FACE_SURFACE('',(#7908),#7912,.T.);
#7914 = POLY_LOOP('',(#120,#204,#205));
#7915 = FACE_OUTER_BOUND('',#7914,.T.);
#7916 = DIRECTION('',(0.000000,0.000000,1.000000));
#7917 = DIRECTION('',(1.000000,0.000000,0.000000));
#7918 = AXIS2_PLACEMENT_3D('',#120,#7916,#7917);
#7919 = PLANE('',#7918);
#7920 = FACE_SURFACE('',(#7915),#7919,.T.);
#7921 = POLY_LOOP('',(#120,#205,#119));
#7922 = FACE_OUTER_BOUND('',#7921,.T.);
#7923 = DIRECTION('',(0.000000,0.000000,1.000000));
#7924 = DIRECTION('',(1.000000,0.000000,0.000000));
#7925 = AXIS2_PLACEMENT_3D('',#120,#7923,#7924);
#7926 = PLANE('',#7925);
#7927 = FACE_SURFACE('',(#7922),#7926,.T.);
#7928 = POLY_LOOP('',(#119,#205,#206));
#7929 = FACE_OUTER_BOUND('',#7928,.T.);
#7930 = DIRECTION('',(0.000000,0.000000,1.000000));
#7931 = DIRECTION('',(1.000000,0.000000,0.000000));
#7932 = AXIS2_PLACEMENT_3D('',#119,#7930,#7931);
#7933 = PLANE('',#7932);
#7934 = FACE_SURFACE('',(#7929),#7933,.T.);
#7935 = POLY_LOOP('',(#119,#206,#123));
#7936 = FACE_OUTER_BOUND('',#7935,.T.);
#7937 = DIRECTION('',(0.000000,0.000000,1.000000));
#7938 = DIRECTION('',(1.000000,0.000000,0.000000));
#7939 = AXIS2_PLACEMENT_3D('',#119,#7937,#7938);
#7940 = PLANE('',#7939);
#7941 = FACE_SURFACE('',(#7936),#7940,.T.);
#7942 = POLY_LOOP('',(#123,#206,#207));
#7943 = FACE_OUTER_BOUND('',#7942,.T.);
#7944 = DIRECTION('',(0.000000,0.000000,1.000000));
#7945 = DIRECTION('',(1.000000,0.000000,0.000000));
#7946 = AXIS2_PLACEMENT_3D('',#123,#7944,#7945);
#7947 = PLANE('',#7946);
#7948 = FACE_SURFACE('',(#7943),#7947,.T.);
#7949 = POLY_LOOP('',(#123,#207,#122));
#7950 = FACE_OUTER_BOUND('',#7949,.T.);
#7951 = DIRECTION('',(0.000000,0.000000,1.000000));
#7952 = DIRECTION('',(1.000000,0.000000,0.000000));
#7953 = AXIS2_PLACEMENT_3D('',#123,#7951,#7952);
#7954 = PLANE('',#7953);
#7955 = FACE_SURFACE('',(#7950),#7954,.T.);
#7956 = POLY_LOOP('',(#122,#207,#208));
#7957 = FACE_OUTER_BOUND('',#7956,.T.);
#7958 = DIRECTION('',(0.000000,0.000000,1.000000));
#7959 = DIRECTION('',(1.000000,0.000000,0.000000));
#7960 = AXIS2_PLACEMENT_3D('',#122,#7958,#7959);
#7961 = PLANE('',#7960);
#7962 = FACE_SURFACE('',(#7957),#7961,.T.);
#7963 = POLY_LOOP('',(#122,#208,#124));
#7964 = FACE_OUTER_BOUND('',#7963,.T.);
#7965 = DIRECTION('',(0.000000,0.000000,1.000000));
#7966 = DIRECTION('',(1.000000,0.000000,0.000000));
#7967 = AXIS2_PLACEMENT_3D('',#122,#7965,#7966);
#7968 = PLANE('',#7967);
#7969 = FACE_SURFACE('',(#7964),#7968,.T.);
#7970 = POLY_LOOP('',(#124,#208,#209));
#7971 = FACE_OUTER_BOUND('',#7970,.T.);
#7972 = DIRECTION('',(0.000000,0.000000,1.000000));
#7973 = DIRECTION('',(1.000000,0.000000,0.000000));
#7974 = AXIS2_PLACEMENT_3D('',#124,#7972,#7973);
#7975 = PLANE('',#7974);
#7976 = FACE_SURFACE('',(#7971),#7975,.T.);
#7977 = POLY_LOOP('',(#124,#209,#121));
#7978 = FACE_OUTER_BOUND('',#7977,.T.);
#7979 = DIRECTION('',(0.000000,0.000000,1.000000));
#7980 = DIRECTION('',(1.000000,0.000000,0.000000));
#7981 = AXIS2_PLACEMENT_3D('',#124,#7979,#7980);
#7982 = PLANE('',#7981);
#7983 = FACE_SURFACE('',(#7978),#7982,.T.);
#7984 = POLY_LOOP('',(#121,#209,#210));
#7985 = FACE_OUTER_BOUND('',#7984,.T.);
#7986 = DIRECTION('',(0.000000,0.000000,1.000000));
#7987 = DIRECTION('',(1.000000,0.000000,0.000000));
#7988 = AXIS2_PLACEMENT_3D('',#121,#7986,#7987);
#7989 = PLANE('',#7988);
#7990 = FACE_SURFACE('',(#7985),#7989,.T.);
#7991 = POLY_LOOP('',(#121,#210,#116));
#7992 = FACE_OUTER_BOUND('',#7991,.T.);
#7993 = DIRECTION('',(0.000000,0.000000,1.000000));
#7994 = DIRECTION('',(1.000000,0.000000,0.000000));
#7995 = AXIS2_PLACEMENT_3D('',#121,#7993,#7994);
#7996 = PLANE('',#7995);
#7997 = FACE_SURFACE('',(#7992),#7996,.T.);
#7998 = POLY_LOOP('',(#116,#210,#211));
#7999 = FACE_OUTER_BOUND('',#7998,.T.);
#8000 = DIRECTION('',(0.000000,0.000000,1.000000));
#8001 = DIRECTION('',(1.000000,0.000000,0.000000));
#8002 = AXIS2_PLACEMENT_3D('',#116,#8000,#8001);
#8003 = PLANE('',#8002);
#8004 = FACE_SURFACE('',(#7999),#8003,.T.);
#8005 = POLY_LOOP('',(#116,#211,#114));
#8006 = FACE_OUTER_BOUND('',#8005,.T.);
#8007 = DIRECTION('',(0.000000,0.000000,1.000000));
#8008 = DIRECTION('',(1.000000,0.000000,0.000000));
#8009 = AXIS2_PLACEMENT_3D('',#116,#8007,#8008);
#8010 = PLANE('',#8009);
#8011 = FACE_SURFACE('',(#8006),#8010,.T.);
#8012 = POLY_LOOP('',(#114,#211,#212));
#8013 = FACE_OUTER_BOUND('',#8012,.T.);
#8014 = DIRECTION('',(0.000000,0.000000,1.000000));
#8015 = DIRECTION('',(1.000000,0.000000,0.000000));
#8016 = AXIS2_PLACEMENT_3D('',#114,#8014,#8015);
#8017 = PLANE('',#8016);
#8018 = FACE_SURFACE('',(#8013),#8017,.T.);
#8019 = POLY_LOOP('',(#114,#212,#112));
#8020 = FACE_OUTER_BOUND('',#8019,.T.);
#8021 = DIRECTION('',(0.000000,0.000000,1.000000));
#8022 = DIRECTION('',(1.000000,0.000000,0.000000));
#8023 = AXIS2_PLACEMENT_3D('',#114,#8021,#8022);
#8024 = PLANE('',#8023);
#8025 = FACE_SURFACE('',(#8020),#8024,.T.);
#8026 = POLY_LOOP('',(#112,#212,#213));
#8027 = FACE_OUTER_BOUND('',#8026,.T.);
#8028 = DIRECTION('',(0.000000,0.000000,1.000000));
#8029 = DIRECTION('',(1.000000,0.000000,0.000000));
#8030 = AXIS2_PLACEMENT_3D('',#112,#8028,#8029);
#8031 = PLANE('',#8030);
#8032 = FACE_SURFACE('',(#8027),#8031,.T.);
#8033 = POLY_LOOP('',(#112,#213,#110));
#8034 = FACE_OUTER_BOUND('',#8033,.T.);
#8035 = DIRECTION('',(0.000000,0.000000,1.000000));
#8036 = DIRECTION('',(1.000000,0.000000,0.000000));
#8037 = AXIS2_PLACEMENT_3D('',#112,#8035,#8036);
#8038 = PLANE('',#8037);
#8039 = FACE_SURFACE('',(#8034),#8038,.T.);
#8040 = POLY_LOOP('',(#110,#213,#214));
#8041 = FACE_OUTER_BOUND('',#8040,.T.);
#8042 = DIRECTION('',(0.000000,0.000000,1.000000));
#8043 = DIRECTION('',(1.000000,0.000000,0.000000));
#8044 = AXIS2_PLACEMENT_3D('',#110,#8042,#8043);
#8045 = PLANE('',#8044);
#8046 = FACE_SURFACE('',(#8041),#8045,.T.);
#8047 = POLY_LOOP('',(#110,#214,#108));
#8048 = FACE_OUTER_BOUND('',#8047,.T.);
#8049 = DIRECTION('',(0.000000,0.000000,1.000000));
#8050 = DIRECTION('',(1.000000,0.000000,0.000000));
#8051 = AXIS2_PLACEMENT_3D('',#110,#8049,#8050);
#8052 = PLANE('',#8051);
#8053 = FACE_SURFACE('',(#8048),#8052,.T.);
#8054 = POLY_LOOP('',(#108,#214,#215));
#8055 = FACE_OUTER_BOUND('',#8054,.T.);
#8056 = DIRECTION('',(0.000000,0.000000,1.000000));
#8057 = DIRECTION('',(1.000000,0.000000,0.000000));
#8058 = AXIS2_PLACEMENT_3D('',#108,#8056,#8057);
#8059 = PLANE('',#8058);
#8060 = FACE_SURFACE('',(#8055),#8059,.T.);
#8061 = POLY_LOOP('',(#108,#215,#106));
#8062 = FACE_OUTER_BOUND('',#8061,.T.);
#8063 = DIRECTION('',(0.000000,0.000000,1.000000));
#8064 = DIRECTION('',(1.000000,0.000000,0.000000));
#8065 = AXIS2_PLACEMENT_3D('',#108,#8063,#8064);
#8066 = PLANE('',#8065);
#8067 = FACE_SURFACE('',(#8062),#8066,.T.);
#8068 = POLY_LOOP('',(#106,#215,#216));
#8069 = FACE_OUTER_BOUND('',#8068,.T.);
#8070 = DIRECTION('',(0.000000,0.000000,1.000000));
#8071 = DIRECTION('',(1.000000,0.000000,0.000000));
#8072 = AXIS2_PLACEMENT_3D('',#106,#8070,#8071);
#8073 = PLANE('',#8072);
#8074 = FACE_SURFACE('',(#8069),#8073,.T.);
#8075 = POLY_LOOP('',(#106,#216,#104));
#8076 = FACE_OUTER_BOUND('',#8075,.T.);
#8077 = DIRECTION('',(0.000000,0.000000,1.000000));
#8078 = DIRECTION('',(1.000000,0.000000,0.000000));
#8079 = AXIS2_PLACEMENT_3D('',#106,#8077,#8078);
#8080 = PLANE('',#8079);
#8081 = FACE_SURFACE('',(#8076),#8080,.T.);
#8082 = POLY_LOOP('',(#104,#216,#217));
#8083 = FACE_OUTER_BOUND('',#8082,.T.);
#8084 = DIRECTION('',(0.000000,0.000000,1.000000));
#8085 = DIRECTION('',(1.000000,0.000000,0.000000));
#8086 = AXIS2_PLACEMENT_3D('',#104,#8084,#8085);
#8087 = PLANE('',#8086);
#8088 = FACE_SURFACE('',(#8083),#8087,.T.);
#8089 = POLY_LOOP('',(#104,#217,#103));
#8090 = FACE_OUTER_BOUND('',#8089,.T.);
#8091 = DIRECTION('',(0.000000,0.000000,1.000000));
#8092 = DIRECTION('',(1.000000,0.000000,0.000000));
#8093 = AXIS2_PLACEMENT_3D('',#104,#8091,#8092);
#8094 = PLANE('',#8093);
#8095 = FACE_SURFACE('',(#8090),#8094,.T.);
#8096 = POLY_LOOP('',(#103,#217,#218));
#8097 = FACE_OUTER_BOUND('',#8096,.T.);
#8098 = DIRECTION('',(0.000000,0.000000,1.000000));
#8099 = DIRECTION('',(1.000000,0.000000,0.000000));
#8100 = AXIS2_PLACEMENT_3D('',#103,#8098,#8099);
#8101 = PLANE('',#8100);
#8102 = FACE_SURFACE('',(#8097),#8101,.T.);
#8103 = POLY_LOOP('',(#103,#218,#102));
#8104 = FACE_OUTER_BOUND('',#8103,.T.);
#8105 = DIRECTION('',(0.000000,0.000000,1.000000));
#8106 = DIRECTION('',(1.000000,0.000000,0.000000));
#8107 = AXIS2_PLACEMENT_3D('',#103,#8105,#8106);
#8108 = PLANE('',#8107);
#8109 = FACE_SURFACE('',(#8104),#8108,.T.);
#8110 = POLY_LOOP('',(#102,#218,#219));
#8111 = FACE_OUTER_BOUND('',#8110,.T.);
#8112 = DIRECTION('',(0.000000,0.000000,1.000000));
#8113 = DIRECTION('',(1.000000,0.000000,0.000000));
#8114 = AXIS2_PLACEMENT_3D('',#102,#8112,#8113);
#8115 = PLANE('',#8114);
#8116 = FACE_SURFACE('',(#8111),#8115,.T.);
#8117 = POLY_LOOP('',(#102,#219,#101));
#8118 = FACE_OUTER_BOUND('',#8117,.T.);
#8119 = DIRECTION('',(0.000000,0.000000,1.000000));
#8120 = DIRECTION('',(1.000000,0.000000,0.000000));
#8121 = AXIS2_PLACEMENT_3D('',#102,#8119,#8120);
#8122 = PLANE('',#8121);
#8123 = FACE_SURFACE('',(#8118),#8122,.T.);
#8124 = POLY_LOOP('',(#101,#219,#220));
#8125 = FACE_OUTER_BOUND('',#8124,.T.);
#8126 = DIRECTION('',(0.000000,0.000000,1.000000));
#8127 = DIRECTION('',(1.000000,0.000000,0.000000));
#8128 = AXIS2_PLACEMENT_3D('',#101,#8126,#8127);
#8129 = PLANE('',#8128);
#8130 = FACE_SURFACE('',(#8125),#8129,.T.);
#8131 = POLY_LOOP('',(#101,#220,#100));
#8132 = FACE_OUTER_BOUND('',#8131,.T.);
#8133 = DIRECTION('',(0.000000,0.000000,1.000000));
#8134 = DIRECTION('',(1.000000,0.000000,0.000000));
#8135 = AXIS2_PLACEMENT_3D('',#101,#8133,#8134);
#8136 = PLANE('',#8135);
#8137 = FACE_SURFACE('',(#8132),#8136,.T.);
#8138 = POLY_LOOP('',(#100,#220,#221));
#8139 = FACE_OUTER_BOUND('',#8138,.T.);
#8140 = DIRECTION('',(0.000000,0.000000,1.000000));
#8141 = DIRECTION('',(1.000000,0.000000,0.000000));
#8142 = AXIS2_PLACEMENT_3D('',#100,#8140,#8141);
#8143 = PLANE('',#8142);
#8144 = FACE_SURFACE('',(#8139),#8143,.T.);
#8145 = POLY_LOOP('',(#100,#221,#99));
#8146 = FACE_OUTER_BOUND('',#8145,.T.);
#8147 = DIRECTION('',(0.000000,0.000000,1.000000));
#8148 = DIRECTION('',(1.000000,0.000000,0.000000));
#8149 = AXIS2_PLACEMENT_3D('',#100,#8147,#8148);
#8150 = PLANE('',#8149);
#8151 = FACE_SURFACE('',(#8146),#8150,.T.);
#8152 = POLY_LOOP('',(#99,#221,#222));
#8153 = FACE_OUTER_BOUND('',#8152,.T.);
#8154 = DIRECTION('',(0.000000,0.000000,1.000000));
#8155 = DIRECTION('',(1.000000,0.000000,0.000000));
#8156 = AXIS2_PLACEMENT_3D('',#99,#8154,#8155);
#8157 = PLANE('',#8156);
#8158 = FACE_SURFACE('',(#8153),#8157,.T.);
#8159 = POLY_LOOP('',(#99,#222,#98));
#8160 = FACE_OUTER_BOUND('',#8159,.T.);
#8161 = DIRECTION('',(0.000000,0.000000,1.000000));
#8162 = DIRECTION('',(1.000000,0.000000,0.000000));
#8163 = AXIS2_PLACEMENT_3D('',#99,#8161,#8162);
#8164 = PLANE('',#8163);
#8165 = FACE_SURFACE('',(#8160),#8164,.T.);
#8166 = POLY_LOOP('',(#98,#222,#223));
#8167 = FACE_OUTER_BOUND('',#8166,.T.);
#8168 = DIRECTION('',(0.000000,0.000000,1.000000));
#8169 = DIRECTION('',(1.000000,0.000000,0.000000));
#8170 = AXIS2_PLACEMENT_3D('',#98,#8168,#8169);
#8171 = PLANE('',#8170);
#8172 = FACE_SURFACE('',(#8167),#8171,.T.);
#8173 = POLY_LOOP('',(#98,#223,#97));
#8174 = FACE_OUTER_BOUND('',#8173,.T.);
#8175 = DIRECTION('',(0.000000,0.000000,1.000000));
#8176 = DIRECTION('',(1.000000,0.000000,0.000000));
#8177 = AXIS2_PLACEMENT_3D('',#98,#8175,#8176);
#8178 = PLANE('',#8177);
#8179 = FACE_SURFACE('',(#8174),#8178,.T.);
#8180 = POLY_LOOP('',(#97,#223,#224));
#8181 = FACE_OUTER_BOUND('',#8180,.T.);
#8182 = DIRECTION('',(0.000000,0.000000,1.000000));
#8183 = DIRECTION('',(1.000000,0.000000,0.000000));
#8184 = AXIS2_PLACEMENT_3D('',#97,#8182,#8183);
#8185 = PLANE('',#8184);
#8186 = FACE_SURFACE('',(#8181),#8185,.T.);
#8187 = POLY_LOOP('',(#97,#224,#96));
#8188 = FACE_OUTER_BOUND('',#8187,.T.);
#8189 = DIRECTION('',(0.000000,0.000000,1.000000));
#8190 = DIRECTION('',(1.000000,0.000000,0.000000));
#8191 = AXIS2_PLACEMENT_3D('',#97,#8189,#8190);
#8192 = PLANE('',#8191);
#8193 = FACE_SURFACE('',(#8188),#8192,.T.);
#8194 = POLY_LOOP('',(#96,#224,#225));
#8195 = FACE_OUTER_BOUND('',#8194,.T.);
#8196 = DIRECTION('',(0.000000,0.000000,1.000000));
#8197 = DIRECTION('',(1.000000,0.000000,0.000000));
#8198 = AXIS2_PLACEMENT_3D('',#96,#8196,#8197);
#8199 = PLANE('',#8198);
#8200 = FACE_SURFACE('',(#8195),#8199,.T.);
#8201 = POLY_LOOP('',(#96,#225,#95));
#8202 = FACE_OUTER_BOUND('',#8201,.T.);
#8203 = DIRECTION('',(0.000000,0.000000,1.000000));
#8204 = DIRECTION('',(1.000000,0.000000,0.000000));
#8205 = AXIS2_PLACEMENT_3D('',#96,#8203,#8204);
#8206 = PLANE('',#8205);
#8207 = FACE_SURFACE('',(#8202),#8206,.T.);
#8208 = POLY_LOOP('',(#95,#225,#226));
#8209 = FACE_OUTER_BOUND('',#8208,.T.);
#8210 = DIRECTION('',(0.000000,0.000000,1.000000));
#8211 = DIRECTION('',(1.000000,0.000000,0.000000));
#8212 = AXIS2_PLACEMENT_3D('',#95,#8210,#8211);
#8213 = PLANE('',#8212);
#8214 = FACE_SURFACE('',(#8209),#8213,.T.);
#8215 = POLY_LOOP('',(#95,#226,#94));
#8216 = FACE_OUTER_BOUND('',#8215,.T.);
#8217 = DIRECTION('',(0.000000,0.000000,1.000000));
#8218 = DIRECTION('',(1.000000,0.000000,0.000000));
#8219 = AXIS2_PLACEMENT_3D('',#95,#8217,#8218);
#8220 = PLANE('',#8219);
#8221 = FACE_SURFACE('',(#8216),#8220,.T.);
#8222 = POLY_LOOP('',(#94,#226,#227));
#8223 = FACE_OUTER_BOUND('',#8222,.T.);
#8224 = DIRECTION('',(0.000000,0.000000,1.000000));
#8225 = DIRECTION('',(1.000000,0.000000,0.000000));
#8226 = AXIS2_PLACEMENT_3D('',#94,#8224,#8225);
#8227 = PLANE('',#8226);
#8228 = FACE_SURFACE('',(#8223),#8227,.T.);
#8229 = POLY_LOOP('',(#94,#227,#93));
#8230 = FACE_OUTER_BOUND('',#8229,.T.);
#8231 = DIRECTION('',(0.000000,0.000000,1.000000));
#8232 = DIRECTION('',(1.000000,0.000000,0.000000));
#8233 = AXIS2_PLACEMENT_3D('',#94,#8231,#8232);
#8234 = PLANE('',#8233);
#8235 = FACE_SURFACE('',(#8230),#8234,.T.);
#8236 = POLY_LOOP('',(#93,#227,#228));
#8237 = FACE_OUTER_BOUND('',#8236,.T.);
#8238 = DIRECTION('',(0.000000,0.000000,1.000000));
#8239 = DIRECTION('',(1.000000,0.000000,0.000000));
#8240 = AXIS2_PLACEMENT_3D('',#93,#8238,#8239);
#8241 = PLANE('',#8240);
#8242 = FACE_SURFACE('',(#8237),#8241,.T.);
#8243 = POLY_LOOP('',(#93,#228,#92));
#8244 = FACE_OUTER_BOUND('',#8243,.T.);
#8245 = DIRECTION('',(0.000000,0.000000,1.000000));
#8246 = DIRECTION('',(1.000000,0.000000,0.000000));
#8247 = AXIS2_PLACEMENT_3D('',#93,#8245,#8246);
#8248 = PLANE('',#8247);
#8249 = FACE_SURFACE('',(#8244),#8248,.T.);
#8250 = POLY_LOOP('',(#92,#228,#229));
#8251 = FACE_OUTER_BOUND('',#8250,.T.);
#8252 = DIRECTION('',(0.000000,0.000000,1.000000));
#8253 = DIRECTION('',(1.000000,0.000000,0.000000));
#8254 = AXIS2_PLACEMENT_3D('',#92,#8252,#8253);
#8255 = PLANE('',#8254);
#8256 = FACE_SURFACE('',(#8251),#8255,.T.);
#8257 = POLY_LOOP('',(#92,#229,#85));
#8258 = FACE_OUTER_BOUND('',#8257,.T.);
#8259 = DIRECTION('',(0.000000,0.000000,1.000000));
#8260 = DIRECTION('',(1.000000,0.000000,0.000000));
#8261 = AXIS2_PLACEMENT_3D('',#92,#8259,#8260);
#8262 = PLANE('',#8261);
#8263 = FACE_SURFACE('',(#8258),#8262,.T.);
#8264 = POLY_LOOP('',(#85,#229,#230));
#8265 = FACE_OUTER_BOUND('',#8264,.T.);
#8266 = DIRECTION('',(0.000000,0.000000,1.000000));
#8267 = DIRECTION('',(1.000000,0.000000,0.000000));
#8268 = AXIS2_PLACEMENT_3D('',#85,#8266,#8267);
#8269 = PLANE('',#8268);
#8270 = FACE_SURFACE('',(#8265),#8269,.T.);
#8271 = POLY_LOOP('',(#85,#230,#86));
#8272 = FACE_OUTER_BOUND('',#8271,.T.);
#8273 = DIRECTION('',(0.000000,0.000000,1.000000));
#8274 = DIRECTION('',(1.000000,0.000000,0.000000));
#8275 = AXIS2_PLACEMENT_3D('',#85,#8273,#8274);
#8276 = PLANE('',#8275);
#8277 = FACE_SURFACE('',(#8272),#8276,.T.);
#8278 = POLY_LOOP('',(#86,#230,#231));
#8279 = FACE_OUTER_BOUND('',#8278,.T.);
#8280 = DIRECTION('',(0.000000,0.000000,1.000000));
#8281 = DIRECTION('',(1.000000,0.000000,0.000000));
#8282 = AXIS2_PLACEMENT_3D('',#86,#8280,#8281);
#8283 = PLANE('',#8282);
#8284 = FACE_SURFACE('',(#8279),#8283,.T.);
#8285 = POLY_LOOP('',(#86,#231,#87));
#8286 = FACE_OUTER_BOUND('',#8285,.T.);
#8287 = DIRECTION('',(0.000000,0.000000,1.000000));
#8288 = DIRECTION('',(1.000000,0.000000,0.000000));
#8289 = AXIS2_PLACEMENT_3D('',#86,#8287,#8288);
#8290 = PLANE('',#8289);
#8291 = FACE_SURFACE('',(#8286),#8290,.T.);
#8292 = POLY_LOOP('',(#87,#231,#232));
#8293 = FACE_OUTER_BOUND('',#8292,.T.);
#8294 = DIRECTION('',(0.000000,0.000000,1.000000));
#8295 = DIRECTION('',(1.000000,0.000000,0.000000));
#8296 = AXIS2_PLACEMENT_3D('',#87,#8294,#8295);
#8297 = PLANE('',#8296);
#8298 = FACE_SURFACE('',(#8293),#8297,.T.);
#8299 = POLY_LOOP('',(#87,#232,#88));
#8300 = FACE_OUTER_BOUND('',#8299,.T.);
#8301 = DIRECTION('',(0.000000,0.000000,1.000000));
#8302 = DIRECTION('',(1.000000,0.000000,0.000000));
#8303 = AXIS2_PLACEMENT_3D('',#87,#8301,#8302);
#8304 = PLANE('',#8303);
#8305 = FACE_SURFACE('',(#8300),#8304,.T.);
#8306 = POLY_LOOP('',(#88,#232,#233));
#8307 = FACE_OUTER_BOUND('',#8306,.T.);
#8308 = DIRECTION('',(0.000000,0.000000,1.000000));
#8309 = DIRECTION('',(1.000000,0.000000,0.000000));
#8310 = AXIS2_PLACEMENT_3D('',#88,#8308,#8309);
#8311 = PLANE('',#8310);
#8312 = FACE_SURFACE('',(#8307),#8311,.T.);
#8313 = POLY_LOOP('',(#88,#233,#89));
#8314 = FACE_OUTER_BOUND('',#8313,.T.);
#8315 = DIRECTION('',(0.000000,0.000000,1.000000));
#8316 = DIRECTION('',(1.000000,0.000000,0.000000));
#8317 = AXIS2_PLACEMENT_3D('',#88,#8315,#8316);
#8318 = PLANE('',#8317);
#8319 = FACE_SURFACE('',(#8314),#8318,.T.);
#8320 = POLY_LOOP('',(#89,#233,#129));
#8321 = FACE_OUTER_BOUND('',#8320,.T.);
#8322 = DIRECTION('',(0.000000,0.000000,1.000000));
#8323 = DIRECTION('',(1.000000,0.000000,0.000000));
#8324 = AXIS2_PLACEMENT_3D('',#89,#8322,#8323);
#8325 = PLANE('',#8324);
#8326 = FACE_SURFACE('',(#8321),#8325,.T.);
#8327 = POLY_LOOP('',(#91,#199,#17));
#8328 = FACE_OUTER_BOUND('',#8327,.T.);
#8329 = DIRECTION('',(0.000000,0.000000,1.000000));
#8330 = DIRECTION('',(1.000000,0.000000,0.000000));
#8331 = AXIS2_PLACEMENT_3D('',#91,#8329,#8330);
#8332 = PLANE('',#8331);
#8333 = FACE_SURFACE('',(#8328),#8332,.T.);
#8334 = POLY_LOOP('',(#17,#199,#198));
#8335 = FACE_OUTER_BOUND('',#8334,.T.);
#8336 = DIRECTION('',(0.000000,0.000000,1.000000));
#8337 = DIRECTION('',(1.000000,0.000000,0.000000));
#8338 = AXIS2_PLACEMENT_3D('',#17,#8336,#8337);
#8339 = PLANE('',#8338);
#8340 = FACE_SURFACE('',(#8335),#8339,.T.);
#8341 = POLY_LOOP('',(#17,#198,#197));
#8342 = FACE_OUTER_BOUND('',#8341,.T.);
#8343 = DIRECTION('',(0.000000,0.000000,1.000000));
#8344 = DIRECTION('',(1.000000,0.000000,0.000000));
#8345 = AXIS2_PLACEMENT_3D('',#17,#8343,#8344);
#8346 = PLANE('',#8345);
#8347 = FACE_SURFACE('',(#8342),#8346,.T.);
#8348 = POLY_LOOP('',(#199,#91,#200));
#8349 = FACE_OUTER_BOUND('',#8348,.T.);
#8350 = DIRECTION('',(0.000000,0.000000,1.000000));
#8351 = DIRECTION('',(1.000000,0.000000,0.000000));
#8352 = AXIS2_PLACEMENT_3D('',#199,#8350,#8351);
#8353 = PLANE('',#8352);
#8354 = FACE_SURFACE('',(#8349),#8353,.T.);
#8355 = POLY_LOOP('',(#200,#91,#84));
#8356 = FACE_OUTER_BOUND('',#8355,.T.);
#8357 = DIRECTION('',(0.000000,0.000000,1.000000));
#8358 = DIRECTION('',(1.000000,0.000000,0.000000));
#8359 = AXIS2_PLACEMENT_3D('',#200,#8357,#8358);
#8360 = PLANE('',#8359);
#8361 = FACE_SURFACE('',(#8356),#8360,.T.);
#8362 = POLY_LOOP('',(#200,#84,#201));
#8363 = FACE_OUTER_BOUND('',#8362,.T.);
#8364 = DIRECTION('',(0.000000,0.000000,1.000000));
#8365 = DIRECTION('',(1.000000,0.000000,0.000000));
#8366 = AXIS2_PLACEMENT_3D('',#200,#8364,#8365);
#8367 = PLANE('',#8366);
#8368 = FACE_SURFACE('',(#8363),#8367,.T.);
#8369 = POLY_LOOP('',(#201,#84,#49));
#8370 = FACE_OUTER_BOUND('',#8369,.T.);
#8371 = DIRECTION('',(0.000000,0.000000,1.000000));
#8372 = DIRECTION('',(1.000000,0.000000,0.000000));
#8373 = AXIS2_PLACEMENT_3D('',#201,#8371,#8372);
#8374 = PLANE('',#8373);
#8375 = FACE_SURFACE('',(#8370),#8374,.T.);
#8376 = POLY_LOOP('',(#201,#49,#202));
#8377 = FACE_OUTER_BOUND('',#8376,.T.);
#8378 = DIRECTION('',(0.000000,0.000000,1.000000));
#8379 = DIRECTION('',(1.000000,0.000000,0.000000));
#8380 = AXIS2_PLACEMENT_3D('',#201,#8378,#8379);
#8381 = PLANE('',#8380);
#8382 = FACE_SURFACE('',(#8377),#8381,.T.);
#8383 = POLY_LOOP('',(#202,#49,#50));
#8384 = FACE_OUTER_BOUND('',#8383,.T.);
#8385 = DIRECTION('',(0.000000,0.000000,1.000000));
#8386 = DIRECTION('',(1.000000,0.000000,0.000000));
#8387 = AXIS2_PLACEMENT_3D('',#202,#8385,#8386);
#8388 = PLANE('',#8387);
#8389 = FACE_SURFACE('',(#8384),#8388,.T.);
#8390 = POLY_LOOP('',(#202,#50,#203));
#8391 = FACE_OUTER_BOUND('',#8390,.T.);
#8392 = DIRECTION('',(0.000000,0.000000,1.000000));
#8393 = DIRECTION('',(1.000000,0.000000,0.000000));
#8394 = AXIS2_PLACEMENT_3D('',#202,#8392,#8393);
#8395 = PLANE('',#8394);
#8396 = FACE_SURFACE('',(#8391),#8395,.T.);
#8397 = POLY_LOOP('',(#203,#50,#51));
#8398 = FACE_OUTER_BOUND('',#8397,.T.);
#8399 = DIRECTION('',(0.000000,0.000000,1.000000));
#8400 = DIRECTION('',(1.000000,0.000000,0.000000));
#8401 = AXIS2_PLACEMENT_3D('',#203,#8399,#8400);
#8402 = PLANE('',#8401);
#8403 = FACE_SURFACE('',(#8398),#8402,.T.);
#8404 = POLY_LOOP('',(#203,#51,#204));
#8405 = FACE_OUTER_BOUND('',#8404,.T.);
#8406 = DIRECTION('',(0.000000,0.000000,1.000000));
#8407 = DIRECTION('',(1.000000,0.000000,0.000000));
#8408 = AXIS2_PLACEMENT_3D('',#203,#8406,#8407);
#8409 = PLANE('',#8408);
#8410 = FACE_SURFACE('',(#8405),#8409,.T.);
#8411 = POLY_LOOP('',(#204,#51,#52));
#8412 = FACE_OUTER_BOUND('',#8411,.T.);
#8413 = DIRECTION('',(0.000000,0.000000,1.000000));
#8414 = DIRECTION('',(1.000000,0.000000,0.000000));
#8415 = AXIS2_PLACEMENT_3D('',#204,#8413,#8414);
#8416 = PLANE('',#8415);
#8417 = FACE_SURFACE('',(#8412),#8416,.T.);
#8418 = POLY_LOOP('',(#204,#52,#205));
#8419 = FACE_OUTER_BOUND('',#8418,.T.);
#8420 = DIRECTION('',(0.000000,0.000000,1.000000));
#8421 = DIRECTION('',(1.000000,0.000000,0.000000));
#8422 = AXIS2_PLACEMENT_3D('',#204,#8420,#8421);
#8423 = PLANE('',#8422);
#8424 = FACE_SURFACE('',(#8419),#8423,.T.);
#8425 = POLY_LOOP('',(#205,#52,#81));
#8426 = FACE_OUTER_BOUND('',#8425,.T.);
#8427 = DIRECTION('',(0.000000,0.000000,1.000000));
#8428 = DIRECTION('',(1.000000,0.000000,0.000000));
#8429 = AXIS2_PLACEMENT_3D('',#205,#8427,#8428);
#8430 = PLANE('',#8429);
#8431 = FACE_SURFACE('',(#8426),#8430,.T.);
#8432 = POLY_LOOP('',(#205,#81,#206));
#8433 = FACE_OUTER_BOUND('',#8432,.T.);
#8434 = DIRECTION('',(0.000000,0.000000,1.000000));
#8435 = DIRECTION('',(1.000000,0.000000,0.000000));
#8436 = AXIS2_PLACEMENT_3D('',#205,#8434,#8435);
#8437 = PLANE('',#8436);
#8438 = FACE_SURFACE('',(#8433),#8437,.T.);
#8439 = POLY_LOOP('',(#206,#81,#83));
#8440 = FACE_OUTER_BOUND('',#8439,.T.);
#8441 = DIRECTION('',(0.000000,0.000000,1.000000));
#8442 = DIRECTION('',(1.000000,0.000000,0.000000));
#8443 = AXIS2_PLACEMENT_3D('',#206,#8441,#8442);
#8444 = PLANE('',#8443);
#8445 = FACE_SURFACE('',(#8440),#8444,.T.);
#8446 = POLY_LOOP('',(#206,#83,#207));
#8447 = FACE_OUTER_BOUND('',#8446,.T.);
#8448 = DIRECTION('',(0.000000,0.000000,1.000000));
#8449 = DIRECTION('',(1.000000,0.000000,0.000000));
#8450 = AXIS2_PLACEMENT_3D('',#206,#8448,#8449);
#8451 = PLANE('',#8450);
#8452 = FACE_SURFACE('',(#8447),#8451,.T.);
#8453 = POLY_LOOP('',(#207,#83,#82));
#8454 = FACE_OUTER_BOUND('',#8453,.T.);
#8455 = DIRECTION('',(0.000000,0.000000,1.000000));
#8456 = DIRECTION('',(1.000000,0.000000,0.000000));
#8457 = AXIS2_PLACEMENT_3D('',#207,#8455,#8456);
#8458 = PLANE('',#8457);
#8459 = FACE_SURFACE('',(#8454),#8458,.T.);
#8460 = POLY_LOOP('',(#207,#82,#208));
#8461 = FACE_OUTER_BOUND('',#8460,.T.);
#8462 = DIRECTION('',(0.000000,0.000000,1.000000));
#8463 = DIRECTION('',(1.000000,0.000000,0.000000));
#8464 = AXIS2_PLACEMENT_3D('',#207,#8462,#8463);
#8465 = PLANE('',#8464);
#8466 = FACE_SURFACE('',(#8461),#8465,.T.);
#8467 = POLY_LOOP('',(#208,#82,#80));
#8468 = FACE_OUTER_BOUND('',#8467,.T.);
#8469 = DIRECTION('',(0.000000,0.000000,1.000000));
#8470 = DIRECTION('',(1.000000,0.000000,0.000000));
#8471 = AXIS2_PLACEMENT_3D('',#208,#8469,#8470);
#8472 = PLANE('',#8471);
#8473 = FACE_SURFACE('',(#8468),#8472,.T.);
#8474 = POLY_LOOP('',(#208,#80,#209));
#8475 = FACE_OUTER_BOUND('',#8474,.T.);
#8476 = DIRECTION('',(0.000000,0.000000,1.000000));
#8477 = DIRECTION('',(1.000000,0.000000,0.000000));
#8478 = AXIS2_PLACEMENT_3D('',#208,#8476,#8477);
#8479 = PLANE('',#8478);
#8480 = FACE_SURFACE('',(#8475),#8479,.T.);
#8481 = POLY_LOOP('',(#209,#80,#79));
#8482 = FACE_OUTER_BOUND('',#8481,.T.);
#8483 = DIRECTION('',(0.000000,0.000000,1.000000));
#8484 = DIRECTION('',(1.000000,0.000000,0.000000));
#8485 = AXIS2_PLACEMENT_3D('',#209,#8483,#8484);
#8486 = PLANE('',#8485);
#8487 = FACE_SURFACE('',(#8482),#8486,.T.);
#8488 = POLY_LOOP('',(#209,#79,#210));
#8489 = FACE_OUTER_BOUND('',#8488,.T.);
#8490 = DIRECTION('',(0.000000,0.000000,1.000000));
#8491 = DIRECTION('',(1.000000,0.000000,0.000000));
#8492 = AXIS2_PLACEMENT_3D('',#209,#8490,#8491);
#8493 = PLANE('',#8492);
#8494 = FACE_SURFACE('',(#8489),#8493,.T.);
#8495 = POLY_LOOP('',(#210,#79,#53));
#8496 = FACE_OUTER_BOUND('',#8495,.T.);
#8497 = DIRECTION('',(0.000000,0.000000,1.000000));
#8498 = DIRECTION('',(1.000000,0.000000,0.000000));
#8499 = AXIS2_PLACEMENT_3D('',#210,#8497,#8498);
#8500 = PLANE('',#8499);
#8501 = FACE_SURFACE('',(#8496),#8500,.T.);
#8502 = POLY_LOOP('',(#210,#53,#211));
#8503 = FACE_OUTER_BOUND('',#8502,.T.);
#8504 = DIRECTION('',(0.000000,0.000000,1.000000));
#8505 = DIRECTION('',(1.000000,0.000000,0.000000));
#8506 = AXIS2_PLACEMENT_3D('',#210,#8504,#8505);
#8507 = PLANE('',#8506);
#8508 = FACE_SURFACE('',(#8503),#8507,.T.);
#8509 = POLY_LOOP('',(#211,#53,#54));
#8510 = FACE_OUTER_BOUND('',#8509,.T.);
#8511 = DIRECTION('',(0.000000,0.000000,1.000000));
#8512 = DIRECTION('',(1.000000,0.000000,0.000000));
#8513 = AXIS2_PLACEMENT_3D('',#211,#8511,#8512);
#8514 = PLANE('',#8513);
#8515 = FACE_SURFACE('',(#8510),#8514,.T.);
#8516 = POLY_LOOP('',(#211,#54,#212));
#8517 = FACE_OUTER_BOUND('',#8516,.T.);
#8518 = DIRECTION('',(0.000000,0.000000,1.000000));
#8519 = DIRECTION('',(1.000000,0.000000,0.000000));
#8520 = AXIS2_PLACEMENT_3D('',#211,#8518,#8519);
#8521 = PLANE('',#8520);
#8522 = FACE_SURFACE('',(#8517),#8521,.T.);
#8523 = POLY_LOOP('',(#212,#54,#55));
#8524 = FACE_OUTER_BOUND('',#8523,.T.);
#8525 = DIRECTION('',(0.000000,0.000000,1.000000));
#8526 = DIRECTION('',(1.000000,0.000000,0.000000));
#8527 = AXIS2_PLACEMENT_3D('',#212,#8525,#8526);
#8528 = PLANE('',#8527);
#8529 = FACE_SURFACE('',(#8524),#8528,.T.);
#8530 = POLY_LOOP('',(#212,#55,#213));
#8531 = FACE_OUTER_BOUND('',#8530,.T.);
#8532 = DIRECTION('',(0.000000,0.000000,1.000000));
#8533 = DIRECTION('',(1.000000,0.000000,0.000000));
#8534 = AXIS2_PLACEMENT_3D('',#212,#8532,#8533);
#8535 = PLANE('',#8534);
#8536 = FACE_SURFACE('',(#8531),#8535,.T.);
#8537 = POLY_LOOP('',(#213,#55,#214));
#8538 = FACE_OUTER_BOUND('',#8537,.T.);
#8539 = DIRECTION('',(0.000000,0.000000,1.000000));
#8540 = DIRECTION('',(1.000000,0.000000,0.000000));
#8541 = AXIS2_PLACEMENT_3D('',#213,#8539,#8540);
#8542 = PLANE('',#8541);
#8543 = FACE_SURFACE('',(#8538),#8542,.T.);
#8544 = POLY_LOOP('',(#55,#56,#214));
#8545 = FACE_OUTER_BOUND('',#8544,.T.);
#8546 = DIRECTION('',(0.000000,0.000000,1.000000));
#8547 = DIRECTION('',(1.000000,0.000000,0.000000));
#8548 = AXIS2_PLACEMENT_3D('',#55,#8546,#8547);
#8549 = PLANE('',#8548);
#8550 = FACE_SURFACE('',(#8545),#8549,.T.);
#8551 = POLY_LOOP('',(#214,#56,#215));
#8552 = FACE_OUTER_BOUND('',#8551,.T.);
#8553 = DIRECTION('',(0.000000,0.000000,1.000000));
#8554 = DIRECTION('',(1.000000,0.000000,0.000000));
#8555 = AXIS2_PLACEMENT_3D('',#214,#8553,#8554);
#8556 = PLANE('',#8555);
#8557 = FACE_SURFACE('',(#8552),#8556,.T.);
#8558 = POLY_LOOP('',(#56,#57,#215));
#8559 = FACE_OUTER_BOUND('',#8558,.T.);
#8560 = DIRECTION('',(0.000000,0.000000,1.000000));
#8561 = DIRECTION('',(1.000000,0.000000,0.000000));
#8562 = AXIS2_PLACEMENT_3D('',#56,#8560,#8561);
#8563 = PLANE('',#8562);
#8564 = FACE_SURFACE('',(#8559),#8563,.T.);
#8565 = POLY_LOOP('',(#215,#57,#216));
#8566 = FACE_OUTER_BOUND('',#8565,.T.);
#8567 = DIRECTION('',(0.000000,0.000000,1.000000));
#8568 = DIRECTION('',(1.000000,0.000000,0.000000));
#8569 = AXIS2_PLACEMENT_3D('',#215,#8567,#8568);
#8570 = PLANE('',#8569);
#8571 = FACE_SURFACE('',(#8566),#8570,.T.);
#8572 = POLY_LOOP('',(#57,#58,#216));
#8573 = FACE_OUTER_BOUND('',#8572,.T.);
#8574 = DIRECTION('',(0.000000,0.000000,1.000000));
#8575 = DIRECTION('',(1.000000,0.000000,0.000000));
#8576 = AXIS2_PLACEMENT_3D('',#57,#8574,#8575);
#8577 = PLANE('',#8576);
#8578 = FACE_SURFACE('',(#8573),#8577,.T.);
#8579 = POLY_LOOP('',(#216,#58,#217));
#8580 = FACE_OUTER_BOUND('',#8579,.T.);
#8581 = DIRECTION('',(0.000000,0.000000,1.000000));
#8582 = DIRECTION('',(1.000000,0.000000,0.000000));
#8583 = AXIS2_PLACEMENT_3D('',#216,#8581,#8582);
#8584 = PLANE('',#8583);
#8585 = FACE_SURFACE('',(#8580),#8584,.T.);
#8586 = POLY_LOOP('',(#58,#60,#217));
#8587 = FACE_OUTER_BOUND('',#8586,.T.);
#8588 = DIRECTION('',(0.000000,0.000000,1.000000));
#8589 = DIRECTION('',(1.000000,0.000000,0.000000));
#8590 = AXIS2_PLACEMENT_3D('',#58,#8588,#8589);
#8591 = PLANE('',#8590);
#8592 = FACE_SURFACE('',(#8587),#8591,.T.);
#8593 = POLY_LOOP('',(#217,#60,#218));
#8594 = FACE_OUTER_BOUND('',#8593,.T.);
#8595 = DIRECTION('',(0.000000,0.000000,1.000000));
#8596 = DIRECTION('',(1.000000,0.000000,0.000000));
#8597 = AXIS2_PLACEMENT_3D('',#217,#8595,#8596);
#8598 = PLANE('',#8597);
#8599 = FACE_SURFACE('',(#8594),#8598,.T.);
#8600 = POLY_LOOP('',(#60,#62,#218));
#8601 = FACE_OUTER_BOUND('',#8600,.T.);
#8602 = DIRECTION('',(0.000000,0.000000,1.000000));
#8603 = DIRECTION('',(1.000000,0.000000,0.000000));
#8604 = AXIS2_PLACEMENT_3D('',#60,#8602,#8603);
#8605 = PLANE('',#8604);
#8606 = FACE_SURFACE('',(#8601),#8605,.T.);
#8607 = POLY_LOOP('',(#218,#62,#219));
#8608 = FACE_OUTER_BOUND('',#8607,.T.);
#8609 = DIRECTION('',(0.000000,0.000000,1.000000));
#8610 = DIRECTION('',(1.000000,0.000000,0.000000));
#8611 = AXIS2_PLACEMENT_3D('',#218,#8609,#8610);
#8612 = PLANE('',#8611);
#8613 = FACE_SURFACE('',(#8608),#8612,.T.);
#8614 = POLY_LOOP('',(#62,#64,#219));
#8615 = FACE_OUTER_BOUND('',#8614,.T.);
#8616 = DIRECTION('',(0.000000,0.000000,1.000000));
#8617 = DIRECTION('',(1.000000,0.000000,0.000000));
#8618 = AXIS2_PLACEMENT_3D('',#62,#8616,#8617);
#8619 = PLANE('',#8618);
#8620 = FACE_SURFACE('',(#8615),#8619,.T.);
#8621 = POLY_LOOP('',(#219,#64,#220));
#8622 = FACE_OUTER_BOUND('',#8621,.T.);
#8623 = DIRECTION('',(0.000000,0.000000,1.000000));
#8624 = DIRECTION('',(1.000000,0.000000,0.000000));
#8625 = AXIS2_PLACEMENT_3D('',#219,#8623,#8624);
#8626 = PLANE('',#8625);
#8627 = FACE_SURFACE('',(#8622),#8626,.T.);
#8628 = POLY_LOOP('',(#64,#66,#220));
#8629 = FACE_OUTER_BOUND('',#8628,.T.);
#8630 = DIRECTION('',(0.000000,0.000000,1.000000));
#8631 = DIRECTION('',(1.000000,0.000000,0.000000));
#8632 = AXIS2_PLACEMENT_3D('',#64,#8630,#8631);
#8633 = PLANE('',#8632);
#8634 = FACE_SURFACE('',(#8629),#8633,.T.);
#8635 = POLY_LOOP('',(#220,#66,#221));
#8636 = FACE_OUTER_BOUND('',#8635,.T.);
#8637 = DIRECTION('',(0.000000,0.000000,1.000000));
#8638 = DIRECTION('',(1.000000,0.000000,0.000000));
#8639 = AXIS2_PLACEMENT_3D('',#220,#8637,#8638);
#8640 = PLANE('',#8639);
#8641 = FACE_SURFACE('',(#8636),#8640,.T.);
#8642 = POLY_LOOP('',(#66,#78,#221));
#8643 = FACE_OUTER_BOUND('',#8642,.T.);
#8644 = DIRECTION('',(0.000000,0.000000,1.000000));
#8645 = DIRECTION('',(1.000000,0.000000,0.000000));
#8646 = AXIS2_PLACEMENT_3D('',#66,#8644,#8645);
#8647 = PLANE('',#8646);
#8648 = FACE_SURFACE('',(#8643),#8647,.T.);
#8649 = POLY_LOOP('',(#221,#78,#222));
#8650 = FACE_OUTER_BOUND('',#8649,.T.);
#8651 = DIRECTION('',(0.000000,0.000000,1.000000));
#8652 = DIRECTION('',(1.000000,0.000000,0.000000));
#8653 = AXIS2_PLACEMENT_3D('',#221,#8651,#8652);
#8654 = PLANE('',#8653);
#8655 = FACE_SURFACE('',(#8650),#8654,.T.);
#8656 = POLY_LOOP('',(#78,#77,#222));
#8657 = FACE_OUTER_BOUND('',#8656,.T.);
#8658 = DIRECTION('',(0.000000,0.000000,1.000000));
#8659 = DIRECTION('',(1.000000,0.000000,0.000000));
#8660 = AXIS2_PLACEMENT_3D('',#78,#8658,#8659);
#8661 = PLANE('',#8660);
#8662 = FACE_SURFACE('',(#8657),#8661,.T.);
#8663 = POLY_LOOP('',(#222,#77,#223));
#8664 = FACE_OUTER_BOUND('',#8663,.T.);
#8665 = DIRECTION('',(0.000000,0.000000,1.000000));
#8666 = DIRECTION('',(1.000000,0.000000,0.000000));
#8667 = AXIS2_PLACEMENT_3D('',#222,#8665,#8666);
#8668 = PLANE('',#8667);
#8669 = FACE_SURFACE('',(#8664),#8668,.T.);
#8670 = POLY_LOOP('',(#77,#76,#223));
#8671 = FACE_OUTER_BOUND('',#8670,.T.);
#8672 = DIRECTION('',(0.000000,0.000000,1.000000));
#8673 = DIRECTION('',(1.000000,0.000000,0.000000));
#8674 = AXIS2_PLACEMENT_3D('',#77,#8672,#8673);
#8675 = PLANE('',#8674);
#8676 = FACE_SURFACE('',(#8671),#8675,.T.);
#8677 = POLY_LOOP('',(#223,#76,#224));
#8678 = FACE_OUTER_BOUND('',#8677,.T.);
#8679 = DIRECTION('',(0.000000,0.000000,1.000000));
#8680 = DIRECTION('',(1.000000,0.000000,0.000000));
#8681 = AXIS2_PLACEMENT_3D('',#223,#8679,#8680);
#8682 = PLANE('',#8681);
#8683 = FACE_SURFACE('',(#8678),#8682,.T.);
#8684 = POLY_LOOP('',(#76,#75,#224));
#8685 = FACE_OUTER_BOUND('',#8684,.T.);
#8686 = DIRECTION('',(0.000000,0.000000,1.000000));
#8687 = DIRECTION('',(1.000000,0.000000,0.000000));
#8688 = AXIS2_PLACEMENT_3D('',#76,#8686,#8687);
#8689 = PLANE('',#8688);
#8690 = FACE_SURFACE('',(#8685),#8689,.T.);
#8691 = POLY_LOOP('',(#224,#75,#225));
#8692 = FACE_OUTER_BOUND('',#8691,.T.);
#8693 = DIRECTION('',(0.000000,0.000000,1.000000));
#8694 = DIRECTION('',(1.000000,0.000000,0.000000));
#8695 = AXIS2_PLACEMENT_3D('',#224,#8693,#8694);
#8696 = PLANE('',#8695);
#8697 = FACE_SURFACE('',(#8692),#8696,.T.);
#8698 = POLY_LOOP('',(#75,#74,#225));
#8699 = FACE_OUTER_BOUND('',#8698,.T.);
#8700 = DIRECTION('',(0.000000,0.000000,1.000000));
#8701 = DIRECTION('',(1.000000,0.000000,0.000000));
#8702 = AXIS2_PLACEMENT_3D('',#75,#8700,#8701);
#8703 = PLANE('',#8702);
#8704 = FACE_SURFACE('',(#8699),#8703,.T.);
#8705 = POLY_LOOP('',(#225,#74,#226));
#8706 = FACE_OUTER_BOUND('',#8705,.T.);
#8707 = DIRECTION('',(0.000000,0.000000,1.000000));
#8708 = DIRECTION('',(1.000000,0.000000,0.000000));
#8709 = AXIS2_PLACEMENT_3D('',#225,#8707,#8708);
#8710 = PLANE('',#8709);
#8711 = FACE_SURFACE('',(#8706),#8710,.T.);
#8712 = POLY_LOOP('',(#74,#73,#226));
#8713 = FACE_OUTER_BOUND('',#8712,.T.);
#8714 = DIRECTION('',(0.000000,0.000000,1.000000));
#8715 = DIRECTION('',(1.000000,0.000000,0.000000));
#8716 = AXIS2_PLACEMENT_3D('',#74,#8714,#8715);
#8717 = PLANE('',#8716);
#8718 = FACE_SURFACE('',(#8713),#8717,.T.);
#8719 = POLY_LOOP('',(#226,#73,#227));
#8720 = FACE_OUTER_BOUND('',#8719,.T.);
#8721 = DIRECTION('',(0.000000,0.000000,1.000000));
#8722 = DIRECTION('',(1.000000,0.000000,0.000000));
#8723 = AXIS2_PLACEMENT_3D('',#226,#8721,#8722);
#8724 = PLANE('',#8723);
#8725 = FACE_SURFACE('',(#8720),#8724,.T.);
#8726 = POLY_LOOP('',(#73,#72,#227));
#8727 = FACE_OUTER_BOUND('',#8726,.T.);
#8728 = DIRECTION('',(0.000000,0.000000,1.000000));
#8729 = DIRECTION('',(1.000000,0.000000,0.000000));
#8730 = AXIS2_PLACEMENT_3D('',#73,#8728,#8729);
#8731 = PLANE('',#8730);
#8732 = FACE_SURFACE('',(#8727),#8731,.T.);
#8733 = POLY_LOOP('',(#227,#72,#228));
#8734 = FACE_OUTER_BOUND('',#8733,.T.);
#8735 = DIRECTION('',(0.000000,0.000000,1.000000));
#8736 = DIRECTION('',(1.000000,0.000000,0.000000));
#8737 = AXIS2_PLACEMENT_3D('',#227,#8735,#8736);
#8738 = PLANE('',#8737);
#8739 = FACE_SURFACE('',(#8734),#8738,.T.);
#8740 = POLY_LOOP('',(#228,#72,#229));
#8741 = FACE_OUTER_BOUND('',#8740,.T.);
#8742 = DIRECTION('',(0.000000,0.000000,1.000000));
#8743 = DIRECTION('',(1.000000,0.000000,0.000000));
#8744 = AXIS2_PLACEMENT_3D('',#228,#8742,#8743);
#8745 = PLANE('',#8744);
#8746 = FACE_SURFACE('',(#8741),#8745,.T.);
#8747 = POLY_LOOP('',(#229,#72,#71));
#8748 = FACE_OUTER_BOUND('',#8747,.T.);
#8749 = DIRECTION('',(0.000000,0.000000,1.000000));
#8750 = DIRECTION('',(1.000000,0.000000,0.000000));
#8751 = AXIS2_PLACEMENT_3D('',#229,#8749,#8750);
#8752 = PLANE('',#8751);
#8753 = FACE_SURFACE('',(#8748),#8752,.T.);
#8754 = POLY_LOOP('',(#229,#71,#230));
#8755 = FACE_OUTER_BOUND('',#8754,.T.);
#8756 = DIRECTION('',(0.000000,0.000000,1.000000));
#8757 = DIRECTION('',(1.000000,0.000000,0.000000));
#8758 = AXIS2_PLACEMENT_3D('',#229,#8756,#8757);
#8759 = PLANE('',#8758);
#8760 = FACE_SURFACE('',(#8755),#8759,.T.);
#8761 = POLY_LOOP('',(#230,#71,#70));
#8762 = FACE_OUTER_BOUND('',#8761,.T.);
#8763 = DIRECTION('',(0.000000,0.000000,1.000000));
#8764 = DIRECTION('',(1.000000,0.000000,0.000000));
#8765 = AXIS2_PLACEMENT_3D('',#230,#8763,#8764);
#8766 = PLANE('',#8765);
#8767 = FACE_SURFACE('',(#8762),#8766,.T.);
#8768 = POLY_LOOP('',(#230,#70,#231));
#8769 = FACE_OUTER_BOUND('',#8768,.T.);
#8770 = DIRECTION('',(0.000000,0.000000,1.000000));
#8771 = DIRECTION('',(1.000000,0.000000,0.000000));
#8772 = AXIS2_PLACEMENT_3D('',#230,#8770,#8771);
#8773 = PLANE('',#8772);
#8774 = FACE_SURFACE('',(#8769),#8773,.T.);
#8775 = POLY_LOOP('',(#231,#70,#69));
#8776 = FACE_OUTER_BOUND('',#8775,.T.);
#8777 = DIRECTION('',(0.000000,0.000000,1.000000));
#8778 = DIRECTION('',(1.000000,0.000000,0.000000));
#8779 = AXIS2_PLACEMENT_3D('',#231,#8777,#8778);
#8780 = PLANE('',#8779);
#8781 = FACE_SURFACE('',(#8776),#8780,.T.);
#8782 = POLY_LOOP('',(#231,#69,#232));
#8783 = FACE_OUTER_BOUND('',#8782,.T.);
#8784 = DIRECTION('',(0.000000,0.000000,1.000000));
#8785 = DIRECTION('',(1.000000,0.000000,0.000000));
#8786 = AXIS2_PLACEMENT_3D('',#231,#8784,#8785);
#8787 = PLANE('',#8786);
#8788 = FACE_SURFACE('',(#8783),#8787,.T.);
#8789 = POLY_LOOP('',(#232,#69,#68));
#8790 = FACE_OUTER_BOUND('',#8789,.T.);
#8791 = DIRECTION('',(0.000000,0.000000,1.000000));
#8792 = DIRECTION('',(1.000000,0.000000,0.000000));
#8793 = AXIS2_PLACEMENT_3D('',#232,#8791,#8792);
#8794 = PLANE('',#8793);
#8795 = FACE_SURFACE('',(#8790),#8794,.T.);
#8796 = POLY_LOOP('',(#232,#68,#233));
#8797 = FACE_OUTER_BOUND('',#8796,.T.);
#8798 = DIRECTION('',(0.000000,0.000000,1.000000));
#8799 = DIRECTION('',(1.000000,0.000000,0.000000));
#8800 = AXIS2_PLACEMENT_3D('',#232,#8798,#8799);
#8801 = PLANE('',#8800);
#8802 = FACE_SURFACE('',(#8797),#8801,.T.);
#8803 = POLY_LOOP('',(#233,#68,#67));
#8804 = FACE_OUTER_BOUND('',#8803,.T.);
#8805 = DIRECTION('',(0.000000,0.000000,1.000000));
#8806 = DIRECTION('',(1.000000,0.000000,0.000000));
#8807 = AXIS2_PLACEMENT_3D('',#233,#8805,#8806);
#8808 = PLANE('',#8807);
#8809 = FACE_SURFACE('',(#8804),#8808,.T.);
#8810 = POLY_LOOP('',(#233,#67,#129));
#8811 = FACE_OUTER_BOUND('',#8810,.T.);
#8812 = DIRECTION('',(0.000000,0.000000,1.000000));
#8813 = DIRECTION('',(1.000000,0.000000,0.000000));
#8814 = AXIS2_PLACEMENT_3D('',#233,#8812,#8813);
#8815 = PLANE('',#8814);
#8816 = FACE_SURFACE('',(#8811),#8815,.T.);
#8817 = POLY_LOOP('',(#129,#67,#65));
#8818 = FACE_OUTER_BOUND('',#8817,.T.);
#8819 = DIRECTION('',(0.000000,0.000000,1.000000));
#8820 = DIRECTION('',(1.000000,0.000000,0.000000));
#8821 = AXIS2_PLACEMENT_3D('',#129,#8819,#8820);
#8822 = PLANE('',#8821);
#8823 = FACE_SURFACE('',(#8818),#8822,.T.);
#8824 = POLY_LOOP('',(#129,#65,#130));
#8825 = FACE_OUTER_BOUND('',#8824,.T.);
#8826 = DIRECTION('',(0.000000,0.000000,1.000000));
#8827 = DIRECTION('',(1.000000,0.000000,0.000000));
#8828 = AXIS2_PLACEMENT_3D('',#129,#8826,#8827);
#8829 = PLANE('',#8828);
#8830 = FACE_SURFACE('',(#8825),#8829,.T.);
#8831 = POLY_LOOP('',(#130,#65,#63));
#8832 = FACE_OUTER_BOUND('',#8831,.T.);
#8833 = DIRECTION('',(0.000000,0.000000,1.000000));
#8834 = DIRECTION('',(1.000000,0.000000,0.000000));
#8835 = AXIS2_PLACEMENT_3D('',#130,#8833,#8834);
#8836 = PLANE('',#8835);
#8837 = FACE_SURFACE('',(#8832),#8836,.T.);
#8838 = POLY_LOOP('',(#130,#63,#132));
#8839 = FACE_OUTER_BOUND('',#8838,.T.);
#8840 = DIRECTION('',(0.000000,0.000000,1.000000));
#8841 = DIRECTION('',(1.000000,0.000000,0.000000));
#8842 = AXIS2_PLACEMENT_3D('',#130,#8840,#8841);
#8843 = PLANE('',#8842);
#8844 = FACE_SURFACE('',(#8839),#8843,.T.);
#8845 = POLY_LOOP('',(#132,#63,#61));
#8846 = FACE_OUTER_BOUND('',#8845,.T.);
#8847 = DIRECTION('',(0.000000,0.000000,1.000000));
#8848 = DIRECTION('',(1.000000,0.000000,0.000000));
#8849 = AXIS2_PLACEMENT_3D('',#132,#8847,#8848);
#8850 = PLANE('',#8849);
#8851 = FACE_SURFACE('',(#8846),#8850,.T.);
#8852 = POLY_LOOP('',(#132,#61,#134));
#8853 = FACE_OUTER_BOUND('',#8852,.T.);
#8854 = DIRECTION('',(0.000000,0.000000,1.000000));
#8855 = DIRECTION('',(1.000000,0.000000,0.000000));
#8856 = AXIS2_PLACEMENT_3D('',#132,#8854,#8855);
#8857 = PLANE('',#8856);
#8858 = FACE_SURFACE('',(#8853),#8857,.T.);
#8859 = POLY_LOOP('',(#134,#61,#59));
#8860 = FACE_OUTER_BOUND('',#8859,.T.);
#8861 = DIRECTION('',(0.000000,0.000000,1.000000));
#8862 = DIRECTION('',(1.000000,0.000000,0.000000));
#8863 = AXIS2_PLACEMENT_3D('',#134,#8861,#8862);
#8864 = PLANE('',#8863);
#8865 = FACE_SURFACE('',(#8860),#8864,.T.);
#8866 = POLY_LOOP('',(#134,#59,#136));
#8867 = FACE_OUTER_BOUND('',#8866,.T.);
#8868 = DIRECTION('',(0.000000,0.000000,1.000000));
#8869 = DIRECTION('',(1.000000,0.000000,0.000000));
#8870 = AXIS2_PLACEMENT_3D('',#134,#8868,#8869);
#8871 = PLANE('',#8870);
#8872 = FACE_SURFACE('',(#8867),#8871,.T.);
#8873 = POLY_LOOP('',(#136,#59,#47));
#8874 = FACE_OUTER_BOUND('',#8873,.T.);
#8875 = DIRECTION('',(0.000000,0.000000,1.000000));
#8876 = DIRECTION('',(1.000000,0.000000,0.000000));
#8877 = AXIS2_PLACEMENT_3D('',#136,#8875,#8876);
#8878 = PLANE('',#8877);
#8879 = FACE_SURFACE('',(#8874),#8878,.T.);
#8880 = POLY_LOOP('',(#136,#47,#138));
#8881 = FACE_OUTER_BOUND('',#8880,.T.);
#8882 = DIRECTION('',(0.000000,0.000000,1.000000));
#8883 = DIRECTION('',(1.000000,0.000000,0.000000));
#8884 = AXIS2_PLACEMENT_3D('',#136,#8882,#8883);
#8885 = PLANE('',#8884);
#8886 = FACE_SURFACE('',(#8881),#8885,.T.);
#8887 = POLY_LOOP('',(#138,#47,#48));
#8888 = FACE_OUTER_BOUND('',#8887,.T.);
#8889 = DIRECTION('',(0.000000,0.000000,1.000000));
#8890 = DIRECTION('',(1.000000,0.000000,0.000000));
#8891 = AXIS2_PLACEMENT_3D('',#138,#8889,#8890);
#8892 = PLANE('',#8891);
#8893 = FACE_SURFACE('',(#8888),#8892,.T.);
#8894 = POLY_LOOP('',(#138,#48,#140));
#8895 = FACE_OUTER_BOUND('',#8894,.T.);
#8896 = DIRECTION('',(0.000000,0.000000,1.000000));
#8897 = DIRECTION('',(1.000000,0.000000,0.000000));
#8898 = AXIS2_PLACEMENT_3D('',#138,#8896,#8897);
#8899 = PLANE('',#8898);
#8900 = FACE_SURFACE('',(#8895),#8899,.T.);
#8901 = POLY_LOOP('',(#140,#48,#45));
#8902 = FACE_OUTER_BOUND('',#8901,.T.);
#8903 = DIRECTION('',(0.000000,0.000000,1.000000));
#8904 = DIRECTION('',(1.000000,0.000000,0.000000));
#8905 = AXIS2_PLACEMENT_3D('',#140,#8903,#8904);
#8906 = PLANE('',#8905);
#8907 = FACE_SURFACE('',(#8902),#8906,.T.);
#8908 = POLY_LOOP('',(#140,#45,#142));
#8909 = FACE_OUTER_BOUND('',#8908,.T.);
#8910 = DIRECTION('',(0.000000,0.000000,1.000000));
#8911 = DIRECTION('',(1.000000,0.000000,0.000000));
#8912 = AXIS2_PLACEMENT_3D('',#140,#8910,#8911);
#8913 = PLANE('',#8912);
#8914 = FACE_SURFACE('',(#8909),#8913,.T.);
#8915 = POLY_LOOP('',(#142,#45,#46));
#8916 = FACE_OUTER_BOUND('',#8915,.T.);
#8917 = DIRECTION('',(0.000000,0.000000,1.000000));
#8918 = DIRECTION('',(1.000000,0.000000,0.000000));
#8919 = AXIS2_PLACEMENT_3D('',#142,#8917,#8918);
#8920 = PLANE('',#8919);
#8921 = FACE_SURFACE('',(#8916),#8920,.T.);
#8922 = POLY_LOOP('',(#142,#46,#144));
#8923 = FACE_OUTER_BOUND('',#8922,.T.);
#8924 = DIRECTION('',(0.000000,0.000000,1.000000));
#8925 = DIRECTION('',(1.000000,0.000000,0.000000));
#8926 = AXIS2_PLACEMENT_3D('',#142,#8924,#8925);
#8927 = PLANE('',#8926);
#8928 = FACE_SURFACE('',(#8923),#8927,.T.);
#8929 = POLY_LOOP('',(#144,#46,#146));
#8930 = FACE_OUTER_BOUND('',#8929,.T.);
#8931 = DIRECTION('',(0.000000,0.000000,1.000000));
#8932 = DIRECTION('',(1.000000,0.000000,0.000000));
#8933 = AXIS2_PLACEMENT_3D('',#144,#8931,#8932);
#8934 = PLANE('',#8933);
#8935 = FACE_SURFACE('',(#8930),#8934,.T.);
#8936 = POLY_LOOP('',(#46,#41,#146));
#8937 = FACE_OUTER_BOUND('',#8936,.T.);
#8938 = DIRECTION('',(0.000000,0.000000,1.000000));
#8939 = DIRECTION('',(1.000000,0.000000,0.000000));
#8940 = AXIS2_PLACEMENT_3D('',#46,#8938,#8939);
#8941 = PLANE('',#8940);
#8942 = FACE_SURFACE('',(#8937),#8941,.T.);
#8943 = POLY_LOOP('',(#146,#41,#148));
#8944 = FACE_OUTER_BOUND('',#8943,.T.);
#8945 = DIRECTION('',(0.000000,0.000000,1.000000));
#8946 = DIRECTION('',(1.000000,0.000000,0.000000));
#8947 = AXIS2_PLACEMENT_3D('',#146,#8945,#8946);
#8948 = PLANE('',#8947);
#8949 = FACE_SURFACE('',(#8944),#8948,.T.);
#8950 = POLY_LOOP('',(#41,#42,#148));
#8951 = FACE_OUTER_BOUND('',#8950,.T.);
#8952 = DIRECTION('',(0.000000,0.000000,1.000000));
#8953 = DIRECTION('',(1.000000,0.000000,0.000000));
#8954 = AXIS2_PLACEMENT_3D('',#41,#8952,#8953);
#8955 = PLANE('',#8954);
#8956 = FACE_SURFACE('',(#8951),#8955,.T.);
#8957 = POLY_LOOP('',(#148,#42,#150));
#8958 = FACE_OUTER_BOUND('',#8957,.T.);
#8959 = DIRECTION('',(0.000000,0.000000,1.000000));
#8960 = DIRECTION('',(1.000000,0.000000,0.000000));
#8961 = AXIS2_PLACEMENT_3D('',#148,#8959,#8960);
#8962 = PLANE('',#8961);
#8963 = FACE_SURFACE('',(#8958),#8962,.T.);
#8964 = POLY_LOOP('',(#42,#43,#150));
#8965 = FACE_OUTER_BOUND('',#8964,.T.);
#8966 = DIRECTION('',(0.000000,0.000000,1.000000));
#8967 = DIRECTION('',(1.000000,0.000000,0.000000));
#8968 = AXIS2_PLACEMENT_3D('',#42,#8966,#8967);
#8969 = PLANE('',#8968);
#8970 = FACE_SURFACE('',(#8965),#8969,.T.);
#8971 = POLY_LOOP('',(#150,#43,#152));
#8972 = FACE_OUTER_BOUND('',#8971,.T.);
#8973 = DIRECTION('',(0.000000,0.000000,1.000000));
#8974 = DIRECTION('',(1.000000,0.000000,0.000000));
#8975 = AXIS2_PLACEMENT_3D('',#150,#8973,#8974);
#8976 = PLANE('',#8975);
#8977 = FACE_SURFACE('',(#8972),#8976,.T.);
#8978 = POLY_LOOP('',(#43,#44,#152));
#8979 = FACE_OUTER_BOUND('',#8978,.T.);
#8980 = DIRECTION('',(0.000000,0.000000,1.000000));
#8981 = DIRECTION('',(1.000000,0.000000,0.000000));
#8982 = AXIS2_PLACEMENT_3D('',#43,#8980,#8981);
#8983 = PLANE('',#8982);
#8984 = FACE_SURFACE('',(#8979),#8983,.T.);
#8985 = POLY_LOOP('',(#152,#44,#154));
#8986 = FACE_OUTER_BOUND('',#8985,.T.);
#8987 = DIRECTION('',(0.000000,0.000000,1.000000));
#8988 = DIRECTION('',(1.000000,0.000000,0.000000));
#8989 = AXIS2_PLACEMENT_3D('',#152,#8987,#8988);
#8990 = PLANE('',#8989);
#8991 = FACE_SURFACE('',(#8986),#8990,.T.);
#8992 = POLY_LOOP('',(#44,#40,#154));
#8993 = FACE_OUTER_BOUND('',#8992,.T.);
#8994 = DIRECTION('',(0.000000,0.000000,1.000000));
#8995 = DIRECTION('',(1.000000,0.000000,0.000000));
#8996 = AXIS2_PLACEMENT_3D('',#44,#8994,#8995);
#8997 = PLANE('',#8996);
#8998 = FACE_SURFACE('',(#8993),#8997,.T.);
#8999 = POLY_LOOP('',(#154,#40,#156));
#9000 = FACE_OUTER_BOUND('',#8999,.T.);
#9001 = DIRECTION('',(0.000000,0.000000,1.000000));
#9002 = DIRECTION('',(1.000000,0.000000,0.000000));
#9003 = AXIS2_PLACEMENT_3D('',#154,#9001,#9002);
#9004 = PLANE('',#9003);
#9005 = FACE_SURFACE('',(#9000),#9004,.T.);
#9006 = POLY_LOOP('',(#40,#39,#156));
#9007 = FACE_OUTER_BOUND('',#9006,.T.);
#9008 = DIRECTION('',(0.000000,0.000000,1.000000));
#9009 = DIRECTION('',(1.000000,0.000000,0.000000));
#9010 = AXIS2_PLACEMENT_3D('',#40,#9008,#9009);
#9011 = PLANE('',#9010);
#9012 = FACE_SURFACE('',(#9007),#9011,.T.);
#9013 = POLY_LOOP('',(#156,#39,#158));
#9014 = FACE_OUTER_BOUND('',#9013,.T.);
#9015 = DIRECTION('',(0.000000,0.000000,1.000000));
#9016 = DIRECTION('',(1.000000,0.000000,0.000000));
#9017 = AXIS2_PLACEMENT_3D('',#156,#9015,#9016);
#9018 = PLANE('',#9017);
#9019 = FACE_SURFACE('',(#9014),#9018,.T.);
#9020 = POLY_LOOP('',(#39,#38,#158));
#9021 = FACE_OUTER_BOUND('',#9020,.T.);
#9022 = DIRECTION('',(0.000000,0.000000,1.000000));
#9023 = DIRECTION('',(1.000000,0.000000,0.000000));
#9024 = AXIS2_PLACEMENT_3D('',#39,#9022,#9023);
#9025 = PLANE('',#9024);
#9026 = FACE_SURFACE('',(#9021),#9025,.T.);
#9027 = POLY_LOOP('',(#158,#38,#160));
#9028 = FACE_OUTER_BOUND('',#9027,.T.);
#9029 = DIRECTION('',(0.000000,0.000000,1.000000));
#9030 = DIRECTION('',(1.000000,0.000000,0.000000));
#9031 = AXIS2_PLACEMENT_3D('',#158,#9029,#9030);
#9032 = PLANE('',#9031);
#9033 = FACE_SURFACE('',(#9028),#9032,.T.);
#9034 = POLY_LOOP('',(#38,#37,#160));
#9035 = FACE_OUTER_BOUND('',#9034,.T.);
#9036 = DIRECTION('',(0.000000,0.000000,1.000000));
#9037 = DIRECTION('',(1.000000,0.000000,0.000000));
#9038 = AXIS2_PLACEMENT_3D('',#38,#9036,#9037);
#9039 = PLANE('',#9038);
#9040 = FACE_SURFACE('',(#9035),#9039,.T.);
#9041 = POLY_LOOP('',(#160,#37,#162));
#9042 = FACE_OUTER_BOUND('',#9041,.T.);
#9043 = DIRECTION('',(0.000000,0.000000,1.000000));
#9044 = DIRECTION('',(1.000000,0.000000,0.000000));
#9045 = AXIS2_PLACEMENT_3D('',#160,#9043,#9044);
#9046 = PLANE('',#9045);
#9047 = FACE_SURFACE('',(#9042),#9046,.T.);
#9048 = POLY_LOOP('',(#37,#35,#162));
#9049 = FACE_OUTER_BOUND('',#9048,.T.);
#9050 = DIRECTION('',(0.000000,0.000000,1.000000));
#9051 = DIRECTION('',(1.000000,0.000000,0.000000));
#9052 = AXIS2_PLACEMENT_3D('',#37,#9050,#9051);
#9053 = PLANE('',#9052);
#9054 = FACE_SURFACE('',(#9049),#9053,.T.);
#9055 = POLY_LOOP('',(#162,#35,#164));
#9056 = FACE_OUTER_BOUND('',#9055,.T.);
#9057 = DIRECTION('',(0.000000,0.000000,1.000000));
#9058 = DIRECTION('',(1.000000,0.000000,0.000000));
#9059 = AXIS2_PLACEMENT_3D('',#162,#9057,#9058);
#9060 = PLANE('',#9059);
#9061 = FACE_SURFACE('',(#9056),#9060,.T.);
#9062 = POLY_LOOP('',(#35,#36,#164));
#9063 = FACE_OUTER_BOUND('',#9062,.T.);
#9064 = DIRECTION('',(0.000000,0.000000,1.000000));
#9065 = DIRECTION('',(1.000000,0.000000,0.000000));
#9066 = AXIS2_PLACEMENT_3D('',#35,#9064,#9065);
#9067 = PLANE('',#9066);
#9068 = FACE_SURFACE('',(#9063),#9067,.T.);
#9069 = POLY_LOOP('',(#164,#36,#166));
#9070 = FACE_OUTER_BOUND('',#9069,.T.);
#9071 = DIRECTION('',(0.000000,0.000000,1.000000));
#9072 = DIRECTION('',(1.000000,0.000000,0.000000));
#9073 = AXIS2_PLACEMENT_3D('',#164,#9071,#9072);
#9074 = PLANE('',#9073);
#9075 = FACE_SURFACE('',(#9070),#9074,.T.);
#9076 = POLY_LOOP('',(#36,#34,#166));
#9077 = FACE_OUTER_BOUND('',#9076,.T.);
#9078 = DIRECTION('',(0.000000,0.000000,1.000000));
#9079 = DIRECTION('',(1.000000,0.000000,0.000000));
#9080 = AXIS2_PLACEMENT_3D('',#36,#9078,#9079);
#9081 = PLANE('',#9080);
#9082 = FACE_SURFACE('',(#9077),#9081,.T.);
#9083 = POLY_LOOP('',(#166,#34,#168));
#9084 = FACE_OUTER_BOUND('',#9083,.T.);
#9085 = DIRECTION('',(0.000000,0.000000,1.000000));
#9086 = DIRECTION('',(1.000000,0.000000,0.000000));
#9087 = AXIS2_PLACEMENT_3D('',#166,#9085,#9086);
#9088 = PLANE('',#9087);
#9089 = FACE_SURFACE('',(#9084),#9088,.T.);
#9090 = POLY_LOOP('',(#34,#33,#168));
#9091 = FACE_OUTER_BOUND('',#9090,.T.);
#9092 = DIRECTION('',(0.000000,0.000000,1.000000));
#9093 = DIRECTION('',(1.000000,0.000000,0.000000));
#9094 = AXIS2_PLACEMENT_3D('',#34,#9092,#9093);
#9095 = PLANE('',#9094);
#9096 = FACE_SURFACE('',(#9091),#9095,.T.);
#9097 = POLY_LOOP('',(#168,#33,#170));
#9098 = FACE_OUTER_BOUND('',#9097,.T.);
#9099 = DIRECTION('',(0.000000,0.000000,1.000000));
#9100 = DIRECTION('',(1.000000,0.000000,0.000000));
#9101 = AXIS2_PLACEMENT_3D('',#168,#9099,#9100);
#9102 = PLANE('',#9101);
#9103 = FACE_SURFACE('',(#9098),#9102,.T.);
#9104 = POLY_LOOP('',(#33,#31,#170));
#9105 = FACE_OUTER_BOUND('',#9104,.T.);
#9106 = DIRECTION('',(0.000000,0.000000,1.000000));
#9107 = DIRECTION('',(1.000000,0.000000,0.000000));
#9108 = AXIS2_PLACEMENT_3D('',#33,#9106,#9107);
#9109 = PLANE('',#9108);
#9110 = FACE_SURFACE('',(#9105),#9109,.T.);
#9111 = POLY_LOOP('',(#170,#31,#172));
#9112 = FACE_OUTER_BOUND('',#9111,.T.);
#9113 = DIRECTION('',(0.000000,0.000000,1.000000));
#9114 = DIRECTION('',(1.000000,0.000000,0.000000));
#9115 = AXIS2_PLACEMENT_3D('',#170,#9113,#9114);
#9116 = PLANE('',#9115);
#9117 = FACE_SURFACE('',(#9112),#9116,.T.);
#9118 = POLY_LOOP('',(#31,#32,#172));
#9119 = FACE_OUTER_BOUND('',#9118,.T.);
#9120 = DIRECTION('',(0.000000,0.000000,1.000000));
#9121 = DIRECTION('',(1.000000,0.000000,0.000000));
#9122 = AXIS2_PLACEMENT_3D('',#31,#9120,#9121);
#9123 = PLANE('',#9122);
#9124 = FACE_SURFACE('',(#9119),#9123,.T.);
#9125 = POLY_LOOP('',(#172,#32,#174));
#9126 = FACE_OUTER_BOUND('',#9125,.T.);
#9127 = DIRECTION('',(0.000000,0.000000,1.000000));
#9128 = DIRECTION('',(1.000000,0.000000,0.000000));
#9129 = AXIS2_PLACEMENT_3D('',#172,#9127,#9128);
#9130 = PLANE('',#9129);
#9131 = FACE_SURFACE('',(#9126),#9130,.T.);
#9132 = POLY_LOOP('',(#174,#32,#176));
#9133 = FACE_OUTER_BOUND('',#9132,.T.);
#9134 = DIRECTION('',(0.000000,0.000000,1.000000));
#9135 = DIRECTION('',(1.000000,0.000000,0.000000));
#9136 = AXIS2_PLACEMENT_3D('',#174,#9134,#9135);
#9137 = PLANE('',#9136);
#9138 = FACE_SURFACE('',(#9133),#9137,.T.);
#9139 = POLY_LOOP('',(#176,#32,#30));
#9140 = FACE_OUTER_BOUND('',#9139,.T.);
#9141 = DIRECTION('',(0.000000,0.000000,1.000000));
#9142 = DIRECTION('',(1.000000,0.000000,0.000000));
#9143 = AXIS2_PLACEMENT_3D('',#176,#9141,#9142);
#9144 = PLANE('',#9143);
#9145 = FACE_SURFACE('',(#9140),#9144,.T.);
#9146 = POLY_LOOP('',(#176,#30,#178));
#9147 = FACE_OUTER_BOUND('',#9146,.T.);
#9148 = DIRECTION('',(0.000000,0.000000,1.000000));
#9149 = DIRECTION('',(1.000000,0.000000,0.000000));
#9150 = AXIS2_PLACEMENT_3D('',#176,#9148,#9149);
#9151 = PLANE('',#9150);
#9152 = FACE_SURFACE('',(#9147),#9151,.T.);
#9153 = POLY_LOOP('',(#178,#30,#29));
#9154 = FACE_OUTER_BOUND('',#9153,.T.);
#9155 = DIRECTION('',(0.000000,0.000000,1.000000));
#9156 = DIRECTION('',(1.000000,0.000000,0.000000));
#9157 = AXIS2_PLACEMENT_3D('',#178,#9155,#9156);
#9158 = PLANE('',#9157);
#9159 = FACE_SURFACE('',(#9154),#9158,.T.);
#9160 = POLY_LOOP('',(#178,#29,#180));
#9161 = FACE_OUTER_BOUND('',#9160,.T.);
#9162 = DIRECTION('',(0.000000,0.000000,1.000000));
#9163 = DIRECTION('',(1.000000,0.000000,0.000000));
#9164 = AXIS2_PLACEMENT_3D('',#178,#9162,#9163);
#9165 = PLANE('',#9164);
#9166 = FACE_SURFACE('',(#9161),#9165,.T.);
#9167 = POLY_LOOP('',(#180,#29,#27));
#9168 = FACE_OUTER_BOUND('',#9167,.T.);
#9169 = DIRECTION('',(0.000000,0.000000,1.000000));
#9170 = DIRECTION('',(1.000000,0.000000,0.000000));
#9171 = AXIS2_PLACEMENT_3D('',#180,#9169,#9170);
#9172 = PLANE('',#9171);
#9173 = FACE_SURFACE('',(#9168),#9172,.T.);
#9174 = POLY_LOOP('',(#180,#27,#182));
#9175 = FACE_OUTER_BOUND('',#9174,.T.);
#9176 = DIRECTION('',(0.000000,0.000000,1.000000));
#9177 = DIRECTION('',(1.000000,0.000000,0.000000));
#9178 = AXIS2_PLACEMENT_3D('',#180,#9176,#9177);
#9179 = PLANE('',#9178);
#9180 = FACE_SURFACE('',(#9175),#9179,.T.);
#9181 = POLY_LOOP('',(#182,#27,#28));
#9182 = FACE_OUTER_BOUND('',#9181,.T.);
#9183 = DIRECTION('',(0.000000,0.000000,1.000000));
#9184 = DIRECTION('',(1.000000,0.000000,0.000000));
#9185 = AXIS2_PLACEMENT_3D('',#182,#9183,#9184);
#9186 = PLANE('',#9185);
#9187 = FACE_SURFACE('',(#9182),#9186,.T.);
#9188 = POLY_LOOP('',(#182,#28,#184));
#9189 = FACE_OUTER_BOUND('',#9188,.T.);
#9190 = DIRECTION('',(0.000000,0.000000,1.000000));
#9191 = DIRECTION('',(1.000000,0.000000,0.000000));
#9192 = AXIS2_PLACEMENT_3D('',#182,#9190,#9191);
#9193 = PLANE('',#9192);
#9194 = FACE_SURFACE('',(#9189),#9193,.T.);
#9195 = POLY_LOOP('',(#184,#28,#26));
#9196 = FACE_OUTER_BOUND('',#9195,.T.);
#9197 = DIRECTION('',(0.000000,0.000000,1.000000));
#9198 = DIRECTION('',(1.000000,0.000000,0.000000));
#9199 = AXIS2_PLACEMENT_3D('',#184,#9197,#9198);
#9200 = PLANE('',#9199);
#9201 = FACE_SURFACE('',(#9196),#9200,.T.);
#9202 = POLY_LOOP('',(#184,#26,#186));
#9203 = FACE_OUTER_BOUND('',#9202,.T.);
#9204 = DIRECTION('',(0.000000,0.000000,1.000000));
#9205 = DIRECTION('',(1.000000,0.000000,0.000000));
#9206 = AXIS2_PLACEMENT_3D('',#184,#9204,#9205);
#9207 = PLANE('',#9206);
#9208 = FACE_SURFACE('',(#9203),#9207,.T.);
#9209 = POLY_LOOP('',(#186,#26,#25));
#9210 = FACE_OUTER_BOUND('',#9209,.T.);
#9211 = DIRECTION('',(0.000000,0.000000,1.000000));
#9212 = DIRECTION('',(1.000000,0.000000,0.000000));
#9213 = AXIS2_PLACEMENT_3D('',#186,#9211,#9212);
#9214 = PLANE('',#9213);
#9215 = FACE_SURFACE('',(#9210),#9214,.T.);
#9216 = POLY_LOOP('',(#186,#25,#188));
#9217 = FACE_OUTER_BOUND('',#9216,.T.);
#9218 = DIRECTION('',(0.000000,0.000000,1.000000));
#9219 = DIRECTION('',(1.000000,0.000000,0.000000));
#9220 = AXIS2_PLACEMENT_3D('',#186,#9218,#9219);
#9221 = PLANE('',#9220);
#9222 = FACE_SURFACE('',(#9217),#9221,.T.);
#9223 = POLY_LOOP('',(#188,#25,#23));
#9224 = FACE_OUTER_BOUND('',#9223,.T.);
#9225 = DIRECTION('',(0.000000,0.000000,1.000000));
#9226 = DIRECTION('',(1.000000,0.000000,0.000000));
#9227 = AXIS2_PLACEMENT_3D('',#188,#9225,#9226);
#9228 = PLANE('',#9227);
#9229 = FACE_SURFACE('',(#9224),#9228,.T.);
#9230 = POLY_LOOP('',(#188,#23,#190));
#9231 = FACE_OUTER_BOUND('',#9230,.T.);
#9232 = DIRECTION('',(0.000000,0.000000,1.000000));
#9233 = DIRECTION('',(1.000000,0.000000,0.000000));
#9234 = AXIS2_PLACEMENT_3D('',#188,#9232,#9233);
#9235 = PLANE('',#9234);
#9236 = FACE_SURFACE('',(#9231),#9235,.T.);
#9237 = POLY_LOOP('',(#190,#23,#24));
#9238 = FACE_OUTER_BOUND('',#9237,.T.);
#9239 = DIRECTION('',(0.000000,0.000000,1.000000));
#9240 = DIRECTION('',(1.000000,0.000000,0.000000));
#9241 = AXIS2_PLACEMENT_3D('',#190,#9239,#9240);
#9242 = PLANE('',#9241);
#9243 = FACE_SURFACE('',(#9238),#9242,.T.);
#9244 = POLY_LOOP('',(#190,#24,#192));
#9245 = FACE_OUTER_BOUND('',#9244,.T.);
#9246 = DIRECTION('',(0.000000,0.000000,1.000000));
#9247 = DIRECTION('',(1.000000,0.000000,0.000000));
#9248 = AXIS2_PLACEMENT_3D('',#190,#9246,#9247);
#9249 = PLANE('',#9248);
#9250 = FACE_SURFACE('',(#9245),#9249,.T.);
#9251 = POLY_LOOP('',(#192,#24,#22));
#9252 = FACE_OUTER_BOUND('',#9251,.T.);
#9253 = DIRECTION('',(0.000000,0.000000,1.000000));
#9254 = DIRECTION('',(1.000000,0.000000,0.000000));
#9255 = AXIS2_PLACEMENT_3D('',#192,#9253,#9254);
#9256 = PLANE('',#9255);
#9257 = FACE_SURFACE('',(#9252),#9256,.T.);
#9258 = POLY_LOOP('',(#192,#22,#193));
#9259 = FACE_OUTER_BOUND('',#9258,.T.);
#9260 = DIRECTION('',(0.000000,0.000000,1.000000));
#9261 = DIRECTION('',(1.000000,0.000000,0.000000));
#9262 = AXIS2_PLACEMENT_3D('',#192,#9260,#9261);
#9263 = PLANE('',#9262);
#9264 = FACE_SURFACE('',(#9259),#9263,.T.);
#9265 = POLY_LOOP('',(#193,#22,#21));
#9266 = FACE_OUTER_BOUND('',#9265,.T.);
#9267 = DIRECTION('',(0.000000,0.000000,1.000000));
#9268 = DIRECTION('',(1.000000,0.000000,0.000000));
#9269 = AXIS2_PLACEMENT_3D('',#193,#9267,#9268);
#9270 = PLANE('',#9269);
#9271 = FACE_SURFACE('',(#9266),#9270,.T.);
#9272 = POLY_LOOP('',(#193,#21,#194));
#9273 = FACE_OUTER_BOUND('',#9272,.T.);
#9274 = DIRECTION('',(0.000000,0.000000,1.000000));
#9275 = DIRECTION('',(1.000000,0.000000,0.000000));
#9276 = AXIS2_PLACEMENT_3D('',#193,#9274,#9275);
#9277 = PLANE('',#9276);
#9278 = FACE_SURFACE('',(#9273),#9277,.T.);
#9279 = POLY_LOOP('',(#194,#21,#19));
#9280 = FACE_OUTER_BOUND('',#9279,.T.);
#9281 = DIRECTION('',(0.000000,0.000000,1.000000));
#9282 = DIRECTION('',(1.000000,0.000000,0.000000));
#9283 = AXIS2_PLACEMENT_3D('',#194,#9281,#9282);
#9284 = PLANE('',#9283);
#9285 = FACE_SURFACE('',(#9280),#9284,.T.);
#9286 = POLY_LOOP('',(#194,#19,#195));
#9287 = FACE_OUTER_BOUND('',#9286,.T.);
#9288 = DIRECTION('',(0.000000,0.000000,1.000000));
#9289 = DIRECTION('',(1.000000,0.000000,0.000000));
#9290 = AXIS2_PLACEMENT_3D('',#194,#9288,#9289);
#9291 = PLANE('',#9290);
#9292 = FACE_SURFACE('',(#9287),#9291,.T.);
#9293 = POLY_LOOP('',(#195,#19,#20));
#9294 = FACE_OUTER_BOUND('',#9293,.T.);
#9295 = DIRECTION('',(0.000000,0.000000,1.000000));
#9296 = DIRECTION('',(1.000000,0.000000,0.000000));
#9297 = AXIS2_PLACEMENT_3D('',#195,#9295,#9296);
#9298 = PLANE('',#9297);
#9299 = FACE_SURFACE('',(#9294),#9298,.T.);
#9300 = POLY_LOOP('',(#195,#20,#196));
#9301 = FACE_OUTER_BOUND('',#9300,.T.);
#9302 = DIRECTION('',(0.000000,0.000000,1.000000));
#9303 = DIRECTION('',(1.000000,0.000000,0.000000));
#9304 = AXIS2_PLACEMENT_3D('',#195,#9302,#9303);
#9305 = PLANE('',#9304);
#9306 = FACE_SURFACE('',(#9301),#9305,.T.);
#9307 = POLY_LOOP('',(#196,#20,#18));
#9308 = FACE_OUTER_BOUND('',#9307,.T.);
#9309 = DIRECTION('',(0.000000,0.000000,1.000000));
#9310 = DIRECTION('',(1.000000,0.000000,0.000000));
#9311 = AXIS2_PLACEMENT_3D('',#196,#9309,#9310);
#9312 = PLANE('',#9311);
#9313 = FACE_SURFACE('',(#9308),#9312,.T.);
#9314 = POLY_LOOP('',(#196,#18,#197));
#9315 = FACE_OUTER_BOUND('',#9314,.T.);
#9316 = DIRECTION('',(0.000000,0.000000,1.000000));
#9317 = DIRECTION('',(1.000000,0.000000,0.000000));
#9318 = AXIS2_PLACEMENT_3D('',#196,#9316,#9317);
#9319 = PLANE('',#9318);
#9320 = FACE_SURFACE('',(#9315),#9319,.T.);
#9321 = POLY_LOOP('',(#197,#18,#17));
#9322 = FACE_OUTER_BOUND('',#9321,.T.);
#9323 = DIRECTION('',(0.000000,0.000000,1.000000));
#9324 = DIRECTION('',(1.000000,0.000000,0.000000));
#9325 = AXIS2_PLACEMENT_3D('',#197,#9323,#9324);
#9326 = PLANE('',#9325);
#9327 = FACE_SURFACE('',(#9322),#9326,.T.);
#9328 = POLY_LOOP('',(#234,#235,#236));
#9329 = FACE_OUTER_BOUND('',#9328,.T.);
#9330 = DIRECTION('',(0.000000,0.000000,1.000000));
#9331 = DIRECTION('',(1.000000,0.000000,0.000000));
#9332 = AXIS2_PLACEMENT_3D('',#234,#9330,#9331);
#9333 = PLANE('',#9332);
#9334 = FACE_SURFACE('',(#9329),#9333,.T.);
#9335 = POLY_LOOP('',(#236,#235,#237));
#9336 = FACE_OUTER_BOUND('',#9335,.T.);
#9337 = DIRECTION('',(0.000000,0.000000,1.000000));
#9338 = DIRECTION('',(1.000000,0.000000,0.000000));
#9339 = AXIS2_PLACEMENT_3D('',#236,#9337,#9338);
#9340 = PLANE('',#9339);
#9341 = FACE_SURFACE('',(#9336),#9340,.T.);
#9342 = POLY_LOOP('',(#238,#234,#239));
#9343 = FACE_OUTER_BOUND('',#9342,.T.);
#9344 = DIRECTION('',(0.000000,0.000000,1.000000));
#9345 = DIRECTION('',(1.000000,0.000000,0.000000));
#9346 = AXIS2_PLACEMENT_3D('',#238,#9344,#9345);
#9347 = PLANE('',#9346);
#9348 = FACE_SURFACE('',(#9343),#9347,.T.);
#9349 = POLY_LOOP('',(#239,#234,#236));
#9350 = FACE_OUTER_BOUND('',#9349,.T.);
#9351 = DIRECTION('',(0.000000,0.000000,1.000000));
#9352 = DIRECTION('',(1.000000,0.000000,0.000000));
#9353 = AXIS2_PLACEMENT_3D('',#239,#9351,#9352);
#9354 = PLANE('',#9353);
#9355 = FACE_SURFACE('',(#9350),#9354,.T.);
#9356 = POLY_LOOP('',(#240,#238,#241));
#9357 = FACE_OUTER_BOUND('',#9356,.T.);
#9358 = DIRECTION('',(0.000000,0.000000,1.000000));
#9359 = DIRECTION('',(1.000000,0.000000,0.000000));
#9360 = AXIS2_PLACEMENT_3D('',#240,#9358,#9359);
#9361 = PLANE('',#9360);
#9362 = FACE_SURFACE('',(#9357),#9361,.T.);
#9363 = POLY_LOOP('',(#241,#238,#239));
#9364 = FACE_OUTER_BOUND('',#9363,.T.);
#9365 = DIRECTION('',(0.000000,0.000000,1.000000));
#9366 = DIRECTION('',(1.000000,0.000000,0.000000));
#9367 = AXIS2_PLACEMENT_3D('',#241,#9365,#9366);
#9368 = PLANE('',#9367);
#9369 = FACE_SURFACE('',(#9364),#9368,.T.);
#9370 = POLY_LOOP('',(#235,#240,#237));
#9371 = FACE_OUTER_BOUND('',#9370,.T.);
#9372 = DIRECTION('',(0.000000,0.000000,1.000000));
#9373 = DIRECTION('',(1.000000,0.000000,0.000000));
#9374 = AXIS2_PLACEMENT_3D('',#235,#9372,#9373);
#9375 = PLANE('',#9374);
#9376 = FACE_SURFACE('',(#9371),#9375,.T.);
#9377 = POLY_LOOP('',(#237,#240,#241));
#9378 = FACE_OUTER_BOUND('',#9377,.T.);
#9379 = DIRECTION('',(0.000000,0.000000,1.000000));
#9380 = DIRECTION('',(1.000000,0.000000,0.000000));
#9381 = AXIS2_PLACEMENT_3D('',#237,#9379,#9380);
#9382 = PLANE('',#9381);
#9383 = FACE_SURFACE('',(#9378),#9382,.T.);
#9384 = POLY_LOOP('',(#131,#237,#90));
#9385 = FACE_OUTER_BOUND('',#9384,.T.);
#9386 = DIRECTION('',(0.000000,0.000000,1.000000));
#9387 = DIRECTION('',(1.000000,0.000000,0.000000));
#9388 = AXIS2_PLACEMENT_3D('',#131,#9386,#9387);
#9389 = PLANE('',#9388);
#9390 = FACE_SURFACE('',(#9385),#9389,.T.);
#9391 = POLY_LOOP('',(#90,#237,#241));
#9392 = FACE_OUTER_BOUND('',#9391,.T.);
#9393 = DIRECTION('',(0.000000,0.000000,1.000000));
#9394 = DIRECTION('',(1.000000,0.000000,0.000000));
#9395 = AXIS2_PLACEMENT_3D('',#90,#9393,#9394);
#9396 = PLANE('',#9395);
#9397 = FACE_SURFACE('',(#9392),#9396,.T.);
#9398 = POLY_LOOP('',(#90,#241,#89));
#9399 = FACE_OUTER_BOUND('',#9398,.T.);
#9400 = DIRECTION('',(0.000000,0.000000,1.000000));
#9401 = DIRECTION('',(1.000000,0.000000,0.000000));
#9402 = AXIS2_PLACEMENT_3D('',#90,#9400,#9401);
#9403 = PLANE('',#9402);
#9404 = FACE_SURFACE('',(#9399),#9403,.T.);
#9405 = POLY_LOOP('',(#89,#241,#88));
#9406 = FACE_OUTER_BOUND('',#9405,.T.);
#9407 = DIRECTION('',(0.000000,0.000000,1.000000));
#9408 = DIRECTION('',(1.000000,0.000000,0.000000));
#9409 = AXIS2_PLACEMENT_3D('',#89,#9407,#9408);
#9410 = PLANE('',#9409);
#9411 = FACE_SURFACE('',(#9406),#9410,.T.);
#9412 = POLY_LOOP('',(#88,#241,#87));
#9413 = FACE_OUTER_BOUND('',#9412,.T.);
#9414 = DIRECTION('',(0.000000,0.000000,1.000000));
#9415 = DIRECTION('',(1.000000,0.000000,0.000000));
#9416 = AXIS2_PLACEMENT_3D('',#88,#9414,#9415);
#9417 = PLANE('',#9416);
#9418 = FACE_SURFACE('',(#9413),#9417,.T.);
#9419 = POLY_LOOP('',(#87,#241,#86));
#9420 = FACE_OUTER_BOUND('',#9419,.T.);
#9421 = DIRECTION('',(0.000000,0.000000,1.000000));
#9422 = DIRECTION('',(1.000000,0.000000,0.000000));
#9423 = AXIS2_PLACEMENT_3D('',#87,#9421,#9422);
#9424 = PLANE('',#9423);
#9425 = FACE_SURFACE('',(#9420),#9424,.T.);
#9426 = POLY_LOOP('',(#86,#241,#85));
#9427 = FACE_OUTER_BOUND('',#9426,.T.);
#9428 = DIRECTION('',(0.000000,0.000000,1.000000));
#9429 = DIRECTION('',(1.000000,0.000000,0.000000));
#9430 = AXIS2_PLACEMENT_3D('',#86,#9428,#9429);
#9431 = PLANE('',#9430);
#9432 = FACE_SURFACE('',(#9427),#9431,.T.);
#9433 = POLY_LOOP('',(#85,#241,#92));
#9434 = FACE_OUTER_BOUND('',#9433,.T.);
#9435 = DIRECTION('',(0.000000,0.000000,1.000000));
#9436 = DIRECTION('',(1.000000,0.000000,0.000000));
#9437 = AXIS2_PLACEMENT_3D('',#85,#9435,#9436);
#9438 = PLANE('',#9437);
#9439 = FACE_SURFACE('',(#9434),#9438,.T.);
#9440 = POLY_LOOP('',(#92,#241,#93));
#9441 = FACE_OUTER_BOUND('',#9440,.T.);
#9442 = DIRECTION('',(0.000000,0.000000,1.000000));
#9443 = DIRECTION('',(1.000000,0.000000,0.000000));
#9444 = AXIS2_PLACEMENT_3D('',#92,#9442,#9443);
#9445 = PLANE('',#9444);
#9446 = FACE_SURFACE('',(#9441),#9445,.T.);
#9447 = POLY_LOOP('',(#93,#241,#94));
#9448 = FACE_OUTER_BOUND('',#9447,.T.);
#9449 = DIRECTION('',(0.000000,0.000000,1.000000));
#9450 = DIRECTION('',(1.000000,0.000000,0.000000));
#9451 = AXIS2_PLACEMENT_3D('',#93,#9449,#9450);
#9452 = PLANE('',#9451);
#9453 = FACE_SURFACE('',(#9448),#9452,.T.);
#9454 = POLY_LOOP('',(#94,#241,#95));
#9455 = FACE_OUTER_BOUND('',#9454,.T.);
#9456 = DIRECTION('',(0.000000,0.000000,1.000000));
#9457 = DIRECTION('',(1.000000,0.000000,0.000000));
#9458 = AXIS2_PLACEMENT_3D('',#94,#9456,#9457);
#9459 = PLANE('',#9458);
#9460 = FACE_SURFACE('',(#9455),#9459,.T.);
#9461 = POLY_LOOP('',(#95,#241,#96));
#9462 = FACE_OUTER_BOUND('',#9461,.T.);
#9463 = DIRECTION('',(0.000000,0.000000,1.000000));
#9464 = DIRECTION('',(1.000000,0.000000,0.000000));
#9465 = AXIS2_PLACEMENT_3D('',#95,#9463,#9464);
#9466 = PLANE('',#9465);
#9467 = FACE_SURFACE('',(#9462),#9466,.T.);
#9468 = POLY_LOOP('',(#96,#241,#97));
#9469 = FACE_OUTER_BOUND('',#9468,.T.);
#9470 = DIRECTION('',(0.000000,0.000000,1.000000));
#9471 = DIRECTION('',(1.000000,0.000000,0.000000));
#9472 = AXIS2_PLACEMENT_3D('',#96,#9470,#9471);
#9473 = PLANE('',#9472);
#9474 = FACE_SURFACE('',(#9469),#9473,.T.);
#9475 = POLY_LOOP('',(#97,#241,#98));
#9476 = FACE_OUTER_BOUND('',#9475,.T.);
#9477 = DIRECTION('',(0.000000,0.000000,1.000000));
#9478 = DIRECTION('',(1.000000,0.000000,0.000000));
#9479 = AXIS2_PLACEMENT_3D('',#97,#9477,#9478);
#9480 = PLANE('',#9479);
#9481 = FACE_SURFACE('',(#9476),#9480,.T.);
#9482 = POLY_LOOP('',(#98,#241,#99));
#9483 = FACE_OUTER_BOUND('',#9482,.T.);
#9484 = DIRECTION('',(0.000000,0.000000,1.000000));
#9485 = DIRECTION('',(1.000000,0.000000,0.000000));
#9486 = AXIS2_PLACEMENT_3D('',#98,#9484,#9485);
#9487 = PLANE('',#9486);
#9488 = FACE_SURFACE('',(#9483),#9487,.T.);
#9489 = POLY_LOOP('',(#99,#241,#100));
#9490 = FACE_OUTER_BOUND('',#9489,.T.);
#9491 = DIRECTION('',(0.000000,0.000000,1.000000));
#9492 = DIRECTION('',(1.000000,0.000000,0.000000));
#9493 = AXIS2_PLACEMENT_3D('',#99,#9491,#9492);
#9494 = PLANE('',#9493);
#9495 = FACE_SURFACE('',(#9490),#9494,.T.);
#9496 = POLY_LOOP('',(#100,#241,#101));
#9497 = FACE_OUTER_BOUND('',#9496,.T.);
#9498 = DIRECTION('',(0.000000,0.000000,1.000000));
#9499 = DIRECTION('',(1.000000,0.000000,0.000000));
#9500 = AXIS2_PLACEMENT_3D('',#100,#9498,#9499);
#9501 = PLANE('',#9500);
#9502 = FACE_SURFACE('',(#9497),#9501,.T.);
#9503 = POLY_LOOP('',(#101,#241,#102));
#9504 = FACE_OUTER_BOUND('',#9503,.T.);
#9505 = DIRECTION('',(0.000000,0.000000,1.000000));
#9506 = DIRECTION('',(1.000000,0.000000,0.000000));
#9507 = AXIS2_PLACEMENT_3D('',#101,#9505,#9506);
#9508 = PLANE('',#9507);
#9509 = FACE_SURFACE('',(#9504),#9508,.T.);
#9510 = POLY_LOOP('',(#102,#241,#103));
#9511 = FACE_OUTER_BOUND('',#9510,.T.);
#9512 = DIRECTION('',(0.000000,0.000000,1.000000));
#9513 = DIRECTION('',(1.000000,0.000000,0.000000));
#9514 = AXIS2_PLACEMENT_3D('',#102,#9512,#9513);
#9515 = PLANE('',#9514);
#9516 = FACE_SURFACE('',(#9511),#9515,.T.);
#9517 = POLY_LOOP('',(#103,#241,#104));
#9518 = FACE_OUTER_BOUND('',#9517,.T.);
#9519 = DIRECTION('',(0.000000,0.000000,1.000000));
#9520 = DIRECTION('',(1.000000,0.000000,0.000000));
#9521 = AXIS2_PLACEMENT_3D('',#103,#9519,#9520);
#9522 = PLANE('',#9521);
#9523 = FACE_SURFACE('',(#9518),#9522,.T.);
#9524 = POLY_LOOP('',(#104,#241,#239));
#9525 = FACE_OUTER_BOUND('',#9524,.T.);
#9526 = DIRECTION('',(0.000000,0.000000,1.000000));
#9527 = DIRECTION('',(1.000000,0.000000,0.000000));
#9528 = AXIS2_PLACEMENT_3D('',#104,#9526,#9527);
#9529 = PLANE('',#9528);
#9530 = FACE_SURFACE('',(#9525),#9529,.T.);
#9531 = POLY_LOOP('',(#104,#239,#106));
#9532 = FACE_OUTER_BOUND('',#9531,.T.);
#9533 = DIRECTION('',(0.000000,0.000000,1.000000));
#9534 = DIRECTION('',(1.000000,0.000000,0.000000));
#9535 = AXIS2_PLACEMENT_3D('',#104,#9533,#9534);
#9536 = PLANE('',#9535);
#9537 = FACE_SURFACE('',(#9532),#9536,.T.);
#9538 = POLY_LOOP('',(#106,#239,#108));
#9539 = FACE_OUTER_BOUND('',#9538,.T.);
#9540 = DIRECTION('',(0.000000,0.000000,1.000000));
#9541 = DIRECTION('',(1.000000,0.000000,0.000000));
#9542 = AXIS2_PLACEMENT_3D('',#106,#9540,#9541);
#9543 = PLANE('',#9542);
#9544 = FACE_SURFACE('',(#9539),#9543,.T.);
#9545 = POLY_LOOP('',(#108,#239,#110));
#9546 = FACE_OUTER_BOUND('',#9545,.T.);
#9547 = DIRECTION('',(0.000000,0.000000,1.000000));
#9548 = DIRECTION('',(1.000000,0.000000,0.000000));
#9549 = AXIS2_PLACEMENT_3D('',#108,#9547,#9548);
#9550 = PLANE('',#9549);
#9551 = FACE_SURFACE('',(#9546),#9550,.T.);
#9552 = POLY_LOOP('',(#110,#239,#112));
#9553 = FACE_OUTER_BOUND('',#9552,.T.);
#9554 = DIRECTION('',(0.000000,0.000000,1.000000));
#9555 = DIRECTION('',(1.000000,0.000000,0.000000));
#9556 = AXIS2_PLACEMENT_3D('',#110,#9554,#9555);
#9557 = PLANE('',#9556);
#9558 = FACE_SURFACE('',(#9553),#9557,.T.);
#9559 = POLY_LOOP('',(#112,#239,#114));
#9560 = FACE_OUTER_BOUND('',#9559,.T.);
#9561 = DIRECTION('',(0.000000,0.000000,1.000000));
#9562 = DIRECTION('',(1.000000,0.000000,0.000000));
#9563 = AXIS2_PLACEMENT_3D('',#112,#9561,#9562);
#9564 = PLANE('',#9563);
#9565 = FACE_SURFACE('',(#9560),#9564,.T.);
#9566 = POLY_LOOP('',(#114,#239,#116));
#9567 = FACE_OUTER_BOUND('',#9566,.T.);
#9568 = DIRECTION('',(0.000000,0.000000,1.000000));
#9569 = DIRECTION('',(1.000000,0.000000,0.000000));
#9570 = AXIS2_PLACEMENT_3D('',#114,#9568,#9569);
#9571 = PLANE('',#9570);
#9572 = FACE_SURFACE('',(#9567),#9571,.T.);
#9573 = POLY_LOOP('',(#116,#239,#121));
#9574 = FACE_OUTER_BOUND('',#9573,.T.);
#9575 = DIRECTION('',(0.000000,0.000000,1.000000));
#9576 = DIRECTION('',(1.000000,0.000000,0.000000));
#9577 = AXIS2_PLACEMENT_3D('',#116,#9575,#9576);
#9578 = PLANE('',#9577);
#9579 = FACE_SURFACE('',(#9574),#9578,.T.);
#9580 = POLY_LOOP('',(#121,#239,#124));
#9581 = FACE_OUTER_BOUND('',#9580,.T.);
#9582 = DIRECTION('',(0.000000,0.000000,1.000000));
#9583 = DIRECTION('',(1.000000,0.000000,0.000000));
#9584 = AXIS2_PLACEMENT_3D('',#121,#9582,#9583);
#9585 = PLANE('',#9584);
#9586 = FACE_SURFACE('',(#9581),#9585,.T.);
#9587 = POLY_LOOP('',(#124,#239,#122));
#9588 = FACE_OUTER_BOUND('',#9587,.T.);
#9589 = DIRECTION('',(0.000000,0.000000,1.000000));
#9590 = DIRECTION('',(1.000000,0.000000,0.000000));
#9591 = AXIS2_PLACEMENT_3D('',#124,#9589,#9590);
#9592 = PLANE('',#9591);
#9593 = FACE_SURFACE('',(#9588),#9592,.T.);
#9594 = POLY_LOOP('',(#122,#239,#123));
#9595 = FACE_OUTER_BOUND('',#9594,.T.);
#9596 = DIRECTION('',(0.000000,0.000000,1.000000));
#9597 = DIRECTION('',(1.000000,0.000000,0.000000));
#9598 = AXIS2_PLACEMENT_3D('',#122,#9596,#9597);
#9599 = PLANE('',#9598);
#9600 = FACE_SURFACE('',(#9595),#9599,.T.);
#9601 = POLY_LOOP('',(#123,#239,#119));
#9602 = FACE_OUTER_BOUND('',#9601,.T.);
#9603 = DIRECTION('',(0.000000,0.000000,1.000000));
#9604 = DIRECTION('',(1.000000,0.000000,0.000000));
#9605 = AXIS2_PLACEMENT_3D('',#123,#9603,#9604);
#9606 = PLANE('',#9605);
#9607 = FACE_SURFACE('',(#9602),#9606,.T.);
#9608 = POLY_LOOP('',(#119,#239,#120));
#9609 = FACE_OUTER_BOUND('',#9608,.T.);
#9610 = DIRECTION('',(0.000000,0.000000,1.000000));
#9611 = DIRECTION('',(1.000000,0.000000,0.000000));
#9612 = AXIS2_PLACEMENT_3D('',#119,#9610,#9611);
#9613 = PLANE('',#9612);
#9614 = FACE_SURFACE('',(#9609),#9613,.T.);
#9615 = POLY_LOOP('',(#120,#239,#125));
#9616 = FACE_OUTER_BOUND('',#9615,.T.);
#9617 = DIRECTION('',(0.000000,0.000000,1.000000));
#9618 = DIRECTION('',(1.000000,0.000000,0.000000));
#9619 = AXIS2_PLACEMENT_3D('',#120,#9617,#9618);
#9620 = PLANE('',#9619);
#9621 = FACE_SURFACE('',(#9616),#9620,.T.);
#9622 = POLY_LOOP('',(#125,#239,#126));
#9623 = FACE_OUTER_BOUND('',#9622,.T.);
#9624 = DIRECTION('',(0.000000,0.000000,1.000000));
#9625 = DIRECTION('',(1.000000,0.000000,0.000000));
#9626 = AXIS2_PLACEMENT_3D('',#125,#9624,#9625);
#9627 = PLANE('',#9626);
#9628 = FACE_SURFACE('',(#9623),#9627,.T.);
#9629 = POLY_LOOP('',(#126,#239,#127));
#9630 = FACE_OUTER_BOUND('',#9629,.T.);
#9631 = DIRECTION('',(0.000000,0.000000,1.000000));
#9632 = DIRECTION('',(1.000000,0.000000,0.000000));
#9633 = AXIS2_PLACEMENT_3D('',#126,#9631,#9632);
#9634 = PLANE('',#9633);
#9635 = FACE_SURFACE('',(#9630),#9634,.T.);
#9636 = POLY_LOOP('',(#127,#239,#128));
#9637 = FACE_OUTER_BOUND('',#9636,.T.);
#9638 = DIRECTION('',(0.000000,0.000000,1.000000));
#9639 = DIRECTION('',(1.000000,0.000000,0.000000));
#9640 = AXIS2_PLACEMENT_3D('',#127,#9638,#9639);
#9641 = PLANE('',#9640);
#9642 = FACE_SURFACE('',(#9637),#9641,.T.);
#9643 = POLY_LOOP('',(#128,#239,#118));
#9644 = FACE_OUTER_BOUND('',#9643,.T.);
#9645 = DIRECTION('',(0.000000,0.000000,1.000000));
#9646 = DIRECTION('',(1.000000,0.000000,0.000000));
#9647 = AXIS2_PLACEMENT_3D('',#128,#9645,#9646);
#9648 = PLANE('',#9647);
#9649 = FACE_SURFACE('',(#9644),#9648,.T.);
#9650 = POLY_LOOP('',(#118,#239,#117));
#9651 = FACE_OUTER_BOUND('',#9650,.T.);
#9652 = DIRECTION('',(0.000000,0.000000,1.000000));
#9653 = DIRECTION('',(1.000000,0.000000,0.000000));
#9654 = AXIS2_PLACEMENT_3D('',#118,#9652,#9653);
#9655 = PLANE('',#9654);
#9656 = FACE_SURFACE('',(#9651),#9655,.T.);
#9657 = POLY_LOOP('',(#117,#239,#115));
#9658 = FACE_OUTER_BOUND('',#9657,.T.);
#9659 = DIRECTION('',(0.000000,0.000000,1.000000));
#9660 = DIRECTION('',(1.000000,0.000000,0.000000));
#9661 = AXIS2_PLACEMENT_3D('',#117,#9659,#9660);
#9662 = PLANE('',#9661);
#9663 = FACE_SURFACE('',(#9658),#9662,.T.);
#9664 = POLY_LOOP('',(#115,#239,#236));
#9665 = FACE_OUTER_BOUND('',#9664,.T.);
#9666 = DIRECTION('',(0.000000,0.000000,1.000000));
#9667 = DIRECTION('',(1.000000,0.000000,0.000000));
#9668 = AXIS2_PLACEMENT_3D('',#115,#9666,#9667);
#9669 = PLANE('',#9668);
#9670 = FACE_SURFACE('',(#9665),#9669,.T.);
#9671 = POLY_LOOP('',(#115,#236,#113));
#9672 = FACE_OUTER_BOUND('',#9671,.T.);
#9673 = DIRECTION('',(0.000000,0.000000,1.000000));
#9674 = DIRECTION('',(1.000000,0.000000,0.000000));
#9675 = AXIS2_PLACEMENT_3D('',#115,#9673,#9674);
#9676 = PLANE('',#9675);
#9677 = FACE_SURFACE('',(#9672),#9676,.T.);
#9678 = POLY_LOOP('',(#113,#236,#111));
#9679 = FACE_OUTER_BOUND('',#9678,.T.);
#9680 = DIRECTION('',(0.000000,0.000000,1.000000));
#9681 = DIRECTION('',(1.000000,0.000000,0.000000));
#9682 = AXIS2_PLACEMENT_3D('',#113,#9680,#9681);
#9683 = PLANE('',#9682);
#9684 = FACE_SURFACE('',(#9679),#9683,.T.);
#9685 = POLY_LOOP('',(#111,#236,#109));
#9686 = FACE_OUTER_BOUND('',#9685,.T.);
#9687 = DIRECTION('',(0.000000,0.000000,1.000000));
#9688 = DIRECTION('',(1.000000,0.000000,0.000000));
#9689 = AXIS2_PLACEMENT_3D('',#111,#9687,#9688);
#9690 = PLANE('',#9689);
#9691 = FACE_SURFACE('',(#9686),#9690,.T.);
#9692 = POLY_LOOP('',(#109,#236,#107));
#9693 = FACE_OUTER_BOUND('',#9692,.T.);
#9694 = DIRECTION('',(0.000000,0.000000,1.000000));
#9695 = DIRECTION('',(1.000000,0.000000,0.000000));
#9696 = AXIS2_PLACEMENT_3D('',#109,#9694,#9695);
#9697 = PLANE('',#9696);
#9698 = FACE_SURFACE('',(#9693),#9697,.T.);
#9699 = POLY_LOOP('',(#107,#236,#105));
#9700 = FACE_OUTER_BOUND('',#9699,.T.);
#9701 = DIRECTION('',(0.000000,0.000000,1.000000));
#9702 = DIRECTION('',(1.000000,0.000000,0.000000));
#9703 = AXIS2_PLACEMENT_3D('',#107,#9701,#9702);
#9704 = PLANE('',#9703);
#9705 = FACE_SURFACE('',(#9700),#9704,.T.);
#9706 = POLY_LOOP('',(#105,#236,#191));
#9707 = FACE_OUTER_BOUND('',#9706,.T.);
#9708 = DIRECTION('',(0.000000,0.000000,1.000000));
#9709 = DIRECTION('',(1.000000,0.000000,0.000000));
#9710 = AXIS2_PLACEMENT_3D('',#105,#9708,#9709);
#9711 = PLANE('',#9710);
#9712 = FACE_SURFACE('',(#9707),#9711,.T.);
#9713 = POLY_LOOP('',(#191,#236,#189));
#9714 = FACE_OUTER_BOUND('',#9713,.T.);
#9715 = DIRECTION('',(0.000000,0.000000,1.000000));
#9716 = DIRECTION('',(1.000000,0.000000,0.000000));
#9717 = AXIS2_PLACEMENT_3D('',#191,#9715,#9716);
#9718 = PLANE('',#9717);
#9719 = FACE_SURFACE('',(#9714),#9718,.T.);
#9720 = POLY_LOOP('',(#189,#236,#187));
#9721 = FACE_OUTER_BOUND('',#9720,.T.);
#9722 = DIRECTION('',(0.000000,0.000000,1.000000));
#9723 = DIRECTION('',(1.000000,0.000000,0.000000));
#9724 = AXIS2_PLACEMENT_3D('',#189,#9722,#9723);
#9725 = PLANE('',#9724);
#9726 = FACE_SURFACE('',(#9721),#9725,.T.);
#9727 = POLY_LOOP('',(#187,#236,#185));
#9728 = FACE_OUTER_BOUND('',#9727,.T.);
#9729 = DIRECTION('',(0.000000,0.000000,1.000000));
#9730 = DIRECTION('',(1.000000,0.000000,0.000000));
#9731 = AXIS2_PLACEMENT_3D('',#187,#9729,#9730);
#9732 = PLANE('',#9731);
#9733 = FACE_SURFACE('',(#9728),#9732,.T.);
#9734 = POLY_LOOP('',(#185,#236,#183));
#9735 = FACE_OUTER_BOUND('',#9734,.T.);
#9736 = DIRECTION('',(0.000000,0.000000,1.000000));
#9737 = DIRECTION('',(1.000000,0.000000,0.000000));
#9738 = AXIS2_PLACEMENT_3D('',#185,#9736,#9737);
#9739 = PLANE('',#9738);
#9740 = FACE_SURFACE('',(#9735),#9739,.T.);
#9741 = POLY_LOOP('',(#183,#236,#181));
#9742 = FACE_OUTER_BOUND('',#9741,.T.);
#9743 = DIRECTION('',(0.000000,0.000000,1.000000));
#9744 = DIRECTION('',(1.000000,0.000000,0.000000));
#9745 = AXIS2_PLACEMENT_3D('',#183,#9743,#9744);
#9746 = PLANE('',#9745);
#9747 = FACE_SURFACE('',(#9742),#9746,.T.);
#9748 = POLY_LOOP('',(#181,#236,#179));
#9749 = FACE_OUTER_BOUND('',#9748,.T.);
#9750 = DIRECTION('',(0.000000,0.000000,1.000000));
#9751 = DIRECTION('',(1.000000,0.000000,0.000000));
#9752 = AXIS2_PLACEMENT_3D('',#181,#9750,#9751);
#9753 = PLANE('',#9752);
#9754 = FACE_SURFACE('',(#9749),#9753,.T.);
#9755 = POLY_LOOP('',(#179,#236,#177));
#9756 = FACE_OUTER_BOUND('',#9755,.T.);
#9757 = DIRECTION('',(0.000000,0.000000,1.000000));
#9758 = DIRECTION('',(1.000000,0.000000,0.000000));
#9759 = AXIS2_PLACEMENT_3D('',#179,#9757,#9758);
#9760 = PLANE('',#9759);
#9761 = FACE_SURFACE('',(#9756),#9760,.T.);
#9762 = POLY_LOOP('',(#177,#236,#175));
#9763 = FACE_OUTER_BOUND('',#9762,.T.);
#9764 = DIRECTION('',(0.000000,0.000000,1.000000));
#9765 = DIRECTION('',(1.000000,0.000000,0.000000));
#9766 = AXIS2_PLACEMENT_3D('',#177,#9764,#9765);
#9767 = PLANE('',#9766);
#9768 = FACE_SURFACE('',(#9763),#9767,.T.);
#9769 = POLY_LOOP('',(#175,#236,#173));
#9770 = FACE_OUTER_BOUND('',#9769,.T.);
#9771 = DIRECTION('',(0.000000,0.000000,1.000000));
#9772 = DIRECTION('',(1.000000,0.000000,0.000000));
#9773 = AXIS2_PLACEMENT_3D('',#175,#9771,#9772);
#9774 = PLANE('',#9773);
#9775 = FACE_SURFACE('',(#9770),#9774,.T.);
#9776 = POLY_LOOP('',(#173,#236,#171));
#9777 = FACE_OUTER_BOUND('',#9776,.T.);
#9778 = DIRECTION('',(0.000000,0.000000,1.000000));
#9779 = DIRECTION('',(1.000000,0.000000,0.000000));
#9780 = AXIS2_PLACEMENT_3D('',#173,#9778,#9779);
#9781 = PLANE('',#9780);
#9782 = FACE_SURFACE('',(#9777),#9781,.T.);
#9783 = POLY_LOOP('',(#171,#236,#169));
#9784 = FACE_OUTER_BOUND('',#9783,.T.);
#9785 = DIRECTION('',(0.000000,0.000000,1.000000));
#9786 = DIRECTION('',(1.000000,0.000000,0.000000));
#9787 = AXIS2_PLACEMENT_3D('',#171,#9785,#9786);
#9788 = PLANE('',#9787);
#9789 = FACE_SURFACE('',(#9784),#9788,.T.);
#9790 = POLY_LOOP('',(#169,#236,#167));
#9791 = FACE_OUTER_BOUND('',#9790,.T.);
#9792 = DIRECTION('',(0.000000,0.000000,1.000000));
#9793 = DIRECTION('',(1.000000,0.000000,0.000000));
#9794 = AXIS2_PLACEMENT_3D('',#169,#9792,#9793);
#9795 = PLANE('',#9794);
#9796 = FACE_SURFACE('',(#9791),#9795,.T.);
#9797 = POLY_LOOP('',(#167,#236,#237));
#9798 = FACE_OUTER_BOUND('',#9797,.T.);
#9799 = DIRECTION('',(0.000000,0.000000,1.000000));
#9800 = DIRECTION('',(1.000000,0.000000,0.000000));
#9801 = AXIS2_PLACEMENT_3D('',#167,#9799,#9800);
#9802 = PLANE('',#9801);
#9803 = FACE_SURFACE('',(#9798),#9802,.T.);
#9804 = POLY_LOOP('',(#167,#237,#165));
#9805 = FACE_OUTER_BOUND('',#9804,.T.);
#9806 = DIRECTION('',(0.000000,0.000000,1.000000));
#9807 = DIRECTION('',(1.000000,0.000000,0.000000));
#9808 = AXIS2_PLACEMENT_3D('',#167,#9806,#9807);
#9809 = PLANE('',#9808);
#9810 = FACE_SURFACE('',(#9805),#9809,.T.);
#9811 = POLY_LOOP('',(#165,#237,#163));
#9812 = FACE_OUTER_BOUND('',#9811,.T.);
#9813 = DIRECTION('',(0.000000,0.000000,1.000000));
#9814 = DIRECTION('',(1.000000,0.000000,0.000000));
#9815 = AXIS2_PLACEMENT_3D('',#165,#9813,#9814);
#9816 = PLANE('',#9815);
#9817 = FACE_SURFACE('',(#9812),#9816,.T.);
#9818 = POLY_LOOP('',(#163,#237,#161));
#9819 = FACE_OUTER_BOUND('',#9818,.T.);
#9820 = DIRECTION('',(0.000000,0.000000,1.000000));
#9821 = DIRECTION('',(1.000000,0.000000,0.000000));
#9822 = AXIS2_PLACEMENT_3D('',#163,#9820,#9821);
#9823 = PLANE('',#9822);
#9824 = FACE_SURFACE('',(#9819),#9823,.T.);
#9825 = POLY_LOOP('',(#161,#237,#159));
#9826 = FACE_OUTER_BOUND('',#9825,.T.);
#9827 = DIRECTION('',(0.000000,0.000000,1.000000));
#9828 = DIRECTION('',(1.000000,0.000000,0.000000));
#9829 = AXIS2_PLACEMENT_3D('',#161,#9827,#9828);
#9830 = PLANE('',#9829);
#9831 = FACE_SURFACE('',(#9826),#9830,.T.);
#9832 = POLY_LOOP('',(#159,#237,#157));
#9833 = FACE_OUTER_BOUND('',#9832,.T.);
#9834 = DIRECTION('',(0.000000,0.000000,1.000000));
#9835 = DIRECTION('',(1.000000,0.000000,0.000000));
#9836 = AXIS2_PLACEMENT_3D('',#159,#9834,#9835);
#9837 = PLANE('',#9836);
#9838 = FACE_SURFACE('',(#9833),#9837,.T.);
#9839 = POLY_LOOP('',(#157,#237,#155));
#9840 = FACE_OUTER_BOUND('',#9839,.T.);
#9841 = DIRECTION('',(0.000000,0.000000,1.000000));
#9842 = DIRECTION('',(1.000000,0.000000,0.000000));
#9843 = AXIS2_PLACEMENT_3D('',#157,#9841,#9842);
#9844 = PLANE('',#9843);
#9845 = FACE_SURFACE('',(#9840),#9844,.T.);
#9846 = POLY_LOOP('',(#155,#237,#153));
#9847 = FACE_OUTER_BOUND('',#9846,.T.);
#9848 = DIRECTION('',(0.000000,0.000000,1.000000));
#9849 = DIRECTION('',(1.000000,0.000000,0.000000));
#9850 = AXIS2_PLACEMENT_3D('',#155,#9848,#9849);
#9851 = PLANE('',#9850);
#9852 = FACE_SURFACE('',(#9847),#9851,.T.);
#9853 = POLY_LOOP('',(#153,#237,#151));
#9854 = FACE_OUTER_BOUND('',#9853,.T.);
#9855 = DIRECTION('',(0.000000,0.000000,1.000000));
#9856 = DIRECTION('',(1.000000,0.000000,0.000000));
#9857 = AXIS2_PLACEMENT_3D('',#153,#9855,#9856);
#9858 = PLANE('',#9857);
#9859 = FACE_SURFACE('',(#9854),#9858,.T.);
#9860 = POLY_LOOP('',(#151,#237,#149));
#9861 = FACE_OUTER_BOUND('',#9860,.T.);
#9862 = DIRECTION('',(0.000000,0.000000,1.000000));
#9863 = DIRECTION('',(1.000000,0.000000,0.000000));
#9864 = AXIS2_PLACEMENT_3D('',#151,#9862,#9863);
#9865 = PLANE('',#9864);
#9866 = FACE_SURFACE('',(#9861),#9865,.T.);
#9867 = POLY_LOOP('',(#149,#237,#147));
#9868 = FACE_OUTER_BOUND('',#9867,.T.);
#9869 = DIRECTION('',(0.000000,0.000000,1.000000));
#9870 = DIRECTION('',(1.000000,0.000000,0.000000));
#9871 = AXIS2_PLACEMENT_3D('',#149,#9869,#9870);
#9872 = PLANE('',#9871);
#9873 = FACE_SURFACE('',(#9868),#9872,.T.);
#9874 = POLY_LOOP('',(#147,#237,#145));
#9875 = FACE_OUTER_BOUND('',#9874,.T.);
#9876 = DIRECTION('',(0.000000,0.000000,1.000000));
#9877 = DIRECTION('',(1.000000,0.000000,0.000000));
#9878 = AXIS2_PLACEMENT_3D('',#147,#9876,#9877);
#9879 = PLANE('',#9878);
#9880 = FACE_SURFACE('',(#9875),#9879,.T.);
#9881 = POLY_LOOP('',(#145,#237,#143));
#9882 = FACE_OUTER_BOUND('',#9881,.T.);
#9883 = DIRECTION('',(0.000000,0.000000,1.000000));
#9884 = DIRECTION('',(1.000000,0.000000,0.000000));
#9885 = AXIS2_PLACEMENT_3D('',#145,#9883,#9884);
#9886 = PLANE('',#9885);
#9887 = FACE_SURFACE('',(#9882),#9886,.T.);
#9888 = POLY_LOOP('',(#143,#237,#141));
#9889 = FACE_OUTER_BOUND('',#9888,.T.);
#9890 = DIRECTION('',(0.000000,0.000000,1.000000));
#9891 = DIRECTION('',(1.000000,0.000000,0.000000));
#9892 = AXIS2_PLACEMENT_3D('',#143,#9890,#9891);
#9893 = PLANE('',#9892);
#9894 = FACE_SURFACE('',(#9889),#9893,.T.);
#9895 = POLY_LOOP('',(#141,#237,#139));
#9896 = FACE_OUTER_BOUND('',#9895,.T.);
#9897 = DIRECTION('',(0.000000,0.000000,1.000000));
#9898 = DIRECTION('',(1.000000,0.000000,0.000000));
#9899 = AXIS2_PLACEMENT_3D('',#141,#9897,#9898);
#9900 = PLANE('',#9899);
#9901 = FACE_SURFACE('',(#9896),#9900,.T.);
#9902 = POLY_LOOP('',(#139,#237,#137));
#9903 = FACE_OUTER_BOUND('',#9902,.T.);
#9904 = DIRECTION('',(0.000000,0.000000,1.000000));
#9905 = DIRECTION('',(1.000000,0.000000,0.000000));
#9906 = AXIS2_PLACEMENT_3D('',#139,#9904,#9905);
#9907 = PLANE('',#9906);
#9908 = FACE_SURFACE('',(#9903),#9907,.T.);
#9909 = POLY_LOOP('',(#137,#237,#135));
#9910 = FACE_OUTER_BOUND('',#9909,.T.);
#9911 = DIRECTION('',(0.000000,0.000000,1.000000));
#9912 = DIRECTION('',(1.000000,0.000000,0.000000));
#9913 = AXIS2_PLACEMENT_3D('',#137,#9911,#9912);
#9914 = PLANE('',#9913);
#9915 = FACE_SURFACE('',(#9910),#9914,.T.);
#9916 = POLY_LOOP('',(#135,#237,#133));
#9917 = FACE_OUTER_BOUND('',#9916,.T.);
#9918 = DIRECTION('',(0.000000,0.000000,1.000000));
#9919 = DIRECTION('',(1.000000,0.000000,0.000000));
#9920 = AXIS2_PLACEMENT_3D('',#135,#9918,#9919);
#9921 = PLANE('',#9920);
#9922 = FACE_SURFACE('',(#9917),#9921,.T.);
#9923 = POLY_LOOP('',(#133,#237,#131));
#9924 = FACE_OUTER_BOUND('',#9923,.T.);
#9925 = DIRECTION('',(0.000000,0.000000,1.000000));
#9926 = DIRECTION('',(1.000000,0.000000,0.000000));
#9927 = AXIS2_PLACEMENT_3D('',#133,#9925,#9926);
#9928 = PLANE('',#9927);
#9929 = FACE_SURFACE('',(#9924),#9928,.T.);
#9930 = POLY_LOOP('',(#235,#234,#240));
#9931 = FACE_OUTER_BOUND('',#9930,.T.);
#9932 = DIRECTION('',(0.000000,0.000000,1.000000));
#9933 = DIRECTION('',(1.000000,0.000000,0.000000));
#9934 = AXIS2_PLACEMENT_3D('',#235,#9932,#9933);
#9935 = PLANE('',#9934);
#9936 = FACE_SURFACE('',(#9931),#9935,.T.);
#9937 = POLY_LOOP('',(#240,#234,#238));
#9938 = FACE_OUTER_BOUND('',#9937,.T.);
#9939 = DIRECTION('',(0.000000,0.000000,1.000000));
#9940 = DIRECTION('',(1.000000,0.000000,0.000000));
#9941 = AXIS2_PLACEMENT_3D('',#240,#9939,#9940);
#9942 = PLANE('',#9941);
#9943 = FACE_SURFACE('',(#9938),#9942,.T.);
#9944 = POLY_LOOP('',(#18,#108,#17));
#9945 = FACE_OUTER_BOUND('',#9944,.T.);
#9946 = DIRECTION('',(0.000000,0.000000,1.000000));
#9947 = DIRECTION('',(1.000000,0.000000,0.000000));
#9948 = AXIS2_PLACEMENT_3D('',#18,#9946,#9947);
#9949 = PLANE('',#9948);
#9950 = FACE_SURFACE('',(#9945),#9949,.T.);
#9951 = POLY_LOOP('',(#17,#108,#76));
#9952 = FACE_OUTER_BOUND('',#9951,.T.);
#9953 = DIRECTION('',(0.000000,0.000000,1.000000));
#9954 = DIRECTION('',(1.000000,0.000000,0.000000));
#9955 = AXIS2_PLACEMENT_3D('',#17,#9953,#9954);
#9956 = PLANE('',#9955);
#9957 = FACE_SURFACE('',(#9952),#9956,.T.);
#9958 = POLY_LOOP('',(#17,#76,#75));
#9959 = FACE_OUTER_BOUND('',#9958,.T.);
#9960 = DIRECTION('',(0.000000,0.000000,1.000000));
#9961 = DIRECTION('',(1.000000,0.000000,0.000000));
#9962 = AXIS2_PLACEMENT_3D('',#17,#9960,#9961);
#9963 = PLANE('',#9962);
#9964 = FACE_SURFACE('',(#9959),#9963,.T.);
#9965 = POLY_LOOP('',(#75,#76,#77));
#9966 = FACE_OUTER_BOUND('',#9965,.T.);
#9967 = DIRECTION('',(0.000000,0.000000,1.000000));
#9968 = DIRECTION('',(1.000000,0.000000,0.000000));
#9969 = AXIS2_PLACEMENT_3D('',#75,#9967,#9968);
#9970 = PLANE('',#9969);
#9971 = FACE_SURFACE('',(#9966),#9970,.T.);
#9972 = POLY_LOOP('',(#75,#77,#74));
#9973 = FACE_OUTER_BOUND('',#9972,.T.);
#9974 = DIRECTION('',(0.000000,0.000000,1.000000));
#9975 = DIRECTION('',(1.000000,0.000000,0.000000));
#9976 = AXIS2_PLACEMENT_3D('',#75,#9974,#9975);
#9977 = PLANE('',#9976);
#9978 = FACE_SURFACE('',(#9973),#9977,.T.);
#9979 = POLY_LOOP('',(#74,#77,#78));
#9980 = FACE_OUTER_BOUND('',#9979,.T.);
#9981 = DIRECTION('',(0.000000,0.000000,1.000000));
#9982 = DIRECTION('',(1.000000,0.000000,0.000000));
#9983 = AXIS2_PLACEMENT_3D('',#74,#9981,#9982);
#9984 = PLANE('',#9983);
#9985 = FACE_SURFACE('',(#9980),#9984,.T.);
#9986 = POLY_LOOP('',(#74,#78,#73));
#9987 = FACE_OUTER_BOUND('',#9986,.T.);
#9988 = DIRECTION('',(0.000000,0.000000,1.000000));
#9989 = DIRECTION('',(1.000000,0.000000,0.000000));
#9990 = AXIS2_PLACEMENT_3D('',#74,#9988,#9989);
#9991 = PLANE('',#9990);
#9992 = FACE_SURFACE('',(#9987),#9991,.T.);
#9993 = POLY_LOOP('',(#73,#78,#66));
#9994 = FACE_OUTER_BOUND('',#9993,.T.);
#9995 = DIRECTION('',(0.000000,0.000000,1.000000));
#9996 = DIRECTION('',(1.000000,0.000000,0.000000));
#9997 = AXIS2_PLACEMENT_3D('',#73,#9995,#9996);
#9998 = PLANE('',#9997);
#9999 = FACE_SURFACE('',(#9994),#9998,.T.);
#10000 = POLY_LOOP('',(#73,#66,#72));
#10001 = FACE_OUTER_BOUND('',#10000,.T.);
#10002 = DIRECTION('',(0.000000,0.000000,1.000000));
#10003 = DIRECTION('',(1.000000,0.000000,0.000000));
#10004 = AXIS2_PLACEMENT_3D('',#73,#10002,#10003);
#10005 = PLANE('',#10004);
#10006 = FACE_SURFACE('',(#10001),#10005,.T.);
#10007 = POLY_LOOP('',(#72,#66,#64));
#10008 = FACE_OUTER_BOUND('',#10007,.T.);
#10009 = DIRECTION('',(0.000000,0.000000,1.000000));
#10010 = DIRECTION('',(1.000000,0.000000,0.000000));
#10011 = AXIS2_PLACEMENT_3D('',#72,#10009,#10010);
#10012 = PLANE('',#10011);
#10013 = FACE_SURFACE('',(#10008),#10012,.T.);
#10014 = POLY_LOOP('',(#72,#64,#71));
#10015 = FACE_OUTER_BOUND('',#10014,.T.);
#10016 = DIRECTION('',(0.000000,0.000000,1.000000));
#10017 = DIRECTION('',(1.000000,0.000000,0.000000));
#10018 = AXIS2_PLACEMENT_3D('',#72,#10016,#10017);
#10019 = PLANE('',#10018);
#10020 = FACE_SURFACE('',(#10015),#10019,.T.);
#10021 = POLY_LOOP('',(#71,#64,#62));
#10022 = FACE_OUTER_BOUND('',#10021,.T.);
#10023 = DIRECTION('',(0.000000,0.000000,1.000000));
#10024 = DIRECTION('',(1.000000,0.000000,0.000000));
#10025 = AXIS2_PLACEMENT_3D('',#71,#10023,#10024);
#10026 = PLANE('',#10025);
#10027 = FACE_SURFACE('',(#10022),#10026,.T.);
#10028 = POLY_LOOP('',(#71,#62,#70));
#10029 = FACE_OUTER_BOUND('',#10028,.T.);
#10030 = DIRECTION('',(0.000000,0.000000,1.000000));
#10031 = DIRECTION('',(1.000000,0.000000,0.000000));
#10032 = AXIS2_PLACEMENT_3D('',#71,#10030,#10031);
#10033 = PLANE('',#10032);
#10034 = FACE_SURFACE('',(#10029),#10033,.T.);
#10035 = POLY_LOOP('',(#70,#62,#60));
#10036 = FACE_OUTER_BOUND('',#10035,.T.);
#10037 = DIRECTION('',(0.000000,0.000000,1.000000));
#10038 = DIRECTION('',(1.000000,0.000000,0.000000));
#10039 = AXIS2_PLACEMENT_3D('',#70,#10037,#10038);
#10040 = PLANE('',#10039);
#10041 = FACE_SURFACE('',(#10036),#10040,.T.);
#10042 = POLY_LOOP('',(#70,#60,#69));
#10043 = FACE_OUTER_BOUND('',#10042,.T.);
#10044 = DIRECTION('',(0.000000,0.000000,1.000000));
#10045 = DIRECTION('',(1.000000,0.000000,0.000000));
#10046 = AXIS2_PLACEMENT_3D('',#70,#10044,#10045);
#10047 = PLANE('',#10046);
#10048 = FACE_SURFACE('',(#10043),#10047,.T.);
#10049 = POLY_LOOP('',(#69,#60,#58));
#10050 = FACE_OUTER_BOUND('',#10049,.T.);
#10051 = DIRECTION('',(0.000000,0.000000,1.000000));
#10052 = DIRECTION('',(1.000000,0.000000,0.000000));
#10053 = AXIS2_PLACEMENT_3D('',#69,#10051,#10052);
#10054 = PLANE('',#10053);
#10055 = FACE_SURFACE('',(#10050),#10054,.T.);
#10056 = POLY_LOOP('',(#69,#58,#68));
#10057 = FACE_OUTER_BOUND('',#10056,.T.);
#10058 = DIRECTION('',(0.000000,0.000000,1.000000));
#10059 = DIRECTION('',(1.000000,0.000000,0.000000));
#10060 = AXIS2_PLACEMENT_3D('',#69,#10058,#10059);
#10061 = PLANE('',#10060);
#10062 = FACE_SURFACE('',(#10057),#10061,.T.);
#10063 = POLY_LOOP('',(#68,#58,#57));
#10064 = FACE_OUTER_BOUND('',#10063,.T.);
#10065 = DIRECTION('',(0.000000,0.000000,1.000000));
#10066 = DIRECTION('',(1.000000,0.000000,0.000000));
#10067 = AXIS2_PLACEMENT_3D('',#68,#10065,#10066);
#10068 = PLANE('',#10067);
#10069 = FACE_SURFACE('',(#10064),#10068,.T.);
#10070 = POLY_LOOP('',(#68,#57,#67));
#10071 = FACE_OUTER_BOUND('',#10070,.T.);
#10072 = DIRECTION('',(0.000000,0.000000,1.000000));
#10073 = DIRECTION('',(1.000000,0.000000,0.000000));
#10074 = AXIS2_PLACEMENT_3D('',#68,#10072,#10073);
#10075 = PLANE('',#10074);
#10076 = FACE_SURFACE('',(#10071),#10075,.T.);
#10077 = POLY_LOOP('',(#67,#57,#56));
#10078 = FACE_OUTER_BOUND('',#10077,.T.);
#10079 = DIRECTION('',(0.000000,0.000000,1.000000));
#10080 = DIRECTION('',(1.000000,0.000000,0.000000));
#10081 = AXIS2_PLACEMENT_3D('',#67,#10079,#10080);
#10082 = PLANE('',#10081);
#10083 = FACE_SURFACE('',(#10078),#10082,.T.);
#10084 = POLY_LOOP('',(#67,#56,#65));
#10085 = FACE_OUTER_BOUND('',#10084,.T.);
#10086 = DIRECTION('',(0.000000,0.000000,1.000000));
#10087 = DIRECTION('',(1.000000,0.000000,0.000000));
#10088 = AXIS2_PLACEMENT_3D('',#67,#10086,#10087);
#10089 = PLANE('',#10088);
#10090 = FACE_SURFACE('',(#10085),#10089,.T.);
#10091 = POLY_LOOP('',(#65,#56,#55));
#10092 = FACE_OUTER_BOUND('',#10091,.T.);
#10093 = DIRECTION('',(0.000000,0.000000,1.000000));
#10094 = DIRECTION('',(1.000000,0.000000,0.000000));
#10095 = AXIS2_PLACEMENT_3D('',#65,#10093,#10094);
#10096 = PLANE('',#10095);
#10097 = FACE_SURFACE('',(#10092),#10096,.T.);
#10098 = POLY_LOOP('',(#65,#55,#63));
#10099 = FACE_OUTER_BOUND('',#10098,.T.);
#10100 = DIRECTION('',(0.000000,0.000000,1.000000));
#10101 = DIRECTION('',(1.000000,0.000000,0.000000));
#10102 = AXIS2_PLACEMENT_3D('',#65,#10100,#10101);
#10103 = PLANE('',#10102);
#10104 = FACE_SURFACE('',(#10099),#10103,.T.);
#10105 = POLY_LOOP('',(#63,#55,#54));
#10106 = FACE_OUTER_BOUND('',#10105,.T.);
#10107 = DIRECTION('',(0.000000,0.000000,1.000000));
#10108 = DIRECTION('',(1.000000,0.000000,0.000000));
#10109 = AXIS2_PLACEMENT_3D('',#63,#10107,#10108);
#10110 = PLANE('',#10109);
#10111 = FACE_SURFACE('',(#10106),#10110,.T.);
#10112 = POLY_LOOP('',(#63,#54,#61));
#10113 = FACE_OUTER_BOUND('',#10112,.T.);
#10114 = DIRECTION('',(0.000000,0.000000,1.000000));
#10115 = DIRECTION('',(1.000000,0.000000,0.000000));
#10116 = AXIS2_PLACEMENT_3D('',#63,#10114,#10115);
#10117 = PLANE('',#10116);
#10118 = FACE_SURFACE('',(#10113),#10117,.T.);
#10119 = POLY_LOOP('',(#61,#54,#53));
#10120 = FACE_OUTER_BOUND('',#10119,.T.);
#10121 = DIRECTION('',(0.000000,0.000000,1.000000));
#10122 = DIRECTION('',(1.000000,0.000000,0.000000));
#10123 = AXIS2_PLACEMENT_3D('',#61,#10121,#10122);
#10124 = PLANE('',#10123);
#10125 = FACE_SURFACE('',(#10120),#10124,.T.);
#10126 = POLY_LOOP('',(#61,#53,#59));
#10127 = FACE_OUTER_BOUND('',#10126,.T.);
#10128 = DIRECTION('',(0.000000,0.000000,1.000000));
#10129 = DIRECTION('',(1.000000,0.000000,0.000000));
#10130 = AXIS2_PLACEMENT_3D('',#61,#10128,#10129);
#10131 = PLANE('',#10130);
#10132 = FACE_SURFACE('',(#10127),#10131,.T.);
#10133 = POLY_LOOP('',(#59,#53,#79));
#10134 = FACE_OUTER_BOUND('',#10133,.T.);
#10135 = DIRECTION('',(0.000000,0.000000,1.000000));
#10136 = DIRECTION('',(1.000000,0.000000,0.000000));
#10137 = AXIS2_PLACEMENT_3D('',#59,#10135,#10136);
#10138 = PLANE('',#10137);
#10139 = FACE_SURFACE('',(#10134),#10138,.T.);
#10140 = POLY_LOOP('',(#59,#79,#47));
#10141 = FACE_OUTER_BOUND('',#10140,.T.);
#10142 = DIRECTION('',(0.000000,0.000000,1.000000));
#10143 = DIRECTION('',(1.000000,0.000000,0.000000));
#10144 = AXIS2_PLACEMENT_3D('',#59,#10142,#10143);
#10145 = PLANE('',#10144);
#10146 = FACE_SURFACE('',(#10141),#10145,.T.);
#10147 = POLY_LOOP('',(#47,#79,#80));
#10148 = FACE_OUTER_BOUND('',#10147,.T.);
#10149 = DIRECTION('',(0.000000,0.000000,1.000000));
#10150 = DIRECTION('',(1.000000,0.000000,0.000000));
#10151 = AXIS2_PLACEMENT_3D('',#47,#10149,#10150);
#10152 = PLANE('',#10151);
#10153 = FACE_SURFACE('',(#10148),#10152,.T.);
#10154 = POLY_LOOP('',(#47,#80,#48));
#10155 = FACE_OUTER_BOUND('',#10154,.T.);
#10156 = DIRECTION('',(0.000000,0.000000,1.000000));
#10157 = DIRECTION('',(1.000000,0.000000,0.000000));
#10158 = AXIS2_PLACEMENT_3D('',#47,#10156,#10157);
#10159 = PLANE('',#10158);
#10160 = FACE_SURFACE('',(#10155),#10159,.T.);
#10161 = POLY_LOOP('',(#48,#80,#82));
#10162 = FACE_OUTER_BOUND('',#10161,.T.);
#10163 = DIRECTION('',(0.000000,0.000000,1.000000));
#10164 = DIRECTION('',(1.000000,0.000000,0.000000));
#10165 = AXIS2_PLACEMENT_3D('',#48,#10163,#10164);
#10166 = PLANE('',#10165);
#10167 = FACE_SURFACE('',(#10162),#10166,.T.);
#10168 = POLY_LOOP('',(#48,#82,#45));
#10169 = FACE_OUTER_BOUND('',#10168,.T.);
#10170 = DIRECTION('',(0.000000,0.000000,1.000000));
#10171 = DIRECTION('',(1.000000,0.000000,0.000000));
#10172 = AXIS2_PLACEMENT_3D('',#48,#10170,#10171);
#10173 = PLANE('',#10172);
#10174 = FACE_SURFACE('',(#10169),#10173,.T.);
#10175 = POLY_LOOP('',(#45,#82,#83));
#10176 = FACE_OUTER_BOUND('',#10175,.T.);
#10177 = DIRECTION('',(0.000000,0.000000,1.000000));
#10178 = DIRECTION('',(1.000000,0.000000,0.000000));
#10179 = AXIS2_PLACEMENT_3D('',#45,#10177,#10178);
#10180 = PLANE('',#10179);
#10181 = FACE_SURFACE('',(#10176),#10180,.T.);
#10182 = POLY_LOOP('',(#45,#83,#46));
#10183 = FACE_OUTER_BOUND('',#10182,.T.);
#10184 = DIRECTION('',(0.000000,0.000000,1.000000));
#10185 = DIRECTION('',(1.000000,0.000000,0.000000));
#10186 = AXIS2_PLACEMENT_3D('',#45,#10184,#10185);
#10187 = PLANE('',#10186);
#10188 = FACE_SURFACE('',(#10183),#10187,.T.);
#10189 = POLY_LOOP('',(#46,#83,#81));
#10190 = FACE_OUTER_BOUND('',#10189,.T.);
#10191 = DIRECTION('',(0.000000,0.000000,1.000000));
#10192 = DIRECTION('',(1.000000,0.000000,0.000000));
#10193 = AXIS2_PLACEMENT_3D('',#46,#10191,#10192);
#10194 = PLANE('',#10193);
#10195 = FACE_SURFACE('',(#10190),#10194,.T.);
#10196 = POLY_LOOP('',(#46,#81,#41));
#10197 = FACE_OUTER_BOUND('',#10196,.T.);
#10198 = DIRECTION('',(0.000000,0.000000,1.000000));
#10199 = DIRECTION('',(1.000000,0.000000,0.000000));
#10200 = AXIS2_PLACEMENT_3D('',#46,#10198,#10199);
#10201 = PLANE('',#10200);
#10202 = FACE_SURFACE('',(#10197),#10201,.T.);
#10203 = POLY_LOOP('',(#41,#81,#52));
#10204 = FACE_OUTER_BOUND('',#10203,.T.);
#10205 = DIRECTION('',(0.000000,0.000000,1.000000));
#10206 = DIRECTION('',(1.000000,0.000000,0.000000));
#10207 = AXIS2_PLACEMENT_3D('',#41,#10205,#10206);
#10208 = PLANE('',#10207);
#10209 = FACE_SURFACE('',(#10204),#10208,.T.);
#10210 = POLY_LOOP('',(#41,#52,#42));
#10211 = FACE_OUTER_BOUND('',#10210,.T.);
#10212 = DIRECTION('',(0.000000,0.000000,1.000000));
#10213 = DIRECTION('',(1.000000,0.000000,0.000000));
#10214 = AXIS2_PLACEMENT_3D('',#41,#10212,#10213);
#10215 = PLANE('',#10214);
#10216 = FACE_SURFACE('',(#10211),#10215,.T.);
#10217 = POLY_LOOP('',(#42,#52,#51));
#10218 = FACE_OUTER_BOUND('',#10217,.T.);
#10219 = DIRECTION('',(0.000000,0.000000,1.000000));
#10220 = DIRECTION('',(1.000000,0.000000,0.000000));
#10221 = AXIS2_PLACEMENT_3D('',#42,#10219,#10220);
#10222 = PLANE('',#10221);
#10223 = FACE_SURFACE('',(#10218),#10222,.T.);
#10224 = POLY_LOOP('',(#42,#51,#43));
#10225 = FACE_OUTER_BOUND('',#10224,.T.);
#10226 = DIRECTION('',(0.000000,0.000000,1.000000));
#10227 = DIRECTION('',(1.000000,0.000000,0.000000));
#10228 = AXIS2_PLACEMENT_3D('',#42,#10226,#10227);
#10229 = PLANE('',#10228);
#10230 = FACE_SURFACE('',(#10225),#10229,.T.);
#10231 = POLY_LOOP('',(#43,#51,#50));
#10232 = FACE_OUTER_BOUND('',#10231,.T.);
#10233 = DIRECTION('',(0.000000,0.000000,1.000000));
#10234 = DIRECTION('',(1.000000,0.000000,0.000000));
#10235 = AXIS2_PLACEMENT_3D('',#43,#10233,#10234);
#10236 = PLANE('',#10235);
#10237 = FACE_SURFACE('',(#10232),#10236,.T.);
#10238 = POLY_LOOP('',(#43,#50,#44));
#10239 = FACE_OUTER_BOUND('',#10238,.T.);
#10240 = DIRECTION('',(0.000000,0.000000,1.000000));
#10241 = DIRECTION('',(1.000000,0.000000,0.000000));
#10242 = AXIS2_PLACEMENT_3D('',#43,#10240,#10241);
#10243 = PLANE('',#10242);
#10244 = FACE_SURFACE('',(#10239),#10243,.T.);
#10245 = POLY_LOOP('',(#44,#50,#49));
#10246 = FACE_OUTER_BOUND('',#10245,.T.);
#10247 = DIRECTION('',(0.000000,0.000000,1.000000));
#10248 = DIRECTION('',(1.000000,0.000000,0.000000));
#10249 = AXIS2_PLACEMENT_3D('',#44,#10247,#10248);
#10250 = PLANE('',#10249);
#10251 = FACE_SURFACE('',(#10246),#10250,.T.);
#10252 = POLY_LOOP('',(#44,#49,#40));
#10253 = FACE_OUTER_BOUND('',#10252,.T.);
#10254 = DIRECTION('',(0.000000,0.000000,1.000000));
#10255 = DIRECTION('',(1.000000,0.000000,0.000000));
#10256 = AXIS2_PLACEMENT_3D('',#44,#10254,#10255);
#10257 = PLANE('',#10256);
#10258 = FACE_SURFACE('',(#10253),#10257,.T.);
#10259 = POLY_LOOP('',(#40,#49,#84));
#10260 = FACE_OUTER_BOUND('',#10259,.T.);
#10261 = DIRECTION('',(0.000000,0.000000,1.000000));
#10262 = DIRECTION('',(1.000000,0.000000,0.000000));
#10263 = AXIS2_PLACEMENT_3D('',#40,#10261,#10262);
#10264 = PLANE('',#10263);
#10265 = FACE_SURFACE('',(#10260),#10264,.T.);
#10266 = POLY_LOOP('',(#40,#84,#39));
#10267 = FACE_OUTER_BOUND('',#10266,.T.);
#10268 = DIRECTION('',(0.000000,0.000000,1.000000));
#10269 = DIRECTION('',(1.000000,0.000000,0.000000));
#10270 = AXIS2_PLACEMENT_3D('',#40,#10268,#10269);
#10271 = PLANE('',#10270);
#10272 = FACE_SURFACE('',(#10267),#10271,.T.);
#10273 = POLY_LOOP('',(#39,#84,#91));
#10274 = FACE_OUTER_BOUND('',#10273,.T.);
#10275 = DIRECTION('',(0.000000,0.000000,1.000000));
#10276 = DIRECTION('',(1.000000,0.000000,0.000000));
#10277 = AXIS2_PLACEMENT_3D('',#39,#10275,#10276);
#10278 = PLANE('',#10277);
#10279 = FACE_SURFACE('',(#10274),#10278,.T.);
#10280 = POLY_LOOP('',(#39,#91,#38));
#10281 = FACE_OUTER_BOUND('',#10280,.T.);
#10282 = DIRECTION('',(0.000000,0.000000,1.000000));
#10283 = DIRECTION('',(1.000000,0.000000,0.000000));
#10284 = AXIS2_PLACEMENT_3D('',#39,#10282,#10283);
#10285 = PLANE('',#10284);
#10286 = FACE_SURFACE('',(#10281),#10285,.T.);
#10287 = POLY_LOOP('',(#38,#91,#90));
#10288 = FACE_OUTER_BOUND('',#10287,.T.);
#10289 = DIRECTION('',(0.000000,0.000000,1.000000));
#10290 = DIRECTION('',(1.000000,0.000000,0.000000));
#10291 = AXIS2_PLACEMENT_3D('',#38,#10289,#10290);
#10292 = PLANE('',#10291);
#10293 = FACE_SURFACE('',(#10288),#10292,.T.);
#10294 = POLY_LOOP('',(#38,#90,#37));
#10295 = FACE_OUTER_BOUND('',#10294,.T.);
#10296 = DIRECTION('',(0.000000,0.000000,1.000000));
#10297 = DIRECTION('',(1.000000,0.000000,0.000000));
#10298 = AXIS2_PLACEMENT_3D('',#38,#10296,#10297);
#10299 = PLANE('',#10298);
#10300 = FACE_SURFACE('',(#10295),#10299,.T.);
#10301 = POLY_LOOP('',(#37,#90,#89));
#10302 = FACE_OUTER_BOUND('',#10301,.T.);
#10303 = DIRECTION('',(0.000000,0.000000,1.000000));
#10304 = DIRECTION('',(1.000000,0.000000,0.000000));
#10305 = AXIS2_PLACEMENT_3D('',#37,#10303,#10304);
#10306 = PLANE('',#10305);
#10307 = FACE_SURFACE('',(#10302),#10306,.T.);
#10308 = POLY_LOOP('',(#37,#89,#35));
#10309 = FACE_OUTER_BOUND('',#10308,.T.);
#10310 = DIRECTION('',(0.000000,0.000000,1.000000));
#10311 = DIRECTION('',(1.000000,0.000000,0.000000));
#10312 = AXIS2_PLACEMENT_3D('',#37,#10310,#10311);
#10313 = PLANE('',#10312);
#10314 = FACE_SURFACE('',(#10309),#10313,.T.);
#10315 = POLY_LOOP('',(#35,#89,#88));
#10316 = FACE_OUTER_BOUND('',#10315,.T.);
#10317 = DIRECTION('',(0.000000,0.000000,1.000000));
#10318 = DIRECTION('',(1.000000,0.000000,0.000000));
#10319 = AXIS2_PLACEMENT_3D('',#35,#10317,#10318);
#10320 = PLANE('',#10319);
#10321 = FACE_SURFACE('',(#10316),#10320,.T.);
#10322 = POLY_LOOP('',(#35,#88,#36));
#10323 = FACE_OUTER_BOUND('',#10322,.T.);
#10324 = DIRECTION('',(0.000000,0.000000,1.000000));
#10325 = DIRECTION('',(1.000000,0.000000,0.000000));
#10326 = AXIS2_PLACEMENT_3D('',#35,#10324,#10325);
#10327 = PLANE('',#10326);
#10328 = FACE_SURFACE('',(#10323),#10327,.T.);
#10329 = POLY_LOOP('',(#36,#88,#87));
#10330 = FACE_OUTER_BOUND('',#10329,.T.);
#10331 = DIRECTION('',(0.000000,0.000000,1.000000));
#10332 = DIRECTION('',(1.000000,0.000000,0.000000));
#10333 = AXIS2_PLACEMENT_3D('',#36,#10331,#10332);
#10334 = PLANE('',#10333);
#10335 = FACE_SURFACE('',(#10330),#10334,.T.);
#10336 = POLY_LOOP('',(#36,#87,#34));
#10337 = FACE_OUTER_BOUND('',#10336,.T.);
#10338 = DIRECTION('',(0.000000,0.000000,1.000000));
#10339 = DIRECTION('',(1.000000,0.000000,0.000000));
#10340 = AXIS2_PLACEMENT_3D('',#36,#10338,#10339);
#10341 = PLANE('',#10340);
#10342 = FACE_SURFACE('',(#10337),#10341,.T.);
#10343 = POLY_LOOP('',(#34,#87,#86));
#10344 = FACE_OUTER_BOUND('',#10343,.T.);
#10345 = DIRECTION('',(0.000000,0.000000,1.000000));
#10346 = DIRECTION('',(1.000000,0.000000,0.000000));
#10347 = AXIS2_PLACEMENT_3D('',#34,#10345,#10346);
#10348 = PLANE('',#10347);
#10349 = FACE_SURFACE('',(#10344),#10348,.T.);
#10350 = POLY_LOOP('',(#34,#86,#33));
#10351 = FACE_OUTER_BOUND('',#10350,.T.);
#10352 = DIRECTION('',(0.000000,0.000000,1.000000));
#10353 = DIRECTION('',(1.000000,0.000000,0.000000));
#10354 = AXIS2_PLACEMENT_3D('',#34,#10352,#10353);
#10355 = PLANE('',#10354);
#10356 = FACE_SURFACE('',(#10351),#10355,.T.);
#10357 = POLY_LOOP('',(#33,#86,#85));
#10358 = FACE_OUTER_BOUND('',#10357,.T.);
#10359 = DIRECTION('',(0.000000,0.000000,1.000000));
#10360 = DIRECTION('',(1.000000,0.000000,0.000000));
#10361 = AXIS2_PLACEMENT_3D('',#33,#10359,#10360);
#10362 = PLANE('',#10361);
#10363 = FACE_SURFACE('',(#10358),#10362,.T.);
#10364 = POLY_LOOP('',(#33,#85,#31));
#10365 = FACE_OUTER_BOUND('',#10364,.T.);
#10366 = DIRECTION('',(0.000000,0.000000,1.000000));
#10367 = DIRECTION('',(1.000000,0.000000,0.000000));
#10368 = AXIS2_PLACEMENT_3D('',#33,#10366,#10367);
#10369 = PLANE('',#10368);
#10370 = FACE_SURFACE('',(#10365),#10369,.T.);
#10371 = POLY_LOOP('',(#31,#85,#92));
#10372 = FACE_OUTER_BOUND('',#10371,.T.);
#10373 = DIRECTION('',(0.000000,0.000000,1.000000));
#10374 = DIRECTION('',(1.000000,0.000000,0.000000));
#10375 = AXIS2_PLACEMENT_3D('',#31,#10373,#10374);
#10376 = PLANE('',#10375);
#10377 = FACE_SURFACE('',(#10372),#10376,.T.);
#10378 = POLY_LOOP('',(#31,#92,#32));
#10379 = FACE_OUTER_BOUND('',#10378,.T.);
#10380 = DIRECTION('',(0.000000,0.000000,1.000000));
#10381 = DIRECTION('',(1.000000,0.000000,0.000000));
#10382 = AXIS2_PLACEMENT_3D('',#31,#10380,#10381);
#10383 = PLANE('',#10382);
#10384 = FACE_SURFACE('',(#10379),#10383,.T.);
#10385 = POLY_LOOP('',(#32,#92,#93));
#10386 = FACE_OUTER_BOUND('',#10385,.T.);
#10387 = DIRECTION('',(0.000000,0.000000,1.000000));
#10388 = DIRECTION('',(1.000000,0.000000,0.000000));
#10389 = AXIS2_PLACEMENT_3D('',#32,#10387,#10388);
#10390 = PLANE('',#10389);
#10391 = FACE_SURFACE('',(#10386),#10390,.T.);
#10392 = POLY_LOOP('',(#32,#93,#30));
#10393 = FACE_OUTER_BOUND('',#10392,.T.);
#10394 = DIRECTION('',(0.000000,0.000000,1.000000));
#10395 = DIRECTION('',(1.000000,0.000000,0.000000));
#10396 = AXIS2_PLACEMENT_3D('',#32,#10394,#10395);
#10397 = PLANE('',#10396);
#10398 = FACE_SURFACE('',(#10393),#10397,.T.);
#10399 = POLY_LOOP('',(#30,#93,#94));
#10400 = FACE_OUTER_BOUND('',#10399,.T.);
#10401 = DIRECTION('',(0.000000,0.000000,1.000000));
#10402 = DIRECTION('',(1.000000,0.000000,0.000000));
#10403 = AXIS2_PLACEMENT_3D('',#30,#10401,#10402);
#10404 = PLANE('',#10403);
#10405 = FACE_SURFACE('',(#10400),#10404,.T.);
#10406 = POLY_LOOP('',(#30,#94,#29));
#10407 = FACE_OUTER_BOUND('',#10406,.T.);
#10408 = DIRECTION('',(0.000000,0.000000,1.000000));
#10409 = DIRECTION('',(1.000000,0.000000,0.000000));
#10410 = AXIS2_PLACEMENT_3D('',#30,#10408,#10409);
#10411 = PLANE('',#10410);
#10412 = FACE_SURFACE('',(#10407),#10411,.T.);
#10413 = POLY_LOOP('',(#29,#94,#95));
#10414 = FACE_OUTER_BOUND('',#10413,.T.);
#10415 = DIRECTION('',(0.000000,0.000000,1.000000));
#10416 = DIRECTION('',(1.000000,0.000000,0.000000));
#10417 = AXIS2_PLACEMENT_3D('',#29,#10415,#10416);
#10418 = PLANE('',#10417);
#10419 = FACE_SURFACE('',(#10414),#10418,.T.);
#10420 = POLY_LOOP('',(#29,#95,#27));
#10421 = FACE_OUTER_BOUND('',#10420,.T.);
#10422 = DIRECTION('',(0.000000,0.000000,1.000000));
#10423 = DIRECTION('',(1.000000,0.000000,0.000000));
#10424 = AXIS2_PLACEMENT_3D('',#29,#10422,#10423);
#10425 = PLANE('',#10424);
#10426 = FACE_SURFACE('',(#10421),#10425,.T.);
#10427 = POLY_LOOP('',(#27,#95,#96));
#10428 = FACE_OUTER_BOUND('',#10427,.T.);
#10429 = DIRECTION('',(0.000000,0.000000,1.000000));
#10430 = DIRECTION('',(1.000000,0.000000,0.000000));
#10431 = AXIS2_PLACEMENT_3D('',#27,#10429,#10430);
#10432 = PLANE('',#10431);
#10433 = FACE_SURFACE('',(#10428),#10432,.T.);
#10434 = POLY_LOOP('',(#27,#96,#28));
#10435 = FACE_OUTER_BOUND('',#10434,.T.);
#10436 = DIRECTION('',(0.000000,0.000000,1.000000));
#10437 = DIRECTION('',(1.000000,0.000000,0.000000));
#10438 = AXIS2_PLACEMENT_3D('',#27,#10436,#10437);
#10439 = PLANE('',#10438);
#10440 = FACE_SURFACE('',(#10435),#10439,.T.);
#10441 = POLY_LOOP('',(#28,#96,#97));
#10442 = FACE_OUTER_BOUND('',#10441,.T.);
#10443 = DIRECTION('',(0.000000,0.000000,1.000000));
#10444 = DIRECTION('',(1.000000,0.000000,0.000000));
#10445 = AXIS2_PLACEMENT_3D('',#28,#10443,#10444);
#10446 = PLANE('',#10445);
#10447 = FACE_SURFACE('',(#10442),#10446,.T.);
#10448 = POLY_LOOP('',(#28,#97,#26));
#10449 = FACE_OUTER_BOUND('',#10448,.T.);
#10450 = DIRECTION('',(0.000000,0.000000,1.000000));
#10451 = DIRECTION('',(1.000000,0.000000,0.000000));
#10452 = AXIS2_PLACEMENT_3D('',#28,#10450,#10451);
#10453 = PLANE('',#10452);
#10454 = FACE_SURFACE('',(#10449),#10453,.T.);
#10455 = POLY_LOOP('',(#26,#97,#98));
#10456 = FACE_OUTER_BOUND('',#10455,.T.);
#10457 = DIRECTION('',(0.000000,0.000000,1.000000));
#10458 = DIRECTION('',(1.000000,0.000000,0.000000));
#10459 = AXIS2_PLACEMENT_3D('',#26,#10457,#10458);
#10460 = PLANE('',#10459);
#10461 = FACE_SURFACE('',(#10456),#10460,.T.);
#10462 = POLY_LOOP('',(#26,#98,#25));
#10463 = FACE_OUTER_BOUND('',#10462,.T.);
#10464 = DIRECTION('',(0.000000,0.000000,1.000000));
#10465 = DIRECTION('',(1.000000,0.000000,0.000000));
#10466 = AXIS2_PLACEMENT_3D('',#26,#10464,#10465);
#10467 = PLANE('',#10466);
#10468 = FACE_SURFACE('',(#10463),#10467,.T.);
#10469 = POLY_LOOP('',(#25,#98,#99));
#10470 = FACE_OUTER_BOUND('',#10469,.T.);
#10471 = DIRECTION('',(0.000000,0.000000,1.000000));
#10472 = DIRECTION('',(1.000000,0.000000,0.000000));
#10473 = AXIS2_PLACEMENT_3D('',#25,#10471,#10472);
#10474 = PLANE('',#10473);
#10475 = FACE_SURFACE('',(#10470),#10474,.T.);
#10476 = POLY_LOOP('',(#25,#99,#23));
#10477 = FACE_OUTER_BOUND('',#10476,.T.);
#10478 = DIRECTION('',(0.000000,0.000000,1.000000));
#10479 = DIRECTION('',(1.000000,0.000000,0.000000));
#10480 = AXIS2_PLACEMENT_3D('',#25,#10478,#10479);
#10481 = PLANE('',#10480);
#10482 = FACE_SURFACE('',(#10477),#10481,.T.);
#10483 = POLY_LOOP('',(#23,#99,#100));
#10484 = FACE_OUTER_BOUND('',#10483,.T.);
#10485 = DIRECTION('',(0.000000,0.000000,1.000000));
#10486 = DIRECTION('',(1.000000,0.000000,0.000000));
#10487 = AXIS2_PLACEMENT_3D('',#23,#10485,#10486);
#10488 = PLANE('',#10487);
#10489 = FACE_SURFACE('',(#10484),#10488,.T.);
#10490 = POLY_LOOP('',(#23,#100,#24));
#10491 = FACE_OUTER_BOUND('',#10490,.T.);
#10492 = DIRECTION('',(0.000000,0.000000,1.000000));
#10493 = DIRECTION('',(1.000000,0.000000,0.000000));
#10494 = AXIS2_PLACEMENT_3D('',#23,#10492,#10493);
#10495 = PLANE('',#10494);
#10496 = FACE_SURFACE('',(#10491),#10495,.T.);
#10497 = POLY_LOOP('',(#24,#100,#101));
#10498 = FACE_OUTER_BOUND('',#10497,.T.);
#10499 = DIRECTION('',(0.000000,0.000000,1.000000));
#10500 = DIRECTION('',(1.000000,0.000000,0.000000));
#10501 = AXIS2_PLACEMENT_3D('',#24,#10499,#10500);
#10502 = PLANE('',#10501);
#10503 = FACE_SURFACE('',(#10498),#10502,.T.);
#10504 = POLY_LOOP('',(#24,#101,#22));
#10505 = FACE_OUTER_BOUND('',#10504,.T.);
#10506 = DIRECTION('',(0.000000,0.000000,1.000000));
#10507 = DIRECTION('',(1.000000,0.000000,0.000000));
#10508 = AXIS2_PLACEMENT_3D('',#24,#10506,#10507);
#10509 = PLANE('',#10508);
#10510 = FACE_SURFACE('',(#10505),#10509,.T.);
#10511 = POLY_LOOP('',(#22,#101,#102));
#10512 = FACE_OUTER_BOUND('',#10511,.T.);
#10513 = DIRECTION('',(0.000000,0.000000,1.000000));
#10514 = DIRECTION('',(1.000000,0.000000,0.000000));
#10515 = AXIS2_PLACEMENT_3D('',#22,#10513,#10514);
#10516 = PLANE('',#10515);
#10517 = FACE_SURFACE('',(#10512),#10516,.T.);
#10518 = POLY_LOOP('',(#22,#102,#21));
#10519 = FACE_OUTER_BOUND('',#10518,.T.);
#10520 = DIRECTION('',(0.000000,0.000000,1.000000));
#10521 = DIRECTION('',(1.000000,0.000000,0.000000));
#10522 = AXIS2_PLACEMENT_3D('',#22,#10520,#10521);
#10523 = PLANE('',#10522);
#10524 = FACE_SURFACE('',(#10519),#10523,.T.);
#10525 = POLY_LOOP('',(#21,#102,#103));
#10526 = FACE_OUTER_BOUND('',#10525,.T.);
#10527 = DIRECTION('',(0.000000,0.000000,1.000000));
#10528 = DIRECTION('',(1.000000,0.000000,0.000000));
#10529 = AXIS2_PLACEMENT_3D('',#21,#10527,#10528);
#10530 = PLANE('',#10529);
#10531 = FACE_SURFACE('',(#10526),#10530,.T.);
#10532 = POLY_LOOP('',(#21,#103,#19));
#10533 = FACE_OUTER_BOUND('',#10532,.T.);
#10534 = DIRECTION('',(0.000000,0.000000,1.000000));
#10535 = DIRECTION('',(1.000000,0.000000,0.000000));
#10536 = AXIS2_PLACEMENT_3D('',#21,#10534,#10535);
#10537 = PLANE('',#10536);
#10538 = FACE_SURFACE('',(#10533),#10537,.T.);
#10539 = POLY_LOOP('',(#19,#103,#104));
#10540 = FACE_OUTER_BOUND('',#10539,.T.);
#10541 = DIRECTION('',(0.000000,0.000000,1.000000));
#10542 = DIRECTION('',(1.000000,0.000000,0.000000));
#10543 = AXIS2_PLACEMENT_3D('',#19,#10541,#10542);
#10544 = PLANE('',#10543);
#10545 = FACE_SURFACE('',(#10540),#10544,.T.);
#10546 = POLY_LOOP('',(#19,#104,#20));
#10547 = FACE_OUTER_BOUND('',#10546,.T.);
#10548 = DIRECTION('',(0.000000,0.000000,1.000000));
#10549 = DIRECTION('',(1.000000,0.000000,0.000000));
#10550 = AXIS2_PLACEMENT_3D('',#19,#10548,#10549);
#10551 = PLANE('',#10550);
#10552 = FACE_SURFACE('',(#10547),#10551,.T.);
#10553 = POLY_LOOP('',(#20,#104,#106));
#10554 = FACE_OUTER_BOUND('',#10553,.T.);
#10555 = DIRECTION('',(0.000000,0.000000,1.000000));
#10556 = DIRECTION('',(1.000000,0.000000,0.000000));
#10557 = AXIS2_PLACEMENT_3D('',#20,#10555,#10556);
#10558 = PLANE('',#10557);
#10559 = FACE_SURFACE('',(#10554),#10558,.T.);
#10560 = POLY_LOOP('',(#20,#106,#18));
#10561 = FACE_OUTER_BOUND('',#10560,.T.);
#10562 = DIRECTION('',(0.000000,0.000000,1.000000));
#10563 = DIRECTION('',(1.000000,0.000000,0.000000));
#10564 = AXIS2_PLACEMENT_3D('',#20,#10562,#10563);
#10565 = PLANE('',#10564);
#10566 = FACE_SURFACE('',(#10561),#10565,.T.);
#10567 = POLY_LOOP('',(#18,#106,#108));
#10568 = FACE_OUTER_BOUND('',#10567,.T.);
#10569 = DIRECTION('',(0.000000,0.000000,1.000000));
#10570 = DIRECTION('',(1.000000,0.000000,0.000000));
#10571 = AXIS2_PLACEMENT_3D('',#18,#10569,#10570);
#10572 = PLANE('',#10571);
#10573 = FACE_SURFACE('',(#10568),#10572,.T.);
#10574 = POLY_LOOP('',(#18,#17,#43));
#10575 = FACE_OUTER_BOUND('',#10574,.T.);
#10576 = DIRECTION('',(0.000000,0.000000,1.000000));
#10577 = DIRECTION('',(1.000000,0.000000,0.000000));
#10578 = AXIS2_PLACEMENT_3D('',#18,#10576,#10577);
#10579 = PLANE('',#10578);
#10580 = FACE_SURFACE('',(#10575),#10579,.T.);
#10581 = POLY_LOOP('',(#43,#17,#75));
#10582 = FACE_OUTER_BOUND('',#10581,.T.);
#10583 = DIRECTION('',(0.000000,0.000000,1.000000));
#10584 = DIRECTION('',(1.000000,0.000000,0.000000));
#10585 = AXIS2_PLACEMENT_3D('',#43,#10583,#10584);
#10586 = PLANE('',#10585);
#10587 = FACE_SURFACE('',(#10582),#10586,.T.);
#10588 = POLY_LOOP('',(#43,#75,#74));
#10589 = FACE_OUTER_BOUND('',#10588,.T.);
#10590 = DIRECTION('',(0.000000,0.000000,1.000000));
#10591 = DIRECTION('',(1.000000,0.000000,0.000000));
#10592 = AXIS2_PLACEMENT_3D('',#43,#10590,#10591);
#10593 = PLANE('',#10592);
#10594 = FACE_SURFACE('',(#10589),#10593,.T.);
#10595 = POLY_LOOP('',(#74,#73,#43));
#10596 = FACE_OUTER_BOUND('',#10595,.T.);
#10597 = DIRECTION('',(0.000000,0.000000,1.000000));
#10598 = DIRECTION('',(1.000000,0.000000,0.000000));
#10599 = AXIS2_PLACEMENT_3D('',#74,#10597,#10598);
#10600 = PLANE('',#10599);
#10601 = FACE_SURFACE('',(#10596),#10600,.T.);
#10602 = POLY_LOOP('',(#43,#73,#42));
#10603 = FACE_OUTER_BOUND('',#10602,.T.);
#10604 = DIRECTION('',(0.000000,0.000000,1.000000));
#10605 = DIRECTION('',(1.000000,0.000000,0.000000));
#10606 = AXIS2_PLACEMENT_3D('',#43,#10604,#10605);
#10607 = PLANE('',#10606);
#10608 = FACE_SURFACE('',(#10603),#10607,.T.);
#10609 = POLY_LOOP('',(#42,#73,#72));
#10610 = FACE_OUTER_BOUND('',#10609,.T.);
#10611 = DIRECTION('',(0.000000,0.000000,1.000000));
#10612 = DIRECTION('',(1.000000,0.000000,0.000000));
#10613 = AXIS2_PLACEMENT_3D('',#42,#10611,#10612);
#10614 = PLANE('',#10613);
#10615 = FACE_SURFACE('',(#10610),#10614,.T.);
#10616 = POLY_LOOP('',(#42,#72,#41));
#10617 = FACE_OUTER_BOUND('',#10616,.T.);
#10618 = DIRECTION('',(0.000000,0.000000,1.000000));
#10619 = DIRECTION('',(1.000000,0.000000,0.000000));
#10620 = AXIS2_PLACEMENT_3D('',#42,#10618,#10619);
#10621 = PLANE('',#10620);
#10622 = FACE_SURFACE('',(#10617),#10621,.T.);
#10623 = POLY_LOOP('',(#41,#72,#71));
#10624 = FACE_OUTER_BOUND('',#10623,.T.);
#10625 = DIRECTION('',(0.000000,0.000000,1.000000));
#10626 = DIRECTION('',(1.000000,0.000000,0.000000));
#10627 = AXIS2_PLACEMENT_3D('',#41,#10625,#10626);
#10628 = PLANE('',#10627);
#10629 = FACE_SURFACE('',(#10624),#10628,.T.);
#10630 = POLY_LOOP('',(#41,#71,#46));
#10631 = FACE_OUTER_BOUND('',#10630,.T.);
#10632 = DIRECTION('',(0.000000,0.000000,1.000000));
#10633 = DIRECTION('',(1.000000,0.000000,0.000000));
#10634 = AXIS2_PLACEMENT_3D('',#41,#10632,#10633);
#10635 = PLANE('',#10634);
#10636 = FACE_SURFACE('',(#10631),#10635,.T.);
#10637 = POLY_LOOP('',(#46,#71,#70));
#10638 = FACE_OUTER_BOUND('',#10637,.T.);
#10639 = DIRECTION('',(0.000000,0.000000,1.000000));
#10640 = DIRECTION('',(1.000000,0.000000,0.000000));
#10641 = AXIS2_PLACEMENT_3D('',#46,#10639,#10640);
#10642 = PLANE('',#10641);
#10643 = FACE_SURFACE('',(#10638),#10642,.T.);
#10644 = POLY_LOOP('',(#46,#70,#45));
#10645 = FACE_OUTER_BOUND('',#10644,.T.);
#10646 = DIRECTION('',(0.000000,0.000000,1.000000));
#10647 = DIRECTION('',(1.000000,0.000000,0.000000));
#10648 = AXIS2_PLACEMENT_3D('',#46,#10646,#10647);
#10649 = PLANE('',#10648);
#10650 = FACE_SURFACE('',(#10645),#10649,.T.);
#10651 = POLY_LOOP('',(#45,#70,#69));
#10652 = FACE_OUTER_BOUND('',#10651,.T.);
#10653 = DIRECTION('',(0.000000,0.000000,1.000000));
#10654 = DIRECTION('',(1.000000,0.000000,0.000000));
#10655 = AXIS2_PLACEMENT_3D('',#45,#10653,#10654);
#10656 = PLANE('',#10655);
#10657 = FACE_SURFACE('',(#10652),#10656,.T.);
#10658 = POLY_LOOP('',(#45,#69,#48));
#10659 = FACE_OUTER_BOUND('',#10658,.T.);
#10660 = DIRECTION('',(0.000000,0.000000,1.000000));
#10661 = DIRECTION('',(1.000000,0.000000,0.000000));
#10662 = AXIS2_PLACEMENT_3D('',#45,#10660,#10661);
#10663 = PLANE('',#10662);
#10664 = FACE_SURFACE('',(#10659),#10663,.T.);
#10665 = POLY_LOOP('',(#48,#69,#68));
#10666 = FACE_OUTER_BOUND('',#10665,.T.);
#10667 = DIRECTION('',(0.000000,0.000000,1.000000));
#10668 = DIRECTION('',(1.000000,0.000000,0.000000));
#10669 = AXIS2_PLACEMENT_3D('',#48,#10667,#10668);
#10670 = PLANE('',#10669);
#10671 = FACE_SURFACE('',(#10666),#10670,.T.);
#10672 = POLY_LOOP('',(#48,#68,#47));
#10673 = FACE_OUTER_BOUND('',#10672,.T.);
#10674 = DIRECTION('',(0.000000,0.000000,1.000000));
#10675 = DIRECTION('',(1.000000,0.000000,0.000000));
#10676 = AXIS2_PLACEMENT_3D('',#48,#10674,#10675);
#10677 = PLANE('',#10676);
#10678 = FACE_SURFACE('',(#10673),#10677,.T.);
#10679 = POLY_LOOP('',(#47,#68,#67));
#10680 = FACE_OUTER_BOUND('',#10679,.T.);
#10681 = DIRECTION('',(0.000000,0.000000,1.000000));
#10682 = DIRECTION('',(1.000000,0.000000,0.000000));
#10683 = AXIS2_PLACEMENT_3D('',#47,#10681,#10682);
#10684 = PLANE('',#10683);
#10685 = FACE_SURFACE('',(#10680),#10684,.T.);
#10686 = POLY_LOOP('',(#47,#67,#59));
#10687 = FACE_OUTER_BOUND('',#10686,.T.);
#10688 = DIRECTION('',(0.000000,0.000000,1.000000));
#10689 = DIRECTION('',(1.000000,0.000000,0.000000));
#10690 = AXIS2_PLACEMENT_3D('',#47,#10688,#10689);
#10691 = PLANE('',#10690);
#10692 = FACE_SURFACE('',(#10687),#10691,.T.);
#10693 = POLY_LOOP('',(#59,#67,#65));
#10694 = FACE_OUTER_BOUND('',#10693,.T.);
#10695 = DIRECTION('',(0.000000,0.000000,1.000000));
#10696 = DIRECTION('',(1.000000,0.000000,0.000000));
#10697 = AXIS2_PLACEMENT_3D('',#59,#10695,#10696);
#10698 = PLANE('',#10697);
#10699 = FACE_SURFACE('',(#10694),#10698,.T.);
#10700 = POLY_LOOP('',(#59,#65,#61));
#10701 = FACE_OUTER_BOUND('',#10700,.T.);
#10702 = DIRECTION('',(0.000000,0.000000,1.000000));
#10703 = DIRECTION('',(1.000000,0.000000,0.000000));
#10704 = AXIS2_PLACEMENT_3D('',#59,#10702,#10703);
#10705 = PLANE('',#10704);
#10706 = FACE_SURFACE('',(#10701),#10705,.T.);
#10707 = POLY_LOOP('',(#61,#65,#63));
#10708 = FACE_OUTER_BOUND('',#10707,.T.);
#10709 = DIRECTION('',(0.000000,0.000000,1.000000));
#10710 = DIRECTION('',(1.000000,0.000000,0.000000));
#10711 = AXIS2_PLACEMENT_3D('',#61,#10709,#10710);
#10712 = PLANE('',#10711);
#10713 = FACE_SURFACE('',(#10708),#10712,.T.);
#10714 = POLY_LOOP('',(#44,#37,#43));
#10715 = FACE_OUTER_BOUND('',#10714,.T.);
#10716 = DIRECTION('',(0.000000,0.000000,1.000000));
#10717 = DIRECTION('',(1.000000,0.000000,0.000000));
#10718 = AXIS2_PLACEMENT_3D('',#44,#10716,#10717);
#10719 = PLANE('',#10718);
#10720 = FACE_SURFACE('',(#10715),#10719,.T.);
#10721 = POLY_LOOP('',(#43,#37,#35));
#10722 = FACE_OUTER_BOUND('',#10721,.T.);
#10723 = DIRECTION('',(0.000000,0.000000,1.000000));
#10724 = DIRECTION('',(1.000000,0.000000,0.000000));
#10725 = AXIS2_PLACEMENT_3D('',#43,#10723,#10724);
#10726 = PLANE('',#10725);
#10727 = FACE_SURFACE('',(#10722),#10726,.T.);
#10728 = POLY_LOOP('',(#43,#35,#36));
#10729 = FACE_OUTER_BOUND('',#10728,.T.);
#10730 = DIRECTION('',(0.000000,0.000000,1.000000));
#10731 = DIRECTION('',(1.000000,0.000000,0.000000));
#10732 = AXIS2_PLACEMENT_3D('',#43,#10730,#10731);
#10733 = PLANE('',#10732);
#10734 = FACE_SURFACE('',(#10729),#10733,.T.);
#10735 = POLY_LOOP('',(#37,#44,#38));
#10736 = FACE_OUTER_BOUND('',#10735,.T.);
#10737 = DIRECTION('',(0.000000,0.000000,1.000000));
#10738 = DIRECTION('',(1.000000,0.000000,0.000000));
#10739 = AXIS2_PLACEMENT_3D('',#37,#10737,#10738);
#10740 = PLANE('',#10739);
#10741 = FACE_SURFACE('',(#10736),#10740,.T.);
#10742 = POLY_LOOP('',(#38,#44,#40));
#10743 = FACE_OUTER_BOUND('',#10742,.T.);
#10744 = DIRECTION('',(0.000000,0.000000,1.000000));
#10745 = DIRECTION('',(1.000000,0.000000,0.000000));
#10746 = AXIS2_PLACEMENT_3D('',#38,#10744,#10745);
#10747 = PLANE('',#10746);
#10748 = FACE_SURFACE('',(#10743),#10747,.T.);
#10749 = POLY_LOOP('',(#38,#40,#39));
#10750 = FACE_OUTER_BOUND('',#10749,.T.);
#10751 = DIRECTION('',(0.000000,0.000000,1.000000));
#10752 = DIRECTION('',(1.000000,0.000000,0.000000));
#10753 = AXIS2_PLACEMENT_3D('',#38,#10751,#10752);
#10754 = PLANE('',#10753);
#10755 = FACE_SURFACE('',(#10750),#10754,.T.);
#10756 = POLY_LOOP('',(#36,#34,#43));
#10757 = FACE_OUTER_BOUND('',#10756,.T.);
#10758 = DIRECTION('',(0.000000,0.000000,1.000000));
#10759 = DIRECTION('',(1.000000,0.000000,0.000000));
#10760 = AXIS2_PLACEMENT_3D('',#36,#10758,#10759);
#10761 = PLANE('',#10760);
#10762 = FACE_SURFACE('',(#10757),#10761,.T.);
#10763 = POLY_LOOP('',(#43,#34,#33));
#10764 = FACE_OUTER_BOUND('',#10763,.T.);
#10765 = DIRECTION('',(0.000000,0.000000,1.000000));
#10766 = DIRECTION('',(1.000000,0.000000,0.000000));
#10767 = AXIS2_PLACEMENT_3D('',#43,#10765,#10766);
#10768 = PLANE('',#10767);
#10769 = FACE_SURFACE('',(#10764),#10768,.T.);
#10770 = POLY_LOOP('',(#43,#33,#31));
#10771 = FACE_OUTER_BOUND('',#10770,.T.);
#10772 = DIRECTION('',(0.000000,0.000000,1.000000));
#10773 = DIRECTION('',(1.000000,0.000000,0.000000));
#10774 = AXIS2_PLACEMENT_3D('',#43,#10772,#10773);
#10775 = PLANE('',#10774);
#10776 = FACE_SURFACE('',(#10771),#10775,.T.);
#10777 = POLY_LOOP('',(#31,#32,#43));
#10778 = FACE_OUTER_BOUND('',#10777,.T.);
#10779 = DIRECTION('',(0.000000,0.000000,1.000000));
#10780 = DIRECTION('',(1.000000,0.000000,0.000000));
#10781 = AXIS2_PLACEMENT_3D('',#31,#10779,#10780);
#10782 = PLANE('',#10781);
#10783 = FACE_SURFACE('',(#10778),#10782,.T.);
#10784 = POLY_LOOP('',(#43,#32,#30));
#10785 = FACE_OUTER_BOUND('',#10784,.T.);
#10786 = DIRECTION('',(0.000000,0.000000,1.000000));
#10787 = DIRECTION('',(1.000000,0.000000,0.000000));
#10788 = AXIS2_PLACEMENT_3D('',#43,#10786,#10787);
#10789 = PLANE('',#10788);
#10790 = FACE_SURFACE('',(#10785),#10789,.T.);
#10791 = POLY_LOOP('',(#43,#30,#29));
#10792 = FACE_OUTER_BOUND('',#10791,.T.);
#10793 = DIRECTION('',(0.000000,0.000000,1.000000));
#10794 = DIRECTION('',(1.000000,0.000000,0.000000));
#10795 = AXIS2_PLACEMENT_3D('',#43,#10793,#10794);
#10796 = PLANE('',#10795);
#10797 = FACE_SURFACE('',(#10792),#10796,.T.);
#10798 = POLY_LOOP('',(#29,#27,#43));
#10799 = FACE_OUTER_BOUND('',#10798,.T.);
#10800 = DIRECTION('',(0.000000,0.000000,1.000000));
#10801 = DIRECTION('',(1.000000,0.000000,0.000000));
#10802 = AXIS2_PLACEMENT_3D('',#29,#10800,#10801);
#10803 = PLANE('',#10802);
#10804 = FACE_SURFACE('',(#10799),#10803,.T.);
#10805 = POLY_LOOP('',(#43,#27,#28));
#10806 = FACE_OUTER_BOUND('',#10805,.T.);
#10807 = DIRECTION('',(0.000000,0.000000,1.000000));
#10808 = DIRECTION('',(1.000000,0.000000,0.000000));
#10809 = AXIS2_PLACEMENT_3D('',#43,#10807,#10808);
#10810 = PLANE('',#10809);
#10811 = FACE_SURFACE('',(#10806),#10810,.T.);
#10812 = POLY_LOOP('',(#43,#28,#26));
#10813 = FACE_OUTER_BOUND('',#10812,.T.);
#10814 = DIRECTION('',(0.000000,0.000000,1.000000));
#10815 = DIRECTION('',(1.000000,0.000000,0.000000));
#10816 = AXIS2_PLACEMENT_3D('',#43,#10814,#10815);
#10817 = PLANE('',#10816);
#10818 = FACE_SURFACE('',(#10813),#10817,.T.);
#10819 = POLY_LOOP('',(#26,#25,#43));
#10820 = FACE_OUTER_BOUND('',#10819,.T.);
#10821 = DIRECTION('',(0.000000,0.000000,1.000000));
#10822 = DIRECTION('',(1.000000,0.000000,0.000000));
#10823 = AXIS2_PLACEMENT_3D('',#26,#10821,#10822);
#10824 = PLANE('',#10823);
#10825 = FACE_SURFACE('',(#10820),#10824,.T.);
#10826 = POLY_LOOP('',(#43,#25,#23));
#10827 = FACE_OUTER_BOUND('',#10826,.T.);
#10828 = DIRECTION('',(0.000000,0.000000,1.000000));
#10829 = DIRECTION('',(1.000000,0.000000,0.000000));
#10830 = AXIS2_PLACEMENT_3D('',#43,#10828,#10829);
#10831 = PLANE('',#10830);
#10832 = FACE_SURFACE('',(#10827),#10831,.T.);
#10833 = POLY_LOOP('',(#43,#23,#24));
#10834 = FACE_OUTER_BOUND('',#10833,.T.);
#10835 = DIRECTION('',(0.000000,0.000000,1.000000));
#10836 = DIRECTION('',(1.000000,0.000000,0.000000));
#10837 = AXIS2_PLACEMENT_3D('',#43,#10835,#10836);
#10838 = PLANE('',#10837);
#10839 = FACE_SURFACE('',(#10834),#10838,.T.);
#10840 = POLY_LOOP('',(#24,#22,#43));
#10841 = FACE_OUTER_BOUND('',#10840,.T.);
#10842 = DIRECTION('',(0.000000,0.000000,1.000000));
#10843 = DIRECTION('',(1.000000,0.000000,0.000000));
#10844 = AXIS2_PLACEMENT_3D('',#24,#10842,#10843);
#10845 = PLANE('',#10844);
#10846 = FACE_SURFACE('',(#10841),#10845,.T.);
#10847 = POLY_LOOP('',(#43,#22,#21));
#10848 = FACE_OUTER_BOUND('',#10847,.T.);
#10849 = DIRECTION('',(0.000000,0.000000,1.000000));
#10850 = DIRECTION('',(1.000000,0.000000,0.000000));
#10851 = AXIS2_PLACEMENT_3D('',#43,#10849,#10850);
#10852 = PLANE('',#10851);
#10853 = FACE_SURFACE('',(#10848),#10852,.T.);
#10854 = POLY_LOOP('',(#43,#21,#19));
#10855 = FACE_OUTER_BOUND('',#10854,.T.);
#10856 = DIRECTION('',(0.000000,0.000000,1.000000));
#10857 = DIRECTION('',(1.000000,0.000000,0.000000));
#10858 = AXIS2_PLACEMENT_3D('',#43,#10856,#10857);
#10859 = PLANE('',#10858);
#10860 = FACE_SURFACE('',(#10855),#10859,.T.);
#10861 = POLY_LOOP('',(#19,#20,#43));
#10862 = FACE_OUTER_BOUND('',#10861,.T.);
#10863 = DIRECTION('',(0.000000,0.000000,1.000000));
#10864 = DIRECTION('',(1.000000,0.000000,0.000000));
#10865 = AXIS2_PLACEMENT_3D('',#19,#10863,#10864);
#10866 = PLANE('',#10865);
#10867 = FACE_SURFACE('',(#10862),#10866,.T.);
#10868 = POLY_LOOP('',(#43,#20,#18));
#10869 = FACE_OUTER_BOUND('',#10868,.T.);
#10870 = DIRECTION('',(0.000000,0.000000,1.000000));
#10871 = DIRECTION('',(1.000000,0.000000,0.000000));
#10872 = AXIS2_PLACEMENT_3D('',#43,#10870,#10871);
#10873 = PLANE('',#10872);
#10874 = FACE_SURFACE('',(#10869),#10873,.T.);
#10875 = POLY_LOOP('',(#77,#76,#50));
#10876 = FACE_OUTER_BOUND('',#10875,.T.);
#10877 = DIRECTION('',(0.000000,0.000000,1.000000));
#10878 = DIRECTION('',(1.000000,0.000000,0.000000));
#10879 = AXIS2_PLACEMENT_3D('',#77,#10877,#10878);
#10880 = PLANE('',#10879);
#10881 = FACE_SURFACE('',(#10876),#10880,.T.);
#10882 = POLY_LOOP('',(#50,#76,#108));
#10883 = FACE_OUTER_BOUND('',#10882,.T.);
#10884 = DIRECTION('',(0.000000,0.000000,1.000000));
#10885 = DIRECTION('',(1.000000,0.000000,0.000000));
#10886 = AXIS2_PLACEMENT_3D('',#50,#10884,#10885);
#10887 = PLANE('',#10886);
#10888 = FACE_SURFACE('',(#10883),#10887,.T.);
#10889 = POLY_LOOP('',(#50,#108,#106));
#10890 = FACE_OUTER_BOUND('',#10889,.T.);
#10891 = DIRECTION('',(0.000000,0.000000,1.000000));
#10892 = DIRECTION('',(1.000000,0.000000,0.000000));
#10893 = AXIS2_PLACEMENT_3D('',#50,#10891,#10892);
#10894 = PLANE('',#10893);
#10895 = FACE_SURFACE('',(#10890),#10894,.T.);
#10896 = POLY_LOOP('',(#106,#104,#50));
#10897 = FACE_OUTER_BOUND('',#10896,.T.);
#10898 = DIRECTION('',(0.000000,0.000000,1.000000));
#10899 = DIRECTION('',(1.000000,0.000000,0.000000));
#10900 = AXIS2_PLACEMENT_3D('',#106,#10898,#10899);
#10901 = PLANE('',#10900);
#10902 = FACE_SURFACE('',(#10897),#10901,.T.);
#10903 = POLY_LOOP('',(#50,#104,#103));
#10904 = FACE_OUTER_BOUND('',#10903,.T.);
#10905 = DIRECTION('',(0.000000,0.000000,1.000000));
#10906 = DIRECTION('',(1.000000,0.000000,0.000000));
#10907 = AXIS2_PLACEMENT_3D('',#50,#10905,#10906);
#10908 = PLANE('',#10907);
#10909 = FACE_SURFACE('',(#10904),#10908,.T.);
#10910 = POLY_LOOP('',(#50,#103,#102));
#10911 = FACE_OUTER_BOUND('',#10910,.T.);
#10912 = DIRECTION('',(0.000000,0.000000,1.000000));
#10913 = DIRECTION('',(1.000000,0.000000,0.000000));
#10914 = AXIS2_PLACEMENT_3D('',#50,#10912,#10913);
#10915 = PLANE('',#10914);
#10916 = FACE_SURFACE('',(#10911),#10915,.T.);
#10917 = POLY_LOOP('',(#102,#101,#50));
#10918 = FACE_OUTER_BOUND('',#10917,.T.);
#10919 = DIRECTION('',(0.000000,0.000000,1.000000));
#10920 = DIRECTION('',(1.000000,0.000000,0.000000));
#10921 = AXIS2_PLACEMENT_3D('',#102,#10919,#10920);
#10922 = PLANE('',#10921);
#10923 = FACE_SURFACE('',(#10918),#10922,.T.);
#10924 = POLY_LOOP('',(#50,#101,#100));
#10925 = FACE_OUTER_BOUND('',#10924,.T.);
#10926 = DIRECTION('',(0.000000,0.000000,1.000000));
#10927 = DIRECTION('',(1.000000,0.000000,0.000000));
#10928 = AXIS2_PLACEMENT_3D('',#50,#10926,#10927);
#10929 = PLANE('',#10928);
#10930 = FACE_SURFACE('',(#10925),#10929,.T.);
#10931 = POLY_LOOP('',(#50,#100,#99));
#10932 = FACE_OUTER_BOUND('',#10931,.T.);
#10933 = DIRECTION('',(0.000000,0.000000,1.000000));
#10934 = DIRECTION('',(1.000000,0.000000,0.000000));
#10935 = AXIS2_PLACEMENT_3D('',#50,#10933,#10934);
#10936 = PLANE('',#10935);
#10937 = FACE_SURFACE('',(#10932),#10936,.T.);
#10938 = POLY_LOOP('',(#99,#98,#50));
#10939 = FACE_OUTER_BOUND('',#10938,.T.);
#10940 = DIRECTION('',(0.000000,0.000000,1.000000));
#10941 = DIRECTION('',(1.000000,0.000000,0.000000));
#10942 = AXIS2_PLACEMENT_3D('',#99,#10940,#10941);
#10943 = PLANE('',#10942);
#10944 = FACE_SURFACE('',(#10939),#10943,.T.);
#10945 = POLY_LOOP('',(#50,#98,#97));
#10946 = FACE_OUTER_BOUND('',#10945,.T.);
#10947 = DIRECTION('',(0.000000,0.000000,1.000000));
#10948 = DIRECTION('',(1.000000,0.000000,0.000000));
#10949 = AXIS2_PLACEMENT_3D('',#50,#10947,#10948);
#10950 = PLANE('',#10949);
#10951 = FACE_SURFACE('',(#10946),#10950,.T.);
#10952 = POLY_LOOP('',(#50,#97,#96));
#10953 = FACE_OUTER_BOUND('',#10952,.T.);
#10954 = DIRECTION('',(0.000000,0.000000,1.000000));
#10955 = DIRECTION('',(1.000000,0.000000,0.000000));
#10956 = AXIS2_PLACEMENT_3D('',#50,#10954,#10955);
#10957 = PLANE('',#10956);
#10958 = FACE_SURFACE('',(#10953),#10957,.T.);
#10959 = POLY_LOOP('',(#96,#95,#50));
#10960 = FACE_OUTER_BOUND('',#10959,.T.);
#10961 = DIRECTION('',(0.000000,0.000000,1.000000));
#10962 = DIRECTION('',(1.000000,0.000000,0.000000));
#10963 = AXIS2_PLACEMENT_3D('',#96,#10961,#10962);
#10964 = PLANE('',#10963);
#10965 = FACE_SURFACE('',(#10960),#10964,.T.);
#10966 = POLY_LOOP('',(#50,#95,#94));
#10967 = FACE_OUTER_BOUND('',#10966,.T.);
#10968 = DIRECTION('',(0.000000,0.000000,1.000000));
#10969 = DIRECTION('',(1.000000,0.000000,0.000000));
#10970 = AXIS2_PLACEMENT_3D('',#50,#10968,#10969);
#10971 = PLANE('',#10970);
#10972 = FACE_SURFACE('',(#10967),#10971,.T.);
#10973 = POLY_LOOP('',(#50,#94,#93));
#10974 = FACE_OUTER_BOUND('',#10973,.T.);
#10975 = DIRECTION('',(0.000000,0.000000,1.000000));
#10976 = DIRECTION('',(1.000000,0.000000,0.000000));
#10977 = AXIS2_PLACEMENT_3D('',#50,#10975,#10976);
#10978 = PLANE('',#10977);
#10979 = FACE_SURFACE('',(#10974),#10978,.T.);
#10980 = POLY_LOOP('',(#93,#92,#50));
#10981 = FACE_OUTER_BOUND('',#10980,.T.);
#10982 = DIRECTION('',(0.000000,0.000000,1.000000));
#10983 = DIRECTION('',(1.000000,0.000000,0.000000));
#10984 = AXIS2_PLACEMENT_3D('',#93,#10982,#10983);
#10985 = PLANE('',#10984);
#10986 = FACE_SURFACE('',(#10981),#10985,.T.);
#10987 = POLY_LOOP('',(#50,#92,#85));
#10988 = FACE_OUTER_BOUND('',#10987,.T.);
#10989 = DIRECTION('',(0.000000,0.000000,1.000000));
#10990 = DIRECTION('',(1.000000,0.000000,0.000000));
#10991 = AXIS2_PLACEMENT_3D('',#50,#10989,#10990);
#10992 = PLANE('',#10991);
#10993 = FACE_SURFACE('',(#10988),#10992,.T.);
#10994 = POLY_LOOP('',(#50,#85,#86));
#10995 = FACE_OUTER_BOUND('',#10994,.T.);
#10996 = DIRECTION('',(0.000000,0.000000,1.000000));
#10997 = DIRECTION('',(1.000000,0.000000,0.000000));
#10998 = AXIS2_PLACEMENT_3D('',#50,#10996,#10997);
#10999 = PLANE('',#10998);
#11000 = FACE_SURFACE('',(#10995),#10999,.T.);
#11001 = POLY_LOOP('',(#86,#87,#50));
#11002 = FACE_OUTER_BOUND('',#11001,.T.);
#11003 = DIRECTION('',(0.000000,0.000000,1.000000));
#11004 = DIRECTION('',(1.000000,0.000000,0.000000));
#11005 = AXIS2_PLACEMENT_3D('',#86,#11003,#11004);
#11006 = PLANE('',#11005);
#11007 = FACE_SURFACE('',(#11002),#11006,.T.);
#11008 = POLY_LOOP('',(#50,#87,#88));
#11009 = FACE_OUTER_BOUND('',#11008,.T.);
#11010 = DIRECTION('',(0.000000,0.000000,1.000000));
#11011 = DIRECTION('',(1.000000,0.000000,0.000000));
#11012 = AXIS2_PLACEMENT_3D('',#50,#11010,#11011);
#11013 = PLANE('',#11012);
#11014 = FACE_SURFACE('',(#11009),#11013,.T.);
#11015 = POLY_LOOP('',(#50,#88,#89));
#11016 = FACE_OUTER_BOUND('',#11015,.T.);
#11017 = DIRECTION('',(0.000000,0.000000,1.000000));
#11018 = DIRECTION('',(1.000000,0.000000,0.000000));
#11019 = AXIS2_PLACEMENT_3D('',#50,#11017,#11018);
#11020 = PLANE('',#11019);
#11021 = FACE_SURFACE('',(#11016),#11020,.T.);
#11022 = POLY_LOOP('',(#50,#89,#49));
#11023 = FACE_OUTER_BOUND('',#11022,.T.);
#11024 = DIRECTION('',(0.000000,0.000000,1.000000));
#11025 = DIRECTION('',(1.000000,0.000000,0.000000));
#11026 = AXIS2_PLACEMENT_3D('',#50,#11024,#11025);
#11027 = PLANE('',#11026);
#11028 = FACE_SURFACE('',(#11023),#11027,.T.);
#11029 = POLY_LOOP('',(#49,#89,#90));
#11030 = FACE_OUTER_BOUND('',#11029,.T.);
#11031 = DIRECTION('',(0.000000,0.000000,1.000000));
#11032 = DIRECTION('',(1.000000,0.000000,0.000000));
#11033 = AXIS2_PLACEMENT_3D('',#49,#11031,#11032);
#11034 = PLANE('',#11033);
#11035 = FACE_SURFACE('',(#11030),#11034,.T.);
#11036 = POLY_LOOP('',(#49,#90,#84));
#11037 = FACE_OUTER_BOUND('',#11036,.T.);
#11038 = DIRECTION('',(0.000000,0.000000,1.000000));
#11039 = DIRECTION('',(1.000000,0.000000,0.000000));
#11040 = AXIS2_PLACEMENT_3D('',#49,#11038,#11039);
#11041 = PLANE('',#11040);
#11042 = FACE_SURFACE('',(#11037),#11041,.T.);
#11043 = POLY_LOOP('',(#84,#90,#91));
#11044 = FACE_OUTER_BOUND('',#11043,.T.);
#11045 = DIRECTION('',(0.000000,0.000000,1.000000));
#11046 = DIRECTION('',(1.000000,0.000000,0.000000));
#11047 = AXIS2_PLACEMENT_3D('',#84,#11045,#11046);
#11048 = PLANE('',#11047);
#11049 = FACE_SURFACE('',(#11044),#11048,.T.);
#11050 = POLY_LOOP('',(#51,#66,#50));
#11051 = FACE_OUTER_BOUND('',#11050,.T.);
#11052 = DIRECTION('',(0.000000,0.000000,1.000000));
#11053 = DIRECTION('',(1.000000,0.000000,0.000000));
#11054 = AXIS2_PLACEMENT_3D('',#51,#11052,#11053);
#11055 = PLANE('',#11054);
#11056 = FACE_SURFACE('',(#11051),#11055,.T.);
#11057 = POLY_LOOP('',(#50,#66,#78));
#11058 = FACE_OUTER_BOUND('',#11057,.T.);
#11059 = DIRECTION('',(0.000000,0.000000,1.000000));
#11060 = DIRECTION('',(1.000000,0.000000,0.000000));
#11061 = AXIS2_PLACEMENT_3D('',#50,#11059,#11060);
#11062 = PLANE('',#11061);
#11063 = FACE_SURFACE('',(#11058),#11062,.T.);
#11064 = POLY_LOOP('',(#50,#78,#77));
#11065 = FACE_OUTER_BOUND('',#11064,.T.);
#11066 = DIRECTION('',(0.000000,0.000000,1.000000));
#11067 = DIRECTION('',(1.000000,0.000000,0.000000));
#11068 = AXIS2_PLACEMENT_3D('',#50,#11066,#11067);
#11069 = PLANE('',#11068);
#11070 = FACE_SURFACE('',(#11065),#11069,.T.);
#11071 = POLY_LOOP('',(#66,#51,#64));
#11072 = FACE_OUTER_BOUND('',#11071,.T.);
#11073 = DIRECTION('',(0.000000,0.000000,1.000000));
#11074 = DIRECTION('',(1.000000,0.000000,0.000000));
#11075 = AXIS2_PLACEMENT_3D('',#66,#11073,#11074);
#11076 = PLANE('',#11075);
#11077 = FACE_SURFACE('',(#11072),#11076,.T.);
#11078 = POLY_LOOP('',(#64,#51,#52));
#11079 = FACE_OUTER_BOUND('',#11078,.T.);
#11080 = DIRECTION('',(0.000000,0.000000,1.000000));
#11081 = DIRECTION('',(1.000000,0.000000,0.000000));
#11082 = AXIS2_PLACEMENT_3D('',#64,#11080,#11081);
#11083 = PLANE('',#11082);
#11084 = FACE_SURFACE('',(#11079),#11083,.T.);
#11085 = POLY_LOOP('',(#64,#52,#62));
#11086 = FACE_OUTER_BOUND('',#11085,.T.);
#11087 = DIRECTION('',(0.000000,0.000000,1.000000));
#11088 = DIRECTION('',(1.000000,0.000000,0.000000));
#11089 = AXIS2_PLACEMENT_3D('',#64,#11087,#11088);
#11090 = PLANE('',#11089);
#11091 = FACE_SURFACE('',(#11086),#11090,.T.);
#11092 = POLY_LOOP('',(#62,#52,#81));
#11093 = FACE_OUTER_BOUND('',#11092,.T.);
#11094 = DIRECTION('',(0.000000,0.000000,1.000000));
#11095 = DIRECTION('',(1.000000,0.000000,0.000000));
#11096 = AXIS2_PLACEMENT_3D('',#62,#11094,#11095);
#11097 = PLANE('',#11096);
#11098 = FACE_SURFACE('',(#11093),#11097,.T.);
#11099 = POLY_LOOP('',(#62,#81,#60));
#11100 = FACE_OUTER_BOUND('',#11099,.T.);
#11101 = DIRECTION('',(0.000000,0.000000,1.000000));
#11102 = DIRECTION('',(1.000000,0.000000,0.000000));
#11103 = AXIS2_PLACEMENT_3D('',#62,#11101,#11102);
#11104 = PLANE('',#11103);
#11105 = FACE_SURFACE('',(#11100),#11104,.T.);
#11106 = POLY_LOOP('',(#60,#81,#83));
#11107 = FACE_OUTER_BOUND('',#11106,.T.);
#11108 = DIRECTION('',(0.000000,0.000000,1.000000));
#11109 = DIRECTION('',(1.000000,0.000000,0.000000));
#11110 = AXIS2_PLACEMENT_3D('',#60,#11108,#11109);
#11111 = PLANE('',#11110);
#11112 = FACE_SURFACE('',(#11107),#11111,.T.);
#11113 = POLY_LOOP('',(#60,#83,#58));
#11114 = FACE_OUTER_BOUND('',#11113,.T.);
#11115 = DIRECTION('',(0.000000,0.000000,1.000000));
#11116 = DIRECTION('',(1.000000,0.000000,0.000000));
#11117 = AXIS2_PLACEMENT_3D('',#60,#11115,#11116);
#11118 = PLANE('',#11117);
#11119 = FACE_SURFACE('',(#11114),#11118,.T.);
#11120 = POLY_LOOP('',(#58,#83,#82));
#11121 = FACE_OUTER_BOUND('',#11120,.T.);
#11122 = DIRECTION('',(0.000000,0.000000,1.000000));
#11123 = DIRECTION('',(1.000000,0.000000,0.000000));
#11124 = AXIS2_PLACEMENT_3D('',#58,#11122,#11123);
#11125 = PLANE('',#11124);
#11126 = FACE_SURFACE('',(#11121),#11125,.T.);
#11127 = POLY_LOOP('',(#58,#82,#57));
#11128 = FACE_OUTER_BOUND('',#11127,.T.);
#11129 = DIRECTION('',(0.000000,0.000000,1.000000));
#11130 = DIRECTION('',(1.000000,0.000000,0.000000));
#11131 = AXIS2_PLACEMENT_3D('',#58,#11129,#11130);
#11132 = PLANE('',#11131);
#11133 = FACE_SURFACE('',(#11128),#11132,.T.);
#11134 = POLY_LOOP('',(#57,#82,#80));
#11135 = FACE_OUTER_BOUND('',#11134,.T.);
#11136 = DIRECTION('',(0.000000,0.000000,1.000000));
#11137 = DIRECTION('',(1.000000,0.000000,0.000000));
#11138 = AXIS2_PLACEMENT_3D('',#57,#11136,#11137);
#11139 = PLANE('',#11138);
#11140 = FACE_SURFACE('',(#11135),#11139,.T.);
#11141 = POLY_LOOP('',(#57,#80,#56));
#11142 = FACE_OUTER_BOUND('',#11141,.T.);
#11143 = DIRECTION('',(0.000000,0.000000,1.000000));
#11144 = DIRECTION('',(1.000000,0.000000,0.000000));
#11145 = AXIS2_PLACEMENT_3D('',#57,#11143,#11144);
#11146 = PLANE('',#11145);
#11147 = FACE_SURFACE('',(#11142),#11146,.T.);
#11148 = POLY_LOOP('',(#56,#80,#79));
#11149 = FACE_OUTER_BOUND('',#11148,.T.);
#11150 = DIRECTION('',(0.000000,0.000000,1.000000));
#11151 = DIRECTION('',(1.000000,0.000000,0.000000));
#11152 = AXIS2_PLACEMENT_3D('',#56,#11150,#11151);
#11153 = PLANE('',#11152);
#11154 = FACE_SURFACE('',(#11149),#11153,.T.);
#11155 = POLY_LOOP('',(#56,#79,#55));
#11156 = FACE_OUTER_BOUND('',#11155,.T.);
#11157 = DIRECTION('',(0.000000,0.000000,1.000000));
#11158 = DIRECTION('',(1.000000,0.000000,0.000000));
#11159 = AXIS2_PLACEMENT_3D('',#56,#11157,#11158);
#11160 = PLANE('',#11159);
#11161 = FACE_SURFACE('',(#11156),#11160,.T.);
#11162 = POLY_LOOP('',(#55,#79,#53));
#11163 = FACE_OUTER_BOUND('',#11162,.T.);
#11164 = DIRECTION('',(0.000000,0.000000,1.000000));
#11165 = DIRECTION('',(1.000000,0.000000,0.000000));
#11166 = AXIS2_PLACEMENT_3D('',#55,#11164,#11165);
#11167 = PLANE('',#11166);
#11168 = FACE_SURFACE('',(#11163),#11167,.T.);
#11169 = POLY_LOOP('',(#55,#53,#54));
#11170 = FACE_OUTER_BOUND('',#11169,.T.);
#11171 = DIRECTION('',(0.000000,0.000000,1.000000));
#11172 = DIRECTION('',(1.000000,0.000000,0.000000));
#11173 = AXIS2_PLACEMENT_3D('',#55,#11171,#11172);
#11174 = PLANE('',#11173);
#11175 = FACE_SURFACE('',(#11170),#11174,.T.);
#11176 = POLY_LOOP('',(#18,#108,#17));
#11177 = FACE_OUTER_BOUND('',#11176,.T.);
#11178 = DIRECTION('',(0.000000,0.000000,1.000000));
#11179 = DIRECTION('',(1.000000,0.000000,0.000000));
#11180 = AXIS2_PLACEMENT_3D('',#18,#11178,#11179);
#11181 = PLANE('',#11180);
#11182 = FACE_SURFACE('',(#11177),#11181,.T.);
#11183 = POLY_LOOP('',(#17,#108,#76));
#11184 = FACE_OUTER_BOUND('',#11183,.T.);
#11185 = DIRECTION('',(0.000000,0.000000,1.000000));
#11186 = DIRECTION('',(1.000000,0.000000,0.000000));
#11187 = AXIS2_PLACEMENT_3D('',#17,#11185,#11186);
#11188 = PLANE('',#11187);
#11189 = FACE_SURFACE('',(#11184),#11188,.T.);
#11190 = POLY_LOOP('',(#17,#76,#75));
#11191 = FACE_OUTER_BOUND('',#11190,.T.);
#11192 = DIRECTION('',(0.000000,0.000000,1.000000));
#11193 = DIRECTION('',(1.000000,0.000000,0.000000));
#11194 = AXIS2_PLACEMENT_3D('',#17,#11192,#11193);
#11195 = PLANE('',#11194);
#11196 = FACE_SURFACE('',(#11191),#11195,.T.);
#11197 = POLY_LOOP('',(#75,#76,#77));
#11198 = FACE_OUTER_BOUND('',#11197,.T.);
#11199 = DIRECTION('',(0.000000,0.000000,1.000000));
#11200 = DIRECTION('',(1.000000,0.000000,0.000000));
#11201 = AXIS2_PLACEMENT_3D('',#75,#11199,#11200);
#11202 = PLANE('',#11201);
#11203 = FACE_SURFACE('',(#11198),#11202,.T.);
#11204 = POLY_LOOP('',(#75,#77,#74));
#11205 = FACE_OUTER_BOUND('',#11204,.T.);
#11206 = DIRECTION('',(0.000000,0.000000,1.000000));
#11207 = DIRECTION('',(1.000000,0.000000,0.000000));
#11208 = AXIS2_PLACEMENT_3D('',#75,#11206,#11207);
#11209 = PLANE('',#11208);
#11210 = FACE_SURFACE('',(#11205),#11209,.T.);
#11211 = POLY_LOOP('',(#74,#77,#78));
#11212 = FACE_OUTER_BOUND('',#11211,.T.);
#11213 = DIRECTION('',(0.000000,0.000000,1.000000));
#11214 = DIRECTION('',(1.000000,0.000000,0.000000));
#11215 = AXIS2_PLACEMENT_3D('',#74,#11213,#11214);
#11216 = PLANE('',#11215);
#11217 = FACE_SURFACE('',(#11212),#11216,.T.);
#11218 = POLY_LOOP('',(#74,#78,#73));
#11219 = FACE_OUTER_BOUND('',#11218,.T.);
#11220 = DIRECTION('',(0.000000,0.000000,1.000000));
#11221 = DIRECTION('',(1.000000,0.000000,0.000000));
#11222 = AXIS2_PLACEMENT_3D('',#74,#11220,#11221);
#11223 = PLANE('',#11222);
#11224 = FACE_SURFACE('',(#11219),#11223,.T.);
#11225 = POLY_LOOP('',(#73,#78,#66));
#11226 = FACE_OUTER_BOUND('',#11225,.T.);
#11227 = DIRECTION('',(0.000000,0.000000,1.000000));
#11228 = DIRECTION('',(1.000000,0.000000,0.000000));
#11229 = AXIS2_PLACEMENT_3D('',#73,#11227,#11228);
#11230 = PLANE('',#11229);
#11231 = FACE_SURFACE('',(#11226),#11230,.T.);
#11232 = POLY_LOOP('',(#73,#66,#72));
#11233 = FACE_OUTER_BOUND('',#11232,.T.);
#11234 = DIRECTION('',(0.000000,0.000000,1.000000));
#11235 = DIRECTION('',(1.000000,0.000000,0.000000));
#11236 = AXIS2_PLACEMENT_3D('',#73,#11234,#11235);
#11237 = PLANE('',#11236);
#11238 = FACE_SURFACE('',(#11233),#11237,.T.);
#11239 = POLY_LOOP('',(#72,#66,#64));
#11240 = FACE_OUTER_BOUND('',#11239,.T.);
#11241 = DIRECTION('',(0.000000,0.000000,1.000000));
#11242 = DIRECTION('',(1.000000,0.000000,0.000000));
#11243 = AXIS2_PLACEMENT_3D('',#72,#11241,#11242);
#11244 = PLANE('',#11243);
#11245 = FACE_SURFACE('',(#11240),#11244,.T.);
#11246 = POLY_LOOP('',(#72,#64,#71));
#11247 = FACE_OUTER_BOUND('',#11246,.T.);
#11248 = DIRECTION('',(0.000000,0.000000,1.000000));
#11249 = DIRECTION('',(1.000000,0.000000,0.000000));
#11250 = AXIS2_PLACEMENT_3D('',#72,#11248,#11249);
#11251 = PLANE('',#11250);
#11252 = FACE_SURFACE('',(#11247),#11251,.T.);
#11253 = POLY_LOOP('',(#71,#64,#62));
#11254 = FACE_OUTER_BOUND('',#11253,.T.);
#11255 = DIRECTION('',(0.000000,0.000000,1.000000));
#11256 = DIRECTION('',(1.000000,0.000000,0.000000));
#11257 = AXIS2_PLACEMENT_3D('',#71,#11255,#11256);
#11258 = PLANE('',#11257);
#11259 = FACE_SURFACE('',(#11254),#11258,.T.);
#11260 = POLY_LOOP('',(#71,#62,#70));
#11261 = FACE_OUTER_BOUND('',#11260,.T.);
#11262 = DIRECTION('',(0.000000,0.000000,1.000000));
#11263 = DIRECTION('',(1.000000,0.000000,0.000000));
#11264 = AXIS2_PLACEMENT_3D('',#71,#11262,#11263);
#11265 = PLANE('',#11264);
#11266 = FACE_SURFACE('',(#11261),#11265,.T.);
#11267 = POLY_LOOP('',(#70,#62,#60));
#11268 = FACE_OUTER_BOUND('',#11267,.T.);
#11269 = DIRECTION('',(0.000000,0.000000,1.000000));
#11270 = DIRECTION('',(1.000000,0.000000,0.000000));
#11271 = AXIS2_PLACEMENT_3D('',#70,#11269,#11270);
#11272 = PLANE('',#11271);
#11273 = FACE_SURFACE('',(#11268),#11272,.T.);
#11274 = POLY_LOOP('',(#70,#60,#69));
#11275 = FACE_OUTER_BOUND('',#11274,.T.);
#11276 = DIRECTION('',(0.000000,0.000000,1.000000));
#11277 = DIRECTION('',(1.000000,0.000000,0.000000));
#11278 = AXIS2_PLACEMENT_3D('',#70,#11276,#11277);
#11279 = PLANE('',#11278);
#11280 = FACE_SURFACE('',(#11275),#11279,.T.);
#11281 = POLY_LOOP('',(#69,#60,#58));
#11282 = FACE_OUTER_BOUND('',#11281,.T.);
#11283 = DIRECTION('',(0.000000,0.000000,1.000000));
#11284 = DIRECTION('',(1.000000,0.000000,0.000000));
#11285 = AXIS2_PLACEMENT_3D('',#69,#11283,#11284);
#11286 = PLANE('',#11285);
#11287 = FACE_SURFACE('',(#11282),#11286,.T.);
#11288 = POLY_LOOP('',(#69,#58,#68));
#11289 = FACE_OUTER_BOUND('',#11288,.T.);
#11290 = DIRECTION('',(0.000000,0.000000,1.000000));
#11291 = DIRECTION('',(1.000000,0.000000,0.000000));
#11292 = AXIS2_PLACEMENT_3D('',#69,#11290,#11291);
#11293 = PLANE('',#11292);
#11294 = FACE_SURFACE('',(#11289),#11293,.T.);
#11295 = POLY_LOOP('',(#68,#58,#57));
#11296 = FACE_OUTER_BOUND('',#11295,.T.);
#11297 = DIRECTION('',(0.000000,0.000000,1.000000));
#11298 = DIRECTION('',(1.000000,0.000000,0.000000));
#11299 = AXIS2_PLACEMENT_3D('',#68,#11297,#11298);
#11300 = PLANE('',#11299);
#11301 = FACE_SURFACE('',(#11296),#11300,.T.);
#11302 = POLY_LOOP('',(#68,#57,#67));
#11303 = FACE_OUTER_BOUND('',#11302,.T.);
#11304 = DIRECTION('',(0.000000,0.000000,1.000000));
#11305 = DIRECTION('',(1.000000,0.000000,0.000000));
#11306 = AXIS2_PLACEMENT_3D('',#68,#11304,#11305);
#11307 = PLANE('',#11306);
#11308 = FACE_SURFACE('',(#11303),#11307,.T.);
#11309 = POLY_LOOP('',(#67,#57,#56));
#11310 = FACE_OUTER_BOUND('',#11309,.T.);
#11311 = DIRECTION('',(0.000000,0.000000,1.000000));
#11312 = DIRECTION('',(1.000000,0.000000,0.000000));
#11313 = AXIS2_PLACEMENT_3D('',#67,#11311,#11312);
#11314 = PLANE('',#11313);
#11315 = FACE_SURFACE('',(#11310),#11314,.T.);
#11316 = POLY_LOOP('',(#67,#56,#65));
#11317 = FACE_OUTER_BOUND('',#11316,.T.);
#11318 = DIRECTION('',(0.000000,0.000000,1.000000));
#11319 = DIRECTION('',(1.000000,0.000000,0.000000));
#11320 = AXIS2_PLACEMENT_3D('',#67,#11318,#11319);
#11321 = PLANE('',#11320);
#11322 = FACE_SURFACE('',(#11317),#11321,.T.);
#11323 = POLY_LOOP('',(#65,#56,#55));
#11324 = FACE_OUTER_BOUND('',#11323,.T.);
#11325 = DIRECTION('',(0.000000,0.000000,1.000000));
#11326 = DIRECTION('',(1.000000,0.000000,0.000000));
#11327 = AXIS2_PLACEMENT_3D('',#65,#11325,#11326);
#11328 = PLANE('',#11327);
#11329 = FACE_SURFACE('',(#11324),#11328,.T.);
#11330 = POLY_LOOP('',(#65,#55,#63));
#11331 = FACE_OUTER_BOUND('',#11330,.T.);
#11332 = DIRECTION('',(0.000000,0.000000,1.000000));
#11333 = DIRECTION('',(1.000000,0.000000,0.000000));
#11334 = AXIS2_PLACEMENT_3D('',#65,#11332,#11333);
#11335 = PLANE('',#11334);
#11336 = FACE_SURFACE('',(#11331),#11335,.T.);
#11337 = POLY_LOOP('',(#63,#55,#54));
#11338 = FACE_OUTER_BOUND('',#11337,.T.);
#11339 = DIRECTION('',(0.000000,0.000000,1.000000));
#11340 = DIRECTION('',(1.000000,0.000000,0.000000));
#11341 = AXIS2_PLACEMENT_3D('',#63,#11339,#11340);
#11342 = PLANE('',#11341);
#11343 = FACE_SURFACE('',(#11338),#11342,.T.);
#11344 = POLY_LOOP('',(#63,#54,#61));
#11345 = FACE_OUTER_BOUND('',#11344,.T.);
#11346 = DIRECTION('',(0.000000,0.000000,1.000000));
#11347 = DIRECTION('',(1.000000,0.000000,0.000000));
#11348 = AXIS2_PLACEMENT_3D('',#63,#11346,#11347);
#11349 = PLANE('',#11348);
#11350 = FACE_SURFACE('',(#11345),#11349,.T.);
#11351 = POLY_LOOP('',(#61,#54,#53));
#11352 = FACE_OUTER_BOUND('',#11351,.T.);
#11353 = DIRECTION('',(0.000000,0.000000,1.000000));
#11354 = DIRECTION('',(1.000000,0.000000,0.000000));
#11355 = AXIS2_PLACEMENT_3D('',#61,#11353,#11354);
#11356 = PLANE('',#11355);
#11357 = FACE_SURFACE('',(#11352),#11356,.T.);
#11358 = POLY_LOOP('',(#61,#53,#59));
#11359 = FACE_OUTER_BOUND('',#11358,.T.);
#11360 = DIRECTION('',(0.000000,0.000000,1.000000));
#11361 = DIRECTION('',(1.000000,0.000000,0.000000));
#11362 = AXIS2_PLACEMENT_3D('',#61,#11360,#11361);
#11363 = PLANE('',#11362);
#11364 = FACE_SURFACE('',(#11359),#11363,.T.);
#11365 = POLY_LOOP('',(#59,#53,#79));
#11366 = FACE_OUTER_BOUND('',#11365,.T.);
#11367 = DIRECTION('',(0.000000,0.000000,1.000000));
#11368 = DIRECTION('',(1.000000,0.000000,0.000000));
#11369 = AXIS2_PLACEMENT_3D('',#59,#11367,#11368);
#11370 = PLANE('',#11369);
#11371 = FACE_SURFACE('',(#11366),#11370,.T.);
#11372 = POLY_LOOP('',(#59,#79,#47));
#11373 = FACE_OUTER_BOUND('',#11372,.T.);
#11374 = DIRECTION('',(0.000000,0.000000,1.000000));
#11375 = DIRECTION('',(1.000000,0.000000,0.000000));
#11376 = AXIS2_PLACEMENT_3D('',#59,#11374,#11375);
#11377 = PLANE('',#11376);
#11378 = FACE_SURFACE('',(#11373),#11377,.T.);
#11379 = POLY_LOOP('',(#47,#79,#80));
#11380 = FACE_OUTER_BOUND('',#11379,.T.);
#11381 = DIRECTION('',(0.000000,0.000000,1.000000));
#11382 = DIRECTION('',(1.000000,0.000000,0.000000));
#11383 = AXIS2_PLACEMENT_3D('',#47,#11381,#11382);
#11384 = PLANE('',#11383);
#11385 = FACE_SURFACE('',(#11380),#11384,.T.);
#11386 = POLY_LOOP('',(#47,#80,#48));
#11387 = FACE_OUTER_BOUND('',#11386,.T.);
#11388 = DIRECTION('',(0.000000,0.000000,1.000000));
#11389 = DIRECTION('',(1.000000,0.000000,0.000000));
#11390 = AXIS2_PLACEMENT_3D('',#47,#11388,#11389);
#11391 = PLANE('',#11390);
#11392 = FACE_SURFACE('',(#11387),#11391,.T.);
#11393 = POLY_LOOP('',(#48,#80,#82));
#11394 = FACE_OUTER_BOUND('',#11393,.T.);
#11395 = DIRECTION('',(0.000000,0.000000,1.000000));
#11396 = DIRECTION('',(1.000000,0.000000,0.000000));
#11397 = AXIS2_PLACEMENT_3D('',#48,#11395,#11396);
#11398 = PLANE('',#11397);
#11399 = FACE_SURFACE('',(#11394),#11398,.T.);
#11400 = POLY_LOOP('',(#48,#82,#45));
#11401 = FACE_OUTER_BOUND('',#11400,.T.);
#11402 = DIRECTION('',(0.000000,0.000000,1.000000));
#11403 = DIRECTION('',(1.000000,0.000000,0.000000));
#11404 = AXIS2_PLACEMENT_3D('',#48,#11402,#11403);
#11405 = PLANE('',#11404);
#11406 = FACE_SURFACE('',(#11401),#11405,.T.);
#11407 = POLY_LOOP('',(#45,#82,#83));
#11408 = FACE_OUTER_BOUND('',#11407,.T.);
#11409 = DIRECTION('',(0.000000,0.000000,1.000000));
#11410 = DIRECTION('',(1.000000,0.000000,0.000000));
#11411 = AXIS2_PLACEMENT_3D('',#45,#11409,#11410);
#11412 = PLANE('',#11411);
#11413 = FACE_SURFACE('',(#11408),#11412,.T.);
#11414 = POLY_LOOP('',(#45,#83,#46));
#11415 = FACE_OUTER_BOUND('',#11414,.T.);
#11416 = DIRECTION('',(0.000000,0.000000,1.000000));
#11417 = DIRECTION('',(1.000000,0.000000,0.000000));
#11418 = AXIS2_PLACEMENT_3D('',#45,#11416,#11417);
#11419 = PLANE('',#11418);
#11420 = FACE_SURFACE('',(#11415),#11419,.T.);
#11421 = POLY_LOOP('',(#46,#83,#81));
#11422 = FACE_OUTER_BOUND('',#11421,.T.);
#11423 = DIRECTION('',(0.000000,0.000000,1.000000));
#11424 = DIRECTION('',(1.000000,0.000000,0.000000));
#11425 = AXIS2_PLACEMENT_3D('',#46,#11423,#11424);
#11426 = PLANE('',#11425);
#11427 = FACE_SURFACE('',(#11422),#11426,.T.);
#11428 = POLY_LOOP('',(#46,#81,#41));
#11429 = FACE_OUTER_BOUND('',#11428,.T.);
#11430 = DIRECTION('',(0.000000,0.000000,1.000000));
#11431 = DIRECTION('',(1.000000,0.000000,0.000000));
#11432 = AXIS2_PLACEMENT_3D('',#46,#11430,#11431);
#11433 = PLANE('',#11432);
#11434 = FACE_SURFACE('',(#11429),#11433,.T.);
#11435 = POLY_LOOP('',(#41,#81,#52));
#11436 = FACE_OUTER_BOUND('',#11435,.T.);
#11437 = DIRECTION('',(0.000000,0.000000,1.000000));
#11438 = DIRECTION('',(1.000000,0.000000,0.000000));
#11439 = AXIS2_PLACEMENT_3D('',#41,#11437,#11438);
#11440 = PLANE('',#11439);
#11441 = FACE_SURFACE('',(#11436),#11440,.T.);
#11442 = POLY_LOOP('',(#41,#52,#42));
#11443 = FACE_OUTER_BOUND('',#11442,.T.);
#11444 = DIRECTION('',(0.000000,0.000000,1.000000));
#11445 = DIRECTION('',(1.000000,0.000000,0.000000));
#11446 = AXIS2_PLACEMENT_3D('',#41,#11444,#11445);
#11447 = PLANE('',#11446);
#11448 = FACE_SURFACE('',(#11443),#11447,.T.);
#11449 = POLY_LOOP('',(#42,#52,#51));
#11450 = FACE_OUTER_BOUND('',#11449,.T.);
#11451 = DIRECTION('',(0.000000,0.000000,1.000000));
#11452 = DIRECTION('',(1.000000,0.000000,0.000000));
#11453 = AXIS2_PLACEMENT_3D('',#42,#11451,#11452);
#11454 = PLANE('',#11453);
#11455 = FACE_SURFACE('',(#11450),#11454,.T.);
#11456 = POLY_LOOP('',(#42,#51,#43));
#11457 = FACE_OUTER_BOUND('',#11456,.T.);
#11458 = DIRECTION('',(0.000000,0.000000,1.000000));
#11459 = DIRECTION('',(1.000000,0.000000,0.000000));
#11460 = AXIS2_PLACEMENT_3D('',#42,#11458,#11459);
#11461 = PLANE('',#11460);
#11462 = FACE_SURFACE('',(#11457),#11461,.T.);
#11463 = POLY_LOOP('',(#43,#51,#50));
#11464 = FACE_OUTER_BOUND('',#11463,.T.);
#11465 = DIRECTION('',(0.000000,0.000000,1.000000));
#11466 = DIRECTION('',(1.000000,0.000000,0.000000));
#11467 = AXIS2_PLACEMENT_3D('',#43,#11465,#11466);
#11468 = PLANE('',#11467);
#11469 = FACE_SURFACE('',(#11464),#11468,.T.);
#11470 = POLY_LOOP('',(#43,#50,#44));
#11471 = FACE_OUTER_BOUND('',#11470,.T.);
#11472 = DIRECTION('',(0.000000,0.000000,1.000000));
#11473 = DIRECTION('',(1.000000,0.000000,0.000000));
#11474 = AXIS2_PLACEMENT_3D('',#43,#11472,#11473);
#11475 = PLANE('',#11474);
#11476 = FACE_SURFACE('',(#11471),#11475,.T.);
#11477 = POLY_LOOP('',(#44,#50,#49));
#11478 = FACE_OUTER_BOUND('',#11477,.T.);
#11479 = DIRECTION('',(0.000000,0.000000,1.000000));
#11480 = DIRECTION('',(1.000000,0.000000,0.000000));
#11481 = AXIS2_PLACEMENT_3D('',#44,#11479,#11480);
#11482 = PLANE('',#11481);
#11483 = FACE_SURFACE('',(#11478),#11482,.T.);
#11484 = POLY_LOOP('',(#44,#49,#40));
#11485 = FACE_OUTER_BOUND('',#11484,.T.);
#11486 = DIRECTION('',(0.000000,0.000000,1.000000));
#11487 = DIRECTION('',(1.000000,0.000000,0.000000));
#11488 = AXIS2_PLACEMENT_3D('',#44,#11486,#11487);
#11489 = PLANE('',#11488);
#11490 = FACE_SURFACE('',(#11485),#11489,.T.);
#11491 = POLY_LOOP('',(#40,#49,#84));
#11492 = FACE_OUTER_BOUND('',#11491,.T.);
#11493 = DIRECTION('',(0.000000,0.000000,1.000000));
#11494 = DIRECTION('',(1.000000,0.000000,0.000000));
#11495 = AXIS2_PLACEMENT_3D('',#40,#11493,#11494);
#11496 = PLANE('',#11495);
#11497 = FACE_SURFACE('',(#11492),#11496,.T.);
#11498 = POLY_LOOP('',(#40,#84,#39));
#11499 = FACE_OUTER_BOUND('',#11498,.T.);
#11500 = DIRECTION('',(0.000000,0.000000,1.000000));
#11501 = DIRECTION('',(1.000000,0.000000,0.000000));
#11502 = AXIS2_PLACEMENT_3D('',#40,#11500,#11501);
#11503 = PLANE('',#11502);
#11504 = FACE_SURFACE('',(#11499),#11503,.T.);
#11505 = POLY_LOOP('',(#39,#84,#91));
#11506 = FACE_OUTER_BOUND('',#11505,.T.);
#11507 = DIRECTION('',(0.000000,0.000000,1.000000));
#11508 = DIRECTION('',(1.000000,0.000000,0.000000));
#11509 = AXIS2_PLACEMENT_3D('',#39,#11507,#11508);
#11510 = PLANE('',#11509);
#11511 = FACE_SURFACE('',(#11506),#11510,.T.);
#11512 = POLY_LOOP('',(#39,#91,#38));
#11513 = FACE_OUTER_BOUND('',#11512,.T.);
#11514 = DIRECTION('',(0.000000,0.000000,1.000000));
#11515 = DIRECTION('',(1.000000,0.000000,0.000000));
#11516 = AXIS2_PLACEMENT_3D('',#39,#11514,#11515);
#11517 = PLANE('',#11516);
#11518 = FACE_SURFACE('',(#11513),#11517,.T.);
#11519 = POLY_LOOP('',(#38,#91,#90));
#11520 = FACE_OUTER_BOUND('',#11519,.T.);
#11521 = DIRECTION('',(0.000000,0.000000,1.000000));
#11522 = DIRECTION('',(1.000000,0.000000,0.000000));
#11523 = AXIS2_PLACEMENT_3D('',#38,#11521,#11522);
#11524 = PLANE('',#11523);
#11525 = FACE_SURFACE('',(#11520),#11524,.T.);
#11526 = POLY_LOOP('',(#38,#90,#37));
#11527 = FACE_OUTER_BOUND('',#11526,.T.);
#11528 = DIRECTION('',(0.000000,0.000000,1.000000));
#11529 = DIRECTION('',(1.000000,0.000000,0.000000));
#11530 = AXIS2_PLACEMENT_3D('',#38,#11528,#11529);
#11531 = PLANE('',#11530);
#11532 = FACE_SURFACE('',(#11527),#11531,.T.);
#11533 = POLY_LOOP('',(#37,#90,#89));
#11534 = FACE_OUTER_BOUND('',#11533,.T.);
#11535 = DIRECTION('',(0.000000,0.000000,1.000000));
#11536 = DIRECTION('',(1.000000,0.000000,0.000000));
#11537 = AXIS2_PLACEMENT_3D('',#37,#11535,#11536);
#11538 = PLANE('',#11537);
#11539 = FACE_SURFACE('',(#11534),#11538,.T.);
#11540 = POLY_LOOP('',(#37,#89,#35));
#11541 = FACE_OUTER_BOUND('',#11540,.T.);
#11542 = DIRECTION('',(0.000000,0.000000,1.000000));
#11543 = DIRECTION('',(1.000000,0.000000,0.000000));
#11544 = AXIS2_PLACEMENT_3D('',#37,#11542,#11543);
#11545 = PLANE('',#11544);
#11546 = FACE_SURFACE('',(#11541),#11545,.T.);
#11547 = POLY_LOOP('',(#35,#89,#88));
#11548 = FACE_OUTER_BOUND('',#11547,.T.);
#11549 = DIRECTION('',(0.000000,0.000000,1.000000));
#11550 = DIRECTION('',(1.000000,0.000000,0.000000));
#11551 = AXIS2_PLACEMENT_3D('',#35,#11549,#11550);
#11552 = PLANE('',#11551);
#11553 = FACE_SURFACE('',(#11548),#11552,.T.);
#11554 = POLY_LOOP('',(#35,#88,#36));
#11555 = FACE_OUTER_BOUND('',#11554,.T.);
#11556 = DIRECTION('',(0.000000,0.000000,1.000000));
#11557 = DIRECTION('',(1.000000,0.000000,0.000000));
#11558 = AXIS2_PLACEMENT_3D('',#35,#11556,#11557);
#11559 = PLANE('',#11558);
#11560 = FACE_SURFACE('',(#11555),#11559,.T.);
#11561 = POLY_LOOP('',(#36,#88,#87));
#11562 = FACE_OUTER_BOUND('',#11561,.T.);
#11563 = DIRECTION('',(0.000000,0.000000,1.000000));
#11564 = DIRECTION('',(1.000000,0.000000,0.000000));
#11565 = AXIS2_PLACEMENT_3D('',#36,#11563,#11564);
#11566 = PLANE('',#11565);
#11567 = FACE_SURFACE('',(#11562),#11566,.T.);
#11568 = POLY_LOOP('',(#36,#87,#34));
#11569 = FACE_OUTER_BOUND('',#11568,.T.);
#11570 = DIRECTION('',(0.000000,0.000000,1.000000));
#11571 = DIRECTION('',(1.000000,0.000000,0.000000));
#11572 = AXIS2_PLACEMENT_3D('',#36,#11570,#11571);
#11573 = PLANE('',#11572);
#11574 = FACE_SURFACE('',(#11569),#11573,.T.);
#11575 = POLY_LOOP('',(#34,#87,#86));
#11576 = FACE_OUTER_BOUND('',#11575,.T.);
#11577 = DIRECTION('',(0.000000,0.000000,1.000000));
#11578 = DIRECTION('',(1.000000,0.000000,0.000000));
#11579 = AXIS2_PLACEMENT_3D('',#34,#11577,#11578);
#11580 = PLANE('',#11579);
#11581 = FACE_SURFACE('',(#11576),#11580,.T.);
#11582 = POLY_LOOP('',(#34,#86,#33));
#11583 = FACE_OUTER_BOUND('',#11582,.T.);
#11584 = DIRECTION('',(0.000000,0.000000,1.000000));
#11585 = DIRECTION('',(1.000000,0.000000,0.000000));
#11586 = AXIS2_PLACEMENT_3D('',#34,#11584,#11585);
#11587 = PLANE('',#11586);
#11588 = FACE_SURFACE('',(#11583),#11587,.T.);
#11589 = POLY_LOOP('',(#33,#86,#85));
#11590 = FACE_OUTER_BOUND('',#11589,.T.);
#11591 = DIRECTION('',(0.000000,0.000000,1.000000));
#11592 = DIRECTION('',(1.000000,0.000000,0.000000));
#11593 = AXIS2_PLACEMENT_3D('',#33,#11591,#11592);
#11594 = PLANE('',#11593);
#11595 = FACE_SURFACE('',(#11590),#11594,.T.);
#11596 = POLY_LOOP('',(#33,#85,#31));
#11597 = FACE_OUTER_BOUND('',#11596,.T.);
#11598 = DIRECTION('',(0.000000,0.000000,1.000000));
#11599 = DIRECTION('',(1.000000,0.000000,0.000000));
#11600 = AXIS2_PLACEMENT_3D('',#33,#11598,#11599);
#11601 = PLANE('',#11600);
#11602 = FACE_SURFACE('',(#11597),#11601,.T.);
#11603 = POLY_LOOP('',(#31,#85,#92));
#11604 = FACE_OUTER_BOUND('',#11603,.T.);
#11605 = DIRECTION('',(0.000000,0.000000,1.000000));
#11606 = DIRECTION('',(1.000000,0.000000,0.000000));
#11607 = AXIS2_PLACEMENT_3D('',#31,#11605,#11606);
#11608 = PLANE('',#11607);
#11609 = FACE_SURFACE('',(#11604),#11608,.T.);
#11610 = POLY_LOOP('',(#31,#92,#32));
#11611 = FACE_OUTER_BOUND('',#11610,.T.);
#11612 = DIRECTION('',(0.000000,0.000000,1.000000));
#11613 = DIRECTION('',(1.000000,0.000000,0.000000));
#11614 = AXIS2_PLACEMENT_3D('',#31,#11612,#11613);
#11615 = PLANE('',#11614);
#11616 = FACE_SURFACE('',(#11611),#11615,.T.);
#11617 = POLY_LOOP('',(#32,#92,#93));
#11618 = FACE_OUTER_BOUND('',#11617,.T.);
#11619 = DIRECTION('',(0.000000,0.000000,1.000000));
#11620 = DIRECTION('',(1.000000,0.000000,0.000000));
#11621 = AXIS2_PLACEMENT_3D('',#32,#11619,#11620);
#11622 = PLANE('',#11621);
#11623 = FACE_SURFACE('',(#11618),#11622,.T.);
#11624 = POLY_LOOP('',(#32,#93,#30));
#11625 = FACE_OUTER_BOUND('',#11624,.T.);
#11626 = DIRECTION('',(0.000000,0.000000,1.000000));
#11627 = DIRECTION('',(1.000000,0.000000,0.000000));
#11628 = AXIS2_PLACEMENT_3D('',#32,#11626,#11627);
#11629 = PLANE('',#11628);
#11630 = FACE_SURFACE('',(#11625),#11629,.T.);
#11631 = POLY_LOOP('',(#30,#93,#94));
#11632 = FACE_OUTER_BOUND('',#11631,.T.);
#11633 = DIRECTION('',(0.000000,0.000000,1.000000));
#11634 = DIRECTION('',(1.000000,0.000000,0.000000));
#11635 = AXIS2_PLACEMENT_3D('',#30,#11633,#11634);
#11636 = PLANE('',#11635);
#11637 = FACE_SURFACE('',(#11632),#11636,.T.);
#11638 = POLY_LOOP('',(#30,#94,#29));
#11639 = FACE_OUTER_BOUND('',#11638,.T.);
#11640 = DIRECTION('',(0.000000,0.000000,1.000000));
#11641 = DIRECTION('',(1.000000,0.000000,0.000000));
#11642 = AXIS2_PLACEMENT_3D('',#30,#11640,#11641);
#11643 = PLANE('',#11642);
#11644 = FACE_SURFACE('',(#11639),#11643,.T.);
#11645 = POLY_LOOP('',(#29,#94,#95));
#11646 = FACE_OUTER_BOUND('',#11645,.T.);
#11647 = DIRECTION('',(0.000000,0.000000,1.000000));
#11648 = DIRECTION('',(1.000000,0.000000,0.000000));
#11649 = AXIS2_PLACEMENT_3D('',#29,#11647,#11648);
#11650 = PLANE('',#11649);
#11651 = FACE_SURFACE('',(#11646),#11650,.T.);
#11652 = POLY_LOOP('',(#29,#95,#27));
#11653 = FACE_OUTER_BOUND('',#11652,.T.);
#11654 = DIRECTION('',(0.000000,0.000000,1.000000));
#11655 = DIRECTION('',(1.000000,0.000000,0.000000));
#11656 = AXIS2_PLACEMENT_3D('',#29,#11654,#11655);
#11657 = PLANE('',#11656);
#11658 = FACE_SURFACE('',(#11653),#11657,.T.);
#11659 = POLY_LOOP('',(#27,#95,#96));
#11660 = FACE_OUTER_BOUND('',#11659,.T.);
#11661 = DIRECTION('',(0.000000,0.000000,1.000000));
#11662 = DIRECTION('',(1.000000,0.000000,0.000000));
#11663 = AXIS2_PLACEMENT_3D('',#27,#11661,#11662);
#11664 = PLANE('',#11663);
#11665 = FACE_SURFACE('',(#11660),#11664,.T.);
#11666 = POLY_LOOP('',(#27,#96,#28));
#11667 = FACE_OUTER_BOUND('',#11666,.T.);
#11668 = DIRECTION('',(0.000000,0.000000,1.000000));
#11669 = DIRECTION('',(1.000000,0.000000,0.000000));
#11670 = AXIS2_PLACEMENT_3D('',#27,#11668,#11669);
#11671 = PLANE('',#11670);
#11672 = FACE_SURFACE('',(#11667),#11671,.T.);
#11673 = POLY_LOOP('',(#28,#96,#97));
#11674 = FACE_OUTER_BOUND('',#11673,.T.);
#11675 = DIRECTION('',(0.000000,0.000000,1.000000));
#11676 = DIRECTION('',(1.000000,0.000000,0.000000));
#11677 = AXIS2_PLACEMENT_3D('',#28,#11675,#11676);
#11678 = PLANE('',#11677);
#11679 = FACE_SURFACE('',(#11674),#11678,.T.);
#11680 = POLY_LOOP('',(#28,#97,#26));
#11681 = FACE_OUTER_BOUND('',#11680,.T.);
#11682 = DIRECTION('',(0.000000,0.000000,1.000000));
#11683 = DIRECTION('',(1.000000,0.000000,0.000000));
#11684 = AXIS2_PLACEMENT_3D('',#28,#11682,#11683);
#11685 = PLANE('',#11684);
#11686 = FACE_SURFACE('',(#11681),#11685,.T.);
#11687 = POLY_LOOP('',(#26,#97,#98));
#11688 = FACE_OUTER_BOUND('',#11687,.T.);
#11689 = DIRECTION('',(0.000000,0.000000,1.000000));
#11690 = DIRECTION('',(1.000000,0.000000,0.000000));
#11691 = AXIS2_PLACEMENT_3D('',#26,#11689,#11690);
#11692 = PLANE('',#11691);
#11693 = FACE_SURFACE('',(#11688),#11692,.T.);
#11694 = POLY_LOOP('',(#26,#98,#25));
#11695 = FACE_OUTER_BOUND('',#11694,.T.);
#11696 = DIRECTION('',(0.000000,0.000000,1.000000));
#11697 = DIRECTION('',(1.000000,0.000000,0.000000));
#11698 = AXIS2_PLACEMENT_3D('',#26,#11696,#11697);
#11699 = PLANE('',#11698);
#11700 = FACE_SURFACE('',(#11695),#11699,.T.);
#11701 = POLY_LOOP('',(#25,#98,#99));
#11702 = FACE_OUTER_BOUND('',#11701,.T.);
#11703 = DIRECTION('',(0.000000,0.000000,1.000000));
#11704 = DIRECTION('',(1.000000,0.000000,0.000000));
#11705 = AXIS2_PLACEMENT_3D('',#25,#11703,#11704);
#11706 = PLANE('',#11705);
#11707 = FACE_SURFACE('',(#11702),#11706,.T.);
#11708 = POLY_LOOP('',(#25,#99,#23));
#11709 = FACE_OUTER_BOUND('',#11708,.T.);
#11710 = DIRECTION('',(0.000000,0.000000,1.000000));
#11711 = DIRECTION('',(1.000000,0.000000,0.000000));
#11712 = AXIS2_PLACEMENT_3D('',#25,#11710,#11711);
#11713 = PLANE('',#11712);
#11714 = FACE_SURFACE('',(#11709),#11713,.T.);
#11715 = POLY_LOOP('',(#23,#99,#100));
#11716 = FACE_OUTER_BOUND('',#11715,.T.);
#11717 = DIRECTION('',(0.000000,0.000000,1.000000));
#11718 = DIRECTION('',(1.000000,0.000000,0.000000));
#11719 = AXIS2_PLACEMENT_3D('',#23,#11717,#11718);
#11720 = PLANE('',#11719);
#11721 = FACE_SURFACE('',(#11716),#11720,.T.);
#11722 = POLY_LOOP('',(#23,#100,#24));
#11723 = FACE_OUTER_BOUND('',#11722,.T.);
#11724 = DIRECTION('',(0.000000,0.000000,1.000000));
#11725 = DIRECTION('',(1.000000,0.000000,0.000000));
#11726 = AXIS2_PLACEMENT_3D('',#23,#11724,#11725);
#11727 = PLANE('',#11726);
#11728 = FACE_SURFACE('',(#11723),#11727,.T.);
#11729 = POLY_LOOP('',(#24,#100,#101));
#11730 = FACE_OUTER_BOUND('',#11729,.T.);
#11731 = DIRECTION('',(0.000000,0.000000,1.000000));
#11732 = DIRECTION('',(1.000000,0.000000,0.000000));
#11733 = AXIS2_PLACEMENT_3D('',#24,#11731,#11732);
#11734 = PLANE('',#11733);
#11735 = FACE_SURFACE('',(#11730),#11734,.T.);
#11736 = POLY_LOOP('',(#24,#101,#22));
#11737 = FACE_OUTER_BOUND('',#11736,.T.);
#11738 = DIRECTION('',(0.000000,0.000000,1.000000));
#11739 = DIRECTION('',(1.000000,0.000000,0.000000));
#11740 = AXIS2_PLACEMENT_3D('',#24,#11738,#11739);
#11741 = PLANE('',#11740);
#11742 = FACE_SURFACE('',(#11737),#11741,.T.);
#11743 = POLY_LOOP('',(#22,#101,#102));
#11744 = FACE_OUTER_BOUND('',#11743,.T.);
#11745 = DIRECTION('',(0.000000,0.000000,1.000000));
#11746 = DIRECTION('',(1.000000,0.000000,0.000000));
#11747 = AXIS2_PLACEMENT_3D('',#22,#11745,#11746);
#11748 = PLANE('',#11747);
#11749 = FACE_SURFACE('',(#11744),#11748,.T.);
#11750 = POLY_LOOP('',(#22,#102,#21));
#11751 = FACE_OUTER_BOUND('',#11750,.T.);
#11752 = DIRECTION('',(0.000000,0.000000,1.000000));
#11753 = DIRECTION('',(1.000000,0.000000,0.000000));
#11754 = AXIS2_PLACEMENT_3D('',#22,#11752,#11753);
#11755 = PLANE('',#11754);
#11756 = FACE_SURFACE('',(#11751),#11755,.T.);
#11757 = POLY_LOOP('',(#21,#102,#103));
#11758 = FACE_OUTER_BOUND('',#11757,.T.);
#11759 = DIRECTION('',(0.000000,0.000000,1.000000));
#11760 = DIRECTION('',(1.000000,0.000000,0.000000));
#11761 = AXIS2_PLACEMENT_3D('',#21,#11759,#11760);
#11762 = PLANE('',#11761);
#11763 = FACE_SURFACE('',(#11758),#11762,.T.);
#11764 = POLY_LOOP('',(#21,#103,#19));
#11765 = FACE_OUTER_BOUND('',#11764,.T.);
#11766 = DIRECTION('',(0.000000,0.000000,1.000000));
#11767 = DIRECTION('',(1.000000,0.000000,0.000000));
#11768 = AXIS2_PLACEMENT_3D('',#21,#11766,#11767);
#11769 = PLANE('',#11768);
#11770 = FACE_SURFACE('',(#11765),#11769,.T.);
#11771 = POLY_LOOP('',(#19,#103,#104));
#11772 = FACE_OUTER_BOUND('',#11771,.T.);
#11773 = DIRECTION('',(0.000000,0.000000,1.000000));
#11774 = DIRECTION('',(1.000000,0.000000,0.000000));
#11775 = AXIS2_PLACEMENT_3D('',#19,#11773,#11774);
#11776 = PLANE('',#11775);
#11777 = FACE_SURFACE('',(#11772),#11776,.T.);
#11778 = POLY_LOOP('',(#19,#104,#20));
#11779 = FACE_OUTER_BOUND('',#11778,.T.);
#11780 = DIRECTION('',(0.000000,0.000000,1.000000));
#11781 = DIRECTION('',(1.000000,0.000000,0.000000));
#11782 = AXIS2_PLACEMENT_3D('',#19,#11780,#11781);
#11783 = PLANE('',#11782);
#11784 = FACE_SURFACE('',(#11779),#11783,.T.);
#11785 = POLY_LOOP('',(#20,#104,#106));
#11786 = FACE_OUTER_BOUND('',#11785,.T.);
#11787 = DIRECTION('',(0.000000,0.000000,1.000000));
#11788 = DIRECTION('',(1.000000,0.000000,0.000000));
#11789 = AXIS2_PLACEMENT_3D('',#20,#11787,#11788);
#11790 = PLANE('',#11789);
#11791 = FACE_SURFACE('',(#11786),#11790,.T.);
#11792 = POLY_LOOP('',(#20,#106,#18));
#11793 = FACE_OUTER_BOUND('',#11792,.T.);
#11794 = DIRECTION('',(0.000000,0.000000,1.000000));
#11795 = DIRECTION('',(1.000000,0.000000,0.000000));
#11796 = AXIS2_PLACEMENT_3D('',#20,#11794,#11795);
#11797 = PLANE('',#11796);
#11798 = FACE_SURFACE('',(#11793),#11797,.T.);
#11799 = POLY_LOOP('',(#18,#106,#108));
#11800 = FACE_OUTER_BOUND('',#11799,.T.);
#11801 = DIRECTION('',(0.000000,0.000000,1.000000));
#11802 = DIRECTION('',(1.000000,0.000000,0.000000));
#11803 = AXIS2_PLACEMENT_3D('',#18,#11801,#11802);
#11804 = PLANE('',#11803);
#11805 = FACE_SURFACE('',(#11800),#11804,.T.);
#11806 = POLY_LOOP('',(#18,#17,#43));
#11807 = FACE_OUTER_BOUND('',#11806,.T.);
#11808 = DIRECTION('',(0.000000,0.000000,1.000000));
#11809 = DIRECTION('',(1.000000,0.000000,0.000000));
#11810 = AXIS2_PLACEMENT_3D('',#18,#11808,#11809);
#11811 = PLANE('',#11810);
#11812 = FACE_SURFACE('',(#11807),#11811,.T.);
#11813 = POLY_LOOP('',(#43,#17,#75));
#11814 = FACE_OUTER_BOUND('',#11813,.T.);
#11815 = DIRECTION('',(0.000000,0.000000,1.000000));
#11816 = DIRECTION('',(1.000000,0.000000,0.000000));
#11817 = AXIS2_PLACEMENT_3D('',#43,#11815,#11816);
#11818 = PLANE('',#11817);
#11819 = FACE_SURFACE('',(#11814),#11818,.T.);
#11820 = POLY_LOOP('',(#43,#75,#74));
#11821 = FACE_OUTER_BOUND('',#11820,.T.);
#11822 = DIRECTION('',(0.000000,0.000000,1.000000));
#11823 = DIRECTION('',(1.000000,0.000000,0.000000));
#11824 = AXIS2_PLACEMENT_3D('',#43,#11822,#11823);
#11825 = PLANE('',#11824);
#11826 = FACE_SURFACE('',(#11821),#11825,.T.);
#11827 = POLY_LOOP('',(#74,#73,#43));
#11828 = FACE_OUTER_BOUND('',#11827,.T.);
#11829 = DIRECTION('',(0.000000,0.000000,1.000000));
#11830 = DIRECTION('',(1.000000,0.000000,0.000000));
#11831 = AXIS2_PLACEMENT_3D('',#74,#11829,#11830);
#11832 = PLANE('',#11831);
#11833 = FACE_SURFACE('',(#11828),#11832,.T.);
#11834 = POLY_LOOP('',(#43,#73,#42));
#11835 = FACE_OUTER_BOUND('',#11834,.T.);
#11836 = DIRECTION('',(0.000000,0.000000,1.000000));
#11837 = DIRECTION('',(1.000000,0.000000,0.000000));
#11838 = AXIS2_PLACEMENT_3D('',#43,#11836,#11837);
#11839 = PLANE('',#11838);
#11840 = FACE_SURFACE('',(#11835),#11839,.T.);
#11841 = POLY_LOOP('',(#42,#73,#72));
#11842 = FACE_OUTER_BOUND('',#11841,.T.);
#11843 = DIRECTION('',(0.000000,0.000000,1.000000));
#11844 = DIRECTION('',(1.000000,0.000000,0.000000));
#11845 = AXIS2_PLACEMENT_3D('',#42,#11843,#11844);
#11846 = PLANE('',#11845);
#11847 = FACE_SURFACE('',(#11842),#11846,.T.);
#11848 = POLY_LOOP('',(#42,#72,#41));
#11849 = FACE_OUTER_BOUND('',#11848,.T.);
#11850 = DIRECTION('',(0.000000,0.000000,1.000000));
#11851 = DIRECTION('',(1.000000,0.000000,0.000000));
#11852 = AXIS2_PLACEMENT_3D('',#42,#11850,#11851);
#11853 = PLANE('',#11852);
#11854 = FACE_SURFACE('',(#11849),#11853,.T.);
#11855 = POLY_LOOP('',(#41,#72,#71));
#11856 = FACE_OUTER_BOUND('',#11855,.T.);
#11857 = DIRECTION('',(0.000000,0.000000,1.000000));
#11858 = DIRECTION('',(1.000000,0.000000,0.000000));
#11859 = AXIS2_PLACEMENT_3D('',#41,#11857,#11858);
#11860 = PLANE('',#11859);
#11861 = FACE_SURFACE('',(#11856),#11860,.T.);
#11862 = POLY_LOOP('',(#41,#71,#46));
#11863 = FACE_OUTER_BOUND('',#11862,.T.);
#11864 = DIRECTION('',(0.000000,0.000000,1.000000));
#11865 = DIRECTION('',(1.000000,0.000000,0.000000));
#11866 = AXIS2_PLACEMENT_3D('',#41,#11864,#11865);
#11867 = PLANE('',#11866);
#11868 = FACE_SURFACE('',(#11863),#11867,.T.);
#11869 = POLY_LOOP('',(#46,#71,#70));
#11870 = FACE_OUTER_BOUND('',#11869,.T.);
#11871 = DIRECTION('',(0.000000,0.000000,1.000000));
#11872 = DIRECTION('',(1.000000,0.000000,0.000000));
#11873 = AXIS2_PLACEMENT_3D('',#46,#11871,#11872);
#11874 = PLANE('',#11873);
#11875 = FACE_SURFACE('',(#11870),#11874,.T.);
#11876 = POLY_LOOP('',(#46,#70,#45));
#11877 = FACE_OUTER_BOUND('',#11876,.T.);
#11878 = DIRECTION('',(0.000000,0.000000,1.000000));
#11879 = DIRECTION('',(1.000000,0.000000,0.000000));
#11880 = AXIS2_PLACEMENT_3D('',#46,#11878,#11879);
#11881 = PLANE('',#11880);
#11882 = FACE_SURFACE('',(#11877),#11881,.T.);
#11883 = POLY_LOOP('',(#45,#70,#69));
#11884 = FACE_OUTER_BOUND('',#11883,.T.);
#11885 = DIRECTION('',(0.000000,0.000000,1.000000));
#11886 = DIRECTION('',(1.000000,0.000000,0.000000));
#11887 = AXIS2_PLACEMENT_3D('',#45,#11885,#11886);
#11888 = PLANE('',#11887);
#11889 = FACE_SURFACE('',(#11884),#11888,.T.);
#11890 = POLY_LOOP('',(#45,#69,#48));
#11891 = FACE_OUTER_BOUND('',#11890,.T.);
#11892 = DIRECTION('',(0.000000,0.000000,1.000000));
#11893 = DIRECTION('',(1.000000,0.000000,0.000000));
#11894 = AXIS2_PLACEMENT_3D('',#45,#11892,#11893);
#11895 = PLANE('',#11894);
#11896 = FACE_SURFACE('',(#11891),#11895,.T.);
#11897 = POLY_LOOP('',(#48,#69,#68));
#11898 = FACE_OUTER_BOUND('',#11897,.T.);
#11899 = DIRECTION('',(0.000000,0.000000,1.000000));
#11900 = DIRECTION('',(1.000000,0.000000,0.000000));
#11901 = AXIS2_PLACEMENT_3D('',#48,#11899,#11900);
#11902 = PLANE('',#11901);
#11903 = FACE_SURFACE('',(#11898),#11902,.T.);
#11904 = POLY_LOOP('',(#48,#68,#47));
#11905 = FACE_OUTER_BOUND('',#11904,.T.);
#11906 = DIRECTION('',(0.000000,0.000000,1.000000));
#11907 = DIRECTION('',(1.000000,0.000000,0.000000));
#11908 = AXIS2_PLACEMENT_3D('',#48,#11906,#11907);
#11909 = PLANE('',#11908);
#11910 = FACE_SURFACE('',(#11905),#11909,.T.);
#11911 = POLY_LOOP('',(#47,#68,#67));
#11912 = FACE_OUTER_BOUND('',#11911,.T.);
#11913 = DIRECTION('',(0.000000,0.000000,1.000000));
#11914 = DIRECTION('',(1.000000,0.000000,0.000000));
#11915 = AXIS2_PLACEMENT_3D('',#47,#11913,#11914);
#11916 = PLANE('',#11915);
#11917 = FACE_SURFACE('',(#11912),#11916,.T.);
#11918 = POLY_LOOP('',(#47,#67,#59));
#11919 = FACE_OUTER_BOUND('',#11918,.T.);
#11920 = DIRECTION('',(0.000000,0.000000,1.000000));
#11921 = DIRECTION('',(1.000000,0.000000,0.000000));
#11922 = AXIS2_PLACEMENT_3D('',#47,#11920,#11921);
#11923 = PLANE('',#11922);
#11924 = FACE_SURFACE('',(#11919),#11923,.T.);
#11925 = POLY_LOOP('',(#59,#67,#65));
#11926 = FACE_OUTER_BOUND('',#11925,.T.);
#11927 = DIRECTION('',(0.000000,0.000000,1.000000));
#11928 = DIRECTION('',(1.000000,0.000000,0.000000));
#11929 = AXIS2_PLACEMENT_3D('',#59,#11927,#11928);
#11930 = PLANE('',#11929);
#11931 = FACE_SURFACE('',(#11926),#11930,.T.);
#11932 = POLY_LOOP('',(#59,#65,#61));
#11933 = FACE_OUTER_BOUND('',#11932,.T.);
#11934 = DIRECTION('',(0.000000,0.000000,1.000000));
#11935 = DIRECTION('',(1.000000,0.000000,0.000000));
#11936 = AXIS2_PLACEMENT_3D('',#59,#11934,#11935);
#11937 = PLANE('',#11936);
#11938 = FACE_SURFACE('',(#11933),#11937,.T.);
#11939 = POLY_LOOP('',(#61,#65,#63));
#11940 = FACE_OUTER_BOUND('',#11939,.T.);
#11941 = DIRECTION('',(0.000000,0.000000,1.000000));
#11942 = DIRECTION('',(1.000000,0.000000,0.000000));
#11943 = AXIS2_PLACEMENT_3D('',#61,#11941,#11942);
#11944 = PLANE('',#11943);
#11945 = FACE_SURFACE('',(#11940),#11944,.T.);
#11946 = POLY_LOOP('',(#44,#37,#43));
#11947 = FACE_OUTER_BOUND('',#11946,.T.);
#11948 = DIRECTION('',(0.000000,0.000000,1.000000));
#11949 = DIRECTION('',(1.000000,0.000000,0.000000));
#11950 = AXIS2_PLACEMENT_3D('',#44,#11948,#11949);
#11951 = PLANE('',#11950);
#11952 = FACE_SURFACE('',(#11947),#11951,.T.);
#11953 = POLY_LOOP('',(#43,#37,#35));
#11954 = FACE_OUTER_BOUND('',#11953,.T.);
#11955 = DIRECTION('',(0.000000,0.000000,1.000000));
#11956 = DIRECTION('',(1.000000,0.000000,0.000000));
#11957 = AXIS2_PLACEMENT_3D('',#43,#11955,#11956);
#11958 = PLANE('',#11957);
#11959 = FACE_SURFACE('',(#11954),#11958,.T.);
#11960 = POLY_LOOP('',(#43,#35,#36));
#11961 = FACE_OUTER_BOUND('',#11960,.T.);
#11962 = DIRECTION('',(0.000000,0.000000,1.000000));
#11963 = DIRECTION('',(1.000000,0.000000,0.000000));
#11964 = AXIS2_PLACEMENT_3D('',#43,#11962,#11963);
#11965 = PLANE('',#11964);
#11966 = FACE_SURFACE('',(#11961),#11965,.T.);
#11967 = POLY_LOOP('',(#37,#44,#38));
#11968 = FACE_OUTER_BOUND('',#11967,.T.);
#11969 = DIRECTION('',(0.000000,0.000000,1.000000));
#11970 = DIRECTION('',(1.000000,0.000000,0.000000));
#11971 = AXIS2_PLACEMENT_3D('',#37,#11969,#11970);
#11972 = PLANE('',#11971);
#11973 = FACE_SURFACE('',(#11968),#11972,.T.);
#11974 = POLY_LOOP('',(#38,#44,#40));
#11975 = FACE_OUTER_BOUND('',#11974,.T.);
#11976 = DIRECTION('',(0.000000,0.000000,1.000000));
#11977 = DIRECTION('',(1.000000,0.000000,0.000000));
#11978 = AXIS2_PLACEMENT_3D('',#38,#11976,#11977);
#11979 = PLANE('',#11978);
#11980 = FACE_SURFACE('',(#11975),#11979,.T.);
#11981 = POLY_LOOP('',(#38,#40,#39));
#11982 = FACE_OUTER_BOUND('',#11981,.T.);
#11983 = DIRECTION('',(0.000000,0.000000,1.000000));
#11984 = DIRECTION('',(1.000000,0.000000,0.000000));
#11985 = AXIS2_PLACEMENT_3D('',#38,#11983,#11984);
#11986 = PLANE('',#11985);
#11987 = FACE_SURFACE('',(#11982),#11986,.T.);
#11988 = POLY_LOOP('',(#36,#34,#43));
#11989 = FACE_OUTER_BOUND('',#11988,.T.);
#11990 = DIRECTION('',(0.000000,0.000000,1.000000));
#11991 = DIRECTION('',(1.000000,0.000000,0.000000));
#11992 = AXIS2_PLACEMENT_3D('',#36,#11990,#11991);
#11993 = PLANE('',#11992);
#11994 = FACE_SURFACE('',(#11989),#11993,.T.);
#11995 = POLY_LOOP('',(#43,#34,#33));
#11996 = FACE_OUTER_BOUND('',#11995,.T.);
#11997 = DIRECTION('',(0.000000,0.000000,1.000000));
#11998 = DIRECTION('',(1.000000,0.000000,0.000000));
#11999 = AXIS2_PLACEMENT_3D('',#43,#11997,#11998);
#12000 = PLANE('',#11999);
#12001 = FACE_SURFACE('',(#11996),#12000,.T.);
#12002 = POLY_LOOP('',(#43,#33,#31));
#12003 = FACE_OUTER_BOUND('',#12002,.T.);
#12004 = DIRECTION('',(0.000000,0.000000,1.000000));
#12005 = DIRECTION('',(1.000000,0.000000,0.000000));
#12006 = AXIS2_PLACEMENT_3D('',#43,#12004,#12005);
#12007 = PLANE('',#12006);
#12008 = FACE_SURFACE('',(#12003),#12007,.T.);
#12009 = POLY_LOOP('',(#31,#32,#43));
#12010 = FACE_OUTER_BOUND('',#12009,.T.);
#12011 = DIRECTION('',(0.000000,0.000000,1.000000));
#12012 = DIRECTION('',(1.000000,0.000000,0.000000));
#12013 = AXIS2_PLACEMENT_3D('',#31,#12011,#12012);
#12014 = PLANE('',#12013);
#12015 = FACE_SURFACE('',(#12010),#12014,.T.);
#12016 = POLY_LOOP('',(#43,#32,#30));
#12017 = FACE_OUTER_BOUND('',#12016,.T.);
#12018 = DIRECTION('',(0.000000,0.000000,1.000000));
#12019 = DIRECTION('',(1.000000,0.000000,0.000000));
#12020 = AXIS2_PLACEMENT_3D('',#43,#12018,#12019);
#12021 = PLANE('',#12020);
#12022 = FACE_SURFACE('',(#12017),#12021,.T.);
#12023 = POLY_LOOP('',(#43,#30,#29));
#12024 = FACE_OUTER_BOUND('',#12023,.T.);
#12025 = DIRECTION('',(0.000000,0.000000,1.000000));
#12026 = DIRECTION('',(1.000000,0.000000,0.000000));
#12027 = AXIS2_PLACEMENT_3D('',#43,#12025,#12026);
#12028 = PLANE('',#12027);
#12029 = FACE_SURFACE('',(#12024),#12028,.T.);
#12030 = POLY_LOOP('',(#29,#27,#43));
#12031 = FACE_OUTER_BOUND('',#12030,.T.);
#12032 = DIRECTION('',(0.000000,0.000000,1.000000));
#12033 = DIRECTION('',(1.000000,0.000000,0.000000));
#12034 = AXIS2_PLACEMENT_3D('',#29,#12032,#12033);
#12035 = PLANE('',#12034);
#12036 = FACE_SURFACE('',(#12031),#12035,.T.);
#12037 = POLY_LOOP('',(#43,#27,#28));
#12038 = FACE_OUTER_BOUND('',#12037,.T.);
#12039 = DIRECTION('',(0.000000,0.000000,1.000000));
#12040 = DIRECTION('',(1.000000,0.000000,0.000000));
#12041 = AXIS2_PLACEMENT_3D('',#43,#12039,#12040);
#12042 = PLANE('',#12041);
#12043 = FACE_SURFACE('',(#12038),#12042,.T.);
#12044 = POLY_LOOP('',(#43,#28,#26));
#12045 = FACE_OUTER_BOUND('',#12044,.T.);
#12046 = DIRECTION('',(0.000000,0.000000,1.000000));
#12047 = DIRECTION('',(1.000000,0.000000,0.000000));
#12048 = AXIS2_PLACEMENT_3D('',#43,#12046,#12047);
#12049 = PLANE('',#12048);
#12050 = FACE_SURFACE('',(#12045),#12049,.T.);
#12051 = POLY_LOOP('',(#26,#25,#43));
#12052 = FACE_OUTER_BOUND('',#12051,.T.);
#12053 = DIRECTION('',(0.000000,0.000000,1.000000));
#12054 = DIRECTION('',(1.000000,0.000000,0.000000));
#12055 = AXIS2_PLACEMENT_3D('',#26,#12053,#12054);
#12056 = PLANE('',#12055);
#12057 = FACE_SURFACE('',(#12052),#12056,.T.);
#12058 = POLY_LOOP('',(#43,#25,#23));
#12059 = FACE_OUTER_BOUND('',#12058,.T.);
#12060 = DIRECTION('',(0.000000,0.000000,1.000000));
#12061 = DIRECTION('',(1.000000,0.000000,0.000000));
#12062 = AXIS2_PLACEMENT_3D('',#43,#12060,#12061);
#12063 = PLANE('',#12062);
#12064 = FACE_SURFACE('',(#12059),#12063,.T.);
#12065 = POLY_LOOP('',(#43,#23,#24));
#12066 = FACE_OUTER_BOUND('',#12065,.T.);
#12067 = DIRECTION('',(0.000000,0.000000,1.000000));
#12068 = DIRECTION('',(1.000000,0.000000,0.000000));
#12069 = AXIS2_PLACEMENT_3D('',#43,#12067,#12068);
#12070 = PLANE('',#12069);
#12071 = FACE_SURFACE('',(#12066),#12070,.T.);
#12072 = POLY_LOOP('',(#24,#22,#43));
#12073 = FACE_OUTER_BOUND('',#12072,.T.);
#12074 = DIRECTION('',(0.000000,0.000000,1.000000));
#12075 = DIRECTION('',(1.000000,0.000000,0.000000));
#12076 = AXIS2_PLACEMENT_3D('',#24,#12074,#12075);
#12077 = PLANE('',#12076);
#12078 = FACE_SURFACE('',(#12073),#12077,.T.);
#12079 = POLY_LOOP('',(#43,#22,#21));
#12080 = FACE_OUTER_BOUND('',#12079,.T.);
#12081 = DIRECTION('',(0.000000,0.000000,1.000000));
#12082 = DIRECTION('',(1.000000,0.000000,0.000000));
#12083 = AXIS2_PLACEMENT_3D('',#43,#12081,#12082);
#12084 = PLANE('',#12083);
#12085 = FACE_SURFACE('',(#12080),#12084,.T.);
#12086 = POLY_LOOP('',(#43,#21,#19));
#12087 = FACE_OUTER_BOUND('',#12086,.T.);
#12088 = DIRECTION('',(0.000000,0.000000,1.000000));
#12089 = DIRECTION('',(1.000000,0.000000,0.000000));
#12090 = AXIS2_PLACEMENT_3D('',#43,#12088,#12089);
#12091 = PLANE('',#12090);
#12092 = FACE_SURFACE('',(#12087),#12091,.T.);
#12093 = POLY_LOOP('',(#19,#20,#43));
#12094 = FACE_OUTER_BOUND('',#12093,.T.);
#12095 = DIRECTION('',(0.000000,0.000000,1.000000));
#12096 = DIRECTION('',(1.000000,0.000000,0.000000));
#12097 = AXIS2_PLACEMENT_3D('',#19,#12095,#12096);
#12098 = PLANE('',#12097);
#12099 = FACE_SURFACE('',(#12094),#12098,.T.);
#12100 = POLY_LOOP('',(#43,#20,#18));
#12101 = FACE_OUTER_BOUND('',#12100,.T.);
#12102 = DIRECTION('',(0.000000,0.000000,1.000000));
#12103 = DIRECTION('',(1.000000,0.000000,0.000000));
#12104 = AXIS2_PLACEMENT_3D('',#43,#12102,#12103);
#12105 = PLANE('',#12104);
#12106 = FACE_SURFACE('',(#12101),#12105,.T.);
#12107 = POLY_LOOP('',(#77,#76,#50));
#12108 = FACE_OUTER_BOUND('',#12107,.T.);
#12109 = DIRECTION('',(0.000000,0.000000,1.000000));
#12110 = DIRECTION('',(1.000000,0.000000,0.000000));
#12111 = AXIS2_PLACEMENT_3D('',#77,#12109,#12110);
#12112 = PLANE('',#12111);
#12113 = FACE_SURFACE('',(#12108),#12112,.T.);
#12114 = POLY_LOOP('',(#50,#76,#108));
#12115 = FACE_OUTER_BOUND('',#12114,.T.);
#12116 = DIRECTION('',(0.000000,0.000000,1.000000));
#12117 = DIRECTION('',(1.000000,0.000000,0.000000));
#12118 = AXIS2_PLACEMENT_3D('',#50,#12116,#12117);
#12119 = PLANE('',#12118);
#12120 = FACE_SURFACE('',(#12115),#12119,.T.);
#12121 = POLY_LOOP('',(#50,#108,#106));
#12122 = FACE_OUTER_BOUND('',#12121,.T.);
#12123 = DIRECTION('',(0.000000,0.000000,1.000000));
#12124 = DIRECTION('',(1.000000,0.000000,0.000000));
#12125 = AXIS2_PLACEMENT_3D('',#50,#12123,#12124);
#12126 = PLANE('',#12125);
#12127 = FACE_SURFACE('',(#12122),#12126,.T.);
#12128 = POLY_LOOP('',(#106,#104,#50));
#12129 = FACE_OUTER_BOUND('',#12128,.T.);
#12130 = DIRECTION('',(0.000000,0.000000,1.000000));
#12131 = DIRECTION('',(1.000000,0.000000,0.000000));
#12132 = AXIS2_PLACEMENT_3D('',#106,#12130,#12131);
#12133 = PLANE('',#12132);
#12134 = FACE_SURFACE('',(#12129),#12133,.T.);
#12135 = POLY_LOOP('',(#50,#104,#103));
#12136 = FACE_OUTER_BOUND('',#12135,.T.);
#12137 = DIRECTION('',(0.000000,0.000000,1.000000));
#12138 = DIRECTION('',(1.000000,0.000000,0.000000));
#12139 = AXIS2_PLACEMENT_3D('',#50,#12137,#12138);
#12140 = PLANE('',#12139);
#12141 = FACE_SURFACE('',(#12136),#12140,.T.);
#12142 = POLY_LOOP('',(#50,#103,#102));
#12143 = FACE_OUTER_BOUND('',#12142,.T.);
#12144 = DIRECTION('',(0.000000,0.000000,1.000000));
#12145 = DIRECTION('',(1.000000,0.000000,0.000000));
#12146 = AXIS2_PLACEMENT_3D('',#50,#12144,#12145);
#12147 = PLANE('',#12146);
#12148 = FACE_SURFACE('',(#12143),#12147,.T.);
#12149 = POLY_LOOP('',(#102,#101,#50));
#12150 = FACE_OUTER_BOUND('',#12149,.T.);
#12151 = DIRECTION('',(0.000000,0.000000,1.000000));
#12152 = DIRECTION('',(1.000000,0.000000,0.000000));
#12153 = AXIS2_PLACEMENT_3D('',#102,#12151,#12152);
#12154 = PLANE('',#12153);
#12155 = FACE_SURFACE('',(#12150),#12154,.T.);
#12156 = POLY_LOOP('',(#50,#101,#100));
#12157 = FACE_OUTER_BOUND('',#12156,.T.);
#12158 = DIRECTION('',(0.000000,0.000000,1.000000));
#12159 = DIRECTION('',(1.000000,0.000000,0.000000));
#12160 = AXIS2_PLACEMENT_3D('',#50,#12158,#12159);
#12161 = PLANE('',#12160);
#12162 = FACE_SURFACE('',(#12157),#12161,.T.);
#12163 = POLY_LOOP('',(#50,#100,#99));
#12164 = FACE_OUTER_BOUND('',#12163,.T.);
#12165 = DIRECTION('',(0.000000,0.000000,1.000000));
#12166 = DIRECTION('',(1.000000,0.000000,0.000000));
#12167 = AXIS2_PLACEMENT_3D('',#50,#12165,#12166);
#12168 = PLANE('',#12167);
#12169 = FACE_SURFACE('',(#12164),#12168,.T.);
#12170 = POLY_LOOP('',(#99,#98,#50));
#12171 = FACE_OUTER_BOUND('',#12170,.T.);
#12172 = DIRECTION('',(0.000000,0.000000,1.000000));
#12173 = DIRECTION('',(1.000000,0.000000,0.000000));
#12174 = AXIS2_PLACEMENT_3D('',#99,#12172,#12173);
#12175 = PLANE('',#12174);
#12176 = FACE_SURFACE('',(#12171),#12175,.T.);
#12177 = POLY_LOOP('',(#50,#98,#97));
#12178 = FACE_OUTER_BOUND('',#12177,.T.);
#12179 = DIRECTION('',(0.000000,0.000000,1.000000));
#12180 = DIRECTION('',(1.000000,0.000000,0.000000));
#12181 = AXIS2_PLACEMENT_3D('',#50,#12179,#12180);
#12182 = PLANE('',#12181);
#12183 = FACE_SURFACE('',(#12178),#12182,.T.);
#12184 = POLY_LOOP('',(#50,#97,#96));
#12185 = FACE_OUTER_BOUND('',#12184,.T.);
#12186 = DIRECTION('',(0.000000,0.000000,1.000000));
#12187 = DIRECTION('',(1.000000,0.000000,0.000000));
#12188 = AXIS2_PLACEMENT_3D('',#50,#12186,#12187);
#12189 = PLANE('',#12188);
#12190 = FACE_SURFACE('',(#12185),#12189,.T.);
#12191 = POLY_LOOP('',(#96,#95,#50));
#12192 = FACE_OUTER_BOUND('',#12191,.T.);
#12193 = DIRECTION('',(0.000000,0.000000,1.000000));
#12194 = DIRECTION('',(1.000000,0.000000,0.000000));
#12195 = AXIS2_PLACEMENT_3D('',#96,#12193,#12194);
#12196 = PLANE('',#12195);
#12197 = FACE_SURFACE('',(#12192),#12196,.T.);
#12198 = POLY_LOOP('',(#50,#95,#94));
#12199 = FACE_OUTER_BOUND('',#12198,.T.);
#12200 = DIRECTION('',(0.000000,0.000000,1.000000));
#12201 = DIRECTION('',(1.000000,0.000000,0.000000));
#12202 = AXIS2_PLACEMENT_3D('',#50,#12200,#12201);
#12203 = PLANE('',#12202);
#12204 = FACE_SURFACE('',(#12199),#12203,.T.);
#12205 = POLY_LOOP('',(#50,#94,#93));
#12206 = FACE_OUTER_BOUND('',#12205,.T.);
#12207 = DIRECTION('',(0.000000,0.000000,1.000000));
#12208 = DIRECTION('',(1.000000,0.000000,0.000000));
#12209 = AXIS2_PLACEMENT_3D('',#50,#12207,#12208);
#12210 = PLANE('',#12209);
#12211 = FACE_SURFACE('',(#12206),#12210,.T.);
#12212 = POLY_LOOP('',(#93,#92,#50));
#12213 = FACE_OUTER_BOUND('',#12212,.T.);
#12214 = DIRECTION('',(0.000000,0.000000,1.000000));
#12215 = DIRECTION('',(1.000000,0.000000,0.000000));
#12216 = AXIS2_PLACEMENT_3D('',#93,#12214,#12215);
#12217 = PLANE('',#12216);
#12218 = FACE_SURFACE('',(#12213),#12217,.T.);
#12219 = POLY_LOOP('',(#50,#92,#85));
#12220 = FACE_OUTER_BOUND('',#12219,.T.);
#12221 = DIRECTION('',(0.000000,0.000000,1.000000));
#12222 = DIRECTION('',(1.000000,0.000000,0.000000));
#12223 = AXIS2_PLACEMENT_3D('',#50,#12221,#12222);
#12224 = PLANE('',#12223);
#12225 = FACE_SURFACE('',(#12220),#12224,.T.);
#12226 = POLY_LOOP('',(#50,#85,#86));
#12227 = FACE_OUTER_BOUND('',#12226,.T.);
#12228 = DIRECTION('',(0.000000,0.000000,1.000000));
#12229 = DIRECTION('',(1.000000,0.000000,0.000000));
#12230 = AXIS2_PLACEMENT_3D('',#50,#12228,#12229);
#12231 = PLANE('',#12230);
#12232 = FACE_SURFACE('',(#12227),#12231,.T.);
#12233 = POLY_LOOP('',(#86,#87,#50));
#12234 = FACE_OUTER_BOUND('',#12233,.T.);
#12235 = DIRECTION('',(0.000000,0.000000,1.000000));
#12236 = DIRECTION('',(1.000000,0.000000,0.000000));
#12237 = AXIS2_PLACEMENT_3D('',#86,#12235,#12236);
#12238 = PLANE('',#12237);
#12239 = FACE_SURFACE('',(#12234),#12238,.T.);
#12240 = POLY_LOOP('',(#50,#87,#88));
#12241 = FACE_OUTER_BOUND('',#12240,.T.);
#12242 = DIRECTION('',(0.000000,0.000000,1.000000));
#12243 = DIRECTION('',(1.000000,0.000000,0.000000));
#12244 = AXIS2_PLACEMENT_3D('',#50,#12242,#12243);
#12245 = PLANE('',#12244);
#12246 = FACE_SURFACE('',(#12241),#12245,.T.);
#12247 = POLY_LOOP('',(#50,#88,#89));
#12248 = FACE_OUTER_BOUND('',#12247,.T.);
#12249 = DIRECTION('',(0.000000,0.000000,1.000000));
#12250 = DIRECTION('',(1.000000,0.000000,0.000000));
#12251 = AXIS2_PLACEMENT_3D('',#50,#12249,#12250);
#12252 = PLANE('',#12251);
#12253 = FACE_SURFACE('',(#12248),#12252,.T.);
#12254 = POLY_LOOP('',(#50,#89,#49));
#12255 = FACE_OUTER_BOUND('',#12254,.T.);
#12256 = DIRECTION('',(0.000000,0.000000,1.000000));
#12257 = DIRECTION('',(1.000000,0.000000,0.000000));
#12258 = AXIS2_PLACEMENT_3D('',#50,#12256,#12257);
#12259 = PLANE('',#12258);
#12260 = FACE_SURFACE('',(#12255),#12259,.T.);
#12261 = POLY_LOOP('',(#49,#89,#90));
#12262 = FACE_OUTER_BOUND('',#12261,.T.);
#12263 = DIRECTION('',(0.000000,0.000000,1.000000));
#12264 = DIRECTION('',(1.000000,0.000000,0.000000));
#12265 = AXIS2_PLACEMENT_3D('',#49,#12263,#12264);
#12266 = PLANE('',#12265);
#12267 = FACE_SURFACE('',(#12262),#12266,.T.);
#12268 = POLY_LOOP('',(#49,#90,#84));
#12269 = FACE_OUTER_BOUND('',#12268,.T.);
#12270 = DIRECTION('',(0.000000,0.000000,1.000000));
#12271 = DIRECTION('',(1.000000,0.000000,0.000000));
#12272 = AXIS2_PLACEMENT_3D('',#49,#12270,#12271);
#12273 = PLANE('',#12272);
#12274 = FACE_SURFACE('',(#12269),#12273,.T.);
#12275 = POLY_LOOP('',(#84,#90,#91));
#12276 = FACE_OUTER_BOUND('',#12275,.T.);
#12277 = DIRECTION('',(0.000000,0.000000,1.000000));
#12278 = DIRECTION('',(1.000000,0.000000,0.000000));
#12279 = AXIS2_PLACEMENT_3D('',#84,#12277,#12278);
#12280 = PLANE('',#12279);
#12281 = FACE_SURFACE('',(#12276),#12280,.T.);
#12282 = POLY_LOOP('',(#51,#66,#50));
#12283 = FACE_OUTER_BOUND('',#12282,.T.);
#12284 = DIRECTION('',(0.000000,0.000000,1.000000));
#12285 = DIRECTION('',(1.000000,0.000000,0.000000));
#12286 = AXIS2_PLACEMENT_3D('',#51,#12284,#12285);
#12287 = PLANE('',#12286);
#12288 = FACE_SURFACE('',(#12283),#12287,.T.);
#12289 = POLY_LOOP('',(#50,#66,#78));
#12290 = FACE_OUTER_BOUND('',#12289,.T.);
#12291 = DIRECTION('',(0.000000,0.000000,1.000000));
#12292 = DIRECTION('',(1.000000,0.000000,0.000000));
#12293 = AXIS2_PLACEMENT_3D('',#50,#12291,#12292);
#12294 = PLANE('',#12293);
#12295 = FACE_SURFACE('',(#12290),#12294,.T.);
#12296 = POLY_LOOP('',(#50,#78,#77));
#12297 = FACE_OUTER_BOUND('',#12296,.T.);
#12298 = DIRECTION('',(0.000000,0.000000,1.000000));
#12299 = DIRECTION('',(1.000000,0.000000,0.000000));
#12300 = AXIS2_PLACEMENT_3D('',#50,#12298,#12299);
#12301 = PLANE('',#12300);
#12302 = FACE_SURFACE('',(#12297),#12301,.T.);
#12303 = POLY_LOOP('',(#66,#51,#64));
#12304 = FACE_OUTER_BOUND('',#12303,.T.);
#12305 = DIRECTION('',(0.000000,0.000000,1.000000));
#12306 = DIRECTION('',(1.000000,0.000000,0.000000));
#12307 = AXIS2_PLACEMENT_3D('',#66,#12305,#12306);
#12308 = PLANE('',#12307);
#12309 = FACE_SURFACE('',(#12304),#12308,.T.);
#12310 = POLY_LOOP('',(#64,#51,#52));
#12311 = FACE_OUTER_BOUND('',#12310,.T.);
#12312 = DIRECTION('',(0.000000,0.000000,1.000000));
#12313 = DIRECTION('',(1.000000,0.000000,0.000000));
#12314 = AXIS2_PLACEMENT_3D('',#64,#12312,#12313);
#12315 = PLANE('',#12314);
#12316 = FACE_SURFACE('',(#12311),#12315,.T.);
#12317 = POLY_LOOP('',(#64,#52,#62));
#12318 = FACE_OUTER_BOUND('',#12317,.T.);
#12319 = DIRECTION('',(0.000000,0.000000,1.000000));
#12320 = DIRECTION('',(1.000000,0.000000,0.000000));
#12321 = AXIS2_PLACEMENT_3D('',#64,#12319,#12320);
#12322 = PLANE('',#12321);
#12323 = FACE_SURFACE('',(#12318),#12322,.T.);
#12324 = POLY_LOOP('',(#62,#52,#81));
#12325 = FACE_OUTER_BOUND('',#12324,.T.);
#12326 = DIRECTION('',(0.000000,0.000000,1.000000));
#12327 = DIRECTION('',(1.000000,0.000000,0.000000));
#12328 = AXIS2_PLACEMENT_3D('',#62,#12326,#12327);
#12329 = PLANE('',#12328);
#12330 = FACE_SURFACE('',(#12325),#12329,.T.);
#12331 = POLY_LOOP('',(#62,#81,#60));
#12332 = FACE_OUTER_BOUND('',#12331,.T.);
#12333 = DIRECTION('',(0.000000,0.000000,1.000000));
#12334 = DIRECTION('',(1.000000,0.000000,0.000000));
#12335 = AXIS2_PLACEMENT_3D('',#62,#12333,#12334);
#12336 = PLANE('',#12335);
#12337 = FACE_SURFACE('',(#12332),#12336,.T.);
#12338 = POLY_LOOP('',(#60,#81,#83));
#12339 = FACE_OUTER_BOUND('',#12338,.T.);
#12340 = DIRECTION('',(0.000000,0.000000,1.000000));
#12341 = DIRECTION('',(1.000000,0.000000,0.000000));
#12342 = AXIS2_PLACEMENT_3D('',#60,#12340,#12341);
#12343 = PLANE('',#12342);
#12344 = FACE_SURFACE('',(#12339),#12343,.T.);
#12345 = POLY_LOOP('',(#60,#83,#58));
#12346 = FACE_OUTER_BOUND('',#12345,.T.);
#12347 = DIRECTION('',(0.000000,0.000000,1.000000));
#12348 = DIRECTION('',(1.000000,0.000000,0.000000));
#12349 = AXIS2_PLACEMENT_3D('',#60,#12347,#12348);
#12350 = PLANE('',#12349);
#12351 = FACE_SURFACE('',(#12346),#12350,.T.);
#12352 = POLY_LOOP('',(#58,#83,#82));
#12353 = FACE_OUTER_BOUND('',#12352,.T.);
#12354 = DIRECTION('',(0.000000,0.000000,1.000000));
#12355 = DIRECTION('',(1.000000,0.000000,0.000000));
#12356 = AXIS2_PLACEMENT_3D('',#58,#12354,#12355);
#12357 = PLANE('',#12356);
#12358 = FACE_SURFACE('',(#12353),#12357,.T.);
#12359 = POLY_LOOP('',(#58,#82,#57));
#12360 = FACE_OUTER_BOUND('',#12359,.T.);
#12361 = DIRECTION('',(0.000000,0.000000,1.000000));
#12362 = DIRECTION('',(1.000000,0.000000,0.000000));
#12363 = AXIS2_PLACEMENT_3D('',#58,#12361,#12362);
#12364 = PLANE('',#12363);
#12365 = FACE_SURFACE('',(#12360),#12364,.T.);
#12366 = POLY_LOOP('',(#57,#82,#80));
#12367 = FACE_OUTER_BOUND('',#12366,.T.);
#12368 = DIRECTION('',(0.000000,0.000000,1.000000));
#12369 = DIRECTION('',(1.000000,0.000000,0.000000));
#12370 = AXIS2_PLACEMENT_3D('',#57,#12368,#12369);
#12371 = PLANE('',#12370);
#12372 = FACE_SURFACE('',(#12367),#12371,.T.);
#12373 = POLY_LOOP('',(#57,#80,#56));
#12374 = FACE_OUTER_BOUND('',#12373,.T.);
#12375 = DIRECTION('',(0.000000,0.000000,1.000000));
#12376 = DIRECTION('',(1.000000,0.000000,0.000000));
#12377 = AXIS2_PLACEMENT_3D('',#57,#12375,#12376);
#12378 = PLANE('',#12377);
#12379 = FACE_SURFACE('',(#12374),#12378,.T.);
#12380 = POLY_LOOP('',(#56,#80,#79));
#12381 = FACE_OUTER_BOUND('',#12380,.T.);
#12382 = DIRECTION('',(0.000000,0.000000,1.000000));
#12383 = DIRECTION('',(1.000000,0.000000,0.000000));
#12384 = AXIS2_PLACEMENT_3D('',#56,#12382,#12383);
#12385 = PLANE('',#12384);
#12386 = FACE_SURFACE('',(#12381),#12385,.T.);
#12387 = POLY_LOOP('',(#56,#79,#55));
#12388 = FACE_OUTER_BOUND('',#12387,.T.);
#12389 = DIRECTION('',(0.000000,0.000000,1.000000));
#12390 = DIRECTION('',(1.000000,0.000000,0.000000));
#12391 = AXIS2_PLACEMENT_3D('',#56,#12389,#12390);
#12392 = PLANE('',#12391);
#12393 = FACE_SURFACE('',(#12388),#12392,.T.);
#12394 = POLY_LOOP('',(#55,#79,#53));
#12395 = FACE_OUTER_BOUND('',#12394,.T.);
#12396 = DIRECTION('',(0.000000,0.000000,1.000000));
#12397 = DIRECTION('',(1.000000,0.000000,0.000000));
#12398 = AXIS2_PLACEMENT_3D('',#55,#12396,#12397);
#12399 = PLANE('',#12398);
#12400 = FACE_SURFACE('',(#12395),#12399,.T.);
#12401 = POLY_LOOP('',(#55,#53,#54));
#12402 = FACE_OUTER_BOUND('',#12401,.T.);
#12403 = DIRECTION('',(0.000000,0.000000,1.000000));
#12404 = DIRECTION('',(1.000000,0.000000,0.000000));
#12405 = AXIS2_PLACEMENT_3D('',#55,#12403,#12404);
#12406 = PLANE('',#12405);
#12407 = FACE_SURFACE('',(#12402),#12406,.T.);
#12408 = POLY_LOOP('',(#18,#108,#17));
#12409 = FACE_OUTER_BOUND('',#12408,.T.);
#12410 = DIRECTION('',(0.000000,0.000000,1.000000));
#12411 = DIRECTION('',(1.000000,0.000000,0.000000));
#12412 = AXIS2_PLACEMENT_3D('',#18,#12410,#12411);
#12413 = PLANE('',#12412);
#12414 = FACE_SURFACE('',(#12409),#12413,.T.);
#12415 = POLY_LOOP('',(#17,#108,#76));
#12416 = FACE_OUTER_BOUND('',#12415,.T.);
#12417 = DIRECTION('',(0.000000,0.000000,1.000000));
#12418 = DIRECTION('',(1.000000,0.000000,0.000000));
#12419 = AXIS2_PLACEMENT_3D('',#17,#12417,#12418);
#12420 = PLANE('',#12419);
#12421 = FACE_SURFACE('',(#12416),#12420,.T.);
#12422 = POLY_LOOP('',(#17,#76,#75));
#12423 = FACE_OUTER_BOUND('',#12422,.T.);
#12424 = DIRECTION('',(0.000000,0.000000,1.000000));
#12425 = DIRECTION('',(1.000000,0.000000,0.000000));
#12426 = AXIS2_PLACEMENT_3D('',#17,#12424,#12425);
#12427 = PLANE('',#12426);
#12428 = FACE_SURFACE('',(#12423),#12427,.T.);
#12429 = POLY_LOOP('',(#75,#76,#77));
#12430 = FACE_OUTER_BOUND('',#12429,.T.);
#12431 = DIRECTION('',(0.000000,0.000000,1.000000));
#12432 = DIRECTION('',(1.000000,0.000000,0.000000));
#12433 = AXIS2_PLACEMENT_3D('',#75,#12431,#12432);
#12434 = PLANE('',#12433);
#12435 = FACE_SURFACE('',(#12430),#12434,.T.);
#12436 = POLY_LOOP('',(#75,#77,#74));
#12437 = FACE_OUTER_BOUND('',#12436,.T.);
#12438 = DIRECTION('',(0.000000,0.000000,1.000000));
#12439 = DIRECTION('',(1.000000,0.000000,0.000000));
#12440 = AXIS2_PLACEMENT_3D('',#75,#12438,#12439);
#12441 = PLANE('',#12440);
#12442 = FACE_SURFACE('',(#12437),#12441,.T.);
#12443 = POLY_LOOP('',(#74,#77,#78));
#12444 = FACE_OUTER_BOUND('',#12443,.T.);
#12445 = DIRECTION('',(0.000000,0.000000,1.000000));
#12446 = DIRECTION('',(1.000000,0.000000,0.000000));
#12447 = AXIS2_PLACEMENT_3D('',#74,#12445,#12446);
#12448 = PLANE('',#12447);
#12449 = FACE_SURFACE('',(#12444),#12448,.T.);
#12450 = POLY_LOOP('',(#74,#78,#73));
#12451 = FACE_OUTER_BOUND('',#12450,.T.);
#12452 = DIRECTION('',(0.000000,0.000000,1.000000));
#12453 = DIRECTION('',(1.000000,0.000000,0.000000));
#12454 = AXIS2_PLACEMENT_3D('',#74,#12452,#12453);
#12455 = PLANE('',#12454);
#12456 = FACE_SURFACE('',(#12451),#12455,.T.);
#12457 = POLY_LOOP('',(#73,#78,#66));
#12458 = FACE_OUTER_BOUND('',#12457,.T.);
#12459 = DIRECTION('',(0.000000,0.000000,1.000000));
#12460 = DIRECTION('',(1.000000,0.000000,0.000000));
#12461 = AXIS2_PLACEMENT_3D('',#73,#12459,#12460);
#12462 = PLANE('',#12461);
#12463 = FACE_SURFACE('',(#12458),#12462,.T.);
#12464 = POLY_LOOP('',(#73,#66,#72));
#12465 = FACE_OUTER_BOUND('',#12464,.T.);
#12466 = DIRECTION('',(0.000000,0.000000,1.000000));
#12467 = DIRECTION('',(1.000000,0.000000,0.000000));
#12468 = AXIS2_PLACEMENT_3D('',#73,#12466,#12467);
#12469 = PLANE('',#12468);
#12470 = FACE_SURFACE('',(#12465),#12469,.T.);
#12471 = POLY_LOOP('',(#72,#66,#64));
#12472 = FACE_OUTER_BOUND('',#12471,.T.);
#12473 = DIRECTION('',(0.000000,0.000000,1.000000));
#12474 = DIRECTION('',(1.000000,0.000000,0.000000));
#12475 = AXIS2_PLACEMENT_3D('',#72,#12473,#12474);
#12476 = PLANE('',#12475);
#12477 = FACE_SURFACE('',(#12472),#12476,.T.);
#12478 = POLY_LOOP('',(#72,#64,#71));
#12479 = FACE_OUTER_BOUND('',#12478,.T.);
#12480 = DIRECTION('',(0.000000,0.000000,1.000000));
#12481 = DIRECTION('',(1.000000,0.000000,0.000000));
#12482 = AXIS2_PLACEMENT_3D('',#72,#12480,#12481);
#12483 = PLANE('',#12482);
#12484 = FACE_SURFACE('',(#12479),#12483,.T.);
#12485 = POLY_LOOP('',(#71,#64,#62));
#12486 = FACE_OUTER_BOUND('',#12485,.T.);
#12487 = DIRECTION('',(0.000000,0.000000,1.000000));
#12488 = DIRECTION('',(1.000000,0.000000,0.000000));
#12489 = AXIS2_PLACEMENT_3D('',#71,#12487,#12488);
#12490 = PLANE('',#12489);
#12491 = FACE_SURFACE('',(#12486),#12490,.T.);
#12492 = POLY_LOOP('',(#71,#62,#70));
#12493 = FACE_OUTER_BOUND('',#12492,.T.);
#12494 = DIRECTION('',(0.000000,0.000000,1.000000));
#12495 = DIRECTION('',(1.000000,0.000000,0.000000));
#12496 = AXIS2_PLACEMENT_3D('',#71,#12494,#12495);
#12497 = PLANE('',#12496);
#12498 = FACE_SURFACE('',(#12493),#12497,.T.);
#12499 = POLY_LOOP('',(#70,#62,#60));
#12500 = FACE_OUTER_BOUND('',#12499,.T.);
#12501 = DIRECTION('',(0.000000,0.000000,1.000000));
#12502 = DIRECTION('',(1.000000,0.000000,0.000000));
#12503 = AXIS2_PLACEMENT_3D('',#70,#12501,#12502);
#12504 = PLANE('',#12503);
#12505 = FACE_SURFACE('',(#12500),#12504,.T.);
#12506 = POLY_LOOP('',(#70,#60,#69));
#12507 = FACE_OUTER_BOUND('',#12506,.T.);
#12508 = DIRECTION('',(0.000000,0.000000,1.000000));
#12509 = DIRECTION('',(1.000000,0.000000,0.000000));
#12510 = AXIS2_PLACEMENT_3D('',#70,#12508,#12509);
#12511 = PLANE('',#12510);
#12512 = FACE_SURFACE('',(#12507),#12511,.T.);
#12513 = POLY_LOOP('',(#69,#60,#58));
#12514 = FACE_OUTER_BOUND('',#12513,.T.);
#12515 = DIRECTION('',(0.000000,0.000000,1.000000));
#12516 = DIRECTION('',(1.000000,0.000000,0.000000));
#12517 = AXIS2_PLACEMENT_3D('',#69,#12515,#12516);
#12518 = PLANE('',#12517);
#12519 = FACE_SURFACE('',(#12514),#12518,.T.);
#12520 = POLY_LOOP('',(#69,#58,#68));
#12521 = FACE_OUTER_BOUND('',#12520,.T.);
#12522 = DIRECTION('',(0.000000,0.000000,1.000000));
#12523 = DIRECTION('',(1.000000,0.000000,0.000000));
#12524 = AXIS2_PLACEMENT_3D('',#69,#12522,#12523);
#12525 = PLANE('',#12524);
#12526 = FACE_SURFACE('',(#12521),#12525,.T.);
#12527 = POLY_LOOP('',(#68,#58,#57));
#12528 = FACE_OUTER_BOUND('',#12527,.T.);
#12529 = DIRECTION('',(0.000000,0.000000,1.000000));
#12530 = DIRECTION('',(1.000000,0.000000,0.000000));
#12531 = AXIS2_PLACEMENT_3D('',#68,#12529,#12530);
#12532 = PLANE('',#12531);
#12533 = FACE_SURFACE('',(#12528),#12532,.T.);
#12534 = POLY_LOOP('',(#68,#57,#67));
#12535 = FACE_OUTER_BOUND('',#12534,.T.);
#12536 = DIRECTION('',(0.000000,0.000000,1.000000));
#12537 = DIRECTION('',(1.000000,0.000000,0.000000));
#12538 = AXIS2_PLACEMENT_3D('',#68,#12536,#12537);
#12539 = PLANE('',#12538);
#12540 = FACE_SURFACE('',(#12535),#12539,.T.);
#12541 = POLY_LOOP('',(#67,#57,#56));
#12542 = FACE_OUTER_BOUND('',#12541,.T.);
#12543 = DIRECTION('',(0.000000,0.000000,1.000000));
#12544 = DIRECTION('',(1.000000,0.000000,0.000000));
#12545 = AXIS2_PLACEMENT_3D('',#67,#12543,#12544);
#12546 = PLANE('',#12545);
#12547 = FACE_SURFACE('',(#12542),#12546,.T.);
#12548 = POLY_LOOP('',(#67,#56,#65));
#12549 = FACE_OUTER_BOUND('',#12548,.T.);
#12550 = DIRECTION('',(0.000000,0.000000,1.000000));
#12551 = DIRECTION('',(1.000000,0.000000,0.000000));
#12552 = AXIS2_PLACEMENT_3D('',#67,#12550,#12551);
#12553 = PLANE('',#12552);
#12554 = FACE_SURFACE('',(#12549),#12553,.T.);
#12555 = POLY_LOOP('',(#65,#56,#55));
#12556 = FACE_OUTER_BOUND('',#12555,.T.);
#12557 = DIRECTION('',(0.000000,0.000000,1.000000));
#12558 = DIRECTION('',(1.000000,0.000000,0.000000));
#12559 = AXIS2_PLACEMENT_3D('',#65,#12557,#12558);
#12560 = PLANE('',#12559);
#12561 = FACE_SURFACE('',(#12556),#12560,.T.);
#12562 = POLY_LOOP('',(#65,#55,#63));
#12563 = FACE_OUTER_BOUND('',#12562,.T.);
#12564 = DIRECTION('',(0.000000,0.000000,1.000000));
#12565 = DIRECTION('',(1.000000,0.000000,0.000000));
#12566 = AXIS2_PLACEMENT_3D('',#65,#12564,#12565);
#12567 = PLANE('',#12566);
#12568 = FACE_SURFACE('',(#12563),#12567,.T.);
#12569 = POLY_LOOP('',(#63,#55,#54));
#12570 = FACE_OUTER_BOUND('',#12569,.T.);
#12571 = DIRECTION('',(0.000000,0.000000,1.000000));
#12572 = DIRECTION('',(1.000000,0.000000,0.000000));
#12573 = AXIS2_PLACEMENT_3D('',#63,#12571,#12572);
#12574 = PLANE('',#12573);
#12575 = FACE_SURFACE('',(#12570),#12574,.T.);
#12576 = POLY_LOOP('',(#63,#54,#61));
#12577 = FACE_OUTER_BOUND('',#12576,.T.);
#12578 = DIRECTION('',(0.000000,0.000000,1.000000));
#12579 = DIRECTION('',(1.000000,0.000000,0.000000));
#12580 = AXIS2_PLACEMENT_3D('',#63,#12578,#12579);
#12581 = PLANE('',#12580);
#12582 = FACE_SURFACE('',(#12577),#12581,.T.);
#12583 = POLY_LOOP('',(#61,#54,#53));
#12584 = FACE_OUTER_BOUND('',#12583,.T.);
#12585 = DIRECTION('',(0.000000,0.000000,1.000000));
#12586 = DIRECTION('',(1.000000,0.000000,0.000000));
#12587 = AXIS2_PLACEMENT_3D('',#61,#12585,#12586);
#12588 = PLANE('',#12587);
#12589 = FACE_SURFACE('',(#12584),#12588,.T.);
#12590 = POLY_LOOP('',(#61,#53,#59));
#12591 = FACE_OUTER_BOUND('',#12590,.T.);
#12592 = DIRECTION('',(0.000000,0.000000,1.000000));
#12593 = DIRECTION('',(1.000000,0.000000,0.000000));
#12594 = AXIS2_PLACEMENT_3D('',#61,#12592,#12593);
#12595 = PLANE('',#12594);
#12596 = FACE_SURFACE('',(#12591),#12595,.T.);
#12597 = POLY_LOOP('',(#59,#53,#79));
#12598 = FACE_OUTER_BOUND('',#12597,.T.);
#12599 = DIRECTION('',(0.000000,0.000000,1.000000));
#12600 = DIRECTION('',(1.000000,0.000000,0.000000));
#12601 = AXIS2_PLACEMENT_3D('',#59,#12599,#12600);
#12602 = PLANE('',#12601);
#12603 = FACE_SURFACE('',(#12598),#12602,.T.);
#12604 = POLY_LOOP('',(#59,#79,#47));
#12605 = FACE_OUTER_BOUND('',#12604,.T.);
#12606 = DIRECTION('',(0.000000,0.000000,1.000000));
#12607 = DIRECTION('',(1.000000,0.000000,0.000000));
#12608 = AXIS2_PLACEMENT_3D('',#59,#12606,#12607);
#12609 = PLANE('',#12608);
#12610 = FACE_SURFACE('',(#12605),#12609,.T.);
#12611 = POLY_LOOP('',(#47,#79,#80));
#12612 = FACE_OUTER_BOUND('',#12611,.T.);
#12613 = DIRECTION('',(0.000000,0.000000,1.000000));
#12614 = DIRECTION('',(1.000000,0.000000,0.000000));
#12615 = AXIS2_PLACEMENT_3D('',#47,#12613,#12614);
#12616 = PLANE('',#12615);
#12617 = FACE_SURFACE('',(#12612),#12616,.T.);
#12618 = POLY_LOOP('',(#47,#80,#48));
#12619 = FACE_OUTER_BOUND('',#12618,.T.);
#12620 = DIRECTION('',(0.000000,0.000000,1.000000));
#12621 = DIRECTION('',(1.000000,0.000000,0.000000));
#12622 = AXIS2_PLACEMENT_3D('',#47,#12620,#12621);
#12623 = PLANE('',#12622);
#12624 = FACE_SURFACE('',(#12619),#12623,.T.);
#12625 = POLY_LOOP('',(#48,#80,#82));
#12626 = FACE_OUTER_BOUND('',#12625,.T.);
#12627 = DIRECTION('',(0.000000,0.000000,1.000000));
#12628 = DIRECTION('',(1.000000,0.000000,0.000000));
#12629 = AXIS2_PLACEMENT_3D('',#48,#12627,#12628);
#12630 = PLANE('',#12629);
#12631 = FACE_SURFACE('',(#12626),#12630,.T.);
#12632 = POLY_LOOP('',(#48,#82,#45));
#12633 = FACE_OUTER_BOUND('',#12632,.T.);
#12634 = DIRECTION('',(0.000000,0.000000,1.000000));
#12635 = DIRECTION('',(1.000000,0.000000,0.000000));
#12636 = AXIS2_PLACEMENT_3D('',#48,#12634,#12635);
#12637 = PLANE('',#12636);
#12638 = FACE_SURFACE('',(#12633),#12637,.T.);
#12639 = POLY_LOOP('',(#45,#82,#83));
#12640 = FACE_OUTER_BOUND('',#12639,.T.);
#12641 = DIRECTION('',(0.000000,0.000000,1.000000));
#12642 = DIRECTION('',(1.000000,0.000000,0.000000));
#12643 = AXIS2_PLACEMENT_3D('',#45,#12641,#12642);
#12644 = PLANE('',#12643);
#12645 = FACE_SURFACE('',(#12640),#12644,.T.);
#12646 = POLY_LOOP('',(#45,#83,#46));
#12647 = FACE_OUTER_BOUND('',#12646,.T.);
#12648 = DIRECTION('',(0.000000,0.000000,1.000000));
#12649 = DIRECTION('',(1.000000,0.000000,0.000000));
#12650 = AXIS2_PLACEMENT_3D('',#45,#12648,#12649);
#12651 = PLANE('',#12650);
#12652 = FACE_SURFACE('',(#12647),#12651,.T.);
#12653 = POLY_LOOP('',(#46,#83,#81));
#12654 = FACE_OUTER_BOUND('',#12653,.T.);
#12655 = DIRECTION('',(0.000000,0.000000,1.000000));
#12656 = DIRECTION('',(1.000000,0.000000,0.000000));
#12657 = AXIS2_PLACEMENT_3D('',#46,#12655,#12656);
#12658 = PLANE('',#12657);
#12659 = FACE_SURFACE('',(#12654),#12658,.T.);
#12660 = POLY_LOOP('',(#46,#81,#41));
#12661 = FACE_OUTER_BOUND('',#12660,.T.);
#12662 = DIRECTION('',(0.000000,0.000000,1.000000));
#12663 = DIRECTION('',(1.000000,0.000000,0.000000));
#12664 = AXIS2_PLACEMENT_3D('',#46,#12662,#12663);
#12665 = PLANE('',#12664);
#12666 = FACE_SURFACE('',(#12661),#12665,.T.);
#12667 = POLY_LOOP('',(#41,#81,#52));
#12668 = FACE_OUTER_BOUND('',#12667,.T.);
#12669 = DIRECTION('',(0.000000,0.000000,1.000000));
#12670 = DIRECTION('',(1.000000,0.000000,0.000000));
#12671 = AXIS2_PLACEMENT_3D('',#41,#12669,#12670);
#12672 = PLANE('',#12671);
#12673 = FACE_SURFACE('',(#12668),#12672,.T.);
#12674 = POLY_LOOP('',(#41,#52,#42));
#12675 = FACE_OUTER_BOUND('',#12674,.T.);
#12676 = DIRECTION('',(0.000000,0.000000,1.000000));
#12677 = DIRECTION('',(1.000000,0.000000,0.000000));
#12678 = AXIS2_PLACEMENT_3D('',#41,#12676,#12677);
#12679 = PLANE('',#12678);
#12680 = FACE_SURFACE('',(#12675),#12679,.T.);
#12681 = POLY_LOOP('',(#42,#52,#51));
#12682 = FACE_OUTER_BOUND('',#12681,.T.);
#12683 = DIRECTION('',(0.000000,0.000000,1.000000));
#12684 = DIRECTION('',(1.000000,0.000000,0.000000));
#12685 = AXIS2_PLACEMENT_3D('',#42,#12683,#12684);
#12686 = PLANE('',#12685);
#12687 = FACE_SURFACE('',(#12682),#12686,.T.);
#12688 = POLY_LOOP('',(#42,#51,#43));
#12689 = FACE_OUTER_BOUND('',#12688,.T.);
#12690 = DIRECTION('',(0.000000,0.000000,1.000000));
#12691 = DIRECTION('',(1.000000,0.000000,0.000000));
#12692 = AXIS2_PLACEMENT_3D('',#42,#12690,#12691);
#12693 = PLANE('',#12692);
#12694 = FACE_SURFACE('',(#12689),#12693,.T.);
#12695 = POLY_LOOP('',(#43,#51,#50));
#12696 = FACE_OUTER_BOUND('',#12695,.T.);
#12697 = DIRECTION('',(0.000000,0.000000,1.000000));
#12698 = DIRECTION('',(1.000000,0.000000,0.000000));
#12699 = AXIS2_PLACEMENT_3D('',#43,#12697,#12698);
#12700 = PLANE('',#12699);
#12701 = FACE_SURFACE('',(#12696),#12700,.T.);
#12702 = POLY_LOOP('',(#43,#50,#44));
#12703 = FACE_OUTER_BOUND('',#12702,.T.);
#12704 = DIRECTION('',(0.000000,0.000000,1.000000));
#12705 = DIRECTION('',(1.000000,0.000000,0.000000));
#12706 = AXIS2_PLACEMENT_3D('',#43,#12704,#12705);
#12707 = PLANE('',#12706);
#12708 = FACE_SURFACE('',(#12703),#12707,.T.);
#12709 = POLY_LOOP('',(#44,#50,#49));
#12710 = FACE_OUTER_BOUND('',#12709,.T.);
#12711 = DIRECTION('',(0.000000,0.000000,1.000000));
#12712 = DIRECTION('',(1.000000,0.000000,0.000000));
#12713 = AXIS2_PLACEMENT_3D('',#44,#12711,#12712);
#12714 = PLANE('',#12713);
#12715 = FACE_SURFACE('',(#12710),#12714,.T.);
#12716 = POLY_LOOP('',(#44,#49,#40));
#12717 = FACE_OUTER_BOUND('',#12716,.T.);
#12718 = DIRECTION('',(0.000000,0.000000,1.000000));
#12719 = DIRECTION('',(1.000000,0.000000,0.000000));
#12720 = AXIS2_PLACEMENT_3D('',#44,#12718,#12719);
#12721 = PLANE('',#12720);
#12722 = FACE_SURFACE('',(#12717),#12721,.T.);
#12723 = POLY_LOOP('',(#40,#49,#84));
#12724 = FACE_OUTER_BOUND('',#12723,.T.);
#12725 = DIRECTION('',(0.000000,0.000000,1.000000));
#12726 = DIRECTION('',(1.000000,0.000000,0.000000));
#12727 = AXIS2_PLACEMENT_3D('',#40,#12725,#12726);
#12728 = PLANE('',#12727);
#12729 = FACE_SURFACE('',(#12724),#12728,.T.);
#12730 = POLY_LOOP('',(#40,#84,#39));
#12731 = FACE_OUTER_BOUND('',#12730,.T.);
#12732 = DIRECTION('',(0.000000,0.000000,1.000000));
#12733 = DIRECTION('',(1.000000,0.000000,0.000000));
#12734 = AXIS2_PLACEMENT_3D('',#40,#12732,#12733);
#12735 = PLANE('',#12734);
#12736 = FACE_SURFACE('',(#12731),#12735,.T.);
#12737 = POLY_LOOP('',(#39,#84,#91));
#12738 = FACE_OUTER_BOUND('',#12737,.T.);
#12739 = DIRECTION('',(0.000000,0.000000,1.000000));
#12740 = DIRECTION('',(1.000000,0.000000,0.000000));
#12741 = AXIS2_PLACEMENT_3D('',#39,#12739,#12740);
#12742 = PLANE('',#12741);
#12743 = FACE_SURFACE('',(#12738),#12742,.T.);
#12744 = POLY_LOOP('',(#39,#91,#38));
#12745 = FACE_OUTER_BOUND('',#12744,.T.);
#12746 = DIRECTION('',(0.000000,0.000000,1.000000));
#12747 = DIRECTION('',(1.000000,0.000000,0.000000));
#12748 = AXIS2_PLACEMENT_3D('',#39,#12746,#12747);
#12749 = PLANE('',#12748);
#12750 = FACE_SURFACE('',(#12745),#12749,.T.);
#12751 = POLY_LOOP('',(#38,#91,#90));
#12752 = FACE_OUTER_BOUND('',#12751,.T.);
#12753 = DIRECTION('',(0.000000,0.000000,1.000000));
#12754 = DIRECTION('',(1.000000,0.000000,0.000000));
#12755 = AXIS2_PLACEMENT_3D('',#38,#12753,#12754);
#12756 = PLANE('',#12755);
#12757 = FACE_SURFACE('',(#12752),#12756,.T.);
#12758 = POLY_LOOP('',(#38,#90,#37));
#12759 = FACE_OUTER_BOUND('',#12758,.T.);
#12760 = DIRECTION('',(0.000000,0.000000,1.000000));
#12761 = DIRECTION('',(1.000000,0.000000,0.000000));
#12762 = AXIS2_PLACEMENT_3D('',#38,#12760,#12761);
#12763 = PLANE('',#12762);
#12764 = FACE_SURFACE('',(#12759),#12763,.T.);
#12765 = POLY_LOOP('',(#37,#90,#89));
#12766 = FACE_OUTER_BOUND('',#12765,.T.);
#12767 = DIRECTION('',(0.000000,0.000000,1.000000));
#12768 = DIRECTION('',(1.000000,0.000000,0.000000));
#12769 = AXIS2_PLACEMENT_3D('',#37,#12767,#12768);
#12770 = PLANE('',#12769);
#12771 = FACE_SURFACE('',(#12766),#12770,.T.);
#12772 = POLY_LOOP('',(#37,#89,#35));
#12773 = FACE_OUTER_BOUND('',#12772,.T.);
#12774 = DIRECTION('',(0.000000,0.000000,1.000000));
#12775 = DIRECTION('',(1.000000,0.000000,0.000000));
#12776 = AXIS2_PLACEMENT_3D('',#37,#12774,#12775);
#12777 = PLANE('',#12776);
#12778 = FACE_SURFACE('',(#12773),#12777,.T.);
#12779 = POLY_LOOP('',(#35,#89,#88));
#12780 = FACE_OUTER_BOUND('',#12779,.T.);
#12781 = DIRECTION('',(0.000000,0.000000,1.000000));
#12782 = DIRECTION('',(1.000000,0.000000,0.000000));
#12783 = AXIS2_PLACEMENT_3D('',#35,#12781,#12782);
#12784 = PLANE('',#12783);
#12785 = FACE_SURFACE('',(#12780),#12784,.T.);
#12786 = POLY_LOOP('',(#35,#88,#36));
#12787 = FACE_OUTER_BOUND('',#12786,.T.);
#12788 = DIRECTION('',(0.000000,0.000000,1.000000));
#12789 = DIRECTION('',(1.000000,0.000000,0.000000));
#12790 = AXIS2_PLACEMENT_3D('',#35,#12788,#12789);
#12791 = PLANE('',#12790);
#12792 = FACE_SURFACE('',(#12787),#12791,.T.);
#12793 = POLY_LOOP('',(#36,#88,#87));
#12794 = FACE_OUTER_BOUND('',#12793,.T.);
#12795 = DIRECTION('',(0.000000,0.000000,1.000000));
#12796 = DIRECTION('',(1.000000,0.000000,0.000000));
#12797 = AXIS2_PLACEMENT_3D('',#36,#12795,#12796);
#12798 = PLANE('',#12797);
#12799 = FACE_SURFACE('',(#12794),#12798,.T.);
#12800 = POLY_LOOP('',(#36,#87,#34));
#12801 = FACE_OUTER_BOUND('',#12800,.T.);
#12802 = DIRECTION('',(0.000000,0.000000,1.000000));
#12803 = DIRECTION('',(1.000000,0.000000,0.000000));
#12804 = AXIS2_PLACEMENT_3D('',#36,#12802,#12803);
#12805 = PLANE('',#12804);
#12806 = FACE_SURFACE('',(#12801),#12805,.T.);
#12807 = POLY_LOOP('',(#34,#87,#86));
#12808 = FACE_OUTER_BOUND('',#12807,.T.);
#12809 = DIRECTION('',(0.000000,0.000000,1.000000));
#12810 = DIRECTION('',(1.000000,0.000000,0.000000));
#12811 = AXIS2_PLACEMENT_3D('',#34,#12809,#12810);
#12812 = PLANE('',#12811);
#12813 = FACE_SURFACE('',(#12808),#12812,.T.);
#12814 = POLY_LOOP('',(#34,#86,#33));
#12815 = FACE_OUTER_BOUND('',#12814,.T.);
#12816 = DIRECTION('',(0.000000,0.000000,1.000000));
#12817 = DIRECTION('',(1.000000,0.000000,0.000000));
#12818 = AXIS2_PLACEMENT_3D('',#34,#12816,#12817);
#12819 = PLANE('',#12818);
#12820 = FACE_SURFACE('',(#12815),#12819,.T.);
#12821 = POLY_LOOP('',(#33,#86,#85));
#12822 = FACE_OUTER_BOUND('',#12821,.T.);
#12823 = DIRECTION('',(0.000000,0.000000,1.000000));
#12824 = DIRECTION('',(1.000000,0.000000,0.000000));
#12825 = AXIS2_PLACEMENT_3D('',#33,#12823,#12824);
#12826 = PLANE('',#12825);
#12827 = FACE_SURFACE('',(#12822),#12826,.T.);
#12828 = POLY_LOOP('',(#33,#85,#31));
#12829 = FACE_OUTER_BOUND('',#12828,.T.);
#12830 = DIRECTION('',(0.000000,0.000000,1.000000));
#12831 = DIRECTION('',(1.000000,0.000000,0.000000));
#12832 = AXIS2_PLACEMENT_3D('',#33,#12830,#12831);
#12833 = PLANE('',#12832);
#12834 = FACE_SURFACE('',(#12829),#12833,.T.);
#12835 = POLY_LOOP('',(#31,#85,#92));
#12836 = FACE_OUTER_BOUND('',#12835,.T.);
#12837 = DIRECTION('',(0.000000,0.000000,1.000000));
#12838 = DIRECTION('',(1.000000,0.000000,0.000000));
#12839 = AXIS2_PLACEMENT_3D('',#31,#12837,#12838);
#12840 = PLANE('',#12839);
#12841 = FACE_SURFACE('',(#12836),#12840,.T.);
#12842 = POLY_LOOP('',(#31,#92,#32));
#12843 = FACE_OUTER_BOUND('',#12842,.T.);
#12844 = DIRECTION('',(0.000000,0.000000,1.000000));
#12845 = DIRECTION('',(1.000000,0.000000,0.000000));
#12846 = AXIS2_PLACEMENT_3D('',#31,#12844,#12845);
#12847 = PLANE('',#12846);
#12848 = FACE_SURFACE('',(#12843),#12847,.T.);
#12849 = POLY_LOOP('',(#32,#92,#93));
#12850 = FACE_OUTER_BOUND('',#12849,.T.);
#12851 = DIRECTION('',(0.000000,0.000000,1.000000));
#12852 = DIRECTION('',(1.000000,0.000000,0.000000));
#12853 = AXIS2_PLACEMENT_3D('',#32,#12851,#12852);
#12854 = PLANE('',#12853);
#12855 = FACE_SURFACE('',(#12850),#12854,.T.);
#12856 = POLY_LOOP('',(#32,#93,#30));
#12857 = FACE_OUTER_BOUND('',#12856,.T.);
#12858 = DIRECTION('',(0.000000,0.000000,1.000000));
#12859 = DIRECTION('',(1.000000,0.000000,0.000000));
#12860 = AXIS2_PLACEMENT_3D('',#32,#12858,#12859);
#12861 = PLANE('',#12860);
#12862 = FACE_SURFACE('',(#12857),#12861,.T.);
#12863 = POLY_LOOP('',(#30,#93,#94));
#12864 = FACE_OUTER_BOUND('',#12863,.T.);
#12865 = DIRECTION('',(0.000000,0.000000,1.000000));
#12866 = DIRECTION('',(1.000000,0.000000,0.000000));
#12867 = AXIS2_PLACEMENT_3D('',#30,#12865,#12866);
#12868 = PLANE('',#12867);
#12869 = FACE_SURFACE('',(#12864),#12868,.T.);
#12870 = POLY_LOOP('',(#30,#94,#29));
#12871 = FACE_OUTER_BOUND('',#12870,.T.);
#12872 = DIRECTION('',(0.000000,0.000000,1.000000));
#12873 = DIRECTION('',(1.000000,0.000000,0.000000));
#12874 = AXIS2_PLACEMENT_3D('',#30,#12872,#12873);
#12875 = PLANE('',#12874);
#12876 = FACE_SURFACE('',(#12871),#12875,.T.);
#12877 = POLY_LOOP('',(#29,#94,#95));
#12878 = FACE_OUTER_BOUND('',#12877,.T.);
#12879 = DIRECTION('',(0.000000,0.000000,1.000000));
#12880 = DIRECTION('',(1.000000,0.000000,0.000000));
#12881 = AXIS2_PLACEMENT_3D('',#29,#12879,#12880);
#12882 = PLANE('',#12881);
#12883 = FACE_SURFACE('',(#12878),#12882,.T.);
#12884 = POLY_LOOP('',(#29,#95,#27));
#12885 = FACE_OUTER_BOUND('',#12884,.T.);
#12886 = DIRECTION('',(0.000000,0.000000,1.000000));
#12887 = DIRECTION('',(1.000000,0.000000,0.000000));
#12888 = AXIS2_PLACEMENT_3D('',#29,#12886,#12887);
#12889 = PLANE('',#12888);
#12890 = FACE_SURFACE('',(#12885),#12889,.T.);
#12891 = POLY_LOOP('',(#27,#95,#96));
#12892 = FACE_OUTER_BOUND('',#12891,.T.);
#12893 = DIRECTION('',(0.000000,0.000000,1.000000));
#12894 = DIRECTION('',(1.000000,0.000000,0.000000));
#12895 = AXIS2_PLACEMENT_3D('',#27,#12893,#12894);
#12896 = PLANE('',#12895);
#12897 = FACE_SURFACE('',(#12892),#12896,.T.);
#12898 = POLY_LOOP('',(#27,#96,#28));
#12899 = FACE_OUTER_BOUND('',#12898,.T.);
#12900 = DIRECTION('',(0.000000,0.000000,1.000000));
#12901 = DIRECTION('',(1.000000,0.000000,0.000000));
#12902 = AXIS2_PLACEMENT_3D('',#27,#12900,#12901);
#12903 = PLANE('',#12902);
#12904 = FACE_SURFACE('',(#12899),#12903,.T.);
#12905 = POLY_LOOP('',(#28,#96,#97));
#12906 = FACE_OUTER_BOUND('',#12905,.T.);
#12907 = DIRECTION('',(0.000000,0.000000,1.000000));
#12908 = DIRECTION('',(1.000000,0.000000,0.000000));
#12909 = AXIS2_PLACEMENT_3D('',#28,#12907,#12908);
#12910 = PLANE('',#12909);
#12911 = FACE_SURFACE('',(#12906),#12910,.T.);
#12912 = POLY_LOOP('',(#28,#97,#26));
#12913 = FACE_OUTER_BOUND('',#12912,.T.);
#12914 = DIRECTION('',(0.000000,0.000000,1.000000));
#12915 = DIRECTION('',(1.000000,0.000000,0.000000));
#12916 = AXIS2_PLACEMENT_3D('',#28,#12914,#12915);
#12917 = PLANE('',#12916);
#12918 = FACE_SURFACE('',(#12913),#12917,.T.);
#12919 = POLY_LOOP('',(#26,#97,#98));
#12920 = FACE_OUTER_BOUND('',#12919,.T.);
#12921 = DIRECTION('',(0.000000,0.000000,1.000000));
#12922 = DIRECTION('',(1.000000,0.000000,0.000000));
#12923 = AXIS2_PLACEMENT_3D('',#26,#12921,#12922);
#12924 = PLANE('',#12923);
#12925 = FACE_SURFACE('',(#12920),#12924,.T.);
#12926 = POLY_LOOP('',(#26,#98,#25));
#12927 = FACE_OUTER_BOUND('',#12926,.T.);
#12928 = DIRECTION('',(0.000000,0.000000,1.000000));
#12929 = DIRECTION('',(1.000000,0.000000,0.000000));
#12930 = AXIS2_PLACEMENT_3D('',#26,#12928,#12929);
#12931 = PLANE('',#12930);
#12932 = FACE_SURFACE('',(#12927),#12931,.T.);
#12933 = POLY_LOOP('',(#25,#98,#99));
#12934 = FACE_OUTER_BOUND('',#12933,.T.);
#12935 = DIRECTION('',(0.000000,0.000000,1.000000));
#12936 = DIRECTION('',(1.000000,0.000000,0.000000));
#12937 = AXIS2_PLACEMENT_3D('',#25,#12935,#12936);
#12938 = PLANE('',#12937);
#12939 = FACE_SURFACE('',(#12934),#12938,.T.);
#12940 = POLY_LOOP('',(#25,#99,#23));
#12941 = FACE_OUTER_BOUND('',#12940,.T.);
#12942 = DIRECTION('',(0.000000,0.000000,1.000000));
#12943 = DIRECTION('',(1.000000,0.000000,0.000000));
#12944 = AXIS2_PLACEMENT_3D('',#25,#12942,#12943);
#12945 = PLANE('',#12944);
#12946 = FACE_SURFACE('',(#12941),#12945,.T.);
#12947 = POLY_LOOP('',(#23,#99,#100));
#12948 = FACE_OUTER_BOUND('',#12947,.T.);
#12949 = DIRECTION('',(0.000000,0.000000,1.000000));
#12950 = DIRECTION('',(1.000000,0.000000,0.000000));
#12951 = AXIS2_PLACEMENT_3D('',#23,#12949,#12950);
#12952 = PLANE('',#12951);
#12953 = FACE_SURFACE('',(#12948),#12952,.T.);
#12954 = POLY_LOOP('',(#23,#100,#24));
#12955 = FACE_OUTER_BOUND('',#12954,.T.);
#12956 = DIRECTION('',(0.000000,0.000000,1.000000));
#12957 = DIRECTION('',(1.000000,0.000000,0.000000));
#12958 = AXIS2_PLACEMENT_3D('',#23,#12956,#12957);
#12959 = PLANE('',#12958);
#12960 = FACE_SURFACE('',(#12955),#12959,.T.);
#12961 = POLY_LOOP('',(#24,#100,#101));
#12962 = FACE_OUTER_BOUND('',#12961,.T.);
#12963 = DIRECTION('',(0.000000,0.000000,1.000000));
#12964 = DIRECTION('',(1.000000,0.000000,0.000000));
#12965 = AXIS2_PLACEMENT_3D('',#24,#12963,#12964);
#12966 = PLANE('',#12965);
#12967 = FACE_SURFACE('',(#12962),#12966,.T.);
#12968 = POLY_LOOP('',(#24,#101,#22));
#12969 = FACE_OUTER_BOUND('',#12968,.T.);
#12970 = DIRECTION('',(0.000000,0.000000,1.000000));
#12971 = DIRECTION('',(1.000000,0.000000,0.000000));
#12972 = AXIS2_PLACEMENT_3D('',#24,#12970,#12971);
#12973 = PLANE('',#12972);
#12974 = FACE_SURFACE('',(#12969),#12973,.T.);
#12975 = POLY_LOOP('',(#22,#101,#102));
#12976 = FACE_OUTER_BOUND('',#12975,.T.);
#12977 = DIRECTION('',(0.000000,0.000000,1.000000));
#12978 = DIRECTION('',(1.000000,0.000000,0.000000));
#12979 = AXIS2_PLACEMENT_3D('',#22,#12977,#12978);
#12980 = PLANE('',#12979);
#12981 = FACE_SURFACE('',(#12976),#12980,.T.);
#12982 = POLY_LOOP('',(#22,#102,#21));
#12983 = FACE_OUTER_BOUND('',#12982,.T.);
#12984 = DIRECTION('',(0.000000,0.000000,1.000000));
#12985 = DIRECTION('',(1.000000,0.000000,0.000000));
#12986 = AXIS2_PLACEMENT_3D('',#22,#12984,#12985);
#12987 = PLANE('',#12986);
#12988 = FACE_SURFACE('',(#12983),#12987,.T.);
#12989 = POLY_LOOP('',(#21,#102,#103));
#12990 = FACE_OUTER_BOUND('',#12989,.T.);
#12991 = DIRECTION('',(0.000000,0.000000,1.000000));
#12992 = DIRECTION('',(1.000000,0.000000,0.000000));
#12993 = AXIS2_PLACEMENT_3D('',#21,#12991,#12992);
#12994 = PLANE('',#12993);
#12995 = FACE_SURFACE('',(#12990),#12994,.T.);
#12996 = POLY_LOOP('',(#21,#103,#19));
#12997 = FACE_OUTER_BOUND('',#12996,.T.);
#12998 = DIRECTION('',(0.000000,0.000000,1.000000));
#12999 = DIRECTION('',(1.000000,0.000000,0.000000));
#13000 = AXIS2_PLACEMENT_3D('',#21,#12998,#12999);
#13001 = PLANE('',#13000);
#13002 = FACE_SURFACE('',(#12997),#13001,.T.);
#13003 = POLY_LOOP('',(#19,#103,#104));
#13004 = FACE_OUTER_BOUND('',#13003,.T.);
#13005 = DIRECTION('',(0.000000,0.000000,1.000000));
#13006 = DIRECTION('',(1.000000,0.000000,0.000000));
#13007 = AXIS2_PLACEMENT_3D('',#19,#13005,#13006);
#13008 = PLANE('',#13007);
#13009 = FACE_SURFACE('',(#13004),#13008,.T.);
#13010 = POLY_LOOP('',(#19,#104,#20));
#13011 = FACE_OUTER_BOUND('',#13010,.T.);
#13012 = DIRECTION('',(0.000000,0.000000,1.000000));
#13013 = DIRECTION('',(1.000000,0.000000,0.000000));
#13014 = AXIS2_PLACEMENT_3D('',#19,#13012,#13013);
#13015 = PLANE('',#13014);
#13016 = FACE_SURFACE('',(#13011),#13015,.T.);
#13017 = POLY_LOOP('',(#20,#104,#106));
#13018 = FACE_OUTER_BOUND('',#13017,.T.);
#13019 = DIRECTION('',(0.000000,0.000000,1.000000));
#13020 = DIRECTION('',(1.000000,0.000000,0.000000));
#13021 = AXIS2_PLACEMENT_3D('',#20,#13019,#13020);
#13022 = PLANE('',#13021);
#13023 = FACE_SURFACE('',(#13018),#13022,.T.);
#13024 = POLY_LOOP('',(#20,#106,#18));
#13025 = FACE_OUTER_BOUND('',#13024,.T.);
#13026 = DIRECTION('',(0.000000,0.000000,1.000000));
#13027 = DIRECTION('',(1.000000,0.000000,0.000000));
#13028 = AXIS2_PLACEMENT_3D('',#20,#13026,#13027);
#13029 = PLANE('',#13028);
#13030 = FACE_SURFACE('',(#13025),#13029,.T.);
#13031 = POLY_LOOP('',(#18,#106,#108));
#13032 = FACE_OUTER_BOUND('',#13031,.T.);
#13033 = DIRECTION('',(0.000000,0.000000,1.000000));
#13034 = DIRECTION('',(1.000000,0.000000,0.000000));
#13035 = AXIS2_PLACEMENT_3D('',#18,#13033,#13034);
#13036 = PLANE('',#13035);
#13037 = FACE_SURFACE('',(#13032),#13036,.T.);
#13038 = POLY_LOOP('',(#18,#17,#43));
#13039 = FACE_OUTER_BOUND('',#13038,.T.);
#13040 = DIRECTION('',(0.000000,0.000000,1.000000));
#13041 = DIRECTION('',(1.000000,0.000000,0.000000));
#13042 = AXIS2_PLACEMENT_3D('',#18,#13040,#13041);
#13043 = PLANE('',#13042);
#13044 = FACE_SURFACE('',(#13039),#13043,.T.);
#13045 = POLY_LOOP('',(#43,#17,#75));
#13046 = FACE_OUTER_BOUND('',#13045,.T.);
#13047 = DIRECTION('',(0.000000,0.000000,1.000000));
#13048 = DIRECTION('',(1.000000,0.000000,0.000000));
#13049 = AXIS2_PLACEMENT_3D('',#43,#13047,#13048);
#13050 = PLANE('',#13049);
#13051 = FACE_SURFACE('',(#13046),#13050,.T.);
#13052 = POLY_LOOP('',(#43,#75,#74));
#13053 = FACE_OUTER_BOUND('',#13052,.T.);
#13054 = DIRECTION('',(0.000000,0.000000,1.000000));
#13055 = DIRECTION('',(1.000000,0.000000,0.000000));
#13056 = AXIS2_PLACEMENT_3D('',#43,#13054,#13055);
#13057 = PLANE('',#13056);
#13058 = FACE_SURFACE('',(#13053),#13057,.T.);
#13059 = POLY_LOOP('',(#74,#73,#43));
#13060 = FACE_OUTER_BOUND('',#13059,.T.);
#13061 = DIRECTION('',(0.000000,0.000000,1.000000));
#13062 = DIRECTION('',(1.000000,0.000000,0.000000));
#13063 = AXIS2_PLACEMENT_3D('',#74,#13061,#13062);
#13064 = PLANE('',#13063);
#13065 = FACE_SURFACE('',(#13060),#13064,.T.);
#13066 = POLY_LOOP('',(#43,#73,#42));
#13067 = FACE_OUTER_BOUND('',#13066,.T.);
#13068 = DIRECTION('',(0.000000,0.000000,1.000000));
#13069 = DIRECTION('',(1.000000,0.000000,0.000000));
#13070 = AXIS2_PLACEMENT_3D('',#43,#13068,#13069);
#13071 = PLANE('',#13070);
#13072 = FACE_SURFACE('',(#13067),#13071,.T.);
#13073 = POLY_LOOP('',(#42,#73,#72));
#13074 = FACE_OUTER_BOUND('',#13073,.T.);
#13075 = DIRECTION('',(0.000000,0.000000,1.000000));
#13076 = DIRECTION('',(1.000000,0.000000,0.000000));
#13077 = AXIS2_PLACEMENT_3D('',#42,#13075,#13076);
#13078 = PLANE('',#13077);
#13079 = FACE_SURFACE('',(#13074),#13078,.T.);
#13080 = POLY_LOOP('',(#42,#72,#41));
#13081 = FACE_OUTER_BOUND('',#13080,.T.);
#13082 = DIRECTION('',(0.000000,0.000000,1.000000));
#13083 = DIRECTION('',(1.000000,0.000000,0.000000));
#13084 = AXIS2_PLACEMENT_3D('',#42,#13082,#13083);
#13085 = PLANE('',#13084);
#13086 = FACE_SURFACE('',(#13081),#13085,.T.);
#13087 = POLY_LOOP('',(#41,#72,#71));
#13088 = FACE_OUTER_BOUND('',#13087,.T.);
#13089 = DIRECTION('',(0.000000,0.000000,1.000000));
#13090 = DIRECTION('',(1.000000,0.000000,0.000000));
#13091 = AXIS2_PLACEMENT_3D('',#41,#13089,#13090);
#13092 = PLANE('',#13091);
#13093 = FACE_SURFACE('',(#13088),#13092,.T.);
#13094 = POLY_LOOP('',(#41,#71,#46));
#13095 = FACE_OUTER_BOUND('',#13094,.T.);
#13096 = DIRECTION('',(0.000000,0.000000,1.000000));
#13097 = DIRECTION('',(1.000000,0.000000,0.000000));
#13098 = AXIS2_PLACEMENT_3D('',#41,#13096,#13097);
#13099 = PLANE('',#13098);
#13100 = FACE_SURFACE('',(#13095),#13099,.T.);
#13101 = POLY_LOOP('',(#46,#71,#70));
#13102 = FACE_OUTER_BOUND('',#13101,.T.);
#13103 = DIRECTION('',(0.000000,0.000000,1.000000));
#13104 = DIRECTION('',(1.000000,0.000000,0.000000));
#13105 = AXIS2_PLACEMENT_3D('',#46,#13103,#13104);
#13106 = PLANE('',#13105);
#13107 = FACE_SURFACE('',(#13102),#13106,.T.);
#13108 = POLY_LOOP('',(#46,#70,#45));
#13109 = FACE_OUTER_BOUND('',#13108,.T.);
#13110 = DIRECTION('',(0.000000,0.000000,1.000000));
#13111 = DIRECTION('',(1.000000,0.000000,0.000000));
#13112 = AXIS2_PLACEMENT_3D('',#46,#13110,#13111);
#13113 = PLANE('',#13112);
#13114 = FACE_SURFACE('',(#13109),#13113,.T.);
#13115 = POLY_LOOP('',(#45,#70,#69));
#13116 = FACE_OUTER_BOUND('',#13115,.T.);
#13117 = DIRECTION('',(0.000000,0.000000,1.000000));
#13118 = DIRECTION('',(1.000000,0.000000,0.000000));
#13119 = AXIS2_PLACEMENT_3D('',#45,#13117,#13118);
#13120 = PLANE('',#13119);
#13121 = FACE_SURFACE('',(#13116),#13120,.T.);
#13122 = POLY_LOOP('',(#45,#69,#48));
#13123 = FACE_OUTER_BOUND('',#13122,.T.);
#13124 = DIRECTION('',(0.000000,0.000000,1.000000));
#13125 = DIRECTION('',(1.000000,0.000000,0.000000));
#13126 = AXIS2_PLACEMENT_3D('',#45,#13124,#13125);
#13127 = PLANE('',#13126);
#13128 = FACE_SURFACE('',(#13123),#13127,.T.);
#13129 = POLY_LOOP('',(#48,#69,#68));
#13130 = FACE_OUTER_BOUND('',#13129,.T.);
#13131 = DIRECTION('',(0.000000,0.000000,1.000000));
#13132 = DIRECTION('',(1.000000,0.000000,0.000000));
#13133 = AXIS2_PLACEMENT_3D('',#48,#13131,#13132);
#13134 = PLANE('',#13133);
#13135 = FACE_SURFACE('',(#13130),#13134,.T.);
#13136 = POLY_LOOP('',(#48,#68,#47));
#13137 = FACE_OUTER_BOUND('',#13136,.T.);
#13138 = DIRECTION('',(0.000000,0.000000,1.000000));
#13139 = DIRECTION('',(1.000000,0.000000,0.000000));
#13140 = AXIS2_PLACEMENT_3D('',#48,#13138,#13139);
#13141 = PLANE('',#13140);
#13142 = FACE_SURFACE('',(#13137),#13141,.T.);
#13143 = POLY_LOOP('',(#47,#68,#67));
#13144 = FACE_OUTER_BOUND('',#13143,.T.);
#13145 = DIRECTION('',(0.000000,0.000000,1.000000));
#13146 = DIRECTION('',(1.000000,0.000000,0.000000));
#13147 = AXIS2_PLACEMENT_3D('',#47,#13145,#13146);
#13148 = PLANE('',#13147);
#13149 = FACE_SURFACE('',(#13144),#13148,.T.);
#13150 = POLY_LOOP('',(#47,#67,#59));
#13151 = FACE_OUTER_BOUND('',#13150,.T.);
#13152 = DIRECTION('',(0.000000,0.000000,1.000000));
#13153 = DIRECTION('',(1.000000,0.000000,0.000000));
#13154 = AXIS2_PLACEMENT_3D('',#47,#13152,#13153);
#13155 = PLANE('',#13154);
#13156 = FACE_SURFACE('',(#13151),#13155,.T.);
#13157 = POLY_LOOP('',(#59,#67,#65));
#13158 = FACE_OUTER_BOUND('',#13157,.T.);
#13159 = DIRECTION('',(0.000000,0.000000,1.000000));
#13160 = DIRECTION('',(1.000000,0.000000,0.000000));
#13161 = AXIS2_PLACEMENT_3D('',#59,#13159,#13160);
#13162 = PLANE('',#13161);
#13163 = FACE_SURFACE('',(#13158),#13162,.T.);
#13164 = POLY_LOOP('',(#59,#65,#61));
#13165 = FACE_OUTER_BOUND('',#13164,.T.);
#13166 = DIRECTION('',(0.000000,0.000000,1.000000));
#13167 = DIRECTION('',(1.000000,0.000000,0.000000));
#13168 = AXIS2_PLACEMENT_3D('',#59,#13166,#13167);
#13169 = PLANE('',#13168);
#13170 = FACE_SURFACE('',(#13165),#13169,.T.);
#13171 = POLY_LOOP('',(#61,#65,#63));
#13172 = FACE_OUTER_BOUND('',#13171,.T.);
#13173 = DIRECTION('',(0.000000,0.000000,1.000000));
#13174 = DIRECTION('',(1.000000,0.000000,0.000000));
#13175 = AXIS2_PLACEMENT_3D('',#61,#13173,#13174);
#13176 = PLANE('',#13175);
#13177 = FACE_SURFACE('',(#13172),#13176,.T.);
#13178 = POLY_LOOP('',(#44,#37,#43));
#13179 = FACE_OUTER_BOUND('',#13178,.T.);
#13180 = DIRECTION('',(0.000000,0.000000,1.000000));
#13181 = DIRECTION('',(1.000000,0.000000,0.000000));
#13182 = AXIS2_PLACEMENT_3D('',#44,#13180,#13181);
#13183 = PLANE('',#13182);
#13184 = FACE_SURFACE('',(#13179),#13183,.T.);
#13185 = POLY_LOOP('',(#43,#37,#35));
#13186 = FACE_OUTER_BOUND('',#13185,.T.);
#13187 = DIRECTION('',(0.000000,0.000000,1.000000));
#13188 = DIRECTION('',(1.000000,0.000000,0.000000));
#13189 = AXIS2_PLACEMENT_3D('',#43,#13187,#13188);
#13190 = PLANE('',#13189);
#13191 = FACE_SURFACE('',(#13186),#13190,.T.);
#13192 = POLY_LOOP('',(#43,#35,#36));
#13193 = FACE_OUTER_BOUND('',#13192,.T.);
#13194 = DIRECTION('',(0.000000,0.000000,1.000000));
#13195 = DIRECTION('',(1.000000,0.000000,0.000000));
#13196 = AXIS2_PLACEMENT_3D('',#43,#13194,#13195);
#13197 = PLANE('',#13196);
#13198 = FACE_SURFACE('',(#13193),#13197,.T.);
#13199 = POLY_LOOP('',(#37,#44,#38));
#13200 = FACE_OUTER_BOUND('',#13199,.T.);
#13201 = DIRECTION('',(0.000000,0.000000,1.000000));
#13202 = DIRECTION('',(1.000000,0.000000,0.000000));
#13203 = AXIS2_PLACEMENT_3D('',#37,#13201,#13202);
#13204 = PLANE('',#13203);
#13205 = FACE_SURFACE('',(#13200),#13204,.T.);
#13206 = POLY_LOOP('',(#38,#44,#40));
#13207 = FACE_OUTER_BOUND('',#13206,.T.);
#13208 = DIRECTION('',(0.000000,0.000000,1.000000));
#13209 = DIRECTION('',(1.000000,0.000000,0.000000));
#13210 = AXIS2_PLACEMENT_3D('',#38,#13208,#13209);
#13211 = PLANE('',#13210);
#13212 = FACE_SURFACE('',(#13207),#13211,.T.);
#13213 = POLY_LOOP('',(#38,#40,#39));
#13214 = FACE_OUTER_BOUND('',#13213,.T.);
#13215 = DIRECTION('',(0.000000,0.000000,1.000000));
#13216 = DIRECTION('',(1.000000,0.000000,0.000000));
#13217 = AXIS2_PLACEMENT_3D('',#38,#13215,#13216);
#13218 = PLANE('',#13217);
#13219 = FACE_SURFACE('',(#13214),#13218,.T.);
#13220 = POLY_LOOP('',(#36,#34,#43));
#13221 = FACE_OUTER_BOUND('',#13220,.T.);
#13222 = DIRECTION('',(0.000000,0.000000,1.000000));
#13223 = DIRECTION('',(1.000000,0.000000,0.000000));
#13224 = AXIS2_PLACEMENT_3D('',#36,#13222,#13223);
#13225 = PLANE('',#13224);
#13226 = FACE_SURFACE('',(#13221),#13225,.T.);
#13227 = POLY_LOOP('',(#43,#34,#33));
#13228 = FACE_OUTER_BOUND('',#13227,.T.);
#13229 = DIRECTION('',(0.000000,0.000000,1.000000));
#13230 = DIRECTION('',(1.000000,0.000000,0.000000));
#13231 = AXIS2_PLACEMENT_3D('',#43,#13229,#13230);
#13232 = PLANE('',#13231);
#13233 = FACE_SURFACE('',(#13228),#13232,.T.);
#13234 = POLY_LOOP('',(#43,#33,#31));
#13235 = FACE_OUTER_BOUND('',#13234,.T.);
#13236 = DIRECTION('',(0.000000,0.000000,1.000000));
#13237 = DIRECTION('',(1.000000,0.000000,0.000000));
#13238 = AXIS2_PLACEMENT_3D('',#43,#13236,#13237);
#13239 = PLANE('',#13238);
#13240 = FACE_SURFACE('',(#13235),#13239,.T.);
#13241 = POLY_LOOP('',(#31,#32,#43));
#13242 = FACE_OUTER_BOUND('',#13241,.T.);
#13243 = DIRECTION('',(0.000000,0.000000,1.000000));
#13244 = DIRECTION('',(1.000000,0.000000,0.000000));
#13245 = AXIS2_PLACEMENT_3D('',#31,#13243,#13244);
#13246 = PLANE('',#13245);
#13247 = FACE_SURFACE('',(#13242),#13246,.T.);
#13248 = POLY_LOOP('',(#43,#32,#30));
#13249 = FACE_OUTER_BOUND('',#13248,.T.);
#13250 = DIRECTION('',(0.000000,0.000000,1.000000));
#13251 = DIRECTION('',(1.000000,0.000000,0.000000));
#13252 = AXIS2_PLACEMENT_3D('',#43,#13250,#13251);
#13253 = PLANE('',#13252);
#13254 = FACE_SURFACE('',(#13249),#13253,.T.);
#13255 = POLY_LOOP('',(#43,#30,#29));
#13256 = FACE_OUTER_BOUND('',#13255,.T.);
#13257 = DIRECTION('',(0.000000,0.000000,1.000000));
#13258 = DIRECTION('',(1.000000,0.000000,0.000000));
#13259 = AXIS2_PLACEMENT_3D('',#43,#13257,#13258);
#13260 = PLANE('',#13259);
#13261 = FACE_SURFACE('',(#13256),#13260,.T.);
#13262 = POLY_LOOP('',(#29,#27,#43));
#13263 = FACE_OUTER_BOUND('',#13262,.T.);
#13264 = DIRECTION('',(0.000000,0.000000,1.000000));
#13265 = DIRECTION('',(1.000000,0.000000,0.000000));
#13266 = AXIS2_PLACEMENT_3D('',#29,#13264,#13265);
#13267 = PLANE('',#13266);
#13268 = FACE_SURFACE('',(#13263),#13267,.T.);
#13269 = POLY_LOOP('',(#43,#27,#28));
#13270 = FACE_OUTER_BOUND('',#13269,.T.);
#13271 = DIRECTION('',(0.000000,0.000000,1.000000));
#13272 = DIRECTION('',(1.000000,0.000000,0.000000));
#13273 = AXIS2_PLACEMENT_3D('',#43,#13271,#13272);
#13274 = PLANE('',#13273);
#13275 = FACE_SURFACE('',(#13270),#13274,.T.);
#13276 = POLY_LOOP('',(#43,#28,#26));
#13277 = FACE_OUTER_BOUND('',#13276,.T.);
#13278 = DIRECTION('',(0.000000,0.000000,1.000000));
#13279 = DIRECTION('',(1.000000,0.000000,0.000000));
#13280 = AXIS2_PLACEMENT_3D('',#43,#13278,#13279);
#13281 = PLANE('',#13280);
#13282 = FACE_SURFACE('',(#13277),#13281,.T.);
#13283 = POLY_LOOP('',(#26,#25,#43));
#13284 = FACE_OUTER_BOUND('',#13283,.T.);
#13285 = DIRECTION('',(0.000000,0.000000,1.000000));
#13286 = DIRECTION('',(1.000000,0.000000,0.000000));
#13287 = AXIS2_PLACEMENT_3D('',#26,#13285,#13286);
#13288 = PLANE('',#13287);
#13289 = FACE_SURFACE('',(#13284),#13288,.T.);
#13290 = POLY_LOOP('',(#43,#25,#23));
#13291 = FACE_OUTER_BOUND('',#13290,.T.);
#13292 = DIRECTION('',(0.000000,0.000000,1.000000));
#13293 = DIRECTION('',(1.000000,0.000000,0.000000));
#13294 = AXIS2_PLACEMENT_3D('',#43,#13292,#13293);
#13295 = PLANE('',#13294);
#13296 = FACE_SURFACE('',(#13291),#13295,.T.);
#13297 = POLY_LOOP('',(#43,#23,#24));
#13298 = FACE_OUTER_BOUND('',#13297,.T.);
#13299 = DIRECTION('',(0.000000,0.000000,1.000000));
#13300 = DIRECTION('',(1.000000,0.000000,0.000000));
#13301 = AXIS2_PLACEMENT_3D('',#43,#13299,#13300);
#13302 = PLANE('',#13301);
#13303 = FACE_SURFACE('',(#13298),#13302,.T.);
#13304 = POLY_LOOP('',(#24,#22,#43));
#13305 = FACE_OUTER_BOUND('',#13304,.T.);
#13306 = DIRECTION('',(0.000000,0.000000,1.000000));
#13307 = DIRECTION('',(1.000000,0.000000,0.000000));
#13308 = AXIS2_PLACEMENT_3D('',#24,#13306,#13307);
#13309 = PLANE('',#13308);
#13310 = FACE_SURFACE('',(#13305),#13309,.T.);
#13311 = POLY_LOOP('',(#43,#22,#21));
#13312 = FACE_OUTER_BOUND('',#13311,.T.);
#13313 = DIRECTION('',(0.000000,0.000000,1.000000));
#13314 = DIRECTION('',(1.000000,0.000000,0.000000));
#13315 = AXIS2_PLACEMENT_3D('',#43,#13313,#13314);
#13316 = PLANE('',#13315);
#13317 = FACE_SURFACE('',(#13312),#13316,.T.);
#13318 = POLY_LOOP('',(#43,#21,#19));
#13319 = FACE_OUTER_BOUND('',#13318,.T.);
#13320 = DIRECTION('',(0.000000,0.000000,1.000000));
#13321 = DIRECTION('',(1.000000,0.000000,0.000000));
#13322 = AXIS2_PLACEMENT_3D('',#43,#13320,#13321);
#13323 = PLANE('',#13322);
#13324 = FACE_SURFACE('',(#13319),#13323,.T.);
#13325 = POLY_LOOP('',(#19,#20,#43));
#13326 = FACE_OUTER_BOUND('',#13325,.T.);
#13327 = DIRECTION('',(0.000000,0.000000,1.000000));
#13328 = DIRECTION('',(1.000000,0.000000,0.000000));
#13329 = AXIS2_PLACEMENT_3D('',#19,#13327,#13328);
#13330 = PLANE('',#13329);
#13331 = FACE_SURFACE('',(#13326),#13330,.T.);
#13332 = POLY_LOOP('',(#43,#20,#18));
#13333 = FACE_OUTER_BOUND('',#13332,.T.);
#13334 = DIRECTION('',(0.000000,0.000000,1.000000));
#13335 = DIRECTION('',(1.000000,0.000000,0.000000));
#13336 = AXIS2_PLACEMENT_3D('',#43,#13334,#13335);
#13337 = PLANE('',#13336);
#13338 = FACE_SURFACE('',(#13333),#13337,.T.);
#13339 = POLY_LOOP('',(#77,#76,#50));
#13340 = FACE_OUTER_BOUND('',#13339,.T.);
#13341 = DIRECTION('',(0.000000,0.000000,1.000000));
#13342 = DIRECTION('',(1.000000,0.000000,0.000000));
#13343 = AXIS2_PLACEMENT_3D('',#77,#13341,#13342);
#13344 = PLANE('',#13343);
#13345 = FACE_SURFACE('',(#13340),#13344,.T.);
#13346 = POLY_LOOP('',(#50,#76,#108));
#13347 = FACE_OUTER_BOUND('',#13346,.T.);
#13348 = DIRECTION('',(0.000000,0.000000,1.000000));
#13349 = DIRECTION('',(1.000000,0.000000,0.000000));
#13350 = AXIS2_PLACEMENT_3D('',#50,#13348,#13349);
#13351 = PLANE('',#13350);
#13352 = FACE_SURFACE('',(#13347),#13351,.T.);
#13353 = POLY_LOOP('',(#50,#108,#106));
#13354 = FACE_OUTER_BOUND('',#13353,.T.);
#13355 = DIRECTION('',(0.000000,0.000000,1.000000));
#13356 = DIRECTION('',(1.000000,0.000000,0.000000));
#13357 = AXIS2_PLACEMENT_3D('',#50,#13355,#13356);
#13358 = PLANE('',#13357);
#13359 = FACE_SURFACE('',(#13354),#13358,.T.);
#13360 = POLY_LOOP('',(#106,#104,#50));
#13361 = FACE_OUTER_BOUND('',#13360,.T.);
#13362 = DIRECTION('',(0.000000,0.000000,1.000000));
#13363 = DIRECTION('',(1.000000,0.000000,0.000000));
#13364 = AXIS2_PLACEMENT_3D('',#106,#13362,#13363);
#13365 = PLANE('',#13364);
#13366 = FACE_SURFACE('',(#13361),#13365,.T.);
#13367 = POLY_LOOP('',(#50,#104,#103));
#13368 = FACE_OUTER_BOUND('',#13367,.T.);
#13369 = DIRECTION('',(0.000000,0.000000,1.000000));
#13370 = DIRECTION('',(1.000000,0.000000,0.000000));
#13371 = AXIS2_PLACEMENT_3D('',#50,#13369,#13370);
#13372 = PLANE('',#13371);
#13373 = FACE_SURFACE('',(#13368),#13372,.T.);
#13374 = POLY_LOOP('',(#50,#103,#102));
#13375 = FACE_OUTER_BOUND('',#13374,.T.);
#13376 = DIRECTION('',(0.000000,0.000000,1.000000));
#13377 = DIRECTION('',(1.000000,0.000000,0.000000));
#13378 = AXIS2_PLACEMENT_3D('',#50,#13376,#13377);
#13379 = PLANE('',#13378);
#13380 = FACE_SURFACE('',(#13375),#13379,.T.);
#13381 = POLY_LOOP('',(#102,#101,#50));
#13382 = FACE_OUTER_BOUND('',#13381,.T.);
#13383 = DIRECTION('',(0.000000,0.000000,1.000000));
#13384 = DIRECTION('',(1.000000,0.000000,0.000000));
#13385 = AXIS2_PLACEMENT_3D('',#102,#13383,#13384);
#13386 = PLANE('',#13385);
#13387 = FACE_SURFACE('',(#13382),#13386,.T.);
#13388 = POLY_LOOP('',(#50,#101,#100));
#13389 = FACE_OUTER_BOUND('',#13388,.T.);
#13390 = DIRECTION('',(0.000000,0.000000,1.000000));
#13391 = DIRECTION('',(1.000000,0.000000,0.000000));
#13392 = AXIS2_PLACEMENT_3D('',#50,#13390,#13391);
#13393 = PLANE('',#13392);
#13394 = FACE_SURFACE('',(#13389),#13393,.T.);
#13395 = POLY_LOOP('',(#50,#100,#99));
#13396 = FACE_OUTER_BOUND('',#13395,.T.);
#13397 = DIRECTION('',(0.000000,0.000000,1.000000));
#13398 = DIRECTION('',(1.000000,0.000000,0.000000));
#13399 = AXIS2_PLACEMENT_3D('',#50,#13397,#13398);
#13400 = PLANE('',#13399);
#13401 = FACE_SURFACE('',(#13396),#13400,.T.);
#13402 = POLY_LOOP('',(#99,#98,#50));
#13403 = FACE_OUTER_BOUND('',#13402,.T.);
#13404 = DIRECTION('',(0.000000,0.000000,1.000000));
#13405 = DIRECTION('',(1.000000,0.000000,0.000000));
#13406 = AXIS2_PLACEMENT_3D('',#99,#13404,#13405);
#13407 = PLANE('',#13406);
#13408 = FACE_SURFACE('',(#13403),#13407,.T.);
#13409 = POLY_LOOP('',(#50,#98,#97));
#13410 = FACE_OUTER_BOUND('',#13409,.T.);
#13411 = DIRECTION('',(0.000000,0.000000,1.000000));
#13412 = DIRECTION('',(1.000000,0.000000,0.000000));
#13413 = AXIS2_PLACEMENT_3D('',#50,#13411,#13412);
#13414 = PLANE('',#13413);
#13415 = FACE_SURFACE('',(#13410),#13414,.T.);
#13416 = POLY_LOOP('',(#50,#97,#96));
#13417 = FACE_OUTER_BOUND('',#13416,.T.);
#13418 = DIRECTION('',(0.000000,0.000000,1.000000));
#13419 = DIRECTION('',(1.000000,0.000000,0.000000));
#13420 = AXIS2_PLACEMENT_3D('',#50,#13418,#13419);
#13421 = PLANE('',#13420);
#13422 = FACE_SURFACE('',(#13417),#13421,.T.);
#13423 = POLY_LOOP('',(#96,#95,#50));
#13424 = FACE_OUTER_BOUND('',#13423,.T.);
#13425 = DIRECTION('',(0.000000,0.000000,1.000000));
#13426 = DIRECTION('',(1.000000,0.000000,0.000000));
#13427 = AXIS2_PLACEMENT_3D('',#96,#13425,#13426);
#13428 = PLANE('',#13427);
#13429 = FACE_SURFACE('',(#13424),#13428,.T.);
#13430 = POLY_LOOP('',(#50,#95,#94));
#13431 = FACE_OUTER_BOUND('',#13430,.T.);
#13432 = DIRECTION('',(0.000000,0.000000,1.000000));
#13433 = DIRECTION('',(1.000000,0.000000,0.000000));
#13434 = AXIS2_PLACEMENT_3D('',#50,#13432,#13433);
#13435 = PLANE('',#13434);
#13436 = FACE_SURFACE('',(#13431),#13435,.T.);
#13437 = POLY_LOOP('',(#50,#94,#93));
#13438 = FACE_OUTER_BOUND('',#13437,.T.);
#13439 = DIRECTION('',(0.000000,0.000000,1.000000));
#13440 = DIRECTION('',(1.000000,0.000000,0.000000));
#13441 = AXIS2_PLACEMENT_3D('',#50,#13439,#13440);
#13442 = PLANE('',#13441);
#13443 = FACE_SURFACE('',(#13438),#13442,.T.);
#13444 = POLY_LOOP('',(#93,#92,#50));
#13445 = FACE_OUTER_BOUND('',#13444,.T.);
#13446 = DIRECTION('',(0.000000,0.000000,1.000000));
#13447 = DIRECTION('',(1.000000,0.000000,0.000000));
#13448 = AXIS2_PLACEMENT_3D('',#93,#13446,#13447);
#13449 = PLANE('',#13448);
#13450 = FACE_SURFACE('',(#13445),#13449,.T.);
#13451 = POLY_LOOP('',(#50,#92,#85));
#13452 = FACE_OUTER_BOUND('',#13451,.T.);
#13453 = DIRECTION('',(0.000000,0.000000,1.000000));
#13454 = DIRECTION('',(1.000000,0.000000,0.000000));
#13455 = AXIS2_PLACEMENT_3D('',#50,#13453,#13454);
#13456 = PLANE('',#13455);
#13457 = FACE_SURFACE('',(#13452),#13456,.T.);
#13458 = POLY_LOOP('',(#50,#85,#86));
#13459 = FACE_OUTER_BOUND('',#13458,.T.);
#13460 = DIRECTION('',(0.000000,0.000000,1.000000));
#13461 = DIRECTION('',(1.000000,0.000000,0.000000));
#13462 = AXIS2_PLACEMENT_3D('',#50,#13460,#13461);
#13463 = PLANE('',#13462);
#13464 = FACE_SURFACE('',(#13459),#13463,.T.);
#13465 = POLY_LOOP('',(#86,#87,#50));
#13466 = FACE_OUTER_BOUND('',#13465,.T.);
#13467 = DIRECTION('',(0.000000,0.000000,1.000000));
#13468 = DIRECTION('',(1.000000,0.000000,0.000000));
#13469 = AXIS2_PLACEMENT_3D('',#86,#13467,#13468);
#13470 = PLANE('',#13469);
#13471 = FACE_SURFACE('',(#13466),#13470,.T.);
#13472 = POLY_LOOP('',(#50,#87,#88));
#13473 = FACE_OUTER_BOUND('',#13472,.T.);
#13474 = DIRECTION('',(0.000000,0.000000,1.000000));
#13475 = DIRECTION('',(1.000000,0.000000,0.000000));
#13476 = AXIS2_PLACEMENT_3D('',#50,#13474,#13475);
#13477 = PLANE('',#13476);
#13478 = FACE_SURFACE('',(#13473),#13477,.T.);
#13479 = POLY_LOOP('',(#50,#88,#89));
#13480 = FACE_OUTER_BOUND('',#13479,.T.);
#13481 = DIRECTION('',(0.000000,0.000000,1.000000));
#13482 = DIRECTION('',(1.000000,0.000000,0.000000));
#13483 = AXIS2_PLACEMENT_3D('',#50,#13481,#13482);
#13484 = PLANE('',#13483);
#13485 = FACE_SURFACE('',(#13480),#13484,.T.);
#13486 = POLY_LOOP('',(#50,#89,#49));
#13487 = FACE_OUTER_BOUND('',#13486,.T.);
#13488 = DIRECTION('',(0.000000,0.000000,1.000000));
#13489 = DIRECTION('',(1.000000,0.000000,0.000000));
#13490 = AXIS2_PLACEMENT_3D('',#50,#13488,#13489);
#13491 = PLANE('',#13490);
#13492 = FACE_SURFACE('',(#13487),#13491,.T.);
#13493 = POLY_LOOP('',(#49,#89,#90));
#13494 = FACE_OUTER_BOUND('',#13493,.T.);
#13495 = DIRECTION('',(0.000000,0.000000,1.000000));
#13496 = DIRECTION('',(1.000000,0.000000,0.000000));
#13497 = AXIS2_PLACEMENT_3D('',#49,#13495,#13496);
#13498 = PLANE('',#13497);
#13499 = FACE_SURFACE('',(#13494),#13498,.T.);
#13500 = POLY_LOOP('',(#49,#90,#84));
#13501 = FACE_OUTER_BOUND('',#13500,.T.);
#13502 = DIRECTION('',(0.000000,0.000000,1.000000));
#13503 = DIRECTION('',(1.000000,0.000000,0.000000));
#13504 = AXIS2_PLACEMENT_3D('',#49,#13502,#13503);
#13505 = PLANE('',#13504);
#13506 = FACE_SURFACE('',(#13501),#13505,.T.);
#13507 = POLY_LOOP('',(#84,#90,#91));
#13508 = FACE_OUTER_BOUND('',#13507,.T.);
#13509 = DIRECTION('',(0.000000,0.000000,1.000000));
#13510 = DIRECTION('',(1.000000,0.000000,0.000000));
#13511 = AXIS2_PLACEMENT_3D('',#84,#13509,#13510);
#13512 = PLANE('',#13511);
#13513 = FACE_SURFACE('',(#13508),#13512,.T.);
#13514 = POLY_LOOP('',(#51,#66,#50));
#13515 = FACE_OUTER_BOUND('',#13514,.T.);
#13516 = DIRECTION('',(0.000000,0.000000,1.000000));
#13517 = DIRECTION('',(1.000000,0.000000,0.000000));
#13518 = AXIS2_PLACEMENT_3D('',#51,#13516,#13517);
#13519 = PLANE('',#13518);
#13520 = FACE_SURFACE('',(#13515),#13519,.T.);
#13521 = POLY_LOOP('',(#50,#66,#78));
#13522 = FACE_OUTER_BOUND('',#13521,.T.);
#13523 = DIRECTION('',(0.000000,0.000000,1.000000));
#13524 = DIRECTION('',(1.000000,0.000000,0.000000));
#13525 = AXIS2_PLACEMENT_3D('',#50,#13523,#13524);
#13526 = PLANE('',#13525);
#13527 = FACE_SURFACE('',(#13522),#13526,.T.);
#13528 = POLY_LOOP('',(#50,#78,#77));
#13529 = FACE_OUTER_BOUND('',#13528,.T.);
#13530 = DIRECTION('',(0.000000,0.000000,1.000000));
#13531 = DIRECTION('',(1.000000,0.000000,0.000000));
#13532 = AXIS2_PLACEMENT_3D('',#50,#13530,#13531);
#13533 = PLANE('',#13532);
#13534 = FACE_SURFACE('',(#13529),#13533,.T.);
#13535 = POLY_LOOP('',(#66,#51,#64));
#13536 = FACE_OUTER_BOUND('',#13535,.T.);
#13537 = DIRECTION('',(0.000000,0.000000,1.000000));
#13538 = DIRECTION('',(1.000000,0.000000,0.000000));
#13539 = AXIS2_PLACEMENT_3D('',#66,#13537,#13538);
#13540 = PLANE('',#13539);
#13541 = FACE_SURFACE('',(#13536),#13540,.T.);
#13542 = POLY_LOOP('',(#64,#51,#52));
#13543 = FACE_OUTER_BOUND('',#13542,.T.);
#13544 = DIRECTION('',(0.000000,0.000000,1.000000));
#13545 = DIRECTION('',(1.000000,0.000000,0.000000));
#13546 = AXIS2_PLACEMENT_3D('',#64,#13544,#13545);
#13547 = PLANE('',#13546);
#13548 = FACE_SURFACE('',(#13543),#13547,.T.);
#13549 = POLY_LOOP('',(#64,#52,#62));
#13550 = FACE_OUTER_BOUND('',#13549,.T.);
#13551 = DIRECTION('',(0.000000,0.000000,1.000000));
#13552 = DIRECTION('',(1.000000,0.000000,0.000000));
#13553 = AXIS2_PLACEMENT_3D('',#64,#13551,#13552);
#13554 = PLANE('',#13553);
#13555 = FACE_SURFACE('',(#13550),#13554,.T.);
#13556 = POLY_LOOP('',(#62,#52,#81));
#13557 = FACE_OUTER_BOUND('',#13556,.T.);
#13558 = DIRECTION('',(0.000000,0.000000,1.000000));
#13559 = DIRECTION('',(1.000000,0.000000,0.000000));
#13560 = AXIS2_PLACEMENT_3D('',#62,#13558,#13559);
#13561 = PLANE('',#13560);
#13562 = FACE_SURFACE('',(#13557),#13561,.T.);
#13563 = POLY_LOOP('',(#62,#81,#60));
#13564 = FACE_OUTER_BOUND('',#13563,.T.);
#13565 = DIRECTION('',(0.000000,0.000000,1.000000));
#13566 = DIRECTION('',(1.000000,0.000000,0.000000));
#13567 = AXIS2_PLACEMENT_3D('',#62,#13565,#13566);
#13568 = PLANE('',#13567);
#13569 = FACE_SURFACE('',(#13564),#13568,.T.);
#13570 = POLY_LOOP('',(#60,#81,#83));
#13571 = FACE_OUTER_BOUND('',#13570,.T.);
#13572 = DIRECTION('',(0.000000,0.000000,1.000000));
#13573 = DIRECTION('',(1.000000,0.000000,0.000000));
#13574 = AXIS2_PLACEMENT_3D('',#60,#13572,#13573);
#13575 = PLANE('',#13574);
#13576 = FACE_SURFACE('',(#13571),#13575,.T.);
#13577 = POLY_LOOP('',(#60,#83,#58));
#13578 = FACE_OUTER_BOUND('',#13577,.T.);
#13579 = DIRECTION('',(0.000000,0.000000,1.000000));
#13580 = DIRECTION('',(1.000000,0.000000,0.000000));
#13581 = AXIS2_PLACEMENT_3D('',#60,#13579,#13580);
#13582 = PLANE('',#13581);
#13583 = FACE_SURFACE('',(#13578),#13582,.T.);
#13584 = POLY_LOOP('',(#58,#83,#82));
#13585 = FACE_OUTER_BOUND('',#13584,.T.);
#13586 = DIRECTION('',(0.000000,0.000000,1.000000));
#13587 = DIRECTION('',(1.000000,0.000000,0.000000));
#13588 = AXIS2_PLACEMENT_3D('',#58,#13586,#13587);
#13589 = PLANE('',#13588);
#13590 = FACE_SURFACE('',(#13585),#13589,.T.);
#13591 = POLY_LOOP('',(#58,#82,#57));
#13592 = FACE_OUTER_BOUND('',#13591,.T.);
#13593 = DIRECTION('',(0.000000,0.000000,1.000000));
#13594 = DIRECTION('',(1.000000,0.000000,0.000000));
#13595 = AXIS2_PLACEMENT_3D('',#58,#13593,#13594);
#13596 = PLANE('',#13595);
#13597 = FACE_SURFACE('',(#13592),#13596,.T.);
#13598 = POLY_LOOP('',(#57,#82,#80));
#13599 = FACE_OUTER_BOUND('',#13598,.T.);
#13600 = DIRECTION('',(0.000000,0.000000,1.000000));
#13601 = DIRECTION('',(1.000000,0.000000,0.000000));
#13602 = AXIS2_PLACEMENT_3D('',#57,#13600,#13601);
#13603 = PLANE('',#13602);
#13604 = FACE_SURFACE('',(#13599),#13603,.T.);
#13605 = POLY_LOOP('',(#57,#80,#56));
#13606 = FACE_OUTER_BOUND('',#13605,.T.);
#13607 = DIRECTION('',(0.000000,0.000000,1.000000));
#13608 = DIRECTION('',(1.000000,0.000000,0.000000));
#13609 = AXIS2_PLACEMENT_3D('',#57,#13607,#13608);
#13610 = PLANE('',#13609);
#13611 = FACE_SURFACE('',(#13606),#13610,.T.);
#13612 = POLY_LOOP('',(#56,#80,#79));
#13613 = FACE_OUTER_BOUND('',#13612,.T.);
#13614 = DIRECTION('',(0.000000,0.000000,1.000000));
#13615 = DIRECTION('',(1.000000,0.000000,0.000000));
#13616 = AXIS2_PLACEMENT_3D('',#56,#13614,#13615);
#13617 = PLANE('',#13616);
#13618 = FACE_SURFACE('',(#13613),#13617,.T.);
#13619 = POLY_LOOP('',(#56,#79,#55));
#13620 = FACE_OUTER_BOUND('',#13619,.T.);
#13621 = DIRECTION('',(0.000000,0.000000,1.000000));
#13622 = DIRECTION('',(1.000000,0.000000,0.000000));
#13623 = AXIS2_PLACEMENT_3D('',#56,#13621,#13622);
#13624 = PLANE('',#13623);
#13625 = FACE_SURFACE('',(#13620),#13624,.T.);
#13626 = POLY_LOOP('',(#55,#79,#53));
#13627 = FACE_OUTER_BOUND('',#13626,.T.);
#13628 = DIRECTION('',(0.000000,0.000000,1.000000));
#13629 = DIRECTION('',(1.000000,0.000000,0.000000));
#13630 = AXIS2_PLACEMENT_3D('',#55,#13628,#13629);
#13631 = PLANE('',#13630);
#13632 = FACE_SURFACE('',(#13627),#13631,.T.);
#13633 = POLY_LOOP('',(#55,#53,#54));
#13634 = FACE_OUTER_BOUND('',#13633,.T.);
#13635 = DIRECTION('',(0.000000,0.000000,1.000000));
#13636 = DIRECTION('',(1.000000,0.000000,0.000000));
#13637 = AXIS2_PLACEMENT_3D('',#55,#13635,#13636);
#13638 = PLANE('',#13637);
#13639 = FACE_SURFACE('',(#13634),#13638,.T.);
#13640 = POLY_LOOP('',(#18,#108,#17));
#13641 = FACE_OUTER_BOUND('',#13640,.T.);
#13642 = DIRECTION('',(0.000000,0.000000,1.000000));
#13643 = DIRECTION('',(1.000000,0.000000,0.000000));
#13644 = AXIS2_PLACEMENT_3D('',#18,#13642,#13643);
#13645 = PLANE('',#13644);
#13646 = FACE_SURFACE('',(#13641),#13645,.T.);
#13647 = POLY_LOOP('',(#17,#108,#76));
#13648 = FACE_OUTER_BOUND('',#13647,.T.);
#13649 = DIRECTION('',(0.000000,0.000000,1.000000));
#13650 = DIRECTION('',(1.000000,0.000000,0.000000));
#13651 = AXIS2_PLACEMENT_3D('',#17,#13649,#13650);
#13652 = PLANE('',#13651);
#13653 = FACE_SURFACE('',(#13648),#13652,.T.);
#13654 = POLY_LOOP('',(#17,#76,#75));
#13655 = FACE_OUTER_BOUND('',#13654,.T.);
#13656 = DIRECTION('',(0.000000,0.000000,1.000000));
#13657 = DIRECTION('',(1.000000,0.000000,0.000000));
#13658 = AXIS2_PLACEMENT_3D('',#17,#13656,#13657);
#13659 = PLANE('',#13658);
#13660 = FACE_SURFACE('',(#13655),#13659,.T.);
#13661 = POLY_LOOP('',(#75,#76,#77));
#13662 = FACE_OUTER_BOUND('',#13661,.T.);
#13663 = DIRECTION('',(0.000000,0.000000,1.000000));
#13664 = DIRECTION('',(1.000000,0.000000,0.000000));
#13665 = AXIS2_PLACEMENT_3D('',#75,#13663,#13664);
#13666 = PLANE('',#13665);
#13667 = FACE_SURFACE('',(#13662),#13666,.T.);
#13668 = POLY_LOOP('',(#75,#77,#74));
#13669 = FACE_OUTER_BOUND('',#13668,.T.);
#13670 = DIRECTION('',(0.000000,0.000000,1.000000));
#13671 = DIRECTION('',(1.000000,0.000000,0.000000));
#13672 = AXIS2_PLACEMENT_3D('',#75,#13670,#13671);
#13673 = PLANE('',#13672);
#13674 = FACE_SURFACE('',(#13669),#13673,.T.);
#13675 = POLY_LOOP('',(#74,#77,#78));
#13676 = FACE_OUTER_BOUND('',#13675,.T.);
#13677 = DIRECTION('',(0.000000,0.000000,1.000000));
#13678 = DIRECTION('',(1.000000,0.000000,0.000000));
#13679 = AXIS2_PLACEMENT_3D('',#74,#13677,#13678);
#13680 = PLANE('',#13679);
#13681 = FACE_SURFACE('',(#13676),#13680,.T.);
#13682 = POLY_LOOP('',(#74,#78,#73));
#13683 = FACE_OUTER_BOUND('',#13682,.T.);
#13684 = DIRECTION('',(0.000000,0.000000,1.000000));
#13685 = DIRECTION('',(1.000000,0.000000,0.000000));
#13686 = AXIS2_PLACEMENT_3D('',#74,#13684,#13685);
#13687 = PLANE('',#13686);
#13688 = FACE_SURFACE('',(#13683),#13687,.T.);
#13689 = POLY_LOOP('',(#73,#78,#66));
#13690 = FACE_OUTER_BOUND('',#13689,.T.);
#13691 = DIRECTION('',(0.000000,0.000000,1.000000));
#13692 = DIRECTION('',(1.000000,0.000000,0.000000));
#13693 = AXIS2_PLACEMENT_3D('',#73,#13691,#13692);
#13694 = PLANE('',#13693);
#13695 = FACE_SURFACE('',(#13690),#13694,.T.);
#13696 = POLY_LOOP('',(#73,#66,#72));
#13697 = FACE_OUTER_BOUND('',#13696,.T.);
#13698 = DIRECTION('',(0.000000,0.000000,1.000000));
#13699 = DIRECTION('',(1.000000,0.000000,0.000000));
#13700 = AXIS2_PLACEMENT_3D('',#73,#13698,#13699);
#13701 = PLANE('',#13700);
#13702 = FACE_SURFACE('',(#13697),#13701,.T.);
#13703 = POLY_LOOP('',(#72,#66,#64));
#13704 = FACE_OUTER_BOUND('',#13703,.T.);
#13705 = DIRECTION('',(0.000000,0.000000,1.000000));
#13706 = DIRECTION('',(1.000000,0.000000,0.000000));
#13707 = AXIS2_PLACEMENT_3D('',#72,#13705,#13706);
#13708 = PLANE('',#13707);
#13709 = FACE_SURFACE('',(#13704),#13708,.T.);
#13710 = POLY_LOOP('',(#72,#64,#71));
#13711 = FACE_OUTER_BOUND('',#13710,.T.);
#13712 = DIRECTION('',(0.000000,0.000000,1.000000));
#13713 = DIRECTION('',(1.000000,0.000000,0.000000));
#13714 = AXIS2_PLACEMENT_3D('',#72,#13712,#13713);
#13715 = PLANE('',#13714);
#13716 = FACE_SURFACE('',(#13711),#13715,.T.);
#13717 = POLY_LOOP('',(#71,#64,#62));
#13718 = FACE_OUTER_BOUND('',#13717,.T.);
#13719 = DIRECTION('',(0.000000,0.000000,1.000000));
#13720 = DIRECTION('',(1.000000,0.000000,0.000000));
#13721 = AXIS2_PLACEMENT_3D('',#71,#13719,#13720);
#13722 = PLANE('',#13721);
#13723 = FACE_SURFACE('',(#13718),#13722,.T.);
#13724 = POLY_LOOP('',(#71,#62,#70));
#13725 = FACE_OUTER_BOUND('',#13724,.T.);
#13726 = DIRECTION('',(0.000000,0.000000,1.000000));
#13727 = DIRECTION('',(1.000000,0.000000,0.000000));
#13728 = AXIS2_PLACEMENT_3D('',#71,#13726,#13727);
#13729 = PLANE('',#13728);
#13730 = FACE_SURFACE('',(#13725),#13729,.T.);
#13731 = POLY_LOOP('',(#70,#62,#60));
#13732 = FACE_OUTER_BOUND('',#13731,.T.);
#13733 = DIRECTION('',(0.000000,0.000000,1.000000));
#13734 = DIRECTION('',(1.000000,0.000000,0.000000));
#13735 = AXIS2_PLACEMENT_3D('',#70,#13733,#13734);
#13736 = PLANE('',#13735);
#13737 = FACE_SURFACE('',(#13732),#13736,.T.);
#13738 = POLY_LOOP('',(#70,#60,#69));
#13739 = FACE_OUTER_BOUND('',#13738,.T.);
#13740 = DIRECTION('',(0.000000,0.000000,1.000000));
#13741 = DIRECTION('',(1.000000,0.000000,0.000000));
#13742 = AXIS2_PLACEMENT_3D('',#70,#13740,#13741);
#13743 = PLANE('',#13742);
#13744 = FACE_SURFACE('',(#13739),#13743,.T.);
#13745 = POLY_LOOP('',(#69,#60,#58));
#13746 = FACE_OUTER_BOUND('',#13745,.T.);
#13747 = DIRECTION('',(0.000000,0.000000,1.000000));
#13748 = DIRECTION('',(1.000000,0.000000,0.000000));
#13749 = AXIS2_PLACEMENT_3D('',#69,#13747,#13748);
#13750 = PLANE('',#13749);
#13751 = FACE_SURFACE('',(#13746),#13750,.T.);
#13752 = POLY_LOOP('',(#69,#58,#68));
#13753 = FACE_OUTER_BOUND('',#13752,.T.);
#13754 = DIRECTION('',(0.000000,0.000000,1.000000));
#13755 = DIRECTION('',(1.000000,0.000000,0.000000));
#13756 = AXIS2_PLACEMENT_3D('',#69,#13754,#13755);
#13757 = PLANE('',#13756);
#13758 = FACE_SURFACE('',(#13753),#13757,.T.);
#13759 = POLY_LOOP('',(#68,#58,#57));
#13760 = FACE_OUTER_BOUND('',#13759,.T.);
#13761 = DIRECTION('',(0.000000,0.000000,1.000000));
#13762 = DIRECTION('',(1.000000,0.000000,0.000000));
#13763 = AXIS2_PLACEMENT_3D('',#68,#13761,#13762);
#13764 = PLANE('',#13763);
#13765 = FACE_SURFACE('',(#13760),#13764,.T.);
#13766 = POLY_LOOP('',(#68,#57,#67));
#13767 = FACE_OUTER_BOUND('',#13766,.T.);
#13768 = DIRECTION('',(0.000000,0.000000,1.000000));
#13769 = DIRECTION('',(1.000000,0.000000,0.000000));
#13770 = AXIS2_PLACEMENT_3D('',#68,#13768,#13769);
#13771 = PLANE('',#13770);
#13772 = FACE_SURFACE('',(#13767),#13771,.T.);
#13773 = POLY_LOOP('',(#67,#57,#56));
#13774 = FACE_OUTER_BOUND('',#13773,.T.);
#13775 = DIRECTION('',(0.000000,0.000000,1.000000));
#13776 = DIRECTION('',(1.000000,0.000000,0.000000));
#13777 = AXIS2_PLACEMENT_3D('',#67,#13775,#13776);
#13778 = PLANE('',#13777);
#13779 = FACE_SURFACE('',(#13774),#13778,.T.);
#13780 = POLY_LOOP('',(#67,#56,#65));
#13781 = FACE_OUTER_BOUND('',#13780,.T.);
#13782 = DIRECTION('',(0.000000,0.000000,1.000000));
#13783 = DIRECTION('',(1.000000,0.000000,0.000000));
#13784 = AXIS2_PLACEMENT_3D('',#67,#13782,#13783);
#13785 = PLANE('',#13784);
#13786 = FACE_SURFACE('',(#13781),#13785,.T.);
#13787 = POLY_LOOP('',(#65,#56,#55));
#13788 = FACE_OUTER_BOUND('',#13787,.T.);
#13789 = DIRECTION('',(0.000000,0.000000,1.000000));
#13790 = DIRECTION('',(1.000000,0.000000,0.000000));
#13791 = AXIS2_PLACEMENT_3D('',#65,#13789,#13790);
#13792 = PLANE('',#13791);
#13793 = FACE_SURFACE('',(#13788),#13792,.T.);
#13794 = POLY_LOOP('',(#65,#55,#63));
#13795 = FACE_OUTER_BOUND('',#13794,.T.);
#13796 = DIRECTION('',(0.000000,0.000000,1.000000));
#13797 = DIRECTION('',(1.000000,0.000000,0.000000));
#13798 = AXIS2_PLACEMENT_3D('',#65,#13796,#13797);
#13799 = PLANE('',#13798);
#13800 = FACE_SURFACE('',(#13795),#13799,.T.);
#13801 = POLY_LOOP('',(#63,#55,#54));
#13802 = FACE_OUTER_BOUND('',#13801,.T.);
#13803 = DIRECTION('',(0.000000,0.000000,1.000000));
#13804 = DIRECTION('',(1.000000,0.000000,0.000000));
#13805 = AXIS2_PLACEMENT_3D('',#63,#13803,#13804);
#13806 = PLANE('',#13805);
#13807 = FACE_SURFACE('',(#13802),#13806,.T.);
#13808 = POLY_LOOP('',(#63,#54,#61));
#13809 = FACE_OUTER_BOUND('',#13808,.T.);
#13810 = DIRECTION('',(0.000000,0.000000,1.000000));
#13811 = DIRECTION('',(1.000000,0.000000,0.000000));
#13812 = AXIS2_PLACEMENT_3D('',#63,#13810,#13811);
#13813 = PLANE('',#13812);
#13814 = FACE_SURFACE('',(#13809),#13813,.T.);
#13815 = POLY_LOOP('',(#61,#54,#53));
#13816 = FACE_OUTER_BOUND('',#13815,.T.);
#13817 = DIRECTION('',(0.000000,0.000000,1.000000));
#13818 = DIRECTION('',(1.000000,0.000000,0.000000));
#13819 = AXIS2_PLACEMENT_3D('',#61,#13817,#13818);
#13820 = PLANE('',#13819);
#13821 = FACE_SURFACE('',(#13816),#13820,.T.);
#13822 = POLY_LOOP('',(#61,#53,#59));
#13823 = FACE_OUTER_BOUND('',#13822,.T.);
#13824 = DIRECTION('',(0.000000,0.000000,1.000000));
#13825 = DIRECTION('',(1.000000,0.000000,0.000000));
#13826 = AXIS2_PLACEMENT_3D('',#61,#13824,#13825);
#13827 = PLANE('',#13826);
#13828 = FACE_SURFACE('',(#13823),#13827,.T.);
#13829 = POLY_LOOP('',(#59,#53,#79));
#13830 = FACE_OUTER_BOUND('',#13829,.T.);
#13831 = DIRECTION('',(0.000000,0.000000,1.000000));
#13832 = DIRECTION('',(1.000000,0.000000,0.000000));
#13833 = AXIS2_PLACEMENT_3D('',#59,#13831,#13832);
#13834 = PLANE('',#13833);
#13835 = FACE_SURFACE('',(#13830),#13834,.T.);
#13836 = POLY_LOOP('',(#59,#79,#47));
#13837 = FACE_OUTER_BOUND('',#13836,.T.);
#13838 = DIRECTION('',(0.000000,0.000000,1.000000));
#13839 = DIRECTION('',(1.000000,0.000000,0.000000));
#13840 = AXIS2_PLACEMENT_3D('',#59,#13838,#13839);
#13841 = PLANE('',#13840);
#13842 = FACE_SURFACE('',(#13837),#13841,.T.);
#13843 = POLY_LOOP('',(#47,#79,#80));
#13844 = FACE_OUTER_BOUND('',#13843,.T.);
#13845 = DIRECTION('',(0.000000,0.000000,1.000000));
#13846 = DIRECTION('',(1.000000,0.000000,0.000000));
#13847 = AXIS2_PLACEMENT_3D('',#47,#13845,#13846);
#13848 = PLANE('',#13847);
#13849 = FACE_SURFACE('',(#13844),#13848,.T.);
#13850 = POLY_LOOP('',(#47,#80,#48));
#13851 = FACE_OUTER_BOUND('',#13850,.T.);
#13852 = DIRECTION('',(0.000000,0.000000,1.000000));
#13853 = DIRECTION('',(1.000000,0.000000,0.000000));
#13854 = AXIS2_PLACEMENT_3D('',#47,#13852,#13853);
#13855 = PLANE('',#13854);
#13856 = FACE_SURFACE('',(#13851),#13855,.T.);
#13857 = POLY_LOOP('',(#48,#80,#82));
#13858 = FACE_OUTER_BOUND('',#13857,.T.);
#13859 = DIRECTION('',(0.000000,0.000000,1.000000));
#13860 = DIRECTION('',(1.000000,0.000000,0.000000));
#13861 = AXIS2_PLACEMENT_3D('',#48,#13859,#13860);
#13862 = PLANE('',#13861);
#13863 = FACE_SURFACE('',(#13858),#13862,.T.);
#13864 = POLY_LOOP('',(#48,#82,#45));
#13865 = FACE_OUTER_BOUND('',#13864,.T.);
#13866 = DIRECTION('',(0.000000,0.000000,1.000000));
#13867 = DIRECTION('',(1.000000,0.000000,0.000000));
#13868 = AXIS2_PLACEMENT_3D('',#48,#13866,#13867);
#13869 = PLANE('',#13868);
#13870 = FACE_SURFACE('',(#13865),#13869,.T.);
#13871 = POLY_LOOP('',(#45,#82,#83));
#13872 = FACE_OUTER_BOUND('',#13871,.T.);
#13873 = DIRECTION('',(0.000000,0.000000,1.000000));
#13874 = DIRECTION('',(1.000000,0.000000,0.000000));
#13875 = AXIS2_PLACEMENT_3D('',#45,#13873,#13874);
#13876 = PLANE('',#13875);
#13877 = FACE_SURFACE('',(#13872),#13876,.T.);
#13878 = POLY_LOOP('',(#45,#83,#46));
#13879 = FACE_OUTER_BOUND('',#13878,.T.);
#13880 = DIRECTION('',(0.000000,0.000000,1.000000));
#13881 = DIRECTION('',(1.000000,0.000000,0.000000));
#13882 = AXIS2_PLACEMENT_3D('',#45,#13880,#13881);
#13883 = PLANE('',#13882);
#13884 = FACE_SURFACE('',(#13879),#13883,.T.);
#13885 = POLY_LOOP('',(#46,#83,#81));
#13886 = FACE_OUTER_BOUND('',#13885,.T.);
#13887 = DIRECTION('',(0.000000,0.000000,1.000000));
#13888 = DIRECTION('',(1.000000,0.000000,0.000000));
#13889 = AXIS2_PLACEMENT_3D('',#46,#13887,#13888);
#13890 = PLANE('',#13889);
#13891 = FACE_SURFACE('',(#13886),#13890,.T.);
#13892 = POLY_LOOP('',(#46,#81,#41));
#13893 = FACE_OUTER_BOUND('',#13892,.T.);
#13894 = DIRECTION('',(0.000000,0.000000,1.000000));
#13895 = DIRECTION('',(1.000000,0.000000,0.000000));
#13896 = AXIS2_PLACEMENT_3D('',#46,#13894,#13895);
#13897 = PLANE('',#13896);
#13898 = FACE_SURFACE('',(#13893),#13897,.T.);
#13899 = POLY_LOOP('',(#41,#81,#52));
#13900 = FACE_OUTER_BOUND('',#13899,.T.);
#13901 = DIRECTION('',(0.000000,0.000000,1.000000));
#13902 = DIRECTION('',(1.000000,0.000000,0.000000));
#13903 = AXIS2_PLACEMENT_3D('',#41,#13901,#13902);
#13904 = PLANE('',#13903);
#13905 = FACE_SURFACE('',(#13900),#13904,.T.);
#13906 = POLY_LOOP('',(#41,#52,#42));
#13907 = FACE_OUTER_BOUND('',#13906,.T.);
#13908 = DIRECTION('',(0.000000,0.000000,1.000000));
#13909 = DIRECTION('',(1.000000,0.000000,0.000000));
#13910 = AXIS2_PLACEMENT_3D('',#41,#13908,#13909);
#13911 = PLANE('',#13910);
#13912 = FACE_SURFACE('',(#13907),#13911,.T.);
#13913 = POLY_LOOP('',(#42,#52,#51));
#13914 = FACE_OUTER_BOUND('',#13913,.T.);
#13915 = DIRECTION('',(0.000000,0.000000,1.000000));
#13916 = DIRECTION('',(1.000000,0.000000,0.000000));
#13917 = AXIS2_PLACEMENT_3D('',#42,#13915,#13916);
#13918 = PLANE('',#13917);
#13919 = FACE_SURFACE('',(#13914),#13918,.T.);
#13920 = POLY_LOOP('',(#42,#51,#43));
#13921 = FACE_OUTER_BOUND('',#13920,.T.);
#13922 = DIRECTION('',(0.000000,0.000000,1.000000));
#13923 = DIRECTION('',(1.000000,0.000000,0.000000));
#13924 = AXIS2_PLACEMENT_3D('',#42,#13922,#13923);
#13925 = PLANE('',#13924);
#13926 = FACE_SURFACE('',(#13921),#13925,.T.);
#13927 = POLY_LOOP('',(#43,#51,#50));
#13928 = FACE_OUTER_BOUND('',#13927,.T.);
#13929 = DIRECTION('',(0.000000,0.000000,1.000000));
#13930 = DIRECTION('',(1.000000,0.000000,0.000000));
#13931 = AXIS2_PLACEMENT_3D('',#43,#13929,#13930);
#13932 = PLANE('',#13931);
#13933 = FACE_SURFACE('',(#13928),#13932,.T.);
#13934 = POLY_LOOP('',(#43,#50,#44));
#13935 = FACE_OUTER_BOUND('',#13934,.T.);
#13936 = DIRECTION('',(0.000000,0.000000,1.000000));
#13937 = DIRECTION('',(1.000000,0.000000,0.000000));
#13938 = AXIS2_PLACEMENT_3D('',#43,#13936,#13937);
#13939 = PLANE('',#13938);
#13940 = FACE_SURFACE('',(#13935),#13939,.T.);
#13941 = POLY_LOOP('',(#44,#50,#49));
#13942 = FACE_OUTER_BOUND('',#13941,.T.);
#13943 = DIRECTION('',(0.000000,0.000000,1.000000));
#13944 = DIRECTION('',(1.000000,0.000000,0.000000));
#13945 = AXIS2_PLACEMENT_3D('',#44,#13943,#13944);
#13946 = PLANE('',#13945);
#13947 = FACE_SURFACE('',(#13942),#13946,.T.);
#13948 = POLY_LOOP('',(#44,#49,#40));
#13949 = FACE_OUTER_BOUND('',#13948,.T.);
#13950 = DIRECTION('',(0.000000,0.000000,1.000000));
#13951 = DIRECTION('',(1.000000,0.000000,0.000000));
#13952 = AXIS2_PLACEMENT_3D('',#44,#13950,#13951);
#13953 = PLANE('',#13952);
#13954 = FACE_SURFACE('',(#13949),#13953,.T.);
#13955 = POLY_LOOP('',(#40,#49,#84));
#13956 = FACE_OUTER_BOUND('',#13955,.T.);
#13957 = DIRECTION('',(0.000000,0.000000,1.000000));
#13958 = DIRECTION('',(1.000000,0.000000,0.000000));
#13959 = AXIS2_PLACEMENT_3D('',#40,#13957,#13958);
#13960 = PLANE('',#13959);
#13961 = FACE_SURFACE('',(#13956),#13960,.T.);
#13962 = POLY_LOOP('',(#40,#84,#39));
#13963 = FACE_OUTER_BOUND('',#13962,.T.);
#13964 = DIRECTION('',(0.000000,0.000000,1.000000));
#13965 = DIRECTION('',(1.000000,0.000000,0.000000));
#13966 = AXIS2_PLACEMENT_3D('',#40,#13964,#13965);
#13967 = PLANE('',#13966);
#13968 = FACE_SURFACE('',(#13963),#13967,.T.);
#13969 = POLY_LOOP('',(#39,#84,#91));
#13970 = FACE_OUTER_BOUND('',#13969,.T.);
#13971 = DIRECTION('',(0.000000,0.000000,1.000000));
#13972 = DIRECTION('',(1.000000,0.000000,0.000000));
#13973 = AXIS2_PLACEMENT_3D('',#39,#13971,#13972);
#13974 = PLANE('',#13973);
#13975 = FACE_SURFACE('',(#13970),#13974,.T.);
#13976 = POLY_LOOP('',(#39,#91,#38));
#13977 = FACE_OUTER_BOUND('',#13976,.T.);
#13978 = DIRECTION('',(0.000000,0.000000,1.000000));
#13979 = DIRECTION('',(1.000000,0.000000,0.000000));
#13980 = AXIS2_PLACEMENT_3D('',#39,#13978,#13979);
#13981 = PLANE('',#13980);
#13982 = FACE_SURFACE('',(#13977),#13981,.T.);
#13983 = POLY_LOOP('',(#38,#91,#90));
#13984 = FACE_OUTER_BOUND('',#13983,.T.);
#13985 = DIRECTION('',(0.000000,0.000000,1.000000));
#13986 = DIRECTION('',(1.000000,0.000000,0.000000));
#13987 = AXIS2_PLACEMENT_3D('',#38,#13985,#13986);
#13988 = PLANE('',#13987);
#13989 = FACE_SURFACE('',(#13984),#13988,.T.);
#13990 = POLY_LOOP('',(#38,#90,#37));
#13991 = FACE_OUTER_BOUND('',#13990,.T.);
#13992 = DIRECTION('',(0.000000,0.000000,1.000000));
#13993 = DIRECTION('',(1.000000,0.000000,0.000000));
#13994 = AXIS2_PLACEMENT_3D('',#38,#13992,#13993);
#13995 = PLANE('',#13994);
#13996 = FACE_SURFACE('',(#13991),#13995,.T.);
#13997 = POLY_LOOP('',(#37,#90,#89));
#13998 = FACE_OUTER_BOUND('',#13997,.T.);
#13999 = DIRECTION('',(0.000000,0.000000,1.000000));
#14000 = DIRECTION('',(1.000000,0.000000,0.000000));
#14001 = AXIS2_PLACEMENT_3D('',#37,#13999,#14000);
#14002 = PLANE('',#14001);
#14003 = FACE_SURFACE('',(#13998),#14002,.T.);
#14004 = POLY_LOOP('',(#37,#89,#35));
#14005 = FACE_OUTER_BOUND('',#14004,.T.);
#14006 = DIRECTION('',(0.000000,0.000000,1.000000));
#14007 = DIRECTION('',(1.000000,0.000000,0.000000));
#14008 = AXIS2_PLACEMENT_3D('',#37,#14006,#14007);
#14009 = PLANE('',#14008);
#14010 = FACE_SURFACE('',(#14005),#14009,.T.);
#14011 = POLY_LOOP('',(#35,#89,#88));
#14012 = FACE_OUTER_BOUND('',#14011,.T.);
#14013 = DIRECTION('',(0.000000,0.000000,1.000000));
#14014 = DIRECTION('',(1.000000,0.000000,0.000000));
#14015 = AXIS2_PLACEMENT_3D('',#35,#14013,#14014);
#14016 = PLANE('',#14015);
#14017 = FACE_SURFACE('',(#14012),#14016,.T.);
#14018 = POLY_LOOP('',(#35,#88,#36));
#14019 = FACE_OUTER_BOUND('',#14018,.T.);
#14020 = DIRECTION('',(0.000000,0.000000,1.000000));
#14021 = DIRECTION('',(1.000000,0.000000,0.000000));
#14022 = AXIS2_PLACEMENT_3D('',#35,#14020,#14021);
#14023 = PLANE('',#14022);
#14024 = FACE_SURFACE('',(#14019),#14023,.T.);
#14025 = POLY_LOOP('',(#36,#88,#87));
#14026 = FACE_OUTER_BOUND('',#14025,.T.);
#14027 = DIRECTION('',(0.000000,0.000000,1.000000));
#14028 = DIRECTION('',(1.000000,0.000000,0.000000));
#14029 = AXIS2_PLACEMENT_3D('',#36,#14027,#14028);
#14030 = PLANE('',#14029);
#14031 = FACE_SURFACE('',(#14026),#14030,.T.);
#14032 = POLY_LOOP('',(#36,#87,#34));
#14033 = FACE_OUTER_BOUND('',#14032,.T.);
#14034 = DIRECTION('',(0.000000,0.000000,1.000000));
#14035 = DIRECTION('',(1.000000,0.000000,0.000000));
#14036 = AXIS2_PLACEMENT_3D('',#36,#14034,#14035);
#14037 = PLANE('',#14036);
#14038 = FACE_SURFACE('',(#14033),#14037,.T.);
#14039 = POLY_LOOP('',(#34,#87,#86));
#14040 = FACE_OUTER_BOUND('',#14039,.T.);
#14041 = DIRECTION('',(0.000000,0.000000,1.000000));
#14042 = DIRECTION('',(1.000000,0.000000,0.000000));
#14043 = AXIS2_PLACEMENT_3D('',#34,#14041,#14042);
#14044 = PLANE('',#14043);
#14045 = FACE_SURFACE('',(#14040),#14044,.T.);
#14046 = POLY_LOOP('',(#34,#86,#33));
#14047 = FACE_OUTER_BOUND('',#14046,.T.);
#14048 = DIRECTION('',(0.000000,0.000000,1.000000));
#14049 = DIRECTION('',(1.000000,0.000000,0.000000));
#14050 = AXIS2_PLACEMENT_3D('',#34,#14048,#14049);
#14051 = PLANE('',#14050);
#14052 = FACE_SURFACE('',(#14047),#14051,.T.);
#14053 = POLY_LOOP('',(#33,#86,#85));
#14054 = FACE_OUTER_BOUND('',#14053,.T.);
#14055 = DIRECTION('',(0.000000,0.000000,1.000000));
#14056 = DIRECTION('',(1.000000,0.000000,0.000000));
#14057 = AXIS2_PLACEMENT_3D('',#33,#14055,#14056);
#14058 = PLANE('',#14057);
#14059 = FACE_SURFACE('',(#14054),#14058,.T.);
#14060 = POLY_LOOP('',(#33,#85,#31));
#14061 = FACE_OUTER_BOUND('',#14060,.T.);
#14062 = DIRECTION('',(0.000000,0.000000,1.000000));
#14063 = DIRECTION('',(1.000000,0.000000,0.000000));
#14064 = AXIS2_PLACEMENT_3D('',#33,#14062,#14063);
#14065 = PLANE('',#14064);
#14066 = FACE_SURFACE('',(#14061),#14065,.T.);
#14067 = POLY_LOOP('',(#31,#85,#92));
#14068 = FACE_OUTER_BOUND('',#14067,.T.);
#14069 = DIRECTION('',(0.000000,0.000000,1.000000));
#14070 = DIRECTION('',(1.000000,0.000000,0.000000));
#14071 = AXIS2_PLACEMENT_3D('',#31,#14069,#14070);
#14072 = PLANE('',#14071);
#14073 = FACE_SURFACE('',(#14068),#14072,.T.);
#14074 = POLY_LOOP('',(#31,#92,#32));
#14075 = FACE_OUTER_BOUND('',#14074,.T.);
#14076 = DIRECTION('',(0.000000,0.000000,1.000000));
#14077 = DIRECTION('',(1.000000,0.000000,0.000000));
#14078 = AXIS2_PLACEMENT_3D('',#31,#14076,#14077);
#14079 = PLANE('',#14078);
#14080 = FACE_SURFACE('',(#14075),#14079,.T.);
#14081 = POLY_LOOP('',(#32,#92,#93));
#14082 = FACE_OUTER_BOUND('',#14081,.T.);
#14083 = DIRECTION('',(0.000000,0.000000,1.000000));
#14084 = DIRECTION('',(1.000000,0.000000,0.000000));
#14085 = AXIS2_PLACEMENT_3D('',#32,#14083,#14084);
#14086 = PLANE('',#14085);
#14087 = FACE_SURFACE('',(#14082),#14086,.T.);
#14088 = POLY_LOOP('',(#32,#93,#30));
#14089 = FACE_OUTER_BOUND('',#14088,.T.);
#14090 = DIRECTION('',(0.000000,0.000000,1.000000));
#14091 = DIRECTION('',(1.000000,0.000000,0.000000));
#14092 = AXIS2_PLACEMENT_3D('',#32,#14090,#14091);
#14093 = PLANE('',#14092);
#14094 = FACE_SURFACE('',(#14089),#14093,.T.);
#14095 = POLY_LOOP('',(#30,#93,#94));
#14096 = FACE_OUTER_BOUND('',#14095,.T.);
#14097 = DIRECTION('',(0.000000,0.000000,1.000000));
#14098 = DIRECTION('',(1.000000,0.000000,0.000000));
#14099 = AXIS2_PLACEMENT_3D('',#30,#14097,#14098);
#14100 = PLANE('',#14099);
#14101 = FACE_SURFACE('',(#14096),#14100,.T.);
#14102 = POLY_LOOP('',(#30,#94,#29));
#14103 = FACE_OUTER_BOUND('',#14102,.T.);
#14104 = DIRECTION('',(0.000000,0.000000,1.000000));
#14105 = DIRECTION('',(1.000000,0.000000,0.000000));
#14106 = AXIS2_PLACEMENT_3D('',#30,#14104,#14105);
#14107 = PLANE('',#14106);
#14108 = FACE_SURFACE('',(#14103),#14107,.T.);
#14109 = POLY_LOOP('',(#29,#94,#95));
#14110 = FACE_OUTER_BOUND('',#14109,.T.);
#14111 = DIRECTION('',(0.000000,0.000000,1.000000));
#14112 = DIRECTION('',(1.000000,0.000000,0.000000));
#14113 = AXIS2_PLACEMENT_3D('',#29,#14111,#14112);
#14114 = PLANE('',#14113);
#14115 = FACE_SURFACE('',(#14110),#14114,.T.);
#14116 = POLY_LOOP('',(#29,#95,#27));
#14117 = FACE_OUTER_BOUND('',#14116,.T.);
#14118 = DIRECTION('',(0.000000,0.000000,1.000000));
#14119 = DIRECTION('',(1.000000,0.000000,0.000000));
#14120 = AXIS2_PLACEMENT_3D('',#29,#14118,#14119);
#14121 = PLANE('',#14120);
#14122 = FACE_SURFACE('',(#14117),#14121,.T.);
#14123 = POLY_LOOP('',(#27,#95,#96));
#14124 = FACE_OUTER_BOUND('',#14123,.T.);
#14125 = DIRECTION('',(0.000000,0.000000,1.000000));
#14126 = DIRECTION('',(1.000000,0.000000,0.000000));
#14127 = AXIS2_PLACEMENT_3D('',#27,#14125,#14126);
#14128 = PLANE('',#14127);
#14129 = FACE_SURFACE('',(#14124),#14128,.T.);
#14130 = POLY_LOOP('',(#27,#96,#28));
#14131 = FACE_OUTER_BOUND('',#14130,.T.);
#14132 = DIRECTION('',(0.000000,0.000000,1.000000));
#14133 = DIRECTION('',(1.000000,0.000000,0.000000));
#14134 = AXIS2_PLACEMENT_3D('',#27,#14132,#14133);
#14135 = PLANE('',#14134);
#14136 = FACE_SURFACE('',(#14131),#14135,.T.);
#14137 = POLY_LOOP('',(#28,#96,#97));
#14138 = FACE_OUTER_BOUND('',#14137,.T.);
#14139 = DIRECTION('',(0.000000,0.000000,1.000000));
#14140 = DIRECTION('',(1.000000,0.000000,0.000000));
#14141 = AXIS2_PLACEMENT_3D('',#28,#14139,#14140);
#14142 = PLANE('',#14141);
#14143 = FACE_SURFACE('',(#14138),#14142,.T.);
#14144 = POLY_LOOP('',(#28,#97,#26));
#14145 = FACE_OUTER_BOUND('',#14144,.T.);
#14146 = DIRECTION('',(0.000000,0.000000,1.000000));
#14147 = DIRECTION('',(1.000000,0.000000,0.000000));
#14148 = AXIS2_PLACEMENT_3D('',#28,#14146,#14147);
#14149 = PLANE('',#14148);
#14150 = FACE_SURFACE('',(#14145),#14149,.T.);
#14151 = POLY_LOOP('',(#26,#97,#98));
#14152 = FACE_OUTER_BOUND('',#14151,.T.);
#14153 = DIRECTION('',(0.000000,0.000000,1.000000));
#14154 = DIRECTION('',(1.000000,0.000000,0.000000));
#14155 = AXIS2_PLACEMENT_3D('',#26,#14153,#14154);
#14156 = PLANE('',#14155);
#14157 = FACE_SURFACE('',(#14152),#14156,.T.);
#14158 = POLY_LOOP('',(#26,#98,#25));
#14159 = FACE_OUTER_BOUND('',#14158,.T.);
#14160 = DIRECTION('',(0.000000,0.000000,1.000000));
#14161 = DIRECTION('',(1.000000,0.000000,0.000000));
#14162 = AXIS2_PLACEMENT_3D('',#26,#14160,#14161);
#14163 = PLANE('',#14162);
#14164 = FACE_SURFACE('',(#14159),#14163,.T.);
#14165 = POLY_LOOP('',(#25,#98,#99));
#14166 = FACE_OUTER_BOUND('',#14165,.T.);
#14167 = DIRECTION('',(0.000000,0.000000,1.000000));
#14168 = DIRECTION('',(1.000000,0.000000,0.000000));
#14169 = AXIS2_PLACEMENT_3D('',#25,#14167,#14168);
#14170 = PLANE('',#14169);
#14171 = FACE_SURFACE('',(#14166),#14170,.T.);
#14172 = POLY_LOOP('',(#25,#99,#23));
#14173 = FACE_OUTER_BOUND('',#14172,.T.);
#14174 = DIRECTION('',(0.000000,0.000000,1.000000));
#14175 = DIRECTION('',(1.000000,0.000000,0.000000));
#14176 = AXIS2_PLACEMENT_3D('',#25,#14174,#14175);
#14177 = PLANE('',#14176);
#14178 = FACE_SURFACE('',(#14173),#14177,.T.);
#14179 = POLY_LOOP('',(#23,#99,#100));
#14180 = FACE_OUTER_BOUND('',#14179,.T.);
#14181 = DIRECTION('',(0.000000,0.000000,1.000000));
#14182 = DIRECTION('',(1.000000,0.000000,0.000000));
#14183 = AXIS2_PLACEMENT_3D('',#23,#14181,#14182);
#14184 = PLANE('',#14183);
#14185 = FACE_SURFACE('',(#14180),#14184,.T.);
#14186 = POLY_LOOP('',(#23,#100,#24));
#14187 = FACE_OUTER_BOUND('',#14186,.T.);
#14188 = DIRECTION('',(0.000000,0.000000,1.000000));
#14189 = DIRECTION('',(1.000000,0.000000,0.000000));
#14190 = AXIS2_PLACEMENT_3D('',#23,#14188,#14189);
#14191 = PLANE('',#14190);
#14192 = FACE_SURFACE('',(#14187),#14191,.T.);
#14193 = POLY_LOOP('',(#24,#100,#101));
#14194 = FACE_OUTER_BOUND('',#14193,.T.);
#14195 = DIRECTION('',(0.000000,0.000000,1.000000));
#14196 = DIRECTION('',(1.000000,0.000000,0.000000));
#14197 = AXIS2_PLACEMENT_3D('',#24,#14195,#14196);
#14198 = PLANE('',#14197);
#14199 = FACE_SURFACE('',(#14194),#14198,.T.);
#14200 = POLY_LOOP('',(#24,#101,#22));
#14201 = FACE_OUTER_BOUND('',#14200,.T.);
#14202 = DIRECTION('',(0.000000,0.000000,1.000000));
#14203 = DIRECTION('',(1.000000,0.000000,0.000000));
#14204 = AXIS2_PLACEMENT_3D('',#24,#14202,#14203);
#14205 = PLANE('',#14204);
#14206 = FACE_SURFACE('',(#14201),#14205,.T.);
#14207 = POLY_LOOP('',(#22,#101,#102));
#14208 = FACE_OUTER_BOUND('',#14207,.T.);
#14209 = DIRECTION('',(0.000000,0.000000,1.000000));
#14210 = DIRECTION('',(1.000000,0.000000,0.000000));
#14211 = AXIS2_PLACEMENT_3D('',#22,#14209,#14210);
#14212 = PLANE('',#14211);
#14213 = FACE_SURFACE('',(#14208),#14212,.T.);
#14214 = POLY_LOOP('',(#22,#102,#21));
#14215 = FACE_OUTER_BOUND('',#14214,.T.);
#14216 = DIRECTION('',(0.000000,0.000000,1.000000));
#14217 = DIRECTION('',(1.000000,0.000000,0.000000));
#14218 = AXIS2_PLACEMENT_3D('',#22,#14216,#14217);
#14219 = PLANE('',#14218);
#14220 = FACE_SURFACE('',(#14215),#14219,.T.);
#14221 = POLY_LOOP('',(#21,#102,#103));
#14222 = FACE_OUTER_BOUND('',#14221,.T.);
#14223 = DIRECTION('',(0.000000,0.000000,1.000000));
#14224 = DIRECTION('',(1.000000,0.000000,0.000000));
#14225 = AXIS2_PLACEMENT_3D('',#21,#14223,#14224);
#14226 = PLANE('',#14225);
#14227 = FACE_SURFACE('',(#14222),#14226,.T.);
#14228 = POLY_LOOP('',(#21,#103,#19));
#14229 = FACE_OUTER_BOUND('',#14228,.T.);
#14230 = DIRECTION('',(0.000000,0.000000,1.000000));
#14231 = DIRECTION('',(1.000000,0.000000,0.000000));
#14232 = AXIS2_PLACEMENT_3D('',#21,#14230,#14231);
#14233 = PLANE('',#14232);
#14234 = FACE_SURFACE('',(#14229),#14233,.T.);
#14235 = POLY_LOOP('',(#19,#103,#104));
#14236 = FACE_OUTER_BOUND('',#14235,.T.);
#14237 = DIRECTION('',(0.000000,0.000000,1.000000));
#14238 = DIRECTION('',(1.000000,0.000000,0.000000));
#14239 = AXIS2_PLACEMENT_3D('',#19,#14237,#14238);
#14240 = PLANE('',#14239);
#14241 = FACE_SURFACE('',(#14236),#14240,.T.);
#14242 = POLY_LOOP('',(#19,#104,#20));
#14243 = FACE_OUTER_BOUND('',#14242,.T.);
#14244 = DIRECTION('',(0.000000,0.000000,1.000000));
#14245 = DIRECTION('',(1.000000,0.000000,0.000000));
#14246 = AXIS2_PLACEMENT_3D('',#19,#14244,#14245);
#14247 = PLANE('',#14246);
#14248 = FACE_SURFACE('',(#14243),#14247,.T.);
#14249 = POLY_LOOP('',(#20,#104,#106));
#14250 = FACE_OUTER_BOUND('',#14249,.T.);
#14251 = DIRECTION('',(0.000000,0.000000,1.000000));
#14252 = DIRECTION('',(1.000000,0.000000,0.000000));
#14253 = AXIS2_PLACEMENT_3D('',#20,#14251,#14252);
#14254 = PLANE('',#14253);
#14255 = FACE_SURFACE('',(#14250),#14254,.T.);
#14256 = POLY_LOOP('',(#20,#106,#18));
#14257 = FACE_OUTER_BOUND('',#14256,.T.);
#14258 = DIRECTION('',(0.000000,0.000000,1.000000));
#14259 = DIRECTION('',(1.000000,0.000000,0.000000));
#14260 = AXIS2_PLACEMENT_3D('',#20,#14258,#14259);
#14261 = PLANE('',#14260);
#14262 = FACE_SURFACE('',(#14257),#14261,.T.);
#14263 = POLY_LOOP('',(#18,#106,#108));
#14264 = FACE_OUTER_BOUND('',#14263,.T.);
#14265 = DIRECTION('',(0.000000,0.000000,1.000000));
#14266 = DIRECTION('',(1.000000,0.000000,0.000000));
#14267 = AXIS2_PLACEMENT_3D('',#18,#14265,#14266);
#14268 = PLANE('',#14267);
#14269 = FACE_SURFACE('',(#14264),#14268,.T.);
#14270 = POLY_LOOP('',(#18,#17,#43));
#14271 = FACE_OUTER_BOUND('',#14270,.T.);
#14272 = DIRECTION('',(0.000000,0.000000,1.000000));
#14273 = DIRECTION('',(1.000000,0.000000,0.000000));
#14274 = AXIS2_PLACEMENT_3D('',#18,#14272,#14273);
#14275 = PLANE('',#14274);
#14276 = FACE_SURFACE('',(#14271),#14275,.T.);
#14277 = POLY_LOOP('',(#43,#17,#75));
#14278 = FACE_OUTER_BOUND('',#14277,.T.);
#14279 = DIRECTION('',(0.000000,0.000000,1.000000));
#14280 = DIRECTION('',(1.000000,0.000000,0.000000));
#14281 = AXIS2_PLACEMENT_3D('',#43,#14279,#14280);
#14282 = PLANE('',#14281);
#14283 = FACE_SURFACE('',(#14278),#14282,.T.);
#14284 = POLY_LOOP('',(#43,#75,#74));
#14285 = FACE_OUTER_BOUND('',#14284,.T.);
#14286 = DIRECTION('',(0.000000,0.000000,1.000000));
#14287 = DIRECTION('',(1.000000,0.000000,0.000000));
#14288 = AXIS2_PLACEMENT_3D('',#43,#14286,#14287);
#14289 = PLANE('',#14288);
#14290 = FACE_SURFACE('',(#14285),#14289,.T.);
#14291 = POLY_LOOP('',(#74,#73,#43));
#14292 = FACE_OUTER_BOUND('',#14291,.T.);
#14293 = DIRECTION('',(0.000000,0.000000,1.000000));
#14294 = DIRECTION('',(1.000000,0.000000,0.000000));
#14295 = AXIS2_PLACEMENT_3D('',#74,#14293,#14294);
#14296 = PLANE('',#14295);
#14297 = FACE_SURFACE('',(#14292),#14296,.T.);
#14298 = POLY_LOOP('',(#43,#73,#42));
#14299 = FACE_OUTER_BOUND('',#14298,.T.);
#14300 = DIRECTION('',(0.000000,0.000000,1.000000));
#14301 = DIRECTION('',(1.000000,0.000000,0.000000));
#14302 = AXIS2_PLACEMENT_3D('',#43,#14300,#14301);
#14303 = PLANE('',#14302);
#14304 = FACE_SURFACE('',(#14299),#14303,.T.);
#14305 = POLY_LOOP('',(#42,#73,#72));
#14306 = FACE_OUTER_BOUND('',#14305,.T.);
#14307 = DIRECTION('',(0.000000,0.000000,1.000000));
#14308 = DIRECTION('',(1.000000,0.000000,0.000000));
#14309 = AXIS2_PLACEMENT_3D('',#42,#14307,#14308);
#14310 = PLANE('',#14309);
#14311 = FACE_SURFACE('',(#14306),#14310,.T.);
#14312 = POLY_LOOP('',(#42,#72,#41));
#14313 = FACE_OUTER_BOUND('',#14312,.T.);
#14314 = DIRECTION('',(0.000000,0.000000,1.000000));
#14315 = DIRECTION('',(1.000000,0.000000,0.000000));
#14316 = AXIS2_PLACEMENT_3D('',#42,#14314,#14315);
#14317 = PLANE('',#14316);
#14318 = FACE_SURFACE('',(#14313),#14317,.T.);
#14319 = POLY_LOOP('',(#41,#72,#71));
#14320 = FACE_OUTER_BOUND('',#14319,.T.);
#14321 = DIRECTION('',(0.000000,0.000000,1.000000));
#14322 = DIRECTION('',(1.000000,0.000000,0.000000));
#14323 = AXIS2_PLACEMENT_3D('',#41,#14321,#14322);
#14324 = PLANE('',#14323);
#14325 = FACE_SURFACE('',(#14320),#14324,.T.);
#14326 = POLY_LOOP('',(#41,#71,#46));
#14327 = FACE_OUTER_BOUND('',#14326,.T.);
#14328 = DIRECTION('',(0.000000,0.000000,1.000000));
#14329 = DIRECTION('',(1.000000,0.000000,0.000000));
#14330 = AXIS2_PLACEMENT_3D('',#41,#14328,#14329);
#14331 = PLANE('',#14330);
#14332 = FACE_SURFACE('',(#14327),#14331,.T.);
#14333 = POLY_LOOP('',(#46,#71,#70));
#14334 = FACE_OUTER_BOUND('',#14333,.T.);
#14335 = DIRECTION('',(0.000000,0.000000,1.000000));
#14336 = DIRECTION('',(1.000000,0.000000,0.000000));
#14337 = AXIS2_PLACEMENT_3D('',#46,#14335,#14336);
#14338 = PLANE('',#14337);
#14339 = FACE_SURFACE('',(#14334),#14338,.T.);
#14340 = POLY_LOOP('',(#46,#70,#45));
#14341 = FACE_OUTER_BOUND('',#14340,.T.);
#14342 = DIRECTION('',(0.000000,0.000000,1.000000));
#14343 = DIRECTION('',(1.000000,0.000000,0.000000));
#14344 = AXIS2_PLACEMENT_3D('',#46,#14342,#14343);
#14345 = PLANE('',#14344);
#14346 = FACE_SURFACE('',(#14341),#14345,.T.);
#14347 = POLY_LOOP('',(#45,#70,#69));
#14348 = FACE_OUTER_BOUND('',#14347,.T.);
#14349 = DIRECTION('',(0.000000,0.000000,1.000000));
#14350 = DIRECTION('',(1.000000,0.000000,0.000000));
#14351 = AXIS2_PLACEMENT_3D('',#45,#14349,#14350);
#14352 = PLANE('',#14351);
#14353 = FACE_SURFACE('',(#14348),#14352,.T.);
#14354 = POLY_LOOP('',(#45,#69,#48));
#14355 = FACE_OUTER_BOUND('',#14354,.T.);
#14356 = DIRECTION('',(0.000000,0.000000,1.000000));
#14357 = DIRECTION('',(1.000000,0.000000,0.000000));
#14358 = AXIS2_PLACEMENT_3D('',#45,#14356,#14357);
#14359 = PLANE('',#14358);
#14360 = FACE_SURFACE('',(#14355),#14359,.T.);
#14361 = POLY_LOOP('',(#48,#69,#68));
#14362 = FACE_OUTER_BOUND('',#14361,.T.);
#14363 = DIRECTION('',(0.000000,0.000000,1.000000));
#14364 = DIRECTION('',(1.000000,0.000000,0.000000));
#14365 = AXIS2_PLACEMENT_3D('',#48,#14363,#14364);
#14366 = PLANE('',#14365);
#14367 = FACE_SURFACE('',(#14362),#14366,.T.);
#14368 = POLY_LOOP('',(#48,#68,#47));
#14369 = FACE_OUTER_BOUND('',#14368,.T.);
#14370 = DIRECTION('',(0.000000,0.000000,1.000000));
#14371 = DIRECTION('',(1.000000,0.000000,0.000000));
#14372 = AXIS2_PLACEMENT_3D('',#48,#14370,#14371);
#14373 = PLANE('',#14372);
#14374 = FACE_SURFACE('',(#14369),#14373,.T.);
#14375 = POLY_LOOP('',(#47,#68,#67));
#14376 = FACE_OUTER_BOUND('',#14375,.T.);
#14377 = DIRECTION('',(0.000000,0.000000,1.000000));
#14378 = DIRECTION('',(1.000000,0.000000,0.000000));
#14379 = AXIS2_PLACEMENT_3D('',#47,#14377,#14378);
#14380 = PLANE('',#14379);
#14381 = FACE_SURFACE('',(#14376),#14380,.T.);
#14382 = POLY_LOOP('',(#47,#67,#59));
#14383 = FACE_OUTER_BOUND('',#14382,.T.);
#14384 = DIRECTION('',(0.000000,0.000000,1.000000));
#14385 = DIRECTION('',(1.000000,0.000000,0.000000));
#14386 = AXIS2_PLACEMENT_3D('',#47,#14384,#14385);
#14387 = PLANE('',#14386);
#14388 = FACE_SURFACE('',(#14383),#14387,.T.);
#14389 = POLY_LOOP('',(#59,#67,#65));
#14390 = FACE_OUTER_BOUND('',#14389,.T.);
#14391 = DIRECTION('',(0.000000,0.000000,1.000000));
#14392 = DIRECTION('',(1.000000,0.000000,0.000000));
#14393 = AXIS2_PLACEMENT_3D('',#59,#14391,#14392);
#14394 = PLANE('',#14393);
#14395 = FACE_SURFACE('',(#14390),#14394,.T.);
#14396 = POLY_LOOP('',(#59,#65,#61));
#14397 = FACE_OUTER_BOUND('',#14396,.T.);
#14398 = DIRECTION('',(0.000000,0.000000,1.000000));
#14399 = DIRECTION('',(1.000000,0.000000,0.000000));
#14400 = AXIS2_PLACEMENT_3D('',#59,#14398,#14399);
#14401 = PLANE('',#14400);
#14402 = FACE_SURFACE('',(#14397),#14401,.T.);
#14403 = POLY_LOOP('',(#61,#65,#63));
#14404 = FACE_OUTER_BOUND('',#14403,.T.);
#14405 = DIRECTION('',(0.000000,0.000000,1.000000));
#14406 = DIRECTION('',(1.000000,0.000000,0.000000));
#14407 = AXIS2_PLACEMENT_3D('',#61,#14405,#14406);
#14408 = PLANE('',#14407);
#14409 = FACE_SURFACE('',(#14404),#14408,.T.);
#14410 = POLY_LOOP('',(#44,#37,#43));
#14411 = FACE_OUTER_BOUND('',#14410,.T.);
#14412 = DIRECTION('',(0.000000,0.000000,1.000000));
#14413 = DIRECTION('',(1.000000,0.000000,0.000000));
#14414 = AXIS2_PLACEMENT_3D('',#44,#14412,#14413);
#14415 = PLANE('',#14414);
#14416 = FACE_SURFACE('',(#14411),#14415,.T.);
#14417 = POLY_LOOP('',(#43,#37,#35));
#14418 = FACE_OUTER_BOUND('',#14417,.T.);
#14419 = DIRECTION('',(0.000000,0.000000,1.000000));
#14420 = DIRECTION('',(1.000000,0.000000,0.000000));
#14421 = AXIS2_PLACEMENT_3D('',#43,#14419,#14420);
#14422 = PLANE('',#14421);
#14423 = FACE_SURFACE('',(#14418),#14422,.T.);
#14424 = POLY_LOOP('',(#43,#35,#36));
#14425 = FACE_OUTER_BOUND('',#14424,.T.);
#14426 = DIRECTION('',(0.000000,0.000000,1.000000));
#14427 = DIRECTION('',(1.000000,0.000000,0.000000));
#14428 = AXIS2_PLACEMENT_3D('',#43,#14426,#14427);
#14429 = PLANE('',#14428);
#14430 = FACE_SURFACE('',(#14425),#14429,.T.);
#14431 = POLY_LOOP('',(#37,#44,#38));
#14432 = FACE_OUTER_BOUND('',#14431,.T.);
#14433 = DIRECTION('',(0.000000,0.000000,1.000000));
#14434 = DIRECTION('',(1.000000,0.000000,0.000000));
#14435 = AXIS2_PLACEMENT_3D('',#37,#14433,#14434);
#14436 = PLANE('',#14435);
#14437 = FACE_SURFACE('',(#14432),#14436,.T.);
#14438 = POLY_LOOP('',(#38,#44,#40));
#14439 = FACE_OUTER_BOUND('',#14438,.T.);
#14440 = DIRECTION('',(0.000000,0.000000,1.000000));
#14441 = DIRECTION('',(1.000000,0.000000,0.000000));
#14442 = AXIS2_PLACEMENT_3D('',#38,#14440,#14441);
#14443 = PLANE('',#14442);
#14444 = FACE_SURFACE('',(#14439),#14443,.T.);
#14445 = POLY_LOOP('',(#38,#40,#39));
#14446 = FACE_OUTER_BOUND('',#14445,.T.);
#14447 = DIRECTION('',(0.000000,0.000000,1.000000));
#14448 = DIRECTION('',(1.000000,0.000000,0.000000));
#14449 = AXIS2_PLACEMENT_3D('',#38,#14447,#14448);
#14450 = PLANE('',#14449);
#14451 = FACE_SURFACE('',(#14446),#14450,.T.);
#14452 = POLY_LOOP('',(#36,#34,#43));
#14453 = FACE_OUTER_BOUND('',#14452,.T.);
#14454 = DIRECTION('',(0.000000,0.000000,1.000000));
#14455 = DIRECTION('',(1.000000,0.000000,0.000000));
#14456 = AXIS2_PLACEMENT_3D('',#36,#14454,#14455);
#14457 = PLANE('',#14456);
#14458 = FACE_SURFACE('',(#14453),#14457,.T.);
#14459 = POLY_LOOP('',(#43,#34,#33));
#14460 = FACE_OUTER_BOUND('',#14459,.T.);
#14461 = DIRECTION('',(0.000000,0.000000,1.000000));
#14462 = DIRECTION('',(1.000000,0.000000,0.000000));
#14463 = AXIS2_PLACEMENT_3D('',#43,#14461,#14462);
#14464 = PLANE('',#14463);
#14465 = FACE_SURFACE('',(#14460),#14464,.T.);
#14466 = POLY_LOOP('',(#43,#33,#31));
#14467 = FACE_OUTER_BOUND('',#14466,.T.);
#14468 = DIRECTION('',(0.000000,0.000000,1.000000));
#14469 = DIRECTION('',(1.000000,0.000000,0.000000));
#14470 = AXIS2_PLACEMENT_3D('',#43,#14468,#14469);
#14471 = PLANE('',#14470);
#14472 = FACE_SURFACE('',(#14467),#14471,.T.);
#14473 = POLY_LOOP('',(#31,#32,#43));
#14474 = FACE_OUTER_BOUND('',#14473,.T.);
#14475 = DIRECTION('',(0.000000,0.000000,1.000000));
#14476 = DIRECTION('',(1.000000,0.000000,0.000000));
#14477 = AXIS2_PLACEMENT_3D('',#31,#14475,#14476);
#14478 = PLANE('',#14477);
#14479 = FACE_SURFACE('',(#14474),#14478,.T.);
#14480 = POLY_LOOP('',(#43,#32,#30));
#14481 = FACE_OUTER_BOUND('',#14480,.T.);
#14482 = DIRECTION('',(0.000000,0.000000,1.000000));
#14483 = DIRECTION('',(1.000000,0.000000,0.000000));
#14484 = AXIS2_PLACEMENT_3D('',#43,#14482,#14483);
#14485 = PLANE('',#14484);
#14486 = FACE_SURFACE('',(#14481),#14485,.T.);
#14487 = POLY_LOOP('',(#43,#30,#29));
#14488 = FACE_OUTER_BOUND('',#14487,.T.);
#14489 = DIRECTION('',(0.000000,0.000000,1.000000));
#14490 = DIRECTION('',(1.000000,0.000000,0.000000));
#14491 = AXIS2_PLACEMENT_3D('',#43,#14489,#14490);
#14492 = PLANE('',#14491);
#14493 = FACE_SURFACE('',(#14488),#14492,.T.);
#14494 = POLY_LOOP('',(#29,#27,#43));
#14495 = FACE_OUTER_BOUND('',#14494,.T.);
#14496 = DIRECTION('',(0.000000,0.000000,1.000000));
#14497 = DIRECTION('',(1.000000,0.000000,0.000000));
#14498 = AXIS2_PLACEMENT_3D('',#29,#14496,#14497);
#14499 = PLANE('',#14498);
#14500 = FACE_SURFACE('',(#14495),#14499,.T.);
#14501 = POLY_LOOP('',(#43,#27,#28));
#14502 = FACE_OUTER_BOUND('',#14501,.T.);
#14503 = DIRECTION('',(0.000000,0.000000,1.000000));
#14504 = DIRECTION('',(1.000000,0.000000,0.000000));
#14505 = AXIS2_PLACEMENT_3D('',#43,#14503,#14504);
#14506 = PLANE('',#14505);
#14507 = FACE_SURFACE('',(#14502),#14506,.T.);
#14508 = POLY_LOOP('',(#43,#28,#26));
#14509 = FACE_OUTER_BOUND('',#14508,.T.);
#14510 = DIRECTION('',(0.000000,0.000000,1.000000));
#14511 = DIRECTION('',(1.000000,0.000000,0.000000));
#14512 = AXIS2_PLACEMENT_3D('',#43,#14510,#14511);
#14513 = PLANE('',#14512);
#14514 = FACE_SURFACE('',(#14509),#14513,.T.);
#14515 = POLY_LOOP('',(#26,#25,#43));
#14516 = FACE_OUTER_BOUND('',#14515,.T.);
#14517 = DIRECTION('',(0.000000,0.000000,1.000000));
#14518 = DIRECTION('',(1.000000,0.000000,0.000000));
#14519 = AXIS2_PLACEMENT_3D('',#26,#14517,#14518);
#14520 = PLANE('',#14519);
#14521 = FACE_SURFACE('',(#14516),#14520,.T.);
#14522 = POLY_LOOP('',(#43,#25,#23));
#14523 = FACE_OUTER_BOUND('',#14522,.T.);
#14524 = DIRECTION('',(0.000000,0.000000,1.000000));
#14525 = DIRECTION('',(1.000000,0.000000,0.000000));
#14526 = AXIS2_PLACEMENT_3D('',#43,#14524,#14525);
#14527 = PLANE('',#14526);
#14528 = FACE_SURFACE('',(#14523),#14527,.T.);
#14529 = POLY_LOOP('',(#43,#23,#24));
#14530 = FACE_OUTER_BOUND('',#14529,.T.);
#14531 = DIRECTION('',(0.000000,0.000000,1.000000));
#14532 = DIRECTION('',(1.000000,0.000000,0.000000));
#14533 = AXIS2_PLACEMENT_3D('',#43,#14531,#14532);
#14534 = PLANE('',#14533);
#14535 = FACE_SURFACE('',(#14530),#14534,.T.);
#14536 = POLY_LOOP('',(#24,#22,#43));
#14537 = FACE_OUTER_BOUND('',#14536,.T.);
#14538 = DIRECTION('',(0.000000,0.000000,1.000000));
#14539 = DIRECTION('',(1.000000,0.000000,0.000000));
#14540 = AXIS2_PLACEMENT_3D('',#24,#14538,#14539);
#14541 = PLANE('',#14540);
#14542 = FACE_SURFACE('',(#14537),#14541,.T.);
#14543 = POLY_LOOP('',(#43,#22,#21));
#14544 = FACE_OUTER_BOUND('',#14543,.T.);
#14545 = DIRECTION('',(0.000000,0.000000,1.000000));
#14546 = DIRECTION('',(1.000000,0.000000,0.000000));
#14547 = AXIS2_PLACEMENT_3D('',#43,#14545,#14546);
#14548 = PLANE('',#14547);
#14549 = FACE_SURFACE('',(#14544),#14548,.T.);
#14550 = POLY_LOOP('',(#43,#21,#19));
#14551 = FACE_OUTER_BOUND('',#14550,.T.);
#14552 = DIRECTION('',(0.000000,0.000000,1.000000));
#14553 = DIRECTION('',(1.000000,0.000000,0.000000));
#14554 = AXIS2_PLACEMENT_3D('',#43,#14552,#14553);
#14555 = PLANE('',#14554);
#14556 = FACE_SURFACE('',(#14551),#14555,.T.);
#14557 = POLY_LOOP('',(#19,#20,#43));
#14558 = FACE_OUTER_BOUND('',#14557,.T.);
#14559 = DIRECTION('',(0.000000,0.000000,1.000000));
#14560 = DIRECTION('',(1.000000,0.000000,0.000000));
#14561 = AXIS2_PLACEMENT_3D('',#19,#14559,#14560);
#14562 = PLANE('',#14561);
#14563 = FACE_SURFACE('',(#14558),#14562,.T.);
#14564 = POLY_LOOP('',(#43,#20,#18));
#14565 = FACE_OUTER_BOUND('',#14564,.T.);
#14566 = DIRECTION('',(0.000000,0.000000,1.000000));
#14567 = DIRECTION('',(1.000000,0.000000,0.000000));
#14568 = AXIS2_PLACEMENT_3D('',#43,#14566,#14567);
#14569 = PLANE('',#14568);
#14570 = FACE_SURFACE('',(#14565),#14569,.T.);
#14571 = POLY_LOOP('',(#77,#76,#50));
#14572 = FACE_OUTER_BOUND('',#14571,.T.);
#14573 = DIRECTION('',(0.000000,0.000000,1.000000));
#14574 = DIRECTION('',(1.000000,0.000000,0.000000));
#14575 = AXIS2_PLACEMENT_3D('',#77,#14573,#14574);
#14576 = PLANE('',#14575);
#14577 = FACE_SURFACE('',(#14572),#14576,.T.);
#14578 = POLY_LOOP('',(#50,#76,#108));
#14579 = FACE_OUTER_BOUND('',#14578,.T.);
#14580 = DIRECTION('',(0.000000,0.000000,1.000000));
#14581 = DIRECTION('',(1.000000,0.000000,0.000000));
#14582 = AXIS2_PLACEMENT_3D('',#50,#14580,#14581);
#14583 = PLANE('',#14582);
#14584 = FACE_SURFACE('',(#14579),#14583,.T.);
#14585 = POLY_LOOP('',(#50,#108,#106));
#14586 = FACE_OUTER_BOUND('',#14585,.T.);
#14587 = DIRECTION('',(0.000000,0.000000,1.000000));
#14588 = DIRECTION('',(1.000000,0.000000,0.000000));
#14589 = AXIS2_PLACEMENT_3D('',#50,#14587,#14588);
#14590 = PLANE('',#14589);
#14591 = FACE_SURFACE('',(#14586),#14590,.T.);
#14592 = POLY_LOOP('',(#106,#104,#50));
#14593 = FACE_OUTER_BOUND('',#14592,.T.);
#14594 = DIRECTION('',(0.000000,0.000000,1.000000));
#14595 = DIRECTION('',(1.000000,0.000000,0.000000));
#14596 = AXIS2_PLACEMENT_3D('',#106,#14594,#14595);
#14597 = PLANE('',#14596);
#14598 = FACE_SURFACE('',(#14593),#14597,.T.);
#14599 = POLY_LOOP('',(#50,#104,#103));
#14600 = FACE_OUTER_BOUND('',#14599,.T.);
#14601 = DIRECTION('',(0.000000,0.000000,1.000000));
#14602 = DIRECTION('',(1.000000,0.000000,0.000000));
#14603 = AXIS2_PLACEMENT_3D('',#50,#14601,#14602);
#14604 = PLANE('',#14603);
#14605 = FACE_SURFACE('',(#14600),#14604,.T.);
#14606 = POLY_LOOP('',(#50,#103,#102));
#14607 = FACE_OUTER_BOUND('',#14606,.T.);
#14608 = DIRECTION('',(0.000000,0.000000,1.000000));
#14609 = DIRECTION('',(1.000000,0.000000,0.000000));
#14610 = AXIS2_PLACEMENT_3D('',#50,#14608,#14609);
#14611 = PLANE('',#14610);
#14612 = FACE_SURFACE('',(#14607),#14611,.T.);
#14613 = POLY_LOOP('',(#102,#101,#50));
#14614 = FACE_OUTER_BOUND('',#14613,.T.);
#14615 = DIRECTION('',(0.000000,0.000000,1.000000));
#14616 = DIRECTION('',(1.000000,0.000000,0.000000));
#14617 = AXIS2_PLACEMENT_3D('',#102,#14615,#14616);
#14618 = PLANE('',#14617);
#14619 = FACE_SURFACE('',(#14614),#14618,.T.);
#14620 = POLY_LOOP('',(#50,#101,#100));
#14621 = FACE_OUTER_BOUND('',#14620,.T.);
#14622 = DIRECTION('',(0.000000,0.000000,1.000000));
#14623 = DIRECTION('',(1.000000,0.000000,0.000000));
#14624 = AXIS2_PLACEMENT_3D('',#50,#14622,#14623);
#14625 = PLANE('',#14624);
#14626 = FACE_SURFACE('',(#14621),#14625,.T.);
#14627 = POLY_LOOP('',(#50,#100,#99));
#14628 = FACE_OUTER_BOUND('',#14627,.T.);
#14629 = DIRECTION('',(0.000000,0.000000,1.000000));
#14630 = DIRECTION('',(1.000000,0.000000,0.000000));
#14631 = AXIS2_PLACEMENT_3D('',#50,#14629,#14630);
#14632 = PLANE('',#14631);
#14633 = FACE_SURFACE('',(#14628),#14632,.T.);
#14634 = POLY_LOOP('',(#99,#98,#50));
#14635 = FACE_OUTER_BOUND('',#14634,.T.);
#14636 = DIRECTION('',(0.000000,0.000000,1.000000));
#14637 = DIRECTION('',(1.000000,0.000000,0.000000));
#14638 = AXIS2_PLACEMENT_3D('',#99,#14636,#14637);
#14639 = PLANE('',#14638);
#14640 = FACE_SURFACE('',(#14635),#14639,.T.);
#14641 = POLY_LOOP('',(#50,#98,#97));
#14642 = FACE_OUTER_BOUND('',#14641,.T.);
#14643 = DIRECTION('',(0.000000,0.000000,1.000000));
#14644 = DIRECTION('',(1.000000,0.000000,0.000000));
#14645 = AXIS2_PLACEMENT_3D('',#50,#14643,#14644);
#14646 = PLANE('',#14645);
#14647 = FACE_SURFACE('',(#14642),#14646,.T.);
#14648 = POLY_LOOP('',(#50,#97,#96));
#14649 = FACE_OUTER_BOUND('',#14648,.T.);
#14650 = DIRECTION('',(0.000000,0.000000,1.000000));
#14651 = DIRECTION('',(1.000000,0.000000,0.000000));
#14652 = AXIS2_PLACEMENT_3D('',#50,#14650,#14651);
#14653 = PLANE('',#14652);
#14654 = FACE_SURFACE('',(#14649),#14653,.T.);
#14655 = POLY_LOOP('',(#96,#95,#50));
#14656 = FACE_OUTER_BOUND('',#14655,.T.);
#14657 = DIRECTION('',(0.000000,0.000000,1.000000));
#14658 = DIRECTION('',(1.000000,0.000000,0.000000));
#14659 = AXIS2_PLACEMENT_3D('',#96,#14657,#14658);
#14660 = PLANE('',#14659);
#14661 = FACE_SURFACE('',(#14656),#14660,.T.);
#14662 = POLY_LOOP('',(#50,#95,#94));
#14663 = FACE_OUTER_BOUND('',#14662,.T.);
#14664 = DIRECTION('',(0.000000,0.000000,1.000000));
#14665 = DIRECTION('',(1.000000,0.000000,0.000000));
#14666 = AXIS2_PLACEMENT_3D('',#50,#14664,#14665);
#14667 = PLANE('',#14666);
#14668 = FACE_SURFACE('',(#14663),#14667,.T.);
#14669 = POLY_LOOP('',(#50,#94,#93));
#14670 = FACE_OUTER_BOUND('',#14669,.T.);
#14671 = DIRECTION('',(0.000000,0.000000,1.000000));
#14672 = DIRECTION('',(1.000000,0.000000,0.000000));
#14673 = AXIS2_PLACEMENT_3D('',#50,#14671,#14672);
#14674 = PLANE('',#14673);
#14675 = FACE_SURFACE('',(#14670),#14674,.T.);
#14676 = POLY_LOOP('',(#93,#92,#50));
#14677 = FACE_OUTER_BOUND('',#14676,.T.);
#14678 = DIRECTION('',(0.000000,0.000000,1.000000));
#14679 = DIRECTION('',(1.000000,0.000000,0.000000));
#14680 = AXIS2_PLACEMENT_3D('',#93,#14678,#14679);
#14681 = PLANE('',#14680);
#14682 = FACE_SURFACE('',(#14677),#14681,.T.);
#14683 = POLY_LOOP('',(#50,#92,#85));
#14684 = FACE_OUTER_BOUND('',#14683,.T.);
#14685 = DIRECTION('',(0.000000,0.000000,1.000000));
#14686 = DIRECTION('',(1.000000,0.000000,0.000000));
#14687 = AXIS2_PLACEMENT_3D('',#50,#14685,#14686);
#14688 = PLANE('',#14687);
#14689 = FACE_SURFACE('',(#14684),#14688,.T.);
#14690 = POLY_LOOP('',(#50,#85,#86));
#14691 = FACE_OUTER_BOUND('',#14690,.T.);
#14692 = DIRECTION('',(0.000000,0.000000,1.000000));
#14693 = DIRECTION('',(1.000000,0.000000,0.000000));
#14694 = AXIS2_PLACEMENT_3D('',#50,#14692,#14693);
#14695 = PLANE('',#14694);
#14696 = FACE_SURFACE('',(#14691),#14695,.T.);
#14697 = POLY_LOOP('',(#86,#87,#50));
#14698 = FACE_OUTER_BOUND('',#14697,.T.);
#14699 = DIRECTION('',(0.000000,0.000000,1.000000));
#14700 = DIRECTION('',(1.000000,0.000000,0.000000));
#14701 = AXIS2_PLACEMENT_3D('',#86,#14699,#14700);
#14702 = PLANE('',#14701);
#14703 = FACE_SURFACE('',(#14698),#14702,.T.);
#14704 = POLY_LOOP('',(#50,#87,#88));
#14705 = FACE_OUTER_BOUND('',#14704,.T.);
#14706 = DIRECTION('',(0.000000,0.000000,1.000000));
#14707 = DIRECTION('',(1.000000,0.000000,0.000000));
#14708 = AXIS2_PLACEMENT_3D('',#50,#14706,#14707);
#14709 = PLANE('',#14708);
#14710 = FACE_SURFACE('',(#14705),#14709,.T.);
#14711 = POLY_LOOP('',(#50,#88,#89));
#14712 = FACE_OUTER_BOUND('',#14711,.T.);
#14713 = DIRECTION('',(0.000000,0.000000,1.000000));
#14714 = DIRECTION('',(1.000000,0.000000,0.000000));
#14715 = AXIS2_PLACEMENT_3D('',#50,#14713,#14714);
#14716 = PLANE('',#14715);
#14717 = FACE_SURFACE('',(#14712),#14716,.T.);
#14718 = POLY_LOOP('',(#50,#89,#49));
#14719 = FACE_OUTER_BOUND('',#14718,.T.);
#14720 = DIRECTION('',(0.000000,0.000000,1.000000));
#14721 = DIRECTION('',(1.000000,0.000000,0.000000));
#14722 = AXIS2_PLACEMENT_3D('',#50,#14720,#14721);
#14723 = PLANE('',#14722);
#14724 = FACE_SURFACE('',(#14719),#14723,.T.);
#14725 = POLY_LOOP('',(#49,#89,#90));
#14726 = FACE_OUTER_BOUND('',#14725,.T.);
#14727 = DIRECTION('',(0.000000,0.000000,1.000000));
#14728 = DIRECTION('',(1.000000,0.000000,0.000000));
#14729 = AXIS2_PLACEMENT_3D('',#49,#14727,#14728);
#14730 = PLANE('',#14729);
#14731 = FACE_SURFACE('',(#14726),#14730,.T.);
#14732 = POLY_LOOP('',(#49,#90,#84));
#14733 = FACE_OUTER_BOUND('',#14732,.T.);
#14734 = DIRECTION('',(0.000000,0.000000,1.000000));
#14735 = DIRECTION('',(1.000000,0.000000,0.000000));
#14736 = AXIS2_PLACEMENT_3D('',#49,#14734,#14735);
#14737 = PLANE('',#14736);
#14738 = FACE_SURFACE('',(#14733),#14737,.T.);
#14739 = POLY_LOOP('',(#84,#90,#91));
#14740 = FACE_OUTER_BOUND('',#14739,.T.);
#14741 = DIRECTION('',(0.000000,0.000000,1.000000));
#14742 = DIRECTION('',(1.000000,0.000000,0.000000));
#14743 = AXIS2_PLACEMENT_3D('',#84,#14741,#14742);
#14744 = PLANE('',#14743);
#14745 = FACE_SURFACE('',(#14740),#14744,.T.);
#14746 = POLY_LOOP('',(#51,#66,#50));
#14747 = FACE_OUTER_BOUND('',#14746,.T.);
#14748 = DIRECTION('',(0.000000,0.000000,1.000000));
#14749 = DIRECTION('',(1.000000,0.000000,0.000000));
#14750 = AXIS2_PLACEMENT_3D('',#51,#14748,#14749);
#14751 = PLANE('',#14750);
#14752 = FACE_SURFACE('',(#14747),#14751,.T.);
#14753 = POLY_LOOP('',(#50,#66,#78));
#14754 = FACE_OUTER_BOUND('',#14753,.T.);
#14755 = DIRECTION('',(0.000000,0.000000,1.000000));
#14756 = DIRECTION('',(1.000000,0.000000,0.000000));
#14757 = AXIS2_PLACEMENT_3D('',#50,#14755,#14756);
#14758 = PLANE('',#14757);
#14759 = FACE_SURFACE('',(#14754),#14758,.T.);
#14760 = POLY_LOOP('',(#50,#78,#77));
#14761 = FACE_OUTER_BOUND('',#14760,.T.);
#14762 = DIRECTION('',(0.000000,0.000000,1.000000));
#14763 = DIRECTION('',(1.000000,0.000000,0.000000));
#14764 = AXIS2_PLACEMENT_3D('',#50,#14762,#14763);
#14765 = PLANE('',#14764);
#14766 = FACE_SURFACE('',(#14761),#14765,.T.);
#14767 = POLY_LOOP('',(#66,#51,#64));
#14768 = FACE_OUTER_BOUND('',#14767,.T.);
#14769 = DIRECTION('',(0.000000,0.000000,1.000000));
#14770 = DIRECTION('',(1.000000,0.000000,0.000000));
#14771 = AXIS2_PLACEMENT_3D('',#66,#14769,#14770);
#14772 = PLANE('',#14771);
#14773 = FACE_SURFACE('',(#14768),#14772,.T.);
#14774 = POLY_LOOP('',(#64,#51,#52));
#14775 = FACE_OUTER_BOUND('',#14774,.T.);
#14776 = DIRECTION('',(0.000000,0.000000,1.000000));
#14777 = DIRECTION('',(1.000000,0.000000,0.000000));
#14778 = AXIS2_PLACEMENT_3D('',#64,#14776,#14777);
#14779 = PLANE('',#14778);
#14780 = FACE_SURFACE('',(#14775),#14779,.T.);
#14781 = POLY_LOOP('',(#64,#52,#62));
#14782 = FACE_OUTER_BOUND('',#14781,.T.);
#14783 = DIRECTION('',(0.000000,0.000000,1.000000));
#14784 = DIRECTION('',(1.000000,0.000000,0.000000));
#14785 = AXIS2_PLACEMENT_3D('',#64,#14783,#14784);
#14786 = PLANE('',#14785);
#14787 = FACE_SURFACE('',(#14782),#14786,.T.);
#14788 = POLY_LOOP('',(#62,#52,#81));
#14789 = FACE_OUTER_BOUND('',#14788,.T.);
#14790 = DIRECTION('',(0.000000,0.000000,1.000000));
#14791 = DIRECTION('',(1.000000,0.000000,0.000000));
#14792 = AXIS2_PLACEMENT_3D('',#62,#14790,#14791);
#14793 = PLANE('',#14792);
#14794 = FACE_SURFACE('',(#14789),#14793,.T.);
#14795 = POLY_LOOP('',(#62,#81,#60));
#14796 = FACE_OUTER_BOUND('',#14795,.T.);
#14797 = DIRECTION('',(0.000000,0.000000,1.000000));
#14798 = DIRECTION('',(1.000000,0.000000,0.000000));
#14799 = AXIS2_PLACEMENT_3D('',#62,#14797,#14798);
#14800 = PLANE('',#14799);
#14801 = FACE_SURFACE('',(#14796),#14800,.T.);
#14802 = POLY_LOOP('',(#60,#81,#83));
#14803 = FACE_OUTER_BOUND('',#14802,.T.);
#14804 = DIRECTION('',(0.000000,0.000000,1.000000));
#14805 = DIRECTION('',(1.000000,0.000000,0.000000));
#14806 = AXIS2_PLACEMENT_3D('',#60,#14804,#14805);
#14807 = PLANE('',#14806);
#14808 = FACE_SURFACE('',(#14803),#14807,.T.);
#14809 = POLY_LOOP('',(#60,#83,#58));
#14810 = FACE_OUTER_BOUND('',#14809,.T.);
#14811 = DIRECTION('',(0.000000,0.000000,1.000000));
#14812 = DIRECTION('',(1.000000,0.000000,0.000000));
#14813 = AXIS2_PLACEMENT_3D('',#60,#14811,#14812);
#14814 = PLANE('',#14813);
#14815 = FACE_SURFACE('',(#14810),#14814,.T.);
#14816 = POLY_LOOP('',(#58,#83,#82));
#14817 = FACE_OUTER_BOUND('',#14816,.T.);
#14818 = DIRECTION('',(0.000000,0.000000,1.000000));
#14819 = DIRECTION('',(1.000000,0.000000,0.000000));
#14820 = AXIS2_PLACEMENT_3D('',#58,#14818,#14819);
#14821 = PLANE('',#14820);
#14822 = FACE_SURFACE('',(#14817),#14821,.T.);
#14823 = POLY_LOOP('',(#58,#82,#57));
#14824 = FACE_OUTER_BOUND('',#14823,.T.);
#14825 = DIRECTION('',(0.000000,0.000000,1.000000));
#14826 = DIRECTION('',(1.000000,0.000000,0.000000));
#14827 = AXIS2_PLACEMENT_3D('',#58,#14825,#14826);
#14828 = PLANE('',#14827);
#14829 = FACE_SURFACE('',(#14824),#14828,.T.);
#14830 = POLY_LOOP('',(#57,#82,#80));
#14831 = FACE_OUTER_BOUND('',#14830,.T.);
#14832 = DIRECTION('',(0.000000,0.000000,1.000000));
#14833 = DIRECTION('',(1.000000,0.000000,0.000000));
#14834 = AXIS2_PLACEMENT_3D('',#57,#14832,#14833);
#14835 = PLANE('',#14834);
#14836 = FACE_SURFACE('',(#14831),#14835,.T.);
#14837 = POLY_LOOP('',(#57,#80,#56));
#14838 = FACE_OUTER_BOUND('',#14837,.T.);
#14839 = DIRECTION('',(0.000000,0.000000,1.000000));
#14840 = DIRECTION('',(1.000000,0.000000,0.000000));
#14841 = AXIS2_PLACEMENT_3D('',#57,#14839,#14840);
#14842 = PLANE('',#14841);
#14843 = FACE_SURFACE('',(#14838),#14842,.T.);
#14844 = POLY_LOOP('',(#56,#80,#79));
#14845 = FACE_OUTER_BOUND('',#14844,.T.);
#14846 = DIRECTION('',(0.000000,0.000000,1.000000));
#14847 = DIRECTION('',(1.000000,0.000000,0.000000));
#14848 = AXIS2_PLACEMENT_3D('',#56,#14846,#14847);
#14849 = PLANE('',#14848);
#14850 = FACE_SURFACE('',(#14845),#14849,.T.);
#14851 = POLY_LOOP('',(#56,#79,#55));
#14852 = FACE_OUTER_BOUND('',#14851,.T.);
#14853 = DIRECTION('',(0.000000,0.000000,1.000000));
#14854 = DIRECTION('',(1.000000,0.000000,0.000000));
#14855 = AXIS2_PLACEMENT_3D('',#56,#14853,#14854);
#14856 = PLANE('',#14855);
#14857 = FACE_SURFACE('',(#14852),#14856,.T.);
#14858 = POLY_LOOP('',(#55,#79,#53));
#14859 = FACE_OUTER_BOUND('',#14858,.T.);
#14860 = DIRECTION('',(0.000000,0.000000,1.000000));
#14861 = DIRECTION('',(1.000000,0.000000,0.000000));
#14862 = AXIS2_PLACEMENT_3D('',#55,#14860,#14861);
#14863 = PLANE('',#14862);
#14864 = FACE_SURFACE('',(#14859),#14863,.T.);
#14865 = POLY_LOOP('',(#55,#53,#54));
#14866 = FACE_OUTER_BOUND('',#14865,.T.);
#14867 = DIRECTION('',(0.000000,0.000000,1.000000));
#14868 = DIRECTION('',(1.000000,0.000000,0.000000));
#14869 = AXIS2_PLACEMENT_3D('',#55,#14867,#14868);
#14870 = PLANE('',#14869);
#14871 = FACE_SURFACE('',(#14866),#14870,.T.);
#14872 = CLOSED_SHELL('',(#248,#255,#262,#269,#276,#283,#290,#297,#304,#311,#318,#325,#332,#339,#346,#353,#360,#367,#374,#381,#388,#395,#402,#409,#416,#423,#430,#437,#444,#451,#458,#465,#472,#479,#486,#493,#500,#507,#514,#521,#528,#535,#542,#549,#556,#563,#570,#577,#584,#591,#598,#605,#612,#619,#626,#633,#640,#647,#654,#661,#668,#675,#682,#689,#696,#703,#710,#717,#724,#731,#738,#745,#752,#759,#766,#773,#780,#787,#794,#801,#808,#815,#822,#829,#836,#843,#850,#857,#864,#871,#878,#885,#892,#899,#906,#913,#920,#927,#934,#941,#948,#955,#962,#969,#976,#983,#990,#997,#1004,#1011,#1018,#1025,#1032,#1039,#1046,#1053,#1060,#1067,#1074,#1081,#1088,#1095,#1102,#1109,#1116,#1123,#1130,#1137,#1144,#1151,#1158,#1165,#1172,#1179,#1186,#1193,#1200,#1207,#1214,#1221,#1228,#1235,#1242,#1249,#1256,#1263,#1270,#1277,#1284,#1291,#1298,#1305,#1312,#1319,#1326,#1333,#1340,#1347,#1354,#1361,#1368,#1375,#1382,#1389,#1396,#1403,#1410,#1417,#1424,#1431,#1438,#1445,#1452,#1459,#1466,#1473,#1480,#1487,#1494,#1501,#1508,#1515,#1522,#1529,#1536,#1543,#1550,#1557,#1564,#1571,#1578,#1585,#1592,#1599,#1606,#1613,#1620,#1627,#1634,#1641,#1648,#1655,#1662,#1669,#1676,#1683,#1690,#1697,#1704,#1711,#1718,#1725,#1732,#1739,#1746,#1753,#1760,#1767,#1774,#1781,#1788,#1795,#1802,#1809,#1816,#1823,#1830,#1837,#1844,#1851,#1858,#1865,#1872,#1879,#1886,#1893,#1900,#1907,#1914,#1921,#1928,#1935,#1942,#1949,#1956,#1963,#1970,#1977,#1984,#1991,#1998,#2005,#2012,#2019,#2026,#2033,#2040,#2047,#2054,#2061,#2068,#2075,#2082,#2089,#2096,#2103,#2110,#2117,#2124,#2131,#2138,#2145,#2152,#2159,#2166,#2173,#2180,#2187,#2194,#2201,#2208,#2215,#2222,#2229,#2236,#2243,#2250,#2257,#2264,#2271,#2278,#2285,#2292,#2299,#2306,#2313,#2320,#2327,#2334,#2341,#2348,#2355,#2362,#2369,#2376,#2383,#2390,#2397,#2404,#2411,#2418,#2425,#2432,#2439,#2446,#2453,#2460,#2467,#2474,#2481,#2488,#2495,#2502,#2509,#2516,#2523,#2530,#2537,#2544,#2551,#2558,#2565,#2572,#2579,#2586,#2593,#2600,#2607,#2614,#2621,#2628,#2635,#2642,#2649,#2656,#2663,#2670,#2677,#2684,#2691,#2698,#2705,#2712,#2719,#2726,#2733,#2740,#2747,#2754,#2761,#2768,#2775,#2782,#2789,#2796,#2803,#2810,#2817,#2824,#2831,#2838,#2845,#2852,#2859,#2866,#2873,#2880,#2887,#2894,#2901,#2908,#2915,#2922,#2929,#2936,#2943,#2950,#2957,#2964,#2971,#2978,#2985,#2992,#2999,#3006,#3013,#3020,#3027,#3034,#3041,#3048,#3055,#3062,#3069,#3076,#3083,#3090,#3097,#3104,#3111,#3118,#3125,#3132,#3139,#3146,#3153,#3160,#3167,#3174,#3181,#3188,#3195,#3202,#3209,#3216,#3223,#3230,#3237,#3244,#3251,#3258,#3265,#3272,#3279,#3286,#3293,#3300,#3307,#3314,#3321,#3328,#3335,#3342,#3349,#3356,#3363,#3370,#3377,#3384,#3391,#3398,#3405,#3412,#3419,#3426,#3433,#3440,#3447,#3454,#3461,#3468,#3475,#3482,#3489,#3496,#3503,#3510,#3517,#3524,#3531,#3538,#3545,#3552,#3559,#3566,#3573,#3580,#3587,#3594,#3601,#3608,#3615,#3622,#3629,#3636,#3643,#3650,#3657,#3664,#3671,#3678,#3685,#3692,#3699,#3706,#3713,#3720,#3727,#3734,#3741,#3748,#3755,#3762,#3769,#3776,#3783,#3790,#3797,#3804,#3811,#3818,#3825,#3832,#3839,#3846,#3853,#3860,#3867,#3874,#3881,#3888,#3895,#3902,#3909,#3916,#3923,#3930,#3937,#3944,#3951,#3958,#3965,#3972,#3979,#3986,#3993,#4000,#4007,#4014,#4021,#4028,#4035,#4042,#4049,#4056,#4063,#4070,#4077,#4084,#4091,#4098,#4105,#4112,#4119,#4126,#4133,#4140,#4147,#4154,#4161,#4168,#4175,#4182,#4189,#4196,#4203,#4210,#4217,#4224,#4231,#4238,#4245,#4252,#4259,#4266,#4273,#4280,#4287,#4294,#4301,#4308,#4315,#4322,#4329,#4336,#4343,#4350,#4357,#4364,#4371,#4378,#4385,#4392,#4399,#4406,#4413,#4420,#4427,#4434,#4441,#4448,#4455,#4462,#4469,#4476,#4483,#4490,#4497,#4504,#4511,#4518,#4525,#4532,#4539,#4546,#4553,#4560,#4567,#4574,#4581,#4588,#4595,#4602,#4609,#4616,#4623,#4630,#4637,#4644,#4651,#4658,#4665,#4672,#4679,#4686,#4693,#4700,#4707,#4714,#4721,#4728,#4735,#4742,#4749,#4756,#4763,#4770,#4777,#4784,#4791,#4798,#4805,#4812,#4819,#4826,#4833,#4840,#4847,#4854,#4861,#4868,#4875,#4882,#4889,#4896,#4903,#4910,#4917,#4924,#4931,#4938,#4945,#4952,#4959,#4966,#4973,#4980,#4987,#4994,#5001,#5008,#5015,#5022,#5029,#5036,#5043,#5050,#5057,#5064,#5071,#5078,#5085,#5092,#5099,#5106,#5113,#5120,#5127,#5134,#5141,#5148,#5155,#5162,#5169,#5176,#5183,#5190,#5197,#5204,#5211,#5218,#5225,#5232,#5239,#5246,#5253,#5260,#5267,#5274,#5281,#5288,#5295,#5302,#5309,#5316,#5323,#5330,#5337,#5344,#5351,#5358,#5365,#5372,#5379,#5386,#5393,#5400,#5407,#5414,#5421,#5428,#5435,#5442,#5449,#5456,#5463,#5470,#5477,#5484,#5491,#5498,#5505,#5512,#5519,#5526,#5533,#5540,#5547,#5554,#5561,#5568,#5575,#5582,#5589,#5596,#5603,#5610,#5617,#5624,#5631,#5638,#5645,#5652,#5659,#5666,#5673,#5680,#5687,#5694,#5701,#5708,#5715,#5722,#5729,#5736,#5743,#5750,#5757,#5764,#5771,#5778,#5785,#5792,#5799,#5806,#5813,#5820,#5827,#5834,#5841,#5848,#5855,#5862,#5869,#5876,#5883,#5890,#5897,#5904,#5911,#5918,#5925,#5932,#5939,#5946,#5953,#5960,#5967,#5974,#5981,#5988,#5995,#6002,#6009,#6016,#6023,#6030,#6037,#6044,#6051,#6058,#6065,#6072,#6079,#6086,#6093,#6100,#6107,#6114,#6121,#6128,#6135,#6142,#6149,#6156,#6163,#6170,#6177,#6184,#6191,#6198,#6205,#6212,#6219,#6226,#6233,#6240,#6247,#6254,#6261,#6268,#6275,#6282,#6289,#6296,#6303,#6310,#6317,#6324,#6331,#6338,#6345,#6352,#6359,#6366,#6373,#6380,#6387,#6394,#6401,#6408,#6415,#6422,#6429,#6436,#6443,#6450,#6457,#6464,#6471,#6478,#6485,#6492,#6499,#6506,#6513,#6520,#6527,#6534,#6541,#6548,#6555,#6562,#6569,#6576,#6583,#6590,#6597,#6604,#6611,#6618,#6625,#6632,#6639,#6646,#6653,#6660,#6667,#6674,#6681,#6688,#6695,#6702,#6709,#6716,#6723,#6730,#6737,#6744,#6751,#6758,#6765,#6772,#6779,#6786,#6793,#6800,#6807,#6814,#6821,#6828,#6835,#6842,#6849,#6856,#6863,#6870,#6877,#6884,#6891,#6898,#6905,#6912,#6919,#6926,#6933,#6940,#6947,#6954,#6961,#6968,#6975,#6982,#6989,#6996,#7003,#7010,#7017,#7024,#7031,#7038,#7045,#7052,#7059,#7066,#7073,#7080,#7087,#7094,#7101,#7108,#7115,#7122,#7129,#7136,#7143,#7150,#7157,#7164,#7171,#7178,#7185,#7192,#7199,#7206,#7213,#7220,#7227,#7234,#7241,#7248,#7255,#7262,#7269,#7276,#7283,#7290,#7297,#7304,#7311,#7318,#7325,#7332,#7339,#7346,#7353,#7360,#7367,#7374,#7381,#7388,#7395,#7402,#7409,#7416,#7423,#7430,#7437,#7444,#7451,#7458,#7465,#7472,#7479,#7486,#7493,#7500,#7507,#7514,#7521,#7528,#7535,#7542,#7549,#7556,#7563,#7570,#7577,#7584,#7591,#7598,#7605,#7612,#7619,#7626,#7633,#7640,#7647,#7654,#7661,#7668,#7675,#7682,#7689,#7696,#7703,#7710,#7717,#7724,#7731,#7738,#7745,#7752,#7759,#7766,#7773,#7780,#7787,#7794,#7801,#7808,#7815,#7822,#7829,#7836,#7843,#7850,#7857,#7864,#7871,#7878,#7885,#7892,#7899,#7906,#7913,#7920,#7927,#7934,#7941,#7948,#7955,#7962,#7969,#7976,#7983,#7990,#7997,#8004,#8011,#8018,#8025,#8032,#8039,#8046,#8053,#8060,#8067,#8074,#8081,#8088,#8095,#8102,#8109,#8116,#8123,#8130,#8137,#8144,#8151,#8158,#8165,#8172,#8179,#8186,#8193,#8200,#8207,#8214,#8221,#8228,#8235,#8242,#8249,#8256,#8263,#8270,#8277,#8284,#8291,#8298,#8305,#8312,#8319,#8326,#8333,#8340,#8347,#8354,#8361,#8368,#8375,#8382,#8389,#8396,#8403,#8410,#8417,#8424,#8431,#8438,#8445,#8452,#8459,#8466,#8473,#8480,#8487,#8494,#8501,#8508,#8515,#8522,#8529,#8536,#8543,#8550,#8557,#8564,#8571,#8578,#8585,#8592,#8599,#8606,#8613,#8620,#8627,#8634,#8641,#8648,#8655,#8662,#8669,#8676,#8683,#8690,#8697,#8704,#8711,#8718,#8725,#8732,#8739,#8746,#8753,#8760,#8767,#8774,#8781,#8788,#8795,#8802,#8809,#8816,#8823,#8830,#8837,#8844,#8851,#8858,#8865,#8872,#8879,#8886,#8893,#8900,#8907,#8914,#8921,#8928,#8935,#8942,#8949,#8956,#8963,#8970,#8977,#8984,#8991,#8998,#9005,#9012,#9019,#9026,#9033,#9040,#9047,#9054,#9061,#9068,#9075,#9082,#9089,#9096,#9103,#9110,#9117,#9124,#9131,#9138,#9145,#9152,#9159,#9166,#9173,#9180,#9187,#9194,#9201,#9208,#9215,#9222,#9229,#9236,#9243,#9250,#9257,#9264,#9271,#9278,#9285,#9292,#9299,#9306,#9313,#9320,#9327,#9334,#9341,#9348,#9355,#9362,#9369,#9376,#9383,#9390,#9397,#9404,#9411,#9418,#9425,#9432,#9439,#9446,#9453,#9460,#9467,#9474,#9481,#9488,#9495,#9502,#9509,#9516,#9523,#9530,#9537,#9544,#9551,#9558,#9565,#9572,#9579,#9586,#9593,#9600,#9607,#9614,#9621,#9628,#9635,#9642,#9649,#9656,#9663,#9670,#9677,#9684,#9691,#9698,#9705,#9712,#9719,#9726,#9733,#9740,#9747,#9754,#9761,#9768,#9775,#9782,#9789,#9796,#9803,#9810,#9817,#9824,#9831,#9838,#9845,#9852,#9859,#9866,#9873,#9880,#9887,#9894,#9901,#9908,#9915,#9922,#9929,#9936,#9943,#9950,#9957,#9964,#9971,#9978,#9985,#9992,#9999,#10006,#10013,#10020,#10027,#10034,#10041,#10048,#10055,#10062,#10069,#10076,#10083,#10090,#10097,#10104,#10111,#10118,#10125,#10132,#10139,#10146,#10153,#10160,#10167,#10174,#10181,#10188,#10195,#10202,#10209,#10216,#10223,#10230,#10237,#10244,#10251,#10258,#10265,#10272,#10279,#10286,#10293,#10300,#10307,#10314,#10321,#10328,#10335,#10342,#10349,#10356,#10363,#10370,#10377,#10384,#10391,#10398,#10405,#10412,#10419,#10426,#10433,#10440,#10447,#10454,#10461,#10468,#10475,#10482,#10489,#10496,#10503,#10510,#10517,#10524,#10531,#10538,#10545,#10552,#10559,#10566,#10573,#10580,#10587,#10594,#10601,#10608,#10615,#10622,#10629,#10636,#10643,#10650,#10657,#10664,#10671,#10678,#10685,#10692,#10699,#10706,#10713,#10720,#10727,#10734,#10741,#10748,#10755,#10762,#10769,#10776,#10783,#10790,#10797,#10804,#10811,#10818,#10825,#10832,#10839,#10846,#10853,#10860,#10867,#10874,#10881,#10888,#10895,#10902,#10909,#10916,#10923,#10930,#10937,#10944,#10951,#10958,#10965,#10972,#10979,#10986,#10993,#11000,#11007,#11014,#11021,#11028,#11035,#11042,#11049,#11056,#11063,#11070,#11077,#11084,#11091,#11098,#11105,#11112,#11119,#11126,#11133,#11140,#11147,#11154,#11161,#11168,#11175,#11182,#11189,#11196,#11203,#11210,#11217,#11224,#11231,#11238,#11245,#11252,#11259,#11266,#11273,#11280,#11287,#11294,#11301,#11308,#11315,#11322,#11329,#11336,#11343,#11350,#11357,#11364,#11371,#11378,#11385,#11392,#11399,#11406,#11413,#11420,#11427,#11434,#11441,#11448,#11455,#11462,#11469,#11476,#11483,#11490,#11497,#11504,#11511,#11518,#11525,#11532,#11539,#11546,#11553,#11560,#11567,#11574,#11581,#11588,#11595,#11602,#11609,#11616,#11623,#11630,#11637,#11644,#11651,#11658,#11665,#11672,#11679,#11686,#11693,#11700,#11707,#11714,#11721,#11728,#11735,#11742,#11749,#11756,#11763,#11770,#11777,#11784,#11791,#11798,#11805,#11812,#11819,#11826,#11833,#11840,#11847,#11854,#11861,#11868,#11875,#11882,#11889,#11896,#11903,#11910,#11917,#11924,#11931,#11938,#11945,#11952,#11959,#11966,#11973,#11980,#11987,#11994,#12001,#12008,#12015,#12022,#12029,#12036,#12043,#12050,#12057,#12064,#12071,#12078,#12085,#12092,#12099,#12106,#12113,#12120,#12127,#12134,#12141,#12148,#12155,#12162,#12169,#12176,#12183,#12190,#12197,#12204,#12211,#12218,#12225,#12232,#12239,#12246,#12253,#12260,#12267,#12274,#12281,#12288,#12295,#12302,#12309,#12316,#12323,#12330,#12337,#12344,#12351,#12358,#12365,#12372,#12379,#12386,#12393,#12400,#12407,#12414,#12421,#12428,#12435,#12442,#12449,#12456,#12463,#12470,#12477,#12484,#12491,#12498,#12505,#12512,#12519,#12526,#12533,#12540,#12547,#12554,#12561,#12568,#12575,#12582,#12589,#12596,#12603,#12610,#12617,#12624,#12631,#12638,#12645,#12652,#12659,#12666,#12673,#12680,#12687,#12694,#12701,#12708,#12715,#12722,#12729,#12736,#12743,#12750,#12757,#12764,#12771,#12778,#12785,#12792,#12799,#12806,#12813,#12820,#12827,#12834,#12841,#12848,#12855,#12862,#12869,#12876,#12883,#12890,#12897,#12904,#12911,#12918,#12925,#12932,#12939,#12946,#12953,#12960,#12967,#12974,#12981,#12988,#12995,#13002,#13009,#13016,#13023,#13030,#13037,#13044,#13051,#13058,#13065,#13072,#13079,#13086,#13093,#13100,#13107,#13114,#13121,#13128,#13135,#13142,#13149,#13156,#13163,#13170,#13177,#13184,#13191,#13198,#13205,#13212,#13219,#13226,#13233,#13240,#13247,#13254,#13261,#13268,#13275,#13282,#13289,#13296,#13303,#13310,#13317,#13324,#13331,#13338,#13345,#13352,#13359,#13366,#13373,#13380,#13387,#13394,#13401,#13408,#13415,#13422,#13429,#13436,#13443,#13450,#13457,#13464,#13471,#13478,#13485,#13492,#13499,#13506,#13513,#13520,#13527,#13534,#13541,#13548,#13555,#13562,#13569,#13576,#13583,#13590,#13597,#13604,#13611,#13618,#13625,#13632,#13639,#13646,#13653,#13660,#13667,#13674,#13681,#13688,#13695,#13702,#13709,#13716,#13723,#13730,#13737,#13744,#13751,#13758,#13765,#13772,#13779,#13786,#13793,#13800,#13807,#13814,#13821,#13828,#13835,#13842,#13849,#13856,#13863,#13870,#13877,#13884,#13891,#13898,#13905,#13912,#13919,#13926,#13933,#13940,#13947,#13954,#13961,#13968,#13975,#13982,#13989,#13996,#14003,#14010,#14017,#14024,#14031,#14038,#14045,#14052,#14059,#14066,#14073,#14080,#14087,#14094,#14101,#14108,#14115,#14122,#14129,#14136,#14143,#14150,#14157,#14164,#14171,#14178,#14185,#14192,#14199,#14206,#14213,#14220,#14227,#14234,#14241,#14248,#14255,#14262,#14269,#14276,#14283,#14290,#14297,#14304,#14311,#14318,#14325,#14332,#14339,#14346,#14353,#14360,#14367,#14374,#14381,#14388,#14395,#14402,#14409,#14416,#14423,#14430,#14437,#14444,#14451,#14458,#14465,#14472,#14479,#14486,#14493,#14500,#14507,#14514,#14521,#14528,#14535,#14542,#14549,#14556,#14563,#14570,#14577,#14584,#14591,#14598,#14605,#14612,#14619,#14626,#14633,#14640,#14647,#14654,#14661,#14668,#14675,#14682,#14689,#14696,#14703,#14710,#14717,#14724,#14731,#14738,#14745,#14752,#14759,#14766,#14773,#14780,#14787,#14794,#14801,#14808,#14815,#14822,#14829,#14836,#14843,#14850,#14857,#14864,#14871));
#14873 = FACETED_BREP('push_switch_small',#14872);
#14874 = ADVANCED_BREP_SHAPE_REPRESENTATION('push_switch_small',(#16,#14873),#12);
#14875 = SHAPE_DEFINITION_REPRESENTATION(#7,#14874);
ENDSEC;
END-ISO-10303-21;
